dataset_key,dataset,source,cache_path,cache_sha256,rows,features,positive_rows,negative_rows,prevalence,unique_exact_feature_label_groups,exact_duplicate_rows_with_label,X_sha256,y_sha256
bc,breast_cancer(37%),sklearn.load_breast_cancer,,,569,30,212,357,0.37258347978910367,569,0,6b202a2072f9a0385f405a8f8605b1b06f6f36ae6d23d9cd6cbbc0974a416bc7,cf3718c3daedd1aa2ed0e61287957d1861f3f3cdc31097111991a7a8b1df32e7
synth5,synth(5%),sklearn.make_classification seed=1,,,4000,25,221,3779,0.05525,4000,0,7ad7c1718ad02435eb2bcc24ddad86fbb6acb510e0de0e579a6e241934430994,5fa8c378c5441905cbe368efdb799ebb07a1f30671bafe74dde7a87ddfb8b3ef
synth1,synth(1%),sklearn.make_classification seed=2,,,4000,25,52,3948,0.013,4000,0,0dcc676ec3029a68693e16b2c50b74d621c7e2b1e71ab36b76e3e35023a43416,cf9a37bf58f135679ac9e92fe2ab42a8f0b1e93172d964c17c4a269069f5792d
cc10,creditcard(1%),02_data/creditcard_pi10.npz,C:\DOCS\AKADEMIK\FAALIYETLER\YAYIN_PIPELINE\20_TASLAK_CALISMALAR\SCI-SoftMCC_Theory\02_data\creditcard_pi10.npz,f25f9d529c04b43f96ffbfd3fd5345229b8bf710de05c04c70e0022f6d04263b,49200,29,492,48708,0.01,48631,569,d1308b1a05de75e70da5377643ed1d45e7927c4e61abb0f506273e61e4b49c1f,c52dc167879d20939ecc328913bb0bd316b11f7c8b07ec9767dab3cdee38136a
cc5,creditcard(0.5%),02_data/creditcard_pi5.npz,C:\DOCS\AKADEMIK\FAALIYETLER\YAYIN_PIPELINE\20_TASLAK_CALISMALAR\SCI-SoftMCC_Theory\02_data\creditcard_pi5.npz,ae39d638ada84c6f13bb80a31c8959a3f98807454b7861df8c2bd13799a3ce41,98400,29,492,97908,0.005,96700,1700,77186deb0b916a4a2f39c499fe8638f4082df24091ad021bbb21c3da938a3db8,fe34db2fa0e3a0d735b4935f94f536a2938cc7ee9c7a23ce1d25b7b77cbe8c86
iot,iotid20(6.4%),02_data/iotid20_compact.npz,C:\DOCS\AKADEMIK\FAALIYETLER\YAYIN_PIPELINE\20_TASLAK_CALISMALAR\SCI-SoftMCC_Theory\02_data\iotid20_compact.npz,c91bcf66509f88244b78fdea711f1fe3345e724d71c6cc3a7580e444cbf28623,40000,79,2561,37439,0.064025,28285,11715,3a166298abad51ab396c46b44c24eaa1349623422fe86ae0f2d2b98e56a0ba66,3ae8d008c14268468118ee9eba26e46b650003288f89ea6bf43a5b6c428bd0b5
