dataset_key,dataset,repeat,seed,metric,selected_candidate,validation_metric_value,test_mcc
bc,breast_cancer(37%),0,42,SoftMCC,hgb_d6,0.8500789113749191,0.8971669828095538
bc,breast_cancer(37%),0,42,MCC_best,logreg_C1.0,0.9333333333333333,0.926830538541754
bc,breast_cancer(37%),0,42,F1_best,logreg_C1.0,0.9583333333333334,0.926830538541754
bc,breast_cancer(37%),0,42,AUPRC,logreg_C10.0,0.9901338472943301,0.9564940942739543
bc,breast_cancer(37%),0,42,AUROC,logreg_C10.0,0.99375,0.9564940942739543
bc,breast_cancer(37%),0,42,Brier_neg,logreg_C1.0,-0.03423371751685317,0.926830538541754
bc,breast_cancer(37%),0,42,MCC_05,logreg_C1.0,0.9333005094465512,0.926830538541754
bc,breast_cancer(37%),1,43,SoftMCC,hgb_d6,0.8534593532782176,0.9097751526641134
bc,breast_cancer(37%),1,43,MCC_best,hgb_d6,0.934395000572037,0.9097751526641134
bc,breast_cancer(37%),1,43,F1_best,hgb_d6,0.9591836734693877,0.9097751526641134
bc,breast_cancer(37%),1,43,AUPRC,hgb_d3,0.9937555852814047,0.9117937949604076
bc,breast_cancer(37%),1,43,AUROC,hgb_d3,0.99609375,0.9117937949604076
bc,breast_cancer(37%),1,43,Brier_neg,hgb_d6,-0.02893289402145012,0.9097751526641134
bc,breast_cancer(37%),1,43,MCC_05,hgb_d6,0.9035841064985977,0.9097751526641134
bc,breast_cancer(37%),2,44,SoftMCC,logreg_C10.0,0.8976740087000971,0.8545107835746036
bc,breast_cancer(37%),2,44,MCC_best,hgb_d3,0.9505863757867169,0.926279677909455
bc,breast_cancer(37%),2,44,F1_best,hgb_d3,0.967741935483871,0.926279677909455
bc,breast_cancer(37%),2,44,AUPRC,logreg_C0.1,0.9834376372419851,0.8342949598948355
bc,breast_cancer(37%),2,44,AUROC,logreg_C0.1,0.9911458333333334,0.8342949598948355
bc,breast_cancer(37%),2,44,Brier_neg,hgb_d6,-0.0278644465800148,0.9117937949604076
bc,breast_cancer(37%),2,44,MCC_05,hgb_d3,0.9171387823148716,0.926279677909455
bc,breast_cancer(37%),3,45,SoftMCC,hgb_d6,0.9524463064053664,0.8834569691884416
bc,breast_cancer(37%),3,45,MCC_best,hgb_d3,0.9835379701747717,0.8971669828095538
bc,breast_cancer(37%),3,45,F1_best,hgb_d3,0.9896907216494846,0.8971669828095538
bc,breast_cancer(37%),3,45,AUPRC,hgb_d3,0.9995748299319728,0.8971669828095538
bc,breast_cancer(37%),3,45,AUROC,hgb_d6,0.9998697916666667,0.8834569691884416
bc,breast_cancer(37%),3,45,Brier_neg,hgb_d6,-0.0067475066620416,0.8834569691884416
bc,breast_cancer(37%),3,45,MCC_05,hgb_d3,0.9669329602374179,0.8971669828095538
bc,breast_cancer(37%),4,46,SoftMCC,hgb_d6,0.8331792790534556,0.9251281457541922
bc,breast_cancer(37%),4,46,MCC_best,hgb_d6,0.9499238445228836,0.9251281457541922
bc,breast_cancer(37%),4,46,F1_best,hgb_d6,0.968421052631579,0.9251281457541922
bc,breast_cancer(37%),4,46,AUPRC,logreg_C10.0,0.9914466508170451,0.8973799638143025
bc,breast_cancer(37%),4,46,AUROC,logreg_C10.0,0.9942708333333333,0.8973799638143025
bc,breast_cancer(37%),4,46,Brier_neg,logreg_C10.0,-0.03330932219239247,0.8973799638143025
bc,breast_cancer(37%),4,46,MCC_05,logreg_C1.0,0.9333005094465512,0.9097751526641134
bc,breast_cancer(37%),5,47,SoftMCC,logreg_C10.0,0.8959851110124497,0.8675034270773535
bc,breast_cancer(37%),5,47,MCC_best,logreg_C10.0,0.9666666666666667,0.8675034270773535
bc,breast_cancer(37%),5,47,F1_best,logreg_C10.0,0.9791666666666666,0.8675034270773535
bc,breast_cancer(37%),5,47,AUPRC,logreg_C10.0,0.9932777496547179,0.8675034270773535
bc,breast_cancer(37%),5,47,AUROC,logreg_C10.0,0.99609375,0.8675034270773535
bc,breast_cancer(37%),5,47,Brier_neg,logreg_C10.0,-0.024742109828810678,0.8675034270773535
bc,breast_cancer(37%),5,47,MCC_05,logreg_C10.0,0.916787749092078,0.8675034270773535
bc,breast_cancer(37%),6,48,SoftMCC,logreg_C10.0,0.8482541224132054,0.9251281457541922
bc,breast_cancer(37%),6,48,MCC_best,logreg_C10.0,0.9171387823148716,0.9251281457541922
bc,breast_cancer(37%),6,48,F1_best,logreg_C10.0,0.9484536082474226,0.9251281457541922
bc,breast_cancer(37%),6,48,AUPRC,hgb_d6,0.9847207638694697,0.8947661532504989
bc,breast_cancer(37%),6,48,AUROC,hgb_d6,0.9906250000000001,0.8947661532504989
bc,breast_cancer(37%),6,48,Brier_neg,logreg_C10.0,-0.03580415089780734,0.9251281457541922
bc,breast_cancer(37%),6,48,MCC_05,logreg_C1.0,0.9,0.9097751526641134
bc,breast_cancer(37%),7,49,SoftMCC,hgb_d3,0.8511640820481885,0.8274184376468869
bc,breast_cancer(37%),7,49,MCC_best,hgb_d3,0.9503383762448216,0.8274184376468869
bc,breast_cancer(37%),7,49,F1_best,hgb_d3,0.9690721649484536,0.8274184376468869
bc,breast_cancer(37%),7,49,AUPRC,hgb_d6,0.9867380414217556,0.8947661532504989
bc,breast_cancer(37%),7,49,AUROC,hgb_d6,0.9904947916666665,0.8947661532504989
bc,breast_cancer(37%),7,49,Brier_neg,hgb_d3,-0.035224012785584076,0.8274184376468869
bc,breast_cancer(37%),7,49,MCC_05,hgb_d3,0.9021937088963173,0.8274184376468869
bc,breast_cancer(37%),8,50,SoftMCC,hgb_d6,0.8823508261519095,0.8663835061269969
bc,breast_cancer(37%),8,50,MCC_best,hgb_d6,0.9669329602374179,0.8663835061269969
bc,breast_cancer(37%),8,50,F1_best,hgb_d6,0.9787234042553191,0.8663835061269969
bc,breast_cancer(37%),8,50,AUPRC,hgb_d6,0.9957144979203802,0.8663835061269969
bc,breast_cancer(37%),8,50,AUROC,hgb_d6,0.9973958333333333,0.8663835061269969
bc,breast_cancer(37%),8,50,Brier_neg,hgb_d6,-0.02174196562226979,0.8663835061269969
bc,breast_cancer(37%),8,50,MCC_05,hgb_d3,0.934395000572037,0.8687444855261387
bc,breast_cancer(37%),9,51,SoftMCC,hgb_d6,0.9176408749273968,0.9248653204852252
bc,breast_cancer(37%),9,51,MCC_best,hgb_d6,0.9669329602374179,0.9248653204852252
bc,breast_cancer(37%),9,51,F1_best,hgb_d6,0.9787234042553191,0.9248653204852252
bc,breast_cancer(37%),9,51,AUPRC,hgb_d3,0.9880932980461687,0.9103355156170867
bc,breast_cancer(37%),9,51,AUROC,logreg_C10.0,0.9906249999999999,0.915651723689769
bc,breast_cancer(37%),9,51,Brier_neg,hgb_d3,-0.01666662326966663,0.9103355156170867
bc,breast_cancer(37%),9,51,MCC_05,hgb_d3,0.9505863757867169,0.9103355156170867
bc,breast_cancer(37%),10,52,SoftMCC,logreg_C10.0,0.8207053571619153,0.8798274352952579
bc,breast_cancer(37%),10,52,MCC_best,logreg_C1.0,0.916787749092078,0.8646669860157726
bc,breast_cancer(37%),10,52,F1_best,logreg_C1.0,0.946236559139785,0.8646669860157726
bc,breast_cancer(37%),10,52,AUPRC,logreg_C10.0,0.9845261355474505,0.8798274352952579
bc,breast_cancer(37%),10,52,AUROC,logreg_C10.0,0.98984375,0.8798274352952579
bc,breast_cancer(37%),10,52,Brier_neg,logreg_C1.0,-0.0382803267484733,0.8646669860157726
bc,breast_cancer(37%),10,52,MCC_05,logreg_C1.0,0.9182250567818113,0.8646669860157726
bc,breast_cancer(37%),11,53,SoftMCC,hgb_d6,0.8760814522568606,0.940041928721174
bc,breast_cancer(37%),11,53,MCC_best,hgb_d3,0.9505863757867169,0.940041928721174
bc,breast_cancer(37%),11,53,F1_best,hgb_d3,0.967741935483871,0.940041928721174
bc,breast_cancer(37%),11,53,AUPRC,logreg_C1.0,0.986346294232497,0.8834569691884416
bc,breast_cancer(37%),11,53,AUROC,logreg_C1.0,0.9924479166666667,0.8834569691884416
bc,breast_cancer(37%),11,53,Brier_neg,hgb_d3,-0.033081273315042486,0.940041928721174
bc,breast_cancer(37%),11,53,MCC_05,hgb_d3,0.9333005094465512,0.940041928721174
synth5,synth(5%),0,42,SoftMCC,hgb_d6,0.22913030048136274,0.47543333620028044
synth5,synth(5%),0,42,MCC_best,hgb_d3,0.45704526507945664,0.5705849607265262
synth5,synth(5%),0,42,F1_best,hgb_d3,0.42857142857142855,0.5705849607265262
synth5,synth(5%),0,42,AUPRC,hgb_d3,0.4093323401082354,0.5705849607265262
synth5,synth(5%),0,42,AUROC,logreg_C1.0,0.7982588235294117,0.35509929705156534
synth5,synth(5%),0,42,Brier_neg,hgb_d6,-0.04116761180854763,0.47543333620028044
synth5,synth(5%),0,42,MCC_05,hgb_d3,0.4370100026868157,0.5705849607265262
synth5,synth(5%),1,43,SoftMCC,hgb_d6,0.22447730515676279,0.5614094919945922
synth5,synth(5%),1,43,MCC_best,hgb_d3,0.45042330363890415,0.4355013599971804
synth5,synth(5%),1,43,F1_best,hgb_d6,0.46511627906976744,0.5614094919945922
synth5,synth(5%),1,43,AUPRC,hgb_d6,0.46298203233414326,0.5614094919945922
synth5,synth(5%),1,43,AUROC,hgb_d6,0.8238941176470589,0.5614094919945922
synth5,synth(5%),1,43,Brier_neg,hgb_d6,-0.03955913285797188,0.5614094919945922
synth5,synth(5%),1,43,MCC_05,hgb_d6,0.41438770700537403,0.5614094919945922
synth5,synth(5%),2,44,SoftMCC,hgb_d6,0.3175827515861122,0.47950722011461955
synth5,synth(5%),2,44,MCC_best,hgb_d6,0.5544899152380204,0.47950722011461955
synth5,synth(5%),2,44,F1_best,hgb_d3,0.5581395348837209,0.5252592303430899
synth5,synth(5%),2,44,AUPRC,hgb_d6,0.5900794820116764,0.47950722011461955
synth5,synth(5%),2,44,AUROC,hgb_d6,0.895,0.47950722011461955
synth5,synth(5%),2,44,Brier_neg,hgb_d6,-0.03393877259830057,0.47950722011461955
synth5,synth(5%),2,44,MCC_05,hgb_d6,0.5197191965064278,0.47950722011461955
synth5,synth(5%),3,45,SoftMCC,hgb_d6,0.27310006215359706,0.49517597397212765
synth5,synth(5%),3,45,MCC_best,hgb_d3,0.5197191965064278,0.4019020439509544
synth5,synth(5%),3,45,F1_best,hgb_d3,0.4935064935064935,0.4019020439509544
synth5,synth(5%),3,45,AUPRC,hgb_d3,0.5096311069814379,0.4019020439509544
synth5,synth(5%),3,45,AUROC,hgb_d3,0.8713647058823529,0.4019020439509544
synth5,synth(5%),3,45,Brier_neg,hgb_d6,-0.037004045534589254,0.49517597397212765
synth5,synth(5%),3,45,MCC_05,hgb_d3,0.45863788157074264,0.4019020439509544
synth5,synth(5%),4,46,SoftMCC,hgb_d6,0.2823237451212656,0.5097561135404933
synth5,synth(5%),4,46,MCC_best,hgb_d6,0.47576427000162835,0.5097561135404933
synth5,synth(5%),4,46,F1_best,hgb_d6,0.5043478260869565,0.5097561135404933
synth5,synth(5%),4,46,AUPRC,hgb_d6,0.4988635544466437,0.5097561135404933
synth5,synth(5%),4,46,AUROC,hgb_d6,0.8338941176470587,0.5097561135404933
synth5,synth(5%),4,46,Brier_neg,hgb_d6,-0.037686688223335034,0.5097561135404933
synth5,synth(5%),4,46,MCC_05,hgb_d3,0.4651988035646329,0.6117905755979589
synth5,synth(5%),5,47,SoftMCC,hgb_d6,0.33060184857441194,0.4552706136175091
synth5,synth(5%),5,47,MCC_best,hgb_d6,0.6435959029348384,0.4552706136175091
synth5,synth(5%),5,47,F1_best,hgb_d6,0.6511627906976745,0.4552706136175091
synth5,synth(5%),5,47,AUPRC,hgb_d6,0.6540323915774555,0.4552706136175091
synth5,synth(5%),5,47,AUROC,hgb_d6,0.9050470588235294,0.4552706136175091
synth5,synth(5%),5,47,Brier_neg,hgb_d6,-0.031171153195017114,0.4552706136175091
synth5,synth(5%),5,47,MCC_05,hgb_d6,0.514017991392762,0.4552706136175091
synth5,synth(5%),6,48,SoftMCC,hgb_d6,0.27996989916631915,0.47933208088427176
synth5,synth(5%),6,48,MCC_best,hgb_d3,0.5544899152380204,0.36619605156012147
synth5,synth(5%),6,48,F1_best,hgb_d6,0.5684210526315789,0.47933208088427176
synth5,synth(5%),6,48,AUPRC,hgb_d6,0.5788490584175329,0.47933208088427176
synth5,synth(5%),6,48,AUROC,hgb_d6,0.8868588235294117,0.47933208088427176
synth5,synth(5%),6,48,Brier_neg,hgb_d6,-0.03464548139033641,0.47933208088427176
synth5,synth(5%),6,48,MCC_05,hgb_d6,0.5182885536365817,0.47933208088427176
synth5,synth(5%),7,49,SoftMCC,hgb_d6,0.28501127015168315,0.42966239473887946
synth5,synth(5%),7,49,MCC_best,hgb_d6,0.5829252955066369,0.42966239473887946
synth5,synth(5%),7,49,F1_best,hgb_d6,0.5833333333333334,0.42966239473887946
synth5,synth(5%),7,49,AUPRC,hgb_d6,0.6190518146947537,0.42966239473887946
synth5,synth(5%),7,49,AUROC,hgb_d3,0.8868117647058822,0.4019020439509544
synth5,synth(5%),7,49,Brier_neg,hgb_d6,-0.03429336254966823,0.42966239473887946
synth5,synth(5%),7,49,MCC_05,hgb_d6,0.45863788157074264,0.42966239473887946
synth5,synth(5%),8,50,SoftMCC,hgb_d6,0.25395027287258415,0.5944164636669317
synth5,synth(5%),8,50,MCC_best,hgb_d6,0.526054534969404,0.5944164636669317
synth5,synth(5%),8,50,F1_best,hgb_d6,0.5194805194805194,0.5944164636669317
synth5,synth(5%),8,50,AUPRC,hgb_d6,0.5391827066322163,0.5944164636669317
synth5,synth(5%),8,50,AUROC,hgb_d6,0.8725764705882353,0.5944164636669317
synth5,synth(5%),8,50,Brier_neg,hgb_d6,-0.03703648012927685,0.5944164636669317
synth5,synth(5%),8,50,MCC_05,hgb_d6,0.4793012932694108,0.5944164636669317
synth5,synth(5%),9,51,SoftMCC,hgb_d6,0.2030445529196223,0.5034393347311873
synth5,synth(5%),9,51,MCC_best,hgb_d6,0.4467688682236116,0.5034393347311873
synth5,synth(5%),9,51,F1_best,hgb_d6,0.4778761061946903,0.5034393347311873
synth5,synth(5%),9,51,AUPRC,hgb_d3,0.43880334510237917,0.534506214128221
synth5,synth(5%),9,51,AUROC,hgb_d6,0.8443647058823529,0.5034393347311873
synth5,synth(5%),9,51,Brier_neg,hgb_d3,-0.04096061825985518,0.534506214128221
synth5,synth(5%),9,51,MCC_05,hgb_d3,0.31688471712175664,0.534506214128221
synth5,synth(5%),10,52,SoftMCC,hgb_d6,0.25012585752657995,0.4323647168574013
synth5,synth(5%),10,52,MCC_best,hgb_d3,0.47032008291392036,0.512369910226557
synth5,synth(5%),10,52,F1_best,hgb_d3,0.4883720930232558,0.512369910226557
synth5,synth(5%),10,52,AUPRC,hgb_d3,0.48113098503434365,0.512369910226557
synth5,synth(5%),10,52,AUROC,hgb_d6,0.8570000000000001,0.4323647168574013
synth5,synth(5%),10,52,Brier_neg,hgb_d3,-0.038649153837706285,0.512369910226557
synth5,synth(5%),10,52,MCC_05,hgb_d6,0.43989196569155253,0.4323647168574013
synth5,synth(5%),11,53,SoftMCC,hgb_d6,0.297055207776428,0.5267414388721977
synth5,synth(5%),11,53,MCC_best,hgb_d6,0.5719051591439668,0.5267414388721977
synth5,synth(5%),11,53,F1_best,hgb_d6,0.5961538461538461,0.5267414388721977
synth5,synth(5%),11,53,AUPRC,hgb_d6,0.5855434237179837,0.5267414388721977
synth5,synth(5%),11,53,AUROC,hgb_d6,0.915329411764706,0.5267414388721977
synth5,synth(5%),11,53,Brier_neg,hgb_d6,-0.034314016842542025,0.5267414388721977
synth5,synth(5%),11,53,MCC_05,hgb_d6,0.4705269531335079,0.5267414388721977
synth1,synth(1%),0,42,SoftMCC,hgb_d6,0.03656231799392246,0.12687294339730412
synth1,synth(1%),0,42,MCC_best,hgb_d6,0.19555763406931534,0.12687294339730412
synth1,synth(1%),0,42,F1_best,hgb_d6,0.17391304347826086,0.12687294339730412
synth1,synth(1%),0,42,AUPRC,hgb_d6,0.10565778106887927,0.12687294339730412
synth1,synth(1%),0,42,AUROC,hgb_d6,0.828734984984985,0.12687294339730412
synth1,synth(1%),0,42,Brier_neg,hgb_d6,-0.012776783178239806,0.12687294339730412
synth1,synth(1%),0,42,MCC_05,logreg_C0.1,0.0,0.08033627166465333
synth1,synth(1%),1,43,SoftMCC,hgb_d3,0.05685792766089471,0.17801830219228934
synth1,synth(1%),1,43,MCC_best,hgb_d3,0.2649278388420163,0.17801830219228934
synth1,synth(1%),1,43,F1_best,hgb_d3,0.2727272727272727,0.17801830219228934
synth1,synth(1%),1,43,AUPRC,hgb_d3,0.17680590391200596,0.17801830219228934
synth1,synth(1%),1,43,AUROC,hgb_d3,0.6693412162162161,0.17801830219228934
synth1,synth(1%),1,43,Brier_neg,hgb_d3,-0.01238818847044008,0.17801830219228934
synth1,synth(1%),1,43,MCC_05,logreg_C1.0,0.0,0.05793974959925209
synth1,synth(1%),2,44,SoftMCC,hgb_d6,0.028460057466781413,0.26215741836468687
synth1,synth(1%),2,44,MCC_best,hgb_d6,0.22344761150006748,0.26215741836468687
synth1,synth(1%),2,44,F1_best,hgb_d6,0.20833333333333334,0.26215741836468687
synth1,synth(1%),2,44,AUPRC,hgb_d6,0.07234746976733722,0.26215741836468687
synth1,synth(1%),2,44,AUROC,hgb_d6,0.7639358108108107,0.26215741836468687
synth1,synth(1%),2,44,Brier_neg,hgb_d6,-0.012806416840949979,0.26215741836468687
synth1,synth(1%),2,44,MCC_05,logreg_C0.1,0.0,0.08697542826376246
synth1,synth(1%),3,45,SoftMCC,hgb_d6,0.03747890011564732,0.2092826012240655
synth1,synth(1%),3,45,MCC_best,hgb_d3,0.24364182704125784,0.263317039129488
synth1,synth(1%),3,45,F1_best,hgb_d3,0.23255813953488372,0.263317039129488
synth1,synth(1%),3,45,AUPRC,hgb_d6,0.1261250371608297,0.2092826012240655
synth1,synth(1%),3,45,AUROC,hgb_d3,0.8107169669669669,0.263317039129488
synth1,synth(1%),3,45,Brier_neg,hgb_d6,-0.012528111931286131,0.2092826012240655
synth1,synth(1%),3,45,MCC_05,logreg_C0.1,0.0,0.12608116477199896
synth1,synth(1%),4,46,SoftMCC,hgb_d6,0.05822799917247867,0.10284399531885406
synth1,synth(1%),4,46,MCC_best,hgb_d6,0.31013613093903053,0.10284399531885406
synth1,synth(1%),4,46,F1_best,logreg_C0.1,0.2727272727272727,-0.008135543313815727
synth1,synth(1%),4,46,AUPRC,hgb_d6,0.1498175316943064,0.10284399531885406
synth1,synth(1%),4,46,AUROC,hgb_d6,0.8960210210210211,0.10284399531885406
synth1,synth(1%),4,46,Brier_neg,hgb_d6,-0.012256300896527239,0.10284399531885406
synth1,synth(1%),4,46,MCC_05,hgb_d6,0.0,0.10284399531885406
synth1,synth(1%),5,47,SoftMCC,hgb_d6,0.022816736049227737,0.2002532827134419
synth1,synth(1%),5,47,MCC_best,hgb_d6,0.17880804898414526,0.2002532827134419
synth1,synth(1%),5,47,F1_best,hgb_d3,0.16666666666666666,0.17192918017846393
synth1,synth(1%),5,47,AUPRC,hgb_d6,0.06105774500525542,0.2002532827134419
synth1,synth(1%),5,47,AUROC,hgb_d6,0.7850506756756757,0.2002532827134419
synth1,synth(1%),5,47,Brier_neg,hgb_d3,-0.013156054595015836,0.17192918017846393
synth1,synth(1%),5,47,MCC_05,logreg_C0.1,0.0,0.09414665427891775
synth1,synth(1%),6,48,SoftMCC,hgb_d3,0.024548479142384515,0.17977325450158135
synth1,synth(1%),6,48,MCC_best,logreg_C0.1,0.23871750049096221,0.19874916313337848
synth1,synth(1%),6,48,F1_best,logreg_C0.1,0.24242424242424243,0.19874916313337848
synth1,synth(1%),6,48,AUPRC,hgb_d6,0.10020937597700791,0.11702666151411853
synth1,synth(1%),6,48,AUROC,logreg_C0.1,0.745167042042042,0.19874916313337848
synth1,synth(1%),6,48,Brier_neg,hgb_d3,-0.012694558062253431,0.17977325450158135
synth1,synth(1%),6,48,MCC_05,logreg_C0.1,0.0,0.19874916313337848
synth1,synth(1%),7,49,SoftMCC,hgb_d3,0.03596548281901464,0.29857376665887303
synth1,synth(1%),7,49,MCC_best,hgb_d3,0.18303879416633742,0.29857376665887303
synth1,synth(1%),7,49,F1_best,hgb_d3,0.19047619047619047,0.29857376665887303
synth1,synth(1%),7,49,AUPRC,hgb_d3,0.10064096117131599,0.29857376665887303
synth1,synth(1%),7,49,AUROC,hgb_d6,0.6701388888888888,0.12881841484453027
synth1,synth(1%),7,49,Brier_neg,hgb_d3,-0.012992084760290118,0.29857376665887303
synth1,synth(1%),7,49,MCC_05,logreg_C0.1,0.0,0.12444446039630708
synth1,synth(1%),8,50,SoftMCC,logreg_C0.1,0.015531491343223444,0.17647751944349535
synth1,synth(1%),8,50,MCC_best,hgb_d6,0.18303879416633742,-0.0036310343357686546
synth1,synth(1%),8,50,F1_best,hgb_d6,0.19047619047619047,-0.0036310343357686546
synth1,synth(1%),8,50,AUPRC,logreg_C0.1,0.12640831550662807,0.17647751944349535
synth1,synth(1%),8,50,AUROC,hgb_d6,0.6842623873873874,-0.0036310343357686546
synth1,synth(1%),8,50,Brier_neg,logreg_C0.1,-0.012897195006419792,0.17647751944349535
synth1,synth(1%),8,50,MCC_05,logreg_C0.1,0.0,0.17647751944349535
synth1,synth(1%),9,51,SoftMCC,hgb_d6,0.07082881728828133,0.18978289827203934
synth1,synth(1%),9,51,MCC_best,hgb_d3,0.18303879416633742,0.06476502221183073
synth1,synth(1%),9,51,F1_best,hgb_d3,0.19047619047619047,0.06476502221183073
synth1,synth(1%),9,51,AUPRC,hgb_d3,0.1953506589647995,0.06476502221183073
synth1,synth(1%),9,51,AUROC,hgb_d6,0.7574136636636637,0.18978289827203934
synth1,synth(1%),9,51,Brier_neg,hgb_d3,-0.012558436493453345,0.06476502221183073
synth1,synth(1%),9,51,MCC_05,hgb_d6,0.161346588699283,0.18978289827203934
synth1,synth(1%),10,52,SoftMCC,logreg_C0.1,0.053487470623264116,0.343370606229657
synth1,synth(1%),10,52,MCC_best,logreg_C0.1,0.31106858902204687,0.343370606229657
synth1,synth(1%),10,52,F1_best,logreg_C0.1,0.3125,0.343370606229657
synth1,synth(1%),10,52,AUPRC,logreg_C0.1,0.23468310697914002,0.343370606229657
synth1,synth(1%),10,52,AUROC,logreg_C0.1,0.8284534534534533,0.343370606229657
synth1,synth(1%),10,52,Brier_neg,logreg_C0.1,-0.012097616530456599,0.343370606229657
synth1,synth(1%),10,52,MCC_05,logreg_C0.1,0.0,0.343370606229657
synth1,synth(1%),11,53,SoftMCC,hgb_d3,0.013665474638377374,0.03567854705235669
synth1,synth(1%),11,53,MCC_best,hgb_d6,0.12588628306125707,0.08292662529337648
synth1,synth(1%),11,53,F1_best,hgb_d6,0.125,0.08292662529337648
synth1,synth(1%),11,53,AUPRC,hgb_d3,0.06226290865141183,0.03567854705235669
synth1,synth(1%),11,53,AUROC,hgb_d6,0.6815409159159159,0.08292662529337648
synth1,synth(1%),11,53,Brier_neg,hgb_d3,-0.012996168715918209,0.03567854705235669
synth1,synth(1%),11,53,MCC_05,logreg_C0.1,0.0,0.27318601655091046
cc10,creditcard(1%),0,42,SoftMCC,hgb_d6,0.8218264297402762,0.86734325892112
cc10,creditcard(1%),0,42,MCC_best,hgb_d3,0.8948873652557614,0.8661754916010789
cc10,creditcard(1%),0,42,F1_best,hgb_d3,0.8959276018099548,0.8661754916010789
cc10,creditcard(1%),0,42,AUPRC,hgb_d3,0.9227851480636017,0.8661754916010789
cc10,creditcard(1%),0,42,AUROC,logreg_C0.1,0.988342860935724,0.8309722839384078
cc10,creditcard(1%),0,42,Brier_neg,hgb_d6,-0.001331955793598477,0.86734325892112
cc10,creditcard(1%),0,42,MCC_05,hgb_d6,0.934002713570288,0.86734325892112
cc10,creditcard(1%),1,43,SoftMCC,hgb_d6,0.7873533279678259,0.8653589269287101
cc10,creditcard(1%),1,43,MCC_best,hgb_d3,0.8308972436333802,0.8692645922062118
cc10,creditcard(1%),1,43,F1_best,hgb_d3,0.832579185520362,0.8692645922062118
cc10,creditcard(1%),1,43,AUPRC,hgb_d3,0.8611520808088978,0.8692645922062118
cc10,creditcard(1%),1,43,AUROC,logreg_C0.1,0.9680019605725537,0.8455584951465792
cc10,creditcard(1%),1,43,Brier_neg,hgb_d6,-0.0023938137318545395,0.8653589269287101
cc10,creditcard(1%),1,43,MCC_05,hgb_d6,0.8611397263127589,0.8653589269287101
cc10,creditcard(1%),2,44,SoftMCC,hgb_d6,0.8070845217997138,0.869987988348278
cc10,creditcard(1%),2,44,MCC_best,logreg_C10.0,0.9286214558501392,0.8516027565809391
cc10,creditcard(1%),2,44,F1_best,logreg_C10.0,0.9292035398230089,0.8516027565809391
cc10,creditcard(1%),2,44,AUPRC,hgb_d6,0.9307112487691307,0.869987988348278
cc10,creditcard(1%),2,44,AUROC,logreg_C0.1,0.9873553538443205,0.8118738313608777
cc10,creditcard(1%),2,44,Brier_neg,hgb_d3,-0.0014984027739662615,0.8547057633625549
cc10,creditcard(1%),2,44,MCC_05,hgb_d6,0.9080966760996285,0.869987988348278
cc10,creditcard(1%),3,45,SoftMCC,hgb_d6,0.7733323694135159,0.8841884115868717
cc10,creditcard(1%),3,45,MCC_best,hgb_d3,0.8543985282303891,0.8658143552275722
cc10,creditcard(1%),3,45,F1_best,hgb_d3,0.8558558558558559,0.8658143552275722
cc10,creditcard(1%),3,45,AUPRC,logreg_C0.1,0.8620228969568606,0.8744061687645022
cc10,creditcard(1%),3,45,AUROC,logreg_C0.1,0.9757226941852135,0.8744061687645022
cc10,creditcard(1%),3,45,Brier_neg,hgb_d6,-0.002103162742107769,0.8841884115868717
cc10,creditcard(1%),3,45,MCC_05,hgb_d6,0.8816036685492885,0.8841884115868717
cc10,creditcard(1%),4,46,SoftMCC,hgb_d6,0.7657903714199218,0.8290347694924995
cc10,creditcard(1%),4,46,MCC_best,hgb_d6,0.8469624375925875,0.8290347694924995
cc10,creditcard(1%),4,46,F1_best,hgb_d6,0.8484848484848485,0.8290347694924995
cc10,creditcard(1%),4,46,AUPRC,hgb_d6,0.8609317685599859,0.8290347694924995
cc10,creditcard(1%),4,46,AUROC,logreg_C0.1,0.9755596552514298,0.8143555565653147
cc10,creditcard(1%),4,46,Brier_neg,hgb_d6,-0.002321095960421156,0.8290347694924995
cc10,creditcard(1%),4,46,MCC_05,hgb_d3,0.8815801268473591,0.8450244525053568
cc10,creditcard(1%),5,47,SoftMCC,hgb_d3,0.8012859313999411,0.830520034781913
cc10,creditcard(1%),5,47,MCC_best,hgb_d3,0.8788457868889226,0.830520034781913
cc10,creditcard(1%),5,47,F1_best,hgb_d3,0.88,0.830520034781913
cc10,creditcard(1%),5,47,AUPRC,hgb_d6,0.8863685750458323,0.8522089330163387
cc10,creditcard(1%),5,47,AUROC,hgb_d3,0.9763674409577019,0.830520034781913
cc10,creditcard(1%),5,47,Brier_neg,hgb_d3,-0.001892868956703448,0.830520034781913
cc10,creditcard(1%),5,47,MCC_05,hgb_d3,0.8978374759590798,0.830520034781913
cc10,creditcard(1%),6,48,SoftMCC,hgb_d3,0.79021329856943,0.8456243883376572
cc10,creditcard(1%),6,48,MCC_best,logreg_C10.0,0.8766046405940624,0.8851495162352415
cc10,creditcard(1%),6,48,F1_best,logreg_C10.0,0.8778280542986425,0.8851495162352415
cc10,creditcard(1%),6,48,AUPRC,hgb_d6,0.9086540505769126,0.859128146886035
cc10,creditcard(1%),6,48,AUROC,logreg_C0.1,0.9895649178722309,0.8778302450659327
cc10,creditcard(1%),6,48,Brier_neg,hgb_d3,-0.001689101258963773,0.8456243883376572
cc10,creditcard(1%),6,48,MCC_05,hgb_d3,0.9095111162378149,0.8456243883376572
cc10,creditcard(1%),7,49,SoftMCC,hgb_d6,0.7957916638296606,0.8859270646295616
cc10,creditcard(1%),7,49,MCC_best,hgb_d6,0.8635333680145011,0.8859270646295616
cc10,creditcard(1%),7,49,F1_best,hgb_d6,0.8648648648648649,0.8859270646295616
cc10,creditcard(1%),7,49,AUPRC,hgb_d6,0.8860626530245694,0.8859270646295616
cc10,creditcard(1%),7,49,AUROC,hgb_d3,0.979352176398936,0.8952454356527373
cc10,creditcard(1%),7,49,Brier_neg,hgb_d6,-0.0016323854864360083,0.8859270646295616
cc10,creditcard(1%),7,49,MCC_05,hgb_d6,0.9139581589891285,0.8859270646295616
cc10,creditcard(1%),8,50,SoftMCC,hgb_d3,0.786470638716898,0.8713417725943748
cc10,creditcard(1%),8,50,MCC_best,hgb_d6,0.8595829012826031,0.864015117941683
cc10,creditcard(1%),8,50,F1_best,hgb_d6,0.8609865470852018,0.864015117941683
cc10,creditcard(1%),8,50,AUPRC,hgb_d3,0.8830519325137729,0.8713417725943748
cc10,creditcard(1%),8,50,AUROC,logreg_C10.0,0.9911214702321282,0.8255471682333169
cc10,creditcard(1%),8,50,Brier_neg,hgb_d3,-0.0020019404183003295,0.8713417725943748
cc10,creditcard(1%),8,50,MCC_05,hgb_d3,0.8916784824817391,0.8713417725943748
cc10,creditcard(1%),9,51,SoftMCC,hgb_d6,0.7744391899611648,0.866078833546538
cc10,creditcard(1%),9,51,MCC_best,hgb_d3,0.8361961012453534,0.8424305987919326
cc10,creditcard(1%),9,51,F1_best,hgb_d3,0.8378378378378378,0.8424305987919326
cc10,creditcard(1%),9,51,AUPRC,hgb_d3,0.8598263482903119,0.8424305987919326
cc10,creditcard(1%),9,51,AUROC,hgb_d3,0.9715436432419284,0.8424305987919326
cc10,creditcard(1%),9,51,Brier_neg,hgb_d6,-0.0021461907555746034,0.866078833546538
cc10,creditcard(1%),9,51,MCC_05,hgb_d3,0.8758443632103076,0.8424305987919326
cc10,creditcard(1%),10,52,SoftMCC,hgb_d6,0.7868729024091583,0.8572159604016283
cc10,creditcard(1%),10,52,MCC_best,hgb_d3,0.858319061926023,0.8728608685558785
cc10,creditcard(1%),10,52,F1_best,hgb_d3,0.8597285067873304,0.8728608685558785
cc10,creditcard(1%),10,52,AUPRC,hgb_d6,0.872280851916571,0.8572159604016283
cc10,creditcard(1%),10,52,AUROC,hgb_d6,0.9610886962598163,0.8572159604016283
cc10,creditcard(1%),10,52,Brier_neg,hgb_d6,-0.002028263211081767,0.8572159604016283
cc10,creditcard(1%),10,52,MCC_05,hgb_d3,0.8850237672816123,0.8728608685558785
cc10,creditcard(1%),11,53,SoftMCC,hgb_d3,0.799207830448275,0.8288939324847057
cc10,creditcard(1%),11,53,MCC_best,hgb_d3,0.9025404678234129,0.8288939324847057
cc10,creditcard(1%),11,53,F1_best,hgb_d3,0.9035087719298246,0.8288939324847057
cc10,creditcard(1%),11,53,AUPRC,hgb_d6,0.8960868088896028,0.8239145721358941
cc10,creditcard(1%),11,53,AUROC,logreg_C1.0,0.9764343619921352,0.8085029257236528
cc10,creditcard(1%),11,53,Brier_neg,hgb_d6,-0.0017281481407814283,0.8239145721358941
cc10,creditcard(1%),11,53,MCC_05,hgb_d6,0.8994732120190544,0.8239145721358941
cc5,creditcard(0.5%),0,42,SoftMCC,logreg_C10.0,0.7414583137662255,0.6437329933471129
cc5,creditcard(0.5%),0,42,MCC_best,logreg_C1.0,0.6362007773780824,0.6337531324419718
cc5,creditcard(0.5%),0,42,F1_best,logreg_C1.0,0.6006006006006006,0.6337531324419718
cc5,creditcard(0.5%),0,42,AUPRC,logreg_C1.0,0.8843242979408621,0.6337531324419718
cc5,creditcard(0.5%),0,42,AUROC,logreg_C1.0,0.9918243647080645,0.6337531324419718
cc5,creditcard(0.5%),0,42,Brier_neg,logreg_C1.0,-0.001036261047937949,0.6337531324419718
cc5,creditcard(0.5%),0,42,MCC_05,logreg_C0.1,0.8774009486044919,0.6475682983800853
cc5,creditcard(0.5%),1,43,SoftMCC,logreg_C10.0,0.7445391400731176,0.6184747489328933
cc5,creditcard(0.5%),1,43,MCC_best,logreg_C10.0,0.6079769173166767,0.6184747489328933
cc5,creditcard(0.5%),1,43,F1_best,logreg_C10.0,0.5764705882352941,0.6184747489328933
cc5,creditcard(0.5%),1,43,AUPRC,logreg_C10.0,0.8154062251097509,0.6184747489328933
cc5,creditcard(0.5%),1,43,AUROC,logreg_C0.1,0.9795918893778057,0.626921055165445
cc5,creditcard(0.5%),1,43,Brier_neg,logreg_C10.0,-0.0012924659243293147,0.6184747489328933
cc5,creditcard(0.5%),1,43,MCC_05,logreg_C10.0,0.8596632481612821,0.6184747489328933
cc5,creditcard(0.5%),2,44,SoftMCC,logreg_C10.0,0.7438431085219915,0.5901933914952633
cc5,creditcard(0.5%),2,44,MCC_best,hgb_d6,0.5970649309065765,0.6389929730129488
cc5,creditcard(0.5%),2,44,F1_best,hgb_d6,0.5706051873198847,0.6389929730129488
cc5,creditcard(0.5%),2,44,AUPRC,hgb_d6,0.7718165302228499,0.6389929730129488
cc5,creditcard(0.5%),2,44,AUROC,logreg_C0.1,0.97588385556009,0.5620403652305784
cc5,creditcard(0.5%),2,44,Brier_neg,logreg_C10.0,-0.0016142975863418286,0.5901933914952633
cc5,creditcard(0.5%),2,44,MCC_05,logreg_C1.0,0.8216517090977283,0.5669561475622547
cc5,creditcard(0.5%),3,45,SoftMCC,logreg_C1.0,0.7409457267456943,0.6036963538541138
cc5,creditcard(0.5%),3,45,MCC_best,logreg_C0.1,0.6254422151288491,0.6200076901332873
cc5,creditcard(0.5%),3,45,F1_best,logreg_C0.1,0.592814371257485,0.6200076901332873
cc5,creditcard(0.5%),3,45,AUPRC,logreg_C0.1,0.8408728834876479,0.6200076901332873
cc5,creditcard(0.5%),3,45,AUROC,logreg_C1.0,0.9784347601564424,0.6036963538541138
cc5,creditcard(0.5%),3,45,Brier_neg,logreg_C1.0,-0.0012758278694316861,0.6036963538541138
cc5,creditcard(0.5%),3,45,MCC_05,logreg_C0.1,0.8540188464543658,0.6200076901332873
cc5,creditcard(0.5%),4,46,SoftMCC,logreg_C10.0,0.6961712809730515,0.5970494632117633
cc5,creditcard(0.5%),4,46,MCC_best,hgb_d3,0.5224194575554972,0.5960848885843996
cc5,creditcard(0.5%),4,46,F1_best,hgb_d3,0.49557522123893805,0.5960848885843996
cc5,creditcard(0.5%),4,46,AUPRC,logreg_C10.0,0.750390064602192,0.5970494632117633
cc5,creditcard(0.5%),4,46,AUROC,logreg_C1.0,0.9405206619607261,0.5970494632117633
cc5,creditcard(0.5%),4,46,Brier_neg,logreg_C10.0,-0.0017483405123669214,0.5970494632117633
cc5,creditcard(0.5%),4,46,MCC_05,logreg_C10.0,0.7950051898080378,0.5970494632117633
cc5,creditcard(0.5%),5,47,SoftMCC,logreg_C10.0,0.687513674357375,0.5710858849936743
cc5,creditcard(0.5%),5,47,MCC_best,hgb_d6,0.5434590267857283,0.5894185311083936
cc5,creditcard(0.5%),5,47,F1_best,hgb_d6,0.513595166163142,0.5894185311083936
cc5,creditcard(0.5%),5,47,AUPRC,logreg_C0.1,0.7938137242900376,0.5678688392306067
cc5,creditcard(0.5%),5,47,AUROC,logreg_C0.1,0.9652398895231633,0.5678688392306067
cc5,creditcard(0.5%),5,47,Brier_neg,hgb_d3,-0.0015838723713071786,0.4871589889291946
cc5,creditcard(0.5%),5,47,MCC_05,logreg_C10.0,0.8160433815588947,0.5710858849936743
cc5,creditcard(0.5%),6,48,SoftMCC,logreg_C10.0,0.7631097051716558,0.6554729526631485
cc5,creditcard(0.5%),6,48,MCC_best,hgb_d6,0.6525457396615332,0.613094765863793
cc5,creditcard(0.5%),6,48,F1_best,hgb_d6,0.6149253731343284,0.613094765863793
cc5,creditcard(0.5%),6,48,AUPRC,logreg_C10.0,0.8722241784993345,0.6554729526631485
cc5,creditcard(0.5%),6,48,AUROC,hgb_d6,0.990035670838574,0.613094765863793
cc5,creditcard(0.5%),6,48,Brier_neg,logreg_C10.0,-0.000940964400297815,0.6554729526631485
cc5,creditcard(0.5%),6,48,MCC_05,logreg_C10.0,0.8944418896624279,0.6554729526631485
cc5,creditcard(0.5%),7,49,SoftMCC,logreg_C10.0,0.7362114758011996,0.6023358548427341
cc5,creditcard(0.5%),7,49,MCC_best,logreg_C10.0,0.5972789086369045,0.6023358548427341
cc5,creditcard(0.5%),7,49,F1_best,logreg_C10.0,0.5621301775147929,0.6023358548427341
cc5,creditcard(0.5%),7,49,AUPRC,logreg_C1.0,0.8190051721370588,0.5950535096096534
cc5,creditcard(0.5%),7,49,AUROC,logreg_C10.0,0.9731639900344168,0.6023358548427341
cc5,creditcard(0.5%),7,49,Brier_neg,logreg_C10.0,-0.0013575288087142826,0.6023358548427341
cc5,creditcard(0.5%),7,49,MCC_05,logreg_C0.1,0.8442523162317375,0.589179081432671
cc5,creditcard(0.5%),8,50,SoftMCC,logreg_C1.0,0.7421197804287245,0.5611608358776401
cc5,creditcard(0.5%),8,50,MCC_best,logreg_C0.1,0.6012513161323355,0.5644131807031488
cc5,creditcard(0.5%),8,50,F1_best,logreg_C0.1,0.5688622754491018,0.5644131807031488
cc5,creditcard(0.5%),8,50,AUPRC,logreg_C0.1,0.8183161576279643,0.5644131807031488
cc5,creditcard(0.5%),8,50,AUROC,logreg_C0.1,0.9722139662156022,0.5644131807031488
cc5,creditcard(0.5%),8,50,Brier_neg,logreg_C0.1,-0.0012858893459166095,0.5644131807031488
cc5,creditcard(0.5%),8,50,MCC_05,logreg_C0.1,0.8550502188969269,0.5644131807031488
cc5,creditcard(0.5%),9,51,SoftMCC,logreg_C1.0,0.739738846606012,0.5766881240569418
cc5,creditcard(0.5%),9,51,MCC_best,hgb_d6,0.6362000507181211,0.6354773902985127
cc5,creditcard(0.5%),9,51,F1_best,hgb_d6,0.6006006006006006,0.6354773902985127
cc5,creditcard(0.5%),9,51,AUPRC,logreg_C0.1,0.8792107791125655,0.5642383881483983
cc5,creditcard(0.5%),9,51,AUROC,logreg_C0.1,0.9832048258345428,0.5642383881483983
cc5,creditcard(0.5%),9,51,Brier_neg,logreg_C1.0,-0.0010513897764136222,0.5766881240569418
cc5,creditcard(0.5%),9,51,MCC_05,logreg_C1.0,0.8861862778903727,0.5766881240569418
cc5,creditcard(0.5%),10,52,SoftMCC,logreg_C10.0,0.7049795451176097,0.6183684217245902
cc5,creditcard(0.5%),10,52,MCC_best,logreg_C1.0,0.6090394879505797,0.6132771961849682
cc5,creditcard(0.5%),10,52,F1_best,logreg_C1.0,0.5765765765765766,0.6132771961849682
cc5,creditcard(0.5%),10,52,AUPRC,logreg_C1.0,0.8343699252820861,0.6132771961849682
cc5,creditcard(0.5%),10,52,AUROC,logreg_C1.0,0.9820583815900293,0.6132771961849682
cc5,creditcard(0.5%),10,52,Brier_neg,logreg_C10.0,-0.0013926859678643673,0.6183684217245902
cc5,creditcard(0.5%),10,52,MCC_05,logreg_C1.0,0.8391048214753432,0.6132771961849682
cc5,creditcard(0.5%),11,53,SoftMCC,logreg_C1.0,0.752322149035765,0.5904300128150747
cc5,creditcard(0.5%),11,53,MCC_best,logreg_C0.1,0.60854289329162,0.6310854332174255
cc5,creditcard(0.5%),11,53,F1_best,logreg_C0.1,0.5791044776119403,0.6310854332174255
cc5,creditcard(0.5%),11,53,AUPRC,logreg_C1.0,0.8225033984140648,0.5904300128150747
cc5,creditcard(0.5%),11,53,AUROC,logreg_C10.0,0.9828601870524414,0.6185993831217472
cc5,creditcard(0.5%),11,53,Brier_neg,logreg_C1.0,-0.0013339895777844278,0.5904300128150747
cc5,creditcard(0.5%),11,53,MCC_05,logreg_C1.0,0.857552070049071,0.5904300128150747
iot,iotid20(6.4%),0,42,SoftMCC,hgb_d3,0.9752791181040091,0.9865150551684014
iot,iotid20(6.4%),0,42,MCC_best,hgb_d3,0.986736244508,0.9865150551684014
iot,iotid20(6.4%),0,42,F1_best,hgb_d3,0.9875,0.9865150551684014
iot,iotid20(6.4%),0,42,AUPRC,hgb_d6,0.9902285846230829,0.980682429782002
iot,iotid20(6.4%),0,42,AUROC,hgb_d6,0.9977684880489047,0.980682429782002
iot,iotid20(6.4%),0,42,Brier_neg,hgb_d3,-0.0016521101052827066,0.9865150551684014
iot,iotid20(6.4%),0,42,MCC_05,hgb_d3,0.9848273573820674,0.9865150551684014
iot,iotid20(6.4%),1,43,SoftMCC,hgb_d6,0.9708991213885475,0.9832349313444312
iot,iotid20(6.4%),1,43,MCC_best,hgb_d6,0.9821629215146924,0.9832349313444312
iot,iotid20(6.4%),1,43,F1_best,hgb_d6,0.983170947741364,0.9832349313444312
iot,iotid20(6.4%),1,43,AUPRC,hgb_d3,0.9942483285133351,0.955099061671627
iot,iotid20(6.4%),1,43,AUROC,hgb_d3,0.9992319105119483,0.955099061671627
iot,iotid20(6.4%),1,43,Brier_neg,hgb_d6,-0.0015736562704211962,0.9832349313444312
iot,iotid20(6.4%),1,43,MCC_05,hgb_d6,0.9859381848979533,0.9832349313444312
iot,iotid20(6.4%),2,44,SoftMCC,hgb_d3,0.9740487394922762,0.9751073752675531
iot,iotid20(6.4%),2,44,MCC_best,hgb_d3,0.9885289212772431,0.9751073752675531
iot,iotid20(6.4%),2,44,F1_best,hgb_d3,0.9891696750902527,0.9751073752675531
iot,iotid20(6.4%),2,44,AUPRC,hgb_d6,0.9968544255311045,0.9683891306853694
iot,iotid20(6.4%),2,44,AUROC,hgb_d6,0.9996418048657294,0.9683891306853694
iot,iotid20(6.4%),2,44,Brier_neg,hgb_d3,-0.0011075390225598856,0.9751073752675531
iot,iotid20(6.4%),2,44,MCC_05,hgb_d6,0.9914059030501312,0.9683891306853694
iot,iotid20(6.4%),3,45,SoftMCC,hgb_d6,0.9705966809051035,0.9781085097213117
iot,iotid20(6.4%),3,45,MCC_best,hgb_d3,0.9743708479825397,0.9806532737693411
iot,iotid20(6.4%),3,45,F1_best,hgb_d3,0.975653742110009,0.9806532737693411
iot,iotid20(6.4%),3,45,AUPRC,hgb_d6,0.9942743662884908,0.9781085097213117
iot,iotid20(6.4%),3,45,AUROC,hgb_d6,0.9976707283172721,0.9781085097213117
iot,iotid20(6.4%),3,45,Brier_neg,hgb_d6,-0.00147207499179645,0.9781085097213117
iot,iotid20(6.4%),3,45,MCC_05,hgb_d6,0.9867719124011586,0.9781085097213117
iot,iotid20(6.4%),4,46,SoftMCC,hgb_d3,0.9700728638892849,0.9835935053062825
iot,iotid20(6.4%),4,46,MCC_best,hgb_d6,0.9808163319643849,0.982767834101753
iot,iotid20(6.4%),4,46,F1_best,hgb_d6,0.9818181818181818,0.982767834101753
iot,iotid20(6.4%),4,46,AUPRC,hgb_d6,0.986407566108513,0.982767834101753
iot,iotid20(6.4%),4,46,AUROC,hgb_d6,0.9941977010519172,0.982767834101753
iot,iotid20(6.4%),4,46,Brier_neg,hgb_d3,-0.0018546482135980028,0.9835935053062825
iot,iotid20(6.4%),4,46,MCC_05,hgb_d3,0.9817822393554773,0.9835935053062825
iot,iotid20(6.4%),5,47,SoftMCC,hgb_d3,0.9718306264321454,0.9865861193674366
iot,iotid20(6.4%),5,47,MCC_best,hgb_d3,0.9828059956407177,0.9865861193674366
iot,iotid20(6.4%),5,47,F1_best,hgb_d3,0.9837251356238698,0.9865861193674366
iot,iotid20(6.4%),5,47,AUPRC,hgb_d6,0.9917248516812132,0.977282968653963
iot,iotid20(6.4%),5,47,AUROC,hgb_d6,0.9988110144545495,0.977282968653963
iot,iotid20(6.4%),5,47,Brier_neg,hgb_d3,-0.0016218397763528407,0.9865861193674366
iot,iotid20(6.4%),5,47,MCC_05,hgb_d3,0.9856938082058667,0.9865861193674366
iot,iotid20(6.4%),6,48,SoftMCC,hgb_d6,0.9658763216693438,0.9768359133076293
iot,iotid20(6.4%),6,48,MCC_best,hgb_d6,0.968118606600582,0.9768359133076293
iot,iotid20(6.4%),6,48,F1_best,hgb_d6,0.9696969696969697,0.9768359133076293
iot,iotid20(6.4%),6,48,AUPRC,hgb_d6,0.9882282637017104,0.9768359133076293
iot,iotid20(6.4%),6,48,AUROC,hgb_d6,0.9968283089252177,0.9768359133076293
iot,iotid20(6.4%),6,48,Brier_neg,hgb_d6,-0.0022939438767984486,0.9768359133076293
iot,iotid20(6.4%),6,48,MCC_05,hgb_d6,0.9785554942324026,0.9768359133076293
iot,iotid20(6.4%),7,49,SoftMCC,hgb_d6,0.9729598828764713,0.9827861366277028
iot,iotid20(6.4%),7,49,MCC_best,hgb_d3,0.9820126298993053,0.9852589219364944
iot,iotid20(6.4%),7,49,F1_best,hgb_d3,0.9829596412556054,0.9852589219364944
iot,iotid20(6.4%),7,49,AUPRC,hgb_d6,0.9931422398446188,0.9827861366277028
iot,iotid20(6.4%),7,49,AUROC,hgb_d6,0.9983432111957903,0.9827861366277028
iot,iotid20(6.4%),7,49,Brier_neg,hgb_d6,-0.0013657340105623487,0.9827861366277028
iot,iotid20(6.4%),7,49,MCC_05,hgb_d6,0.9877185330789919,0.9827861366277028
iot,iotid20(6.4%),8,50,SoftMCC,hgb_d3,0.9714169712328724,0.971526382185442
iot,iotid20(6.4%),8,50,MCC_best,hgb_d3,0.9711532179952087,0.971526382185442
iot,iotid20(6.4%),8,50,F1_best,hgb_d3,0.9725776965265083,0.971526382185442
iot,iotid20(6.4%),8,50,AUPRC,hgb_d3,0.9930163138210422,0.971526382185442
iot,iotid20(6.4%),8,50,AUROC,hgb_d3,0.9974852785313685,0.971526382185442
iot,iotid20(6.4%),8,50,Brier_neg,hgb_d6,-0.0014196999837936212,0.9681349320271906
iot,iotid20(6.4%),8,50,MCC_05,hgb_d6,0.9875771369897062,0.9681349320271906
iot,iotid20(6.4%),9,51,SoftMCC,hgb_d6,0.9667337907587953,0.9760747312359972
iot,iotid20(6.4%),9,51,MCC_best,hgb_d3,0.975477613693318,0.9803794295953738
iot,iotid20(6.4%),9,51,F1_best,hgb_d3,0.9767025089605734,0.9803794295953738
iot,iotid20(6.4%),9,51,AUPRC,hgb_d3,0.9937970416019903,0.9803794295953738
iot,iotid20(6.4%),9,51,AUROC,hgb_d3,0.999120636338025,0.9803794295953738
iot,iotid20(6.4%),9,51,Brier_neg,hgb_d6,-0.0016339527633754828,0.9760747312359972
iot,iotid20(6.4%),9,51,MCC_05,hgb_d3,0.9859147854102556,0.9803794295953738
iot,iotid20(6.4%),10,52,SoftMCC,hgb_d6,0.9720591095291106,0.9607290594532798
iot,iotid20(6.4%),10,52,MCC_best,hgb_d6,0.9702667392027072,0.9607290594532798
iot,iotid20(6.4%),10,52,F1_best,hgb_d6,0.9717314487632509,0.9607290594532798
iot,iotid20(6.4%),10,52,AUPRC,hgb_d6,0.9910717389965923,0.9607290594532798
iot,iotid20(6.4%),10,52,AUROC,hgb_d3,0.9976650451531364,0.9589938743637022
iot,iotid20(6.4%),10,52,Brier_neg,hgb_d6,-0.001328518588034634,0.9607290594532798
iot,iotid20(6.4%),10,52,MCC_05,hgb_d6,0.9880083920179729,0.9607290594532798
iot,iotid20(6.4%),11,53,SoftMCC,hgb_d6,0.9705846045148465,0.9683803901185954
iot,iotid20(6.4%),11,53,MCC_best,hgb_d6,0.9744728404356116,0.9683803901185954
iot,iotid20(6.4%),11,53,F1_best,hgb_d6,0.9757847533632287,0.9683803901185954
iot,iotid20(6.4%),11,53,AUPRC,hgb_d6,0.9961914811808503,0.9683803901185954
iot,iotid20(6.4%),11,53,AUROC,hgb_d6,0.9994736477890334,0.9683803901185954
iot,iotid20(6.4%),11,53,Brier_neg,hgb_d6,-0.0012244347011592493,0.9683803901185954
iot,iotid20(6.4%),11,53,MCC_05,hgb_d6,0.9896614962723096,0.9683803901185954
abalone,abalone(9.4%),0,42,SoftMCC,logreg_C10.0,0.14746540456175752,0.373936623043462
abalone,abalone(9.4%),0,42,MCC_best,logreg_C0.1,0.4175739248423208,0.3148794745897061
abalone,abalone(9.4%),0,42,F1_best,hgb_d6,0.44545454545454544,0.40322038528842274
abalone,abalone(9.4%),0,42,AUPRC,hgb_d6,0.3280032948106975,0.40322038528842274
abalone,abalone(9.4%),0,42,AUROC,hgb_d3,0.8708319995731968,0.39085827965407094
abalone,abalone(9.4%),0,42,Brier_neg,hgb_d3,-0.07029737277617996,0.39085827965407094
abalone,abalone(9.4%),0,42,MCC_05,hgb_d6,0.07691491262686433,0.40322038528842274
abalone,abalone(9.4%),1,43,SoftMCC,hgb_d3,0.15193818821452007,0.3305246074649492
abalone,abalone(9.4%),1,43,MCC_best,hgb_d3,0.40049192520029553,0.3305246074649492
abalone,abalone(9.4%),1,43,F1_best,hgb_d3,0.448,0.3305246074649492
abalone,abalone(9.4%),1,43,AUPRC,hgb_d3,0.3328686940628082,0.3305246074649492
abalone,abalone(9.4%),1,43,AUROC,hgb_d3,0.8455305697823304,0.3305246074649492
abalone,abalone(9.4%),1,43,Brier_neg,hgb_d3,-0.07099951303548595,0.3305246074649492
abalone,abalone(9.4%),1,43,MCC_05,hgb_d3,0.11131400282977398,0.3305246074649492
abalone,abalone(9.4%),2,44,SoftMCC,hgb_d3,0.13886667053369345,0.3915197852395876
abalone,abalone(9.4%),2,44,MCC_best,hgb_d3,0.3610516356061552,0.3915197852395876
abalone,abalone(9.4%),2,44,F1_best,hgb_d3,0.39316239316239315,0.3915197852395876
abalone,abalone(9.4%),2,44,AUPRC,hgb_d3,0.26695878897746195,0.3915197852395876
abalone,abalone(9.4%),2,44,AUROC,hgb_d3,0.827318075117371,0.3915197852395876
abalone,abalone(9.4%),2,44,Brier_neg,hgb_d3,-0.07401480146187199,0.3915197852395876
abalone,abalone(9.4%),2,44,MCC_05,logreg_C0.1,0.0,0.3095150502585094
abalone,abalone(9.4%),3,45,SoftMCC,hgb_d3,0.1565388741039926,0.3683816534810908
abalone,abalone(9.4%),3,45,MCC_best,hgb_d3,0.4432079868287306,0.3683816534810908
abalone,abalone(9.4%),3,45,F1_best,hgb_d3,0.488,0.3683816534810908
abalone,abalone(9.4%),3,45,AUPRC,hgb_d3,0.36146993303419295,0.3683816534810908
abalone,abalone(9.4%),3,45,AUROC,hgb_d3,0.8643832693128468,0.3683816534810908
abalone,abalone(9.4%),3,45,Brier_neg,hgb_d3,-0.06991704711429123,0.3683816534810908
abalone,abalone(9.4%),3,45,MCC_05,hgb_d3,0.09960029273073646,0.3683816534810908
abalone,abalone(9.4%),4,46,SoftMCC,hgb_d3,0.15547079953591347,0.3882817907176299
abalone,abalone(9.4%),4,46,MCC_best,hgb_d3,0.3948587727795468,0.3882817907176299
abalone,abalone(9.4%),4,46,F1_best,hgb_d3,0.451063829787234,0.3882817907176299
abalone,abalone(9.4%),4,46,AUPRC,hgb_d3,0.30913420138531933,0.3882817907176299
abalone,abalone(9.4%),4,46,AUROC,hgb_d6,0.8489116517285532,0.35537187079763943
abalone,abalone(9.4%),4,46,Brier_neg,hgb_d3,-0.07110951257283725,0.3882817907176299
abalone,abalone(9.4%),4,46,MCC_05,logreg_C10.0,0.10154198878540019,0.35733123921460774
abalone,abalone(9.4%),5,47,SoftMCC,hgb_d3,0.16944567056565746,0.3493173030885208
abalone,abalone(9.4%),5,47,MCC_best,hgb_d3,0.38976969319302945,0.3493173030885208
abalone,abalone(9.4%),5,47,F1_best,logreg_C10.0,0.4423076923076923,0.255804203522481
abalone,abalone(9.4%),5,47,AUPRC,hgb_d3,0.3493414213477912,0.3493173030885208
abalone,abalone(9.4%),5,47,AUROC,hgb_d3,0.8632829172001707,0.3493173030885208
abalone,abalone(9.4%),5,47,Brier_neg,hgb_d3,-0.06981977993914094,0.3493173030885208
abalone,abalone(9.4%),5,47,MCC_05,hgb_d3,0.06441927133718126,0.3493173030885208
abalone,abalone(9.4%),6,48,SoftMCC,logreg_C10.0,0.15031275727978868,0.3341831172349252
abalone,abalone(9.4%),6,48,MCC_best,hgb_d3,0.3658492443500365,0.37673373750282296
abalone,abalone(9.4%),6,48,F1_best,hgb_d3,0.424,0.37673373750282296
abalone,abalone(9.4%),6,48,AUPRC,hgb_d3,0.30047679524096105,0.37673373750282296
abalone,abalone(9.4%),6,48,AUROC,hgb_d3,0.8265911758429365,0.37673373750282296
abalone,abalone(9.4%),6,48,Brier_neg,hgb_d3,-0.07337389911590003,0.37673373750282296
abalone,abalone(9.4%),6,48,MCC_05,hgb_d6,0.04656452098572228,0.34189240457129877
abalone,abalone(9.4%),7,49,SoftMCC,logreg_C10.0,0.13655975361912548,0.3768053494960665
abalone,abalone(9.4%),7,49,MCC_best,hgb_d6,0.36140167800481227,0.3555874193902731
abalone,abalone(9.4%),7,49,F1_best,hgb_d3,0.4080267558528428,0.40337765065443854
abalone,abalone(9.4%),7,49,AUPRC,hgb_d3,0.2972754554039729,0.40337765065443854
abalone,abalone(9.4%),7,49,AUROC,hgb_d3,0.8498919654289373,0.40337765065443854
abalone,abalone(9.4%),7,49,Brier_neg,hgb_d3,-0.07203360216451289,0.40337765065443854
abalone,abalone(9.4%),7,49,MCC_05,hgb_d3,0.10154198878540019,0.40337765065443854
abalone,abalone(9.4%),8,50,SoftMCC,hgb_d3,0.16833708912095732,0.33297478683796544
abalone,abalone(9.4%),8,50,MCC_best,hgb_d6,0.4132857778503277,0.3481881372574465
abalone,abalone(9.4%),8,50,F1_best,hgb_d3,0.45161290322580644,0.33297478683796544
abalone,abalone(9.4%),8,50,AUPRC,hgb_d3,0.3141847593148383,0.33297478683796544
abalone,abalone(9.4%),8,50,AUROC,hgb_d3,0.8587814767392232,0.33297478683796544
abalone,abalone(9.4%),8,50,Brier_neg,hgb_d3,-0.07027736356935654,0.33297478683796544
abalone,abalone(9.4%),8,50,MCC_05,logreg_C10.0,0.04656452098572228,0.34785297282154887
abalone,abalone(9.4%),9,51,SoftMCC,logreg_C10.0,0.1409649008071794,0.34526765326297104
abalone,abalone(9.4%),9,51,MCC_best,hgb_d3,0.37331593096319116,0.39573055503021487
abalone,abalone(9.4%),9,51,F1_best,hgb_d3,0.4126984126984127,0.39573055503021487
abalone,abalone(9.4%),9,51,AUPRC,hgb_d6,0.27571724091367533,0.37217372537659715
abalone,abalone(9.4%),9,51,AUROC,logreg_C10.0,0.8391752027315408,0.34526765326297104
abalone,abalone(9.4%),9,51,Brier_neg,logreg_C10.0,-0.07312354185582409,0.34526765326297104
abalone,abalone(9.4%),9,51,MCC_05,logreg_C0.1,0.0,0.31928539133282596
abalone,abalone(9.4%),10,52,SoftMCC,hgb_d3,0.16231145478674053,0.3549451508457591
abalone,abalone(9.4%),10,52,MCC_best,hgb_d3,0.4025381776404652,0.3549451508457591
abalone,abalone(9.4%),10,52,F1_best,hgb_d6,0.4412811387900356,0.33017748113831413
abalone,abalone(9.4%),10,52,AUPRC,hgb_d6,0.32686297467400083,0.33017748113831413
abalone,abalone(9.4%),10,52,AUROC,hgb_d6,0.8754468096457533,0.33017748113831413
abalone,abalone(9.4%),10,52,Brier_neg,hgb_d6,-0.07000847565628941,0.33017748113831413
abalone,abalone(9.4%),10,52,MCC_05,logreg_C0.1,0.0,0.3105838506759295
abalone,abalone(9.4%),11,53,SoftMCC,logreg_C10.0,0.16836955672990173,0.3253584614336193
abalone,abalone(9.4%),11,53,MCC_best,hgb_d3,0.4123119061972505,0.3429021049679966
abalone,abalone(9.4%),11,53,F1_best,hgb_d3,0.46473029045643155,0.3429021049679966
abalone,abalone(9.4%),11,53,AUPRC,hgb_d3,0.3480213114289882,0.3429021049679966
abalone,abalone(9.4%),11,53,AUROC,hgb_d3,0.8719456892872386,0.3429021049679966
abalone,abalone(9.4%),11,53,Brier_neg,hgb_d3,-0.06897532350285505,0.3429021049679966
abalone,abalone(9.4%),11,53,MCC_05,logreg_C10.0,0.1773316041119372,0.3253584614336193
car_eval_34,car_eval_34(7.8%),0,42,SoftMCC,hgb_d3,0.3394018241271539,0.7700112491361703
car_eval_34,car_eval_34(7.8%),0,42,MCC_best,logreg_C10.0,0.8658519911179979,0.8258040661298334
car_eval_34,car_eval_34(7.8%),0,42,F1_best,logreg_C10.0,0.875,0.8258040661298334
car_eval_34,car_eval_34(7.8%),0,42,AUPRC,logreg_C10.0,0.924442312905311,0.8258040661298334
car_eval_34,car_eval_34(7.8%),0,42,AUROC,logreg_C10.0,0.9945218198700092,0.8258040661298334
car_eval_34,car_eval_34(7.8%),0,42,Brier_neg,hgb_d3,-0.03899109432035172,0.7700112491361703
car_eval_34,car_eval_34(7.8%),0,42,MCC_05,hgb_d3,0.680101939727658,0.7700112491361703
car_eval_34,car_eval_34(7.8%),1,43,SoftMCC,logreg_C10.0,0.5092403480856766,0.852104379245219
car_eval_34,car_eval_34(7.8%),1,43,MCC_best,logreg_C1.0,0.819405756731662,0.850394946643516
car_eval_34,car_eval_34(7.8%),1,43,F1_best,logreg_C1.0,0.8333333333333334,0.850394946643516
car_eval_34,car_eval_34(7.8%),1,43,AUPRC,logreg_C1.0,0.8873927906241944,0.850394946643516
car_eval_34,car_eval_34(7.8%),1,43,AUROC,logreg_C0.1,0.9881151346332404,0.833729546623462
car_eval_34,car_eval_34(7.8%),1,43,Brier_neg,logreg_C10.0,-0.03132404740613195,0.852104379245219
car_eval_34,car_eval_34(7.8%),1,43,MCC_05,hgb_d3,0.6702286835444662,0.6666210074031796
car_eval_34,car_eval_34(7.8%),2,44,SoftMCC,hgb_d6,0.39507561571660443,0.5614411472167292
car_eval_34,car_eval_34(7.8%),2,44,MCC_best,logreg_C1.0,0.8469964548538342,0.723824087906438
car_eval_34,car_eval_34(7.8%),2,44,F1_best,logreg_C1.0,0.8518518518518519,0.723824087906438
car_eval_34,car_eval_34(7.8%),2,44,AUPRC,logreg_C10.0,0.9008919697873187,0.7384278486160484
car_eval_34,car_eval_34(7.8%),2,44,AUROC,logreg_C10.0,0.9939182915506035,0.7384278486160484
car_eval_34,car_eval_34(7.8%),2,44,Brier_neg,hgb_d6,-0.032410463682654836,0.5614411472167292
car_eval_34,car_eval_34(7.8%),2,44,MCC_05,hgb_d6,0.8263271816214895,0.5614411472167292
car_eval_34,car_eval_34(7.8%),3,45,SoftMCC,logreg_C10.0,0.5285330746733414,0.8544938766873337
car_eval_34,car_eval_34(7.8%),3,45,MCC_best,logreg_C10.0,0.8856753952935009,0.8544938766873337
car_eval_34,car_eval_34(7.8%),3,45,F1_best,logreg_C10.0,0.8923076923076924,0.8544938766873337
car_eval_34,car_eval_34(7.8%),3,45,AUPRC,logreg_C1.0,0.948398652571816,0.8296708520766031
car_eval_34,car_eval_34(7.8%),3,45,AUROC,logreg_C10.0,0.996146703806871,0.8544938766873337
car_eval_34,car_eval_34(7.8%),3,45,Brier_neg,logreg_C10.0,-0.02572891653332784,0.8544938766873337
car_eval_34,car_eval_34(7.8%),3,45,MCC_05,logreg_C10.0,0.761724102736153,0.8544938766873337
car_eval_34,car_eval_34(7.8%),4,46,SoftMCC,logreg_C1.0,0.46642632719067056,0.858353520513367
car_eval_34,car_eval_34(7.8%),4,46,MCC_best,logreg_C0.1,0.8221537725610414,0.8439366100434763
car_eval_34,car_eval_34(7.8%),4,46,F1_best,logreg_C0.1,0.8285714285714286,0.8439366100434763
car_eval_34,car_eval_34(7.8%),4,46,AUPRC,logreg_C0.1,0.9166242281242281,0.8439366100434763
car_eval_34,car_eval_34(7.8%),4,46,AUROC,logreg_C0.1,0.9924791086350975,0.8439366100434763
car_eval_34,car_eval_34(7.8%),4,46,Brier_neg,logreg_C1.0,-0.02938432349323483,0.858353520513367
car_eval_34,car_eval_34(7.8%),4,46,MCC_05,logreg_C0.1,0.7551715028296521,0.8439366100434763
car_eval_34,car_eval_34(7.8%),5,47,SoftMCC,hgb_d3,0.36627510021480597,0.7008306994166064
car_eval_34,car_eval_34(7.8%),5,47,MCC_best,logreg_C10.0,0.8555246053853296,0.7286879776436803
car_eval_34,car_eval_34(7.8%),5,47,F1_best,logreg_C10.0,0.8666666666666667,0.7286879776436803
car_eval_34,car_eval_34(7.8%),5,47,AUPRC,hgb_d3,0.8332894279024569,0.7008306994166064
car_eval_34,car_eval_34(7.8%),5,47,AUROC,logreg_C10.0,0.9865831012070567,0.7286879776436803
car_eval_34,car_eval_34(7.8%),5,47,Brier_neg,hgb_d3,-0.03405652719842442,0.7008306994166064
car_eval_34,car_eval_34(7.8%),5,47,MCC_05,hgb_d3,0.8052484177570142,0.7008306994166064
car_eval_34,car_eval_34(7.8%),6,48,SoftMCC,logreg_C10.0,0.451309602070137,0.7863161514422276
car_eval_34,car_eval_34(7.8%),6,48,MCC_best,logreg_C1.0,0.8954055089103161,0.852104379245219
car_eval_34,car_eval_34(7.8%),6,48,F1_best,logreg_C1.0,0.9032258064516129,0.852104379245219
car_eval_34,car_eval_34(7.8%),6,48,AUPRC,logreg_C1.0,0.9460842220119129,0.852104379245219
car_eval_34,car_eval_34(7.8%),6,48,AUROC,logreg_C1.0,0.996100278551532,0.852104379245219
car_eval_34,car_eval_34(7.8%),6,48,Brier_neg,logreg_C10.0,-0.03092767609230595,0.7863161514422276
car_eval_34,car_eval_34(7.8%),6,48,MCC_05,hgb_d3,0.6558093353402447,0.6238971068961954
car_eval_34,car_eval_34(7.8%),7,49,SoftMCC,logreg_C10.0,0.47802396246049256,0.787146230270369
car_eval_34,car_eval_34(7.8%),7,49,MCC_best,logreg_C10.0,0.8069476374309411,0.787146230270369
car_eval_34,car_eval_34(7.8%),7,49,F1_best,logreg_C10.0,0.8148148148148148,0.787146230270369
car_eval_34,car_eval_34(7.8%),7,49,AUPRC,logreg_C10.0,0.9033257747543462,0.787146230270369
car_eval_34,car_eval_34(7.8%),7,49,AUROC,logreg_C10.0,0.9905292479108636,0.787146230270369
car_eval_34,car_eval_34(7.8%),7,49,Brier_neg,logreg_C10.0,-0.030264609765928752,0.787146230270369
car_eval_34,car_eval_34(7.8%),7,49,MCC_05,logreg_C10.0,0.6683977525063617,0.787146230270369
car_eval_34,car_eval_34(7.8%),8,50,SoftMCC,hgb_d6,0.33684624986922507,0.7033152801976024
car_eval_34,car_eval_34(7.8%),8,50,MCC_best,logreg_C0.1,0.8870452722767274,0.8655035407590459
car_eval_34,car_eval_34(7.8%),8,50,F1_best,logreg_C0.1,0.8888888888888888,0.8655035407590459
car_eval_34,car_eval_34(7.8%),8,50,AUPRC,logreg_C0.1,0.9225474805670193,0.8655035407590459
car_eval_34,car_eval_34(7.8%),8,50,AUROC,logreg_C10.0,0.9906220984215413,0.8470521064214117
car_eval_34,car_eval_34(7.8%),8,50,Brier_neg,logreg_C0.1,-0.03793559618093845,0.8655035407590459
car_eval_34,car_eval_34(7.8%),8,50,MCC_05,logreg_C0.1,0.6432271253233752,0.8655035407590459
car_eval_34,car_eval_34(7.8%),9,51,SoftMCC,logreg_C10.0,0.4171763553790161,0.8251906386881029
car_eval_34,car_eval_34(7.8%),9,51,MCC_best,logreg_C10.0,0.8094622733285746,0.8251906386881029
car_eval_34,car_eval_34(7.8%),9,51,F1_best,logreg_C10.0,0.8108108108108109,0.8251906386881029
car_eval_34,car_eval_34(7.8%),9,51,AUPRC,logreg_C10.0,0.8809083774045411,0.8251906386881029
car_eval_34,car_eval_34(7.8%),9,51,AUROC,logreg_C10.0,0.9906685236768802,0.8251906386881029
car_eval_34,car_eval_34(7.8%),9,51,Brier_neg,logreg_C10.0,-0.03247371720396483,0.8251906386881029
car_eval_34,car_eval_34(7.8%),9,51,MCC_05,logreg_C0.1,0.6944917324932224,0.7898017090233557
car_eval_34,car_eval_34(7.8%),10,52,SoftMCC,logreg_C10.0,0.5027825537733652,0.8078290864723839
car_eval_34,car_eval_34(7.8%),10,52,MCC_best,logreg_C10.0,0.8252660117363103,0.8078290864723839
car_eval_34,car_eval_34(7.8%),10,52,F1_best,logreg_C10.0,0.8387096774193549,0.8078290864723839
car_eval_34,car_eval_34(7.8%),10,52,AUPRC,logreg_C10.0,0.8543893089636321,0.8078290864723839
car_eval_34,car_eval_34(7.8%),10,52,AUROC,logreg_C10.0,0.9876044568245124,0.8078290864723839
car_eval_34,car_eval_34(7.8%),10,52,Brier_neg,logreg_C10.0,-0.03075320796975009,0.8078290864723839
car_eval_34,car_eval_34(7.8%),10,52,MCC_05,hgb_d6,0.6868011851622619,0.6342903002371112
car_eval_34,car_eval_34(7.8%),11,53,SoftMCC,logreg_C10.0,0.5033486918175233,0.8846690172943698
car_eval_34,car_eval_34(7.8%),11,53,MCC_best,logreg_C10.0,0.9277623026926648,0.8846690172943698
car_eval_34,car_eval_34(7.8%),11,53,F1_best,logreg_C10.0,0.9333333333333333,0.8846690172943698
car_eval_34,car_eval_34(7.8%),11,53,AUPRC,logreg_C10.0,0.9626615359948694,0.8846690172943698
car_eval_34,car_eval_34(7.8%),11,53,AUROC,logreg_C10.0,0.9974001857010214,0.8846690172943698
car_eval_34,car_eval_34(7.8%),11,53,Brier_neg,logreg_C10.0,-0.02784196993353191,0.8846690172943698
car_eval_34,car_eval_34(7.8%),11,53,MCC_05,hgb_d6,0.7037644184094562,0.5080354952516537
car_eval_4,car_eval_4(3.8%),0,42,SoftMCC,hgb_d3,0.5477365184707859,0.9405399431259602
car_eval_4,car_eval_4(3.8%),0,42,MCC_best,hgb_d6,0.9092023104649063,0.9405399431259602
car_eval_4,car_eval_4(3.8%),0,42,F1_best,hgb_d6,0.9090909090909091,0.9405399431259602
car_eval_4,car_eval_4(3.8%),0,42,AUPRC,logreg_C1.0,0.9419248725131079,0.8639548921260773
car_eval_4,car_eval_4(3.8%),0,42,AUROC,logreg_C1.0,0.9985739750445632,0.8639548921260773
car_eval_4,car_eval_4(3.8%),0,42,Brier_neg,hgb_d6,-0.011967700678126613,0.9405399431259602
car_eval_4,car_eval_4(3.8%),0,42,MCC_05,hgb_d3,0.7364295061864152,0.9405399431259602
car_eval_4,car_eval_4(3.8%),1,43,SoftMCC,hgb_d6,0.6130939636807962,0.7151180070470798
car_eval_4,car_eval_4(3.8%),1,43,MCC_best,hgb_d6,0.9092023104649063,0.7151180070470798
car_eval_4,car_eval_4(3.8%),1,43,F1_best,hgb_d6,0.9090909090909091,0.7151180070470798
car_eval_4,car_eval_4(3.8%),1,43,AUPRC,hgb_d6,0.892097347097347,0.7151180070470798
car_eval_4,car_eval_4(3.8%),1,43,AUROC,logreg_C10.0,0.9964349376114081,0.744946343668492
car_eval_4,car_eval_4(3.8%),1,43,Brier_neg,hgb_d6,-0.010829423875998162,0.7151180070470798
car_eval_4,car_eval_4(3.8%),1,43,MCC_05,hgb_d6,0.7056143647423894,0.7151180070470798
car_eval_4,car_eval_4(3.8%),2,44,SoftMCC,hgb_d3,0.5642490438527895,0.8317837846317998
car_eval_4,car_eval_4(3.8%),2,44,MCC_best,logreg_C0.1,0.9368214751223379,0.9143480675672518
car_eval_4,car_eval_4(3.8%),2,44,F1_best,logreg_C0.1,0.9375,0.9143480675672518
car_eval_4,car_eval_4(3.8%),2,44,AUPRC,logreg_C0.1,0.9457013574660633,0.9143480675672518
car_eval_4,car_eval_4(3.8%),2,44,AUROC,logreg_C10.0,0.9987522281639928,0.9405399431259602
car_eval_4,car_eval_4(3.8%),2,44,Brier_neg,hgb_d6,-0.01180412805894638,0.7947965042533738
car_eval_4,car_eval_4(3.8%),2,44,MCC_05,hgb_d3,0.7235568797131484,0.8317837846317998
car_eval_4,car_eval_4(3.8%),3,45,SoftMCC,hgb_d6,0.6426178661820865,0.8901166734241598
car_eval_4,car_eval_4(3.8%),3,45,MCC_best,logreg_C1.0,0.8997219708643529,1.0
car_eval_4,car_eval_4(3.8%),3,45,F1_best,logreg_C1.0,0.9032258064516129,1.0
car_eval_4,car_eval_4(3.8%),3,45,AUPRC,logreg_C1.0,0.9438888888888889,1.0
car_eval_4,car_eval_4(3.8%),3,45,AUROC,logreg_C1.0,0.9973262032085561,1.0
car_eval_4,car_eval_4(3.8%),3,45,Brier_neg,hgb_d6,-0.009759475420676848,0.8901166734241598
car_eval_4,car_eval_4(3.8%),3,45,MCC_05,hgb_d6,0.8541848588613553,0.8901166734241598
car_eval_4,car_eval_4(3.8%),4,46,SoftMCC,hgb_d6,0.5781671589333561,0.9001321922225498
car_eval_4,car_eval_4(3.8%),4,46,MCC_best,hgb_d6,0.8997219708643529,0.9001321922225498
car_eval_4,car_eval_4(3.8%),4,46,F1_best,hgb_d6,0.9032258064516129,0.9001321922225498
car_eval_4,car_eval_4(3.8%),4,46,AUPRC,logreg_C0.1,0.9165539452495974,0.8981550966095068
car_eval_4,car_eval_4(3.8%),4,46,AUROC,logreg_C0.1,0.9952762923351158,0.8981550966095068
car_eval_4,car_eval_4(3.8%),4,46,Brier_neg,hgb_d6,-0.01341485172471947,0.9001321922225498
car_eval_4,car_eval_4(3.8%),4,46,MCC_05,hgb_d6,0.8997219708643529,0.9001321922225498
car_eval_4,car_eval_4(3.8%),5,47,SoftMCC,hgb_d3,0.6532407477964298,0.8701923076923077
car_eval_4,car_eval_4(3.8%),5,47,MCC_best,hgb_d3,0.9648028008066956,0.8701923076923077
car_eval_4,car_eval_4(3.8%),5,47,F1_best,hgb_d3,0.9655172413793104,0.8701923076923077
car_eval_4,car_eval_4(3.8%),5,47,AUPRC,hgb_d3,0.9859649122807017,0.8701923076923077
car_eval_4,car_eval_4(3.8%),5,47,AUROC,hgb_d3,0.9996434937611409,0.8701923076923077
car_eval_4,car_eval_4(3.8%),5,47,Brier_neg,hgb_d3,-0.008225779277042771,0.8701923076923077
car_eval_4,car_eval_4(3.8%),5,47,MCC_05,hgb_d6,0.8541848588613553,0.8701923076923077
car_eval_4,car_eval_4(3.8%),6,48,SoftMCC,hgb_d6,0.5958731430566029,0.7947359541812581
car_eval_4,car_eval_4(3.8%),6,48,MCC_best,hgb_d6,0.8837590822138354,0.7947359541812581
car_eval_4,car_eval_4(3.8%),6,48,F1_best,hgb_d6,0.8823529411764706,0.7947359541812581
car_eval_4,car_eval_4(3.8%),6,48,AUPRC,hgb_d6,0.9483709273182956,0.7947359541812581
car_eval_4,car_eval_4(3.8%),6,48,AUROC,hgb_d6,0.9981283422459893,0.7947359541812581
car_eval_4,car_eval_4(3.8%),6,48,Brier_neg,hgb_d6,-0.010150622429246768,0.7947359541812581
car_eval_4,car_eval_4(3.8%),6,48,MCC_05,hgb_d6,0.8518058418676517,0.7947359541812581
car_eval_4,car_eval_4(3.8%),7,49,SoftMCC,hgb_d6,0.5935804865173228,0.8792003816177455
car_eval_4,car_eval_4(3.8%),7,49,MCC_best,hgb_d3,0.9284701059208382,0.7255170162364388
car_eval_4,car_eval_4(3.8%),7,49,F1_best,hgb_d3,0.9285714285714286,0.7255170162364388
car_eval_4,car_eval_4(3.8%),7,49,AUPRC,hgb_d6,0.9859649122807017,0.8792003816177455
car_eval_4,car_eval_4(3.8%),7,49,AUROC,hgb_d6,0.9992869875222816,0.8792003816177455
car_eval_4,car_eval_4(3.8%),7,49,Brier_neg,hgb_d6,-0.0095481269368106,0.8792003816177455
car_eval_4,car_eval_4(3.8%),7,49,MCC_05,hgb_d6,0.8908613541144559,0.8792003816177455
car_eval_4,car_eval_4(3.8%),8,50,SoftMCC,hgb_d3,0.6462153461166614,0.8701923076923077
car_eval_4,car_eval_4(3.8%),8,50,MCC_best,logreg_C1.0,0.9092023104649063,0.7798503722278005
car_eval_4,car_eval_4(3.8%),8,50,F1_best,logreg_C1.0,0.9090909090909091,0.7798503722278005
car_eval_4,car_eval_4(3.8%),8,50,AUPRC,logreg_C1.0,0.9,0.7798503722278005
car_eval_4,car_eval_4(3.8%),8,50,AUROC,logreg_C1.0,0.9975935828877005,0.7798503722278005
car_eval_4,car_eval_4(3.8%),8,50,Brier_neg,hgb_d3,-0.012268695999500366,0.8701923076923077
car_eval_4,car_eval_4(3.8%),8,50,MCC_05,hgb_d3,0.7497674935986334,0.8701923076923077
car_eval_4,car_eval_4(3.8%),9,51,SoftMCC,hgb_d6,0.5765511530505387,0.5721295676906231
car_eval_4,car_eval_4(3.8%),9,51,MCC_best,logreg_C0.1,0.8136454301504356,0.6829167450551575
car_eval_4,car_eval_4(3.8%),9,51,F1_best,logreg_C0.1,0.8148148148148148,0.6829167450551575
car_eval_4,car_eval_4(3.8%),9,51,AUPRC,logreg_C1.0,0.8532908449575116,0.6829167450551575
car_eval_4,car_eval_4(3.8%),9,51,AUROC,logreg_C1.0,0.9929590017825313,0.6829167450551575
car_eval_4,car_eval_4(3.8%),9,51,Brier_neg,hgb_d6,-0.0133108631203463,0.5721295676906231
car_eval_4,car_eval_4(3.8%),9,51,MCC_05,hgb_d6,0.7652648649610747,0.5721295676906231
car_eval_4,car_eval_4(3.8%),10,52,SoftMCC,hgb_d6,0.6105243831481328,0.7034172616352687
car_eval_4,car_eval_4(3.8%),10,52,MCC_best,hgb_d6,0.8715125945089707,0.7034172616352687
car_eval_4,car_eval_4(3.8%),10,52,F1_best,hgb_d6,0.875,0.7034172616352687
car_eval_4,car_eval_4(3.8%),10,52,AUPRC,logreg_C10.0,0.9090686274509804,0.7947359541812581
car_eval_4,car_eval_4(3.8%),10,52,AUROC,hgb_d6,0.9949197860962566,0.7034172616352687
car_eval_4,car_eval_4(3.8%),10,52,Brier_neg,hgb_d6,-0.011067498799046805,0.7034172616352687
car_eval_4,car_eval_4(3.8%),10,52,MCC_05,hgb_d6,0.8136454301504356,0.7034172616352687
car_eval_4,car_eval_4(3.8%),11,53,SoftMCC,hgb_d6,0.5707565645604931,0.8466305078268894
car_eval_4,car_eval_4(3.8%),11,53,MCC_best,logreg_C0.1,0.9669505238159921,0.7798503722278005
car_eval_4,car_eval_4(3.8%),11,53,F1_best,logreg_C0.1,0.967741935483871,0.7798503722278005
car_eval_4,car_eval_4(3.8%),11,53,AUPRC,logreg_C1.0,0.9958333333333333,0.8792003816177455
car_eval_4,car_eval_4(3.8%),11,53,AUROC,logreg_C1.0,0.9998217468805704,0.8792003816177455
car_eval_4,car_eval_4(3.8%),11,53,Brier_neg,hgb_d3,-0.01258847310541573,0.8331802109828561
car_eval_4,car_eval_4(3.8%),11,53,MCC_05,hgb_d6,0.5580058481976137,0.8466305078268894
coil_2000,coil_2000(6.0%),0,42,SoftMCC,hgb_d3,0.04065303809127616,0.16356706208766542
coil_2000,coil_2000(6.0%),0,42,MCC_best,hgb_d3,0.2106621148796976,0.16356706208766542
coil_2000,coil_2000(6.0%),0,42,F1_best,hgb_d3,0.25925925925925924,0.16356706208766542
coil_2000,coil_2000(6.0%),0,42,AUPRC,hgb_d3,0.16205325614559224,0.16356706208766542
coil_2000,coil_2000(6.0%),0,42,AUROC,logreg_C0.1,0.7188408606319054,0.14093397934415855
coil_2000,coil_2000(6.0%),0,42,Brier_neg,hgb_d3,-0.05422811451632111,0.16356706208766542
coil_2000,coil_2000(6.0%),0,42,MCC_05,logreg_C0.1,0.0,0.14093397934415855
coil_2000,coil_2000(6.0%),1,43,SoftMCC,logreg_C0.1,0.03865893246049886,0.20301925443021082
coil_2000,coil_2000(6.0%),1,43,MCC_best,hgb_d3,0.189552430973646,0.22622012829157778
coil_2000,coil_2000(6.0%),1,43,F1_best,hgb_d3,0.2335216572504708,0.22622012829157778
coil_2000,coil_2000(6.0%),1,43,AUPRC,logreg_C1.0,0.1447523457641539,0.18899781425598175
coil_2000,coil_2000(6.0%),1,43,AUROC,logreg_C0.1,0.7156304632867133,0.20301925443021082
coil_2000,coil_2000(6.0%),1,43,Brier_neg,logreg_C0.1,-0.053932476722720744,0.20301925443021082
coil_2000,coil_2000(6.0%),1,43,MCC_05,logreg_C1.0,0.08442096857762169,0.18899781425598175
coil_2000,coil_2000(6.0%),2,44,SoftMCC,logreg_C0.1,0.0569358064547016,0.11606459362556662
coil_2000,coil_2000(6.0%),2,44,MCC_best,logreg_C0.1,0.22935420060209416,0.11606459362556662
coil_2000,coil_2000(6.0%),2,44,F1_best,logreg_C0.1,0.2777777777777778,0.11606459362556662
coil_2000,coil_2000(6.0%),2,44,AUPRC,logreg_C0.1,0.19001900756584575,0.11606459362556662
coil_2000,coil_2000(6.0%),2,44,AUROC,logreg_C1.0,0.7464272186935493,0.14836702070220545
coil_2000,coil_2000(6.0%),2,44,Brier_neg,logreg_C0.1,-0.05188776372988491,0.11606459362556662
coil_2000,coil_2000(6.0%),2,44,MCC_05,logreg_C0.1,0.0,0.11606459362556662
coil_2000,coil_2000(6.0%),3,45,SoftMCC,hgb_d3,0.035809551685546274,0.17977399958508822
coil_2000,coil_2000(6.0%),3,45,MCC_best,hgb_d3,0.17041780093278264,0.17977399958508822
coil_2000,coil_2000(6.0%),3,45,F1_best,logreg_C0.1,0.21490467937608318,0.21077730496057584
coil_2000,coil_2000(6.0%),3,45,AUPRC,logreg_C0.1,0.13728145970750594,0.21077730496057584
coil_2000,coil_2000(6.0%),3,45,AUROC,hgb_d3,0.712111205172741,0.17977399958508822
coil_2000,coil_2000(6.0%),3,45,Brier_neg,logreg_C0.1,-0.05352249634437464,0.21077730496057584
coil_2000,coil_2000(6.0%),3,45,MCC_05,logreg_C0.1,0.08477604755948884,0.21077730496057584
coil_2000,coil_2000(6.0%),4,46,SoftMCC,hgb_d3,0.047938376705801346,0.11669069805055433
coil_2000,coil_2000(6.0%),4,46,MCC_best,hgb_d3,0.20029487605229254,0.11669069805055433
coil_2000,coil_2000(6.0%),4,46,F1_best,hgb_d3,0.25196850393700787,0.11669069805055433
coil_2000,coil_2000(6.0%),4,46,AUPRC,hgb_d3,0.17226891675239753,0.11669069805055433
coil_2000,coil_2000(6.0%),4,46,AUROC,hgb_d3,0.7329327592485488,0.11669069805055433
coil_2000,coil_2000(6.0%),4,46,Brier_neg,hgb_d3,-0.05300028224655748,0.11669069805055433
coil_2000,coil_2000(6.0%),4,46,MCC_05,hgb_d3,0.08411497532160148,0.11669069805055433
coil_2000,coil_2000(6.0%),5,47,SoftMCC,logreg_C0.1,0.05193832433352893,0.14154724529390345
coil_2000,coil_2000(6.0%),5,47,MCC_best,hgb_d3,0.24781834748917894,0.16582547638950818
coil_2000,coil_2000(6.0%),5,47,F1_best,logreg_C0.1,0.2865853658536585,0.14154724529390345
coil_2000,coil_2000(6.0%),5,47,AUPRC,logreg_C0.1,0.2015852087058812,0.14154724529390345
coil_2000,coil_2000(6.0%),5,47,AUROC,logreg_C0.1,0.7631801537506157,0.14154724529390345
coil_2000,coil_2000(6.0%),5,47,Brier_neg,logreg_C0.1,-0.05305150659243741,0.14154724529390345
coil_2000,coil_2000(6.0%),5,47,MCC_05,logreg_C0.1,0.10767679164249513,0.14154724529390345
coil_2000,coil_2000(6.0%),6,48,SoftMCC,hgb_d3,0.04294381843951238,0.15881373685200717
coil_2000,coil_2000(6.0%),6,48,MCC_best,logreg_C1.0,0.19962138721908657,0.14187275409854616
coil_2000,coil_2000(6.0%),6,48,F1_best,logreg_C0.1,0.24279835390946503,0.15608142546852916
coil_2000,coil_2000(6.0%),6,48,AUPRC,hgb_d3,0.14344320113711553,0.15881373685200717
coil_2000,coil_2000(6.0%),6,48,AUROC,hgb_d3,0.7178213645084021,0.15881373685200717
coil_2000,coil_2000(6.0%),6,48,Brier_neg,hgb_d3,-0.053602445201826984,0.15881373685200717
coil_2000,coil_2000(6.0%),6,48,MCC_05,logreg_C0.1,0.0,0.15608142546852916
coil_2000,coil_2000(6.0%),7,49,SoftMCC,logreg_C1.0,0.04631636959511578,0.14113860363050637
coil_2000,coil_2000(6.0%),7,49,MCC_best,logreg_C1.0,0.22185685543875278,0.14113860363050637
coil_2000,coil_2000(6.0%),7,49,F1_best,logreg_C1.0,0.2669683257918552,0.14113860363050637
coil_2000,coil_2000(6.0%),7,49,AUPRC,logreg_C1.0,0.15784229963358865,0.14113860363050637
coil_2000,coil_2000(6.0%),7,49,AUROC,logreg_C1.0,0.7390764720614016,0.14113860363050637
coil_2000,coil_2000(6.0%),7,49,Brier_neg,logreg_C1.0,-0.054241595982329915,0.14113860363050637
coil_2000,coil_2000(6.0%),7,49,MCC_05,logreg_C10.0,0.06828006954787037,0.1355647692057731
coil_2000,coil_2000(6.0%),8,50,SoftMCC,logreg_C0.1,0.037348763692825575,0.17404059271844716
coil_2000,coil_2000(6.0%),8,50,MCC_best,logreg_C1.0,0.19611703777267098,0.18349655305961635
coil_2000,coil_2000(6.0%),8,50,F1_best,logreg_C1.0,0.23972602739726026,0.18349655305961635
coil_2000,coil_2000(6.0%),8,50,AUPRC,logreg_C1.0,0.14154329295548979,0.18349655305961635
coil_2000,coil_2000(6.0%),8,50,AUROC,logreg_C1.0,0.7380916005543613,0.18349655305961635
coil_2000,coil_2000(6.0%),8,50,Brier_neg,logreg_C0.1,-0.054407541372806234,0.17404059271844716
coil_2000,coil_2000(6.0%),8,50,MCC_05,logreg_C0.1,0.0,0.17404059271844716
coil_2000,coil_2000(6.0%),9,51,SoftMCC,hgb_d3,0.049069896008376246,0.1825457302029086
coil_2000,coil_2000(6.0%),9,51,MCC_best,logreg_C0.1,0.19179397042235122,0.18140159736642986
coil_2000,coil_2000(6.0%),9,51,F1_best,logreg_C0.1,0.24285714285714285,0.18140159736642986
coil_2000,coil_2000(6.0%),9,51,AUPRC,hgb_d3,0.1722389966381338,0.1825457302029086
coil_2000,coil_2000(6.0%),9,51,AUROC,logreg_C10.0,0.7186602108041776,0.15685088474765368
coil_2000,coil_2000(6.0%),9,51,Brier_neg,hgb_d3,-0.053515425686729026,0.1825457302029086
coil_2000,coil_2000(6.0%),9,51,MCC_05,hgb_d3,0.056118305861149395,0.1825457302029086
coil_2000,coil_2000(6.0%),10,52,SoftMCC,logreg_C0.1,0.03867674265830385,0.17459506021906268
coil_2000,coil_2000(6.0%),10,52,MCC_best,logreg_C1.0,0.15674709993561126,0.16241862013162983
coil_2000,coil_2000(6.0%),10,52,F1_best,logreg_C0.1,0.20398009950248755,0.17459506021906268
coil_2000,coil_2000(6.0%),10,52,AUPRC,logreg_C1.0,0.15011743094082486,0.16241862013162983
coil_2000,coil_2000(6.0%),10,52,AUROC,logreg_C0.1,0.6932932692307692,0.17459506021906268
coil_2000,coil_2000(6.0%),10,52,Brier_neg,logreg_C1.0,-0.0534892210658576,0.16241862013162983
coil_2000,coil_2000(6.0%),10,52,MCC_05,logreg_C0.1,0.0,0.17459506021906268
coil_2000,coil_2000(6.0%),11,53,SoftMCC,hgb_d3,0.04357243074695029,0.14012338125153662
coil_2000,coil_2000(6.0%),11,53,MCC_best,logreg_C0.1,0.16459731126941715,0.1384604999735985
coil_2000,coil_2000(6.0%),11,53,F1_best,logreg_C0.1,0.21971830985915494,0.1384604999735985
coil_2000,coil_2000(6.0%),11,53,AUPRC,hgb_d3,0.1407480476444567,0.14012338125153662
coil_2000,coil_2000(6.0%),11,53,AUROC,hgb_d3,0.6883792775665399,0.14012338125153662
coil_2000,coil_2000(6.0%),11,53,Brier_neg,hgb_d3,-0.053254589404851504,0.14012338125153662
coil_2000,coil_2000(6.0%),11,53,MCC_05,logreg_C0.1,0.0,0.1384604999735985
mammography,mammography(2.3%),0,42,SoftMCC,hgb_d6,0.5039568107871643,0.6454749062218504
mammography,mammography(2.3%),0,42,MCC_best,hgb_d6,0.7361338917724556,0.6454749062218504
mammography,mammography(2.3%),0,42,F1_best,hgb_d6,0.7387387387387387,0.6454749062218504
mammography,mammography(2.3%),0,42,AUPRC,hgb_d6,0.7500641564632071,0.6454749062218504
mammography,mammography(2.3%),0,42,AUROC,hgb_d6,0.9905427086603188,0.6454749062218504
mammography,mammography(2.3%),0,42,Brier_neg,hgb_d6,-0.004711603196542479,0.6454749062218504
mammography,mammography(2.3%),0,42,MCC_05,hgb_d6,0.6631336409084214,0.6454749062218504
mammography,mammography(2.3%),1,43,SoftMCC,hgb_d6,0.45458341099985666,0.04222696385960997
mammography,mammography(2.3%),1,43,MCC_best,hgb_d6,0.6104151136735971,0.04222696385960997
mammography,mammography(2.3%),1,43,F1_best,hgb_d6,0.6201550387596899,0.04222696385960997
mammography,mammography(2.3%),1,43,AUPRC,hgb_d6,0.6891616993246243,0.04222696385960997
mammography,mammography(2.3%),1,43,AUROC,hgb_d6,0.9579727551764138,0.04222696385960997
mammography,mammography(2.3%),1,43,Brier_neg,hgb_d6,-0.01654070395740939,0.04222696385960997
mammography,mammography(2.3%),1,43,MCC_05,hgb_d6,0.5899745669791167,0.04222696385960997
mammography,mammography(2.3%),2,44,SoftMCC,hgb_d6,0.5288106418747631,0.6795634390878367
mammography,mammography(2.3%),2,44,MCC_best,hgb_d6,0.737803170489443,0.6795634390878367
mammography,mammography(2.3%),2,44,F1_best,hgb_d6,0.7454545454545455,0.6795634390878367
mammography,mammography(2.3%),2,44,AUPRC,hgb_d6,0.8281453607365075,0.6795634390878367
mammography,mammography(2.3%),2,44,AUROC,hgb_d6,0.9803722295792142,0.6795634390878367
mammography,mammography(2.3%),2,44,Brier_neg,hgb_d6,-0.012185531659506718,0.6795634390878367
mammography,mammography(2.3%),2,44,MCC_05,hgb_d6,0.7138363624600889,0.6795634390878367
mammography,mammography(2.3%),3,45,SoftMCC,hgb_d6,0.5048753180928265,-0.02413543809585513
mammography,mammography(2.3%),3,45,MCC_best,hgb_d3,0.7002457618540217,-0.0031370758933502736
mammography,mammography(2.3%),3,45,F1_best,hgb_d3,0.7090909090909091,-0.0031370758933502736
mammography,mammography(2.3%),3,45,AUPRC,hgb_d3,0.7358093767925497,-0.0031370758933502736
mammography,mammography(2.3%),3,45,AUROC,hgb_d3,0.9608368492911623,-0.0031370758933502736
mammography,mammography(2.3%),3,45,Brier_neg,hgb_d6,-0.013908804422945556,-0.02413543809585513
mammography,mammography(2.3%),3,45,MCC_05,hgb_d6,0.6991894648271012,-0.02413543809585513
mammography,mammography(2.3%),4,46,SoftMCC,hgb_d3,0.46385311933709655,0.724472654682371
mammography,mammography(2.3%),4,46,MCC_best,hgb_d3,0.6540205400846738,0.724472654682371
mammography,mammography(2.3%),4,46,F1_best,hgb_d3,0.64,0.724472654682371
mammography,mammography(2.3%),4,46,AUPRC,hgb_d3,0.6633680211029355,0.724472654682371
mammography,mammography(2.3%),4,46,AUROC,hgb_d6,0.8315221934297418,0.6752358890149719
mammography,mammography(2.3%),4,46,Brier_neg,hgb_d3,-0.017983682981905273,0.724472654682371
mammography,mammography(2.3%),4,46,MCC_05,hgb_d3,0.6618293325114958,0.724472654682371
mammography,mammography(2.3%),5,47,SoftMCC,hgb_d3,0.48759558597602376,0.6655227683051879
mammography,mammography(2.3%),5,47,MCC_best,hgb_d3,0.6765165196400894,0.6655227683051879
mammography,mammography(2.3%),5,47,F1_best,hgb_d3,0.6666666666666666,0.6655227683051879
mammography,mammography(2.3%),5,47,AUPRC,hgb_d3,0.7188123039323502,0.6655227683051879
mammography,mammography(2.3%),5,47,AUROC,hgb_d6,0.9400798661369631,0.7017138953544577
mammography,mammography(2.3%),5,47,Brier_neg,hgb_d3,-0.015085546318749615,0.6655227683051879
mammography,mammography(2.3%),5,47,MCC_05,hgb_d6,0.6846170182369906,0.7017138953544577
mammography,mammography(2.3%),6,48,SoftMCC,hgb_d6,0.4881952994067394,0.7094534155620859
mammography,mammography(2.3%),6,48,MCC_best,hgb_d6,0.6189446160653286,0.7094534155620859
mammography,mammography(2.3%),6,48,F1_best,hgb_d6,0.6306306306306306,0.7094534155620859
mammography,mammography(2.3%),6,48,AUPRC,hgb_d6,0.6458500750803746,0.7094534155620859
mammography,mammography(2.3%),6,48,AUROC,hgb_d3,0.9591256696519854,0.673257185229973
mammography,mammography(2.3%),6,48,Brier_neg,hgb_d6,-0.017401590502414764,0.7094534155620859
mammography,mammography(2.3%),6,48,MCC_05,logreg_C0.1,0.5752054944345106,0.4915450761649474
mammography,mammography(2.3%),7,49,SoftMCC,hgb_d6,0.4986429660674948,0.6769902785076195
mammography,mammography(2.3%),7,49,MCC_best,hgb_d6,0.6561147454636971,0.6769902785076195
mammography,mammography(2.3%),7,49,F1_best,hgb_d6,0.6666666666666666,0.6769902785076195
mammography,mammography(2.3%),7,49,AUPRC,hgb_d6,0.6473151160007274,0.6769902785076195
mammography,mammography(2.3%),7,49,AUROC,hgb_d6,0.9271041852730129,0.6769902785076195
mammography,mammography(2.3%),7,49,Brier_neg,hgb_d6,-0.01645480785585746,0.6769902785076195
mammography,mammography(2.3%),7,49,MCC_05,hgb_d3,0.6182286236377177,0.6556931009260671
mammography,mammography(2.3%),8,50,SoftMCC,logreg_C0.1,0.23066856089580742,0.5478830774193891
mammography,mammography(2.3%),8,50,MCC_best,logreg_C0.1,0.6079140228595107,0.5478830774193891
mammography,mammography(2.3%),8,50,F1_best,logreg_C0.1,0.6111111111111112,0.5478830774193891
mammography,mammography(2.3%),8,50,AUPRC,logreg_C1.0,0.6302348184779492,0.5245179379776368
mammography,mammography(2.3%),8,50,AUROC,logreg_C0.1,0.8800228620817041,0.5478830774193891
mammography,mammography(2.3%),8,50,Brier_neg,logreg_C0.1,-0.0071571282784991625,0.5478830774193891
mammography,mammography(2.3%),8,50,MCC_05,logreg_C0.1,0.6011542130568855,0.5478830774193891
mammography,mammography(2.3%),9,51,SoftMCC,hgb_d3,0.4571720735872666,-0.006721707184099838
mammography,mammography(2.3%),9,51,MCC_best,hgb_d3,0.7236873131565976,-0.006721707184099838
mammography,mammography(2.3%),9,51,F1_best,hgb_d3,0.7157894736842105,-0.006721707184099838
mammography,mammography(2.3%),9,51,AUPRC,hgb_d3,0.7395194540420202,-0.006721707184099838
mammography,mammography(2.3%),9,51,AUROC,hgb_d3,0.9501182904722401,-0.006721707184099838
mammography,mammography(2.3%),9,51,Brier_neg,hgb_d3,-0.015219088362915918,-0.006721707184099838
mammography,mammography(2.3%),9,51,MCC_05,hgb_d3,0.6318959470575435,-0.006721707184099838
mammography,mammography(2.3%),10,52,SoftMCC,hgb_d6,0.49518413592114874,0.5936675653722625
mammography,mammography(2.3%),10,52,MCC_best,hgb_d3,0.6814670575363109,0.6048227792765835
mammography,mammography(2.3%),10,52,F1_best,hgb_d3,0.6909090909090909,0.6048227792765835
mammography,mammography(2.3%),10,52,AUPRC,hgb_d3,0.7570581674592012,0.6048227792765835
mammography,mammography(2.3%),10,52,AUROC,hgb_d6,0.9751316559391457,0.5936675653722625
mammography,mammography(2.3%),10,52,Brier_neg,hgb_d6,-0.014551809014572602,0.5936675653722625
mammography,mammography(2.3%),10,52,MCC_05,hgb_d3,0.6717861273344687,0.6048227792765835
mammography,mammography(2.3%),11,53,SoftMCC,hgb_d6,0.4239105379615938,0.6713783407458697
mammography,mammography(2.3%),11,53,MCC_best,hgb_d3,0.5775187261218875,0.7094534155620859
mammography,mammography(2.3%),11,53,F1_best,hgb_d3,0.5789473684210527,0.7094534155620859
mammography,mammography(2.3%),11,53,AUPRC,hgb_d3,0.5837504915627416,0.7094534155620859
mammography,mammography(2.3%),11,53,AUROC,hgb_d6,0.8916184925523292,0.6713783407458697
mammography,mammography(2.3%),11,53,Brier_neg,hgb_d3,-0.007100415208559813,0.7094534155620859
mammography,mammography(2.3%),11,53,MCC_05,hgb_d6,0.5580075735957062,0.6713783407458697
ozone_level,ozone_level(2.9%),0,42,SoftMCC,hgb_d3,0.13778537103506527,0.21925877044159445
ozone_level,ozone_level(2.9%),0,42,MCC_best,hgb_d6,0.39033383938823984,0.2422258129013848
ozone_level,ozone_level(2.9%),0,42,F1_best,hgb_d6,0.3793103448275862,0.2422258129013848
ozone_level,ozone_level(2.9%),0,42,AUPRC,hgb_d3,0.3322309543218686,0.21925877044159445
ozone_level,ozone_level(2.9%),0,42,AUROC,hgb_d6,0.925302612019537,0.2422258129013848
ozone_level,ozone_level(2.9%),0,42,Brier_neg,hgb_d3,-0.024342668472911475,0.21925877044159445
ozone_level,ozone_level(2.9%),0,42,MCC_05,logreg_C0.1,0.0,0.17634371707149293
ozone_level,ozone_level(2.9%),1,43,SoftMCC,hgb_d3,0.14153989904686232,0.21470828748802323
ozone_level,ozone_level(2.9%),1,43,MCC_best,logreg_C1.0,0.466780249001038,0.26950424733444106
ozone_level,ozone_level(2.9%),1,43,F1_best,logreg_C0.1,0.47058823529411764,0.2789240264982041
ozone_level,ozone_level(2.9%),1,43,AUPRC,logreg_C0.1,0.34728983204637076,0.2789240264982041
ozone_level,ozone_level(2.9%),1,43,AUROC,logreg_C0.1,0.9299745168825654,0.2789240264982041
ozone_level,ozone_level(2.9%),1,43,Brier_neg,logreg_C0.1,-0.02399536830376196,0.2789240264982041
ozone_level,ozone_level(2.9%),1,43,MCC_05,hgb_d3,0.16403019893926726,0.21470828748802323
ozone_level,ozone_level(2.9%),2,44,SoftMCC,logreg_C0.1,0.14176393471869705,0.2287812972019298
ozone_level,ozone_level(2.9%),2,44,MCC_best,hgb_d3,0.514971331492886,0.27157423599857294
ozone_level,ozone_level(2.9%),2,44,F1_best,hgb_d3,0.5294117647058824,0.27157423599857294
ozone_level,ozone_level(2.9%),2,44,AUPRC,hgb_d3,0.3936666567165475,0.27157423599857294
ozone_level,ozone_level(2.9%),2,44,AUROC,hgb_d6,0.9127734126141431,0.34829639751048413
ozone_level,ozone_level(2.9%),2,44,Brier_neg,hgb_d3,-0.02417639040217652,0.27157423599857294
ozone_level,ozone_level(2.9%),2,44,MCC_05,logreg_C1.0,0.16403019893926726,0.24530746186376132
ozone_level,ozone_level(2.9%),3,45,SoftMCC,hgb_d3,0.18771602892388212,0.12659777647954315
ozone_level,ozone_level(2.9%),3,45,MCC_best,logreg_C1.0,0.40536819025105614,0.16818895530710176
ozone_level,ozone_level(2.9%),3,45,F1_best,logreg_C1.0,0.41379310344827586,0.16818895530710176
ozone_level,ozone_level(2.9%),3,45,AUPRC,hgb_d6,0.39503222417355377,0.25604236752221776
ozone_level,ozone_level(2.9%),3,45,AUROC,hgb_d3,0.8829900191123381,0.12659777647954315
ozone_level,ozone_level(2.9%),3,45,Brier_neg,hgb_d3,-0.023244798936654775,0.12659777647954315
ozone_level,ozone_level(2.9%),3,45,MCC_05,hgb_d6,0.47947822385825734,0.25604236752221776
ozone_level,ozone_level(2.9%),4,46,SoftMCC,hgb_d6,0.13740654362592641,0.2741755666864704
ozone_level,ozone_level(2.9%),4,46,MCC_best,logreg_C0.1,0.3795442802846342,0.3363049831216752
ozone_level,ozone_level(2.9%),4,46,F1_best,logreg_C0.1,0.37037037037037035,0.3363049831216752
ozone_level,ozone_level(2.9%),4,46,AUPRC,logreg_C0.1,0.3200807044811603,0.3363049831216752
ozone_level,ozone_level(2.9%),4,46,AUROC,hgb_d6,0.9079953280951369,0.2741755666864704
ozone_level,ozone_level(2.9%),4,46,Brier_neg,logreg_C0.1,-0.024821961293191634,0.3363049831216752
ozone_level,ozone_level(2.9%),4,46,MCC_05,hgb_d6,0.18405776628308496,0.2741755666864704
ozone_level,ozone_level(2.9%),5,47,SoftMCC,hgb_d3,0.14533848077082862,0.28379561779392787
ozone_level,ozone_level(2.9%),5,47,MCC_best,logreg_C0.1,0.3925531122812056,0.23689327470657232
ozone_level,ozone_level(2.9%),5,47,F1_best,logreg_C0.1,0.4,0.23689327470657232
ozone_level,ozone_level(2.9%),5,47,AUPRC,logreg_C0.1,0.2803645607475741,0.23689327470657232
ozone_level,ozone_level(2.9%),5,47,AUROC,logreg_C0.1,0.9052346570397112,0.23689327470657232
ozone_level,ozone_level(2.9%),5,47,Brier_neg,logreg_C0.1,-0.02442564529339495,0.23689327470657232
ozone_level,ozone_level(2.9%),5,47,MCC_05,hgb_d6,0.2323824965811229,0.22160190134686591
ozone_level,ozone_level(2.9%),6,48,SoftMCC,hgb_d6,0.1872499331441793,0.13214738748503863
ozone_level,ozone_level(2.9%),6,48,MCC_best,hgb_d3,0.5322007966386126,-0.022714240285850573
ozone_level,ozone_level(2.9%),6,48,F1_best,hgb_d3,0.5454545454545454,-0.022714240285850573
ozone_level,ozone_level(2.9%),6,48,AUPRC,hgb_d3,0.4565492057204411,-0.022714240285850573
ozone_level,ozone_level(2.9%),6,48,AUROC,hgb_d6,0.919091102144829,0.13214738748503863
ozone_level,ozone_level(2.9%),6,48,Brier_neg,hgb_d6,-0.022557119714099474,0.13214738748503863
ozone_level,ozone_level(2.9%),6,48,MCC_05,hgb_d6,0.2723394852839863,0.13214738748503863
ozone_level,ozone_level(2.9%),7,49,SoftMCC,hgb_d6,0.1682996161009829,0.4282106782106782
ozone_level,ozone_level(2.9%),7,49,MCC_best,hgb_d3,0.4143347125435664,0.3872288146412845
ozone_level,ozone_level(2.9%),7,49,F1_best,hgb_d3,0.4074074074074074,0.3872288146412845
ozone_level,ozone_level(2.9%),7,49,AUPRC,hgb_d6,0.2638435845147126,0.4282106782106782
ozone_level,ozone_level(2.9%),7,49,AUROC,logreg_C0.1,0.9087385856869824,0.36090201663385546
ozone_level,ozone_level(2.9%),7,49,Brier_neg,hgb_d6,-0.025092910201127278,0.4282106782106782
ozone_level,ozone_level(2.9%),7,49,MCC_05,hgb_d3,0.16776745586659864,0.3872288146412845
ozone_level,ozone_level(2.9%),8,50,SoftMCC,hgb_d6,0.10325648556971481,0.2599377340890312
ozone_level,ozone_level(2.9%),8,50,MCC_best,logreg_C0.1,0.4157611541803506,0.2461350971225636
ozone_level,ozone_level(2.9%),8,50,F1_best,logreg_C0.1,0.42857142857142855,0.2461350971225636
ozone_level,ozone_level(2.9%),8,50,AUPRC,logreg_C0.1,0.2810538614330557,0.2461350971225636
ozone_level,ozone_level(2.9%),8,50,AUROC,hgb_d3,0.9049161180717774,0.2646612863265474
ozone_level,ozone_level(2.9%),8,50,Brier_neg,logreg_C0.1,-0.025454339414724456,0.2461350971225636
ozone_level,ozone_level(2.9%),8,50,MCC_05,hgb_d6,0.16403019893926726,0.2599377340890312
ozone_level,ozone_level(2.9%),9,51,SoftMCC,hgb_d6,0.13543994495072081,0.32737866546356326
ozone_level,ozone_level(2.9%),9,51,MCC_best,hgb_d3,0.35896724342231584,0.30693745680177625
ozone_level,ozone_level(2.9%),9,51,F1_best,hgb_d3,0.3783783783783784,0.30693745680177625
ozone_level,ozone_level(2.9%),9,51,AUPRC,hgb_d3,0.29088147877148185,0.30693745680177625
ozone_level,ozone_level(2.9%),9,51,AUROC,hgb_d3,0.8982798895731577,0.30693745680177625
ozone_level,ozone_level(2.9%),9,51,Brier_neg,hgb_d6,-0.024671132314138505,0.32737866546356326
ozone_level,ozone_level(2.9%),9,51,MCC_05,hgb_d6,0.2723394852839863,0.32737866546356326
ozone_level,ozone_level(2.9%),10,52,SoftMCC,hgb_d6,0.13831681438984195,0.29381129749175844
ozone_level,ozone_level(2.9%),10,52,MCC_best,hgb_d3,0.466780249001038,0.38747599938555466
ozone_level,ozone_level(2.9%),10,52,F1_best,hgb_d3,0.46808510638297873,0.38747599938555466
ozone_level,ozone_level(2.9%),10,52,AUPRC,hgb_d3,0.34994121285380325,0.38747599938555466
ozone_level,ozone_level(2.9%),10,52,AUROC,hgb_d6,0.9459014652792526,0.29381129749175844
ozone_level,ozone_level(2.9%),10,52,Brier_neg,hgb_d6,-0.023681217234562683,0.29381129749175844
ozone_level,ozone_level(2.9%),10,52,MCC_05,hgb_d3,0.23910738721599348,0.38747599938555466
ozone_level,ozone_level(2.9%),11,53,SoftMCC,logreg_C0.1,0.12798747549700132,0.2662736426339996
ozone_level,ozone_level(2.9%),11,53,MCC_best,hgb_d6,0.3861673519516263,0.2649822424933886
ozone_level,ozone_level(2.9%),11,53,F1_best,hgb_d3,0.3492063492063492,0.3559036825170342
ozone_level,ozone_level(2.9%),11,53,AUPRC,hgb_d6,0.3167436437480923,0.2649822424933886
ozone_level,ozone_level(2.9%),11,53,AUROC,hgb_d3,0.9038543215119983,0.3559036825170342
ozone_level,ozone_level(2.9%),11,53,Brier_neg,hgb_d6,-0.025219408149131886,0.2649822424933886
ozone_level,ozone_level(2.9%),11,53,MCC_05,logreg_C0.1,-0.007337230293631569,0.2662736426339996
protein_homo,protein_homo(0.9%),0,42,SoftMCC,logreg_C0.1,0.6737971027207154,0.7611351239385356
protein_homo,protein_homo(0.9%),0,42,MCC_best,hgb_d6,0.7583855556090878,0.8082468807797119
protein_homo,protein_homo(0.9%),0,42,F1_best,hgb_d6,0.7592891760904685,0.8082468807797119
protein_homo,protein_homo(0.9%),0,42,AUPRC,hgb_d3,0.8392231214490996,0.808737973613185
protein_homo,protein_homo(0.9%),0,42,AUROC,logreg_C0.1,0.9897248775911326,0.7611351239385356
protein_homo,protein_homo(0.9%),0,42,Brier_neg,hgb_d6,-0.00276058806035142,0.8082468807797119
protein_homo,protein_homo(0.9%),0,42,MCC_05,logreg_C0.1,0.7913734631531362,0.7611351239385356
protein_homo,protein_homo(0.9%),1,43,SoftMCC,logreg_C0.1,0.683218954532469,0.7689921513524174
protein_homo,protein_homo(0.9%),1,43,MCC_best,hgb_d6,0.7925433320580709,0.7748398723828106
protein_homo,protein_homo(0.9%),1,43,F1_best,hgb_d6,0.7929373996789727,0.7748398723828106
protein_homo,protein_homo(0.9%),1,43,AUPRC,hgb_d3,0.8726153334152917,0.7637495800897338
protein_homo,protein_homo(0.9%),1,43,AUROC,hgb_d3,0.9914723993239429,0.7637495800897338
protein_homo,protein_homo(0.9%),1,43,Brier_neg,hgb_d6,-0.0022925315722078557,0.7748398723828106
protein_homo,protein_homo(0.9%),1,43,MCC_05,hgb_d6,0.8331700867813809,0.7748398723828106
protein_homo,protein_homo(0.9%),2,44,SoftMCC,logreg_C0.1,0.6644092734199656,0.7758895967953027
protein_homo,protein_homo(0.9%),2,44,MCC_best,logreg_C0.1,0.736056782627319,0.7758895967953027
protein_homo,protein_homo(0.9%),2,44,F1_best,logreg_C0.1,0.7371794871794872,0.7758895967953027
protein_homo,protein_homo(0.9%),2,44,AUPRC,logreg_C0.1,0.8257814111978243,0.7758895967953027
protein_homo,protein_homo(0.9%),2,44,AUROC,logreg_C0.1,0.9924239432922026,0.7758895967953027
protein_homo,protein_homo(0.9%),2,44,Brier_neg,logreg_C0.1,-0.0029840969701969257,0.7758895967953027
protein_homo,protein_homo(0.9%),2,44,MCC_05,hgb_d3,0.7892826878068983,0.7511509434339744
protein_homo,protein_homo(0.9%),3,45,SoftMCC,logreg_C0.1,0.7074801430743253,0.7493221940756106
protein_homo,protein_homo(0.9%),3,45,MCC_best,logreg_C0.1,0.8120251458652114,0.7493221940756106
protein_homo,protein_homo(0.9%),3,45,F1_best,logreg_C0.1,0.8116883116883117,0.7493221940756106
protein_homo,protein_homo(0.9%),3,45,AUPRC,logreg_C10.0,0.9064250637545416,0.7546006403895164
protein_homo,protein_homo(0.9%),3,45,AUROC,logreg_C1.0,0.9947556751073783,0.7531212880948478
protein_homo,protein_homo(0.9%),3,45,Brier_neg,logreg_C0.1,-0.0020152618135674946,0.7493221940756106
protein_homo,protein_homo(0.9%),3,45,MCC_05,logreg_C0.1,0.854228172103685,0.7493221940756106
protein_homo,protein_homo(0.9%),4,46,SoftMCC,logreg_C0.1,0.663890678270134,0.7549312359073979
protein_homo,protein_homo(0.9%),4,46,MCC_best,logreg_C0.1,0.7534221436429822,0.7549312359073979
protein_homo,protein_homo(0.9%),4,46,F1_best,logreg_C0.1,0.7544141252006421,0.7549312359073979
protein_homo,protein_homo(0.9%),4,46,AUPRC,hgb_d3,0.8262229939272462,0.7426351226476008
protein_homo,protein_homo(0.9%),4,46,AUROC,hgb_d3,0.9894780523627283,0.7426351226476008
protein_homo,protein_homo(0.9%),4,46,Brier_neg,hgb_d3,-0.002882251325929938,0.7426351226476008
protein_homo,protein_homo(0.9%),4,46,MCC_05,hgb_d3,0.7957532675803103,0.7426351226476008
protein_homo,protein_homo(0.9%),5,47,SoftMCC,logreg_C0.1,0.671905603302726,0.7836240247972616
protein_homo,protein_homo(0.9%),5,47,MCC_best,logreg_C0.1,0.7783174742461368,0.7836240247972616
protein_homo,protein_homo(0.9%),5,47,F1_best,logreg_C0.1,0.778675282714055,0.7836240247972616
protein_homo,protein_homo(0.9%),5,47,AUPRC,logreg_C0.1,0.8603715261277761,0.7836240247972616
protein_homo,protein_homo(0.9%),5,47,AUROC,logreg_C10.0,0.9932313501346618,0.7788569095740439
protein_homo,protein_homo(0.9%),5,47,Brier_neg,logreg_C0.1,-0.0026178758816410653,0.7836240247972616
protein_homo,protein_homo(0.9%),5,47,MCC_05,logreg_C1.0,0.7999411154684185,0.7791725293548183
protein_homo,protein_homo(0.9%),6,48,SoftMCC,logreg_C0.1,0.67145079332405,0.7416531082405224
protein_homo,protein_homo(0.9%),6,48,MCC_best,logreg_C10.0,0.7533236688763948,0.7584675371002222
protein_homo,protein_homo(0.9%),6,48,F1_best,logreg_C10.0,0.7540453074433657,0.7584675371002222
protein_homo,protein_homo(0.9%),6,48,AUPRC,logreg_C0.1,0.84424253542172,0.7416531082405224
protein_homo,protein_homo(0.9%),6,48,AUROC,logreg_C0.1,0.9905881095884749,0.7416531082405224
protein_homo,protein_homo(0.9%),6,48,Brier_neg,hgb_d3,-0.0026215478955138533,0.7509177515570976
protein_homo,protein_homo(0.9%),6,48,MCC_05,hgb_d3,0.8076548719688368,0.7509177515570976
protein_homo,protein_homo(0.9%),7,49,SoftMCC,logreg_C0.1,0.6719558053498549,0.7603662127556357
protein_homo,protein_homo(0.9%),7,49,MCC_best,logreg_C0.1,0.758602299580638,0.7603662127556357
protein_homo,protein_homo(0.9%),7,49,F1_best,logreg_C0.1,0.7596153846153846,0.7603662127556357
protein_homo,protein_homo(0.9%),7,49,AUPRC,logreg_C0.1,0.8259851611479856,0.7603662127556357
protein_homo,protein_homo(0.9%),7,49,AUROC,logreg_C1.0,0.9905470033201565,0.7510927990319709
protein_homo,protein_homo(0.9%),7,49,Brier_neg,logreg_C0.1,-0.0028105710840640786,0.7603662127556357
protein_homo,protein_homo(0.9%),7,49,MCC_05,logreg_C1.0,0.7922388139935492,0.7510927990319709
protein_homo,protein_homo(0.9%),8,50,SoftMCC,logreg_C0.1,0.714600392917099,0.7208721004072981
protein_homo,protein_homo(0.9%),8,50,MCC_best,logreg_C1.0,0.7728063568798502,0.7257925635688869
protein_homo,protein_homo(0.9%),8,50,F1_best,logreg_C1.0,0.7734627831715211,0.7257925635688869
protein_homo,protein_homo(0.9%),8,50,AUPRC,logreg_C1.0,0.849415851438855,0.7257925635688869
protein_homo,protein_homo(0.9%),8,50,AUROC,hgb_d6,0.9828023288380422,0.7458272455659055
protein_homo,protein_homo(0.9%),8,50,Brier_neg,hgb_d3,-0.002400618719111231,0.7310367481011486
protein_homo,protein_homo(0.9%),8,50,MCC_05,logreg_C1.0,0.8356571013775106,0.7257925635688869
protein_homo,protein_homo(0.9%),9,51,SoftMCC,logreg_C0.1,0.7048001474509189,0.7576973123611598
protein_homo,protein_homo(0.9%),9,51,MCC_best,logreg_C0.1,0.773057023034973,0.7576973123611598
protein_homo,protein_homo(0.9%),9,51,F1_best,logreg_C0.1,0.7732463295269169,0.7576973123611598
protein_homo,protein_homo(0.9%),9,51,AUPRC,logreg_C0.1,0.8561079933968483,0.7576973123611598
protein_homo,protein_homo(0.9%),9,51,AUROC,logreg_C0.1,0.9870628949662971,0.7576973123611598
protein_homo,protein_homo(0.9%),9,51,Brier_neg,logreg_C0.1,-0.0023291384552288122,0.7576973123611598
protein_homo,protein_homo(0.9%),9,51,MCC_05,logreg_C0.1,0.8304794013030505,0.7576973123611598
protein_homo,protein_homo(0.9%),10,52,SoftMCC,logreg_C0.1,0.6858535897769191,0.7285856915319543
protein_homo,protein_homo(0.9%),10,52,MCC_best,hgb_d3,0.7603268145305235,0.7442612852949334
protein_homo,protein_homo(0.9%),10,52,F1_best,hgb_d3,0.7612903225806451,0.7442612852949334
protein_homo,protein_homo(0.9%),10,52,AUPRC,logreg_C0.1,0.8475109956974176,0.7285856915319543
protein_homo,protein_homo(0.9%),10,52,AUROC,logreg_C0.1,0.9902827687471912,0.7285856915319543
protein_homo,protein_homo(0.9%),10,52,Brier_neg,logreg_C0.1,-0.0025196818668465504,0.7285856915319543
protein_homo,protein_homo(0.9%),10,52,MCC_05,logreg_C0.1,0.8287035648650969,0.7285856915319543
protein_homo,protein_homo(0.9%),11,53,SoftMCC,logreg_C0.1,0.6934601352682506,0.7633501083750811
protein_homo,protein_homo(0.9%),11,53,MCC_best,hgb_d3,0.7744071026382806,0.7963306430680251
protein_homo,protein_homo(0.9%),11,53,F1_best,hgb_d3,0.77491961414791,0.7963306430680251
protein_homo,protein_homo(0.9%),11,53,AUPRC,hgb_d3,0.8509576375523217,0.7963306430680251
protein_homo,protein_homo(0.9%),11,53,AUROC,logreg_C0.1,0.9902051969032302,0.7633501083750811
protein_homo,protein_homo(0.9%),11,53,Brier_neg,logreg_C0.1,-0.002474903157817373,0.7633501083750811
protein_homo,protein_homo(0.9%),11,53,MCC_05,logreg_C1.0,0.8200418299257327,0.767551878603555
sick_euthyroid,sick_euthyroid(9.3%),0,42,SoftMCC,hgb_d3,0.7421827965492162,0.8761716871315433
sick_euthyroid,sick_euthyroid(9.3%),0,42,MCC_best,hgb_d6,0.8811120859225856,0.867851451428682
sick_euthyroid,sick_euthyroid(9.3%),0,42,F1_best,hgb_d6,0.8920863309352518,0.867851451428682
sick_euthyroid,sick_euthyroid(9.3%),0,42,AUPRC,hgb_d6,0.9190056735381716,0.867851451428682
sick_euthyroid,sick_euthyroid(9.3%),0,42,AUROC,hgb_d6,0.9928965421340502,0.867851451428682
sick_euthyroid,sick_euthyroid(9.3%),0,42,Brier_neg,hgb_d3,-0.018903236746784995,0.8761716871315433
sick_euthyroid,sick_euthyroid(9.3%),0,42,MCC_05,hgb_d3,0.8498049369911905,0.8761716871315433
sick_euthyroid,sick_euthyroid(9.3%),1,43,SoftMCC,hgb_d3,0.7571167660066423,0.8126998199760324
sick_euthyroid,sick_euthyroid(9.3%),1,43,MCC_best,hgb_d6,0.877407008390068,0.8495143325686063
sick_euthyroid,sick_euthyroid(9.3%),1,43,F1_best,hgb_d6,0.8888888888888888,0.8495143325686063
sick_euthyroid,sick_euthyroid(9.3%),1,43,AUPRC,hgb_d6,0.9471647143845502,0.8495143325686063
sick_euthyroid,sick_euthyroid(9.3%),1,43,AUROC,hgb_d6,0.993132736965754,0.8495143325686063
sick_euthyroid,sick_euthyroid(9.3%),1,43,Brier_neg,hgb_d6,-0.017492542237106914,0.8495143325686063
sick_euthyroid,sick_euthyroid(9.3%),1,43,MCC_05,hgb_d6,0.877407008390068,0.8495143325686063
sick_euthyroid,sick_euthyroid(9.3%),2,44,SoftMCC,hgb_d3,0.7346976353221587,0.8092822738749318
sick_euthyroid,sick_euthyroid(9.3%),2,44,MCC_best,hgb_d6,0.8406455906593376,0.8405428496529999
sick_euthyroid,sick_euthyroid(9.3%),2,44,F1_best,hgb_d6,0.855072463768116,0.8405428496529999
sick_euthyroid,sick_euthyroid(9.3%),2,44,AUPRC,hgb_d3,0.86432341520469,0.8092822738749318
sick_euthyroid,sick_euthyroid(9.3%),2,44,AUROC,hgb_d3,0.9858260019550343,0.8092822738749318
sick_euthyroid,sick_euthyroid(9.3%),2,44,Brier_neg,hgb_d3,-0.024954052027149978,0.8092822738749318
sick_euthyroid,sick_euthyroid(9.3%),2,44,MCC_05,hgb_d3,0.8369938540475489,0.8092822738749318
sick_euthyroid,sick_euthyroid(9.3%),3,45,SoftMCC,hgb_d3,0.7355038956764651,0.8276003466339538
sick_euthyroid,sick_euthyroid(9.3%),3,45,MCC_best,hgb_d3,0.8570716412718986,0.8276003466339538
sick_euthyroid,sick_euthyroid(9.3%),3,45,F1_best,hgb_d3,0.8702290076335878,0.8276003466339538
sick_euthyroid,sick_euthyroid(9.3%),3,45,AUPRC,hgb_d6,0.9114012175607483,0.8509605349424412
sick_euthyroid,sick_euthyroid(9.3%),3,45,AUROC,hgb_d6,0.9745435723696593,0.8509605349424412
sick_euthyroid,sick_euthyroid(9.3%),3,45,Brier_neg,hgb_d6,-0.02003663243627154,0.8509605349424412
sick_euthyroid,sick_euthyroid(9.3%),3,45,MCC_05,hgb_d6,0.8402523802076906,0.8509605349424412
sick_euthyroid,sick_euthyroid(9.3%),4,46,SoftMCC,hgb_d6,0.7293790509057558,0.858099343260413
sick_euthyroid,sick_euthyroid(9.3%),4,46,MCC_best,hgb_d6,0.8122423725203852,0.858099343260413
sick_euthyroid,sick_euthyroid(9.3%),4,46,F1_best,hgb_d6,0.828125,0.858099343260413
sick_euthyroid,sick_euthyroid(9.3%),4,46,AUPRC,hgb_d6,0.8736710350035969,0.858099343260413
sick_euthyroid,sick_euthyroid(9.3%),4,46,AUROC,hgb_d6,0.9739733011958839,0.858099343260413
sick_euthyroid,sick_euthyroid(9.3%),4,46,Brier_neg,hgb_d6,-0.02568309798450649,0.858099343260413
sick_euthyroid,sick_euthyroid(9.3%),4,46,MCC_05,hgb_d6,0.8022619820153889,0.858099343260413
sick_euthyroid,sick_euthyroid(9.3%),5,47,SoftMCC,hgb_d3,0.7420873459173342,0.8363511232049663
sick_euthyroid,sick_euthyroid(9.3%),5,47,MCC_best,hgb_d3,0.8584511029511904,0.8363511232049663
sick_euthyroid,sick_euthyroid(9.3%),5,47,F1_best,hgb_d3,0.8714285714285714,0.8363511232049663
sick_euthyroid,sick_euthyroid(9.3%),5,47,AUPRC,hgb_d3,0.888541077201535,0.8363511232049663
sick_euthyroid,sick_euthyroid(9.3%),5,47,AUROC,hgb_d6,0.9800802786684814,0.8494964058566853
sick_euthyroid,sick_euthyroid(9.3%),5,47,Brier_neg,hgb_d3,-0.020773774097307855,0.8363511232049663
sick_euthyroid,sick_euthyroid(9.3%),5,47,MCC_05,hgb_d6,0.8700869360213059,0.8494964058566853
sick_euthyroid,sick_euthyroid(9.3%),6,48,SoftMCC,hgb_d3,0.7215571141633559,0.8077780429763171
sick_euthyroid,sick_euthyroid(9.3%),6,48,MCC_best,hgb_d6,0.8317749666267534,0.8077780429763171
sick_euthyroid,sick_euthyroid(9.3%),6,48,F1_best,hgb_d6,0.8467153284671532,0.8077780429763171
sick_euthyroid,sick_euthyroid(9.3%),6,48,AUPRC,hgb_d6,0.8268828657626481,0.8077780429763171
sick_euthyroid,sick_euthyroid(9.3%),6,48,AUROC,hgb_d6,0.9834740221138984,0.8077780429763171
sick_euthyroid,sick_euthyroid(9.3%),6,48,Brier_neg,hgb_d3,-0.024759272431932204,0.8077780429763171
sick_euthyroid,sick_euthyroid(9.3%),6,48,MCC_05,hgb_d3,0.83844418907706,0.8077780429763171
sick_euthyroid,sick_euthyroid(9.3%),7,49,SoftMCC,hgb_d3,0.706476244141189,0.8921486391444159
sick_euthyroid,sick_euthyroid(9.3%),7,49,MCC_best,hgb_d3,0.810970227960196,0.8921486391444159
sick_euthyroid,sick_euthyroid(9.3%),7,49,F1_best,hgb_d3,0.8275862068965517,0.8921486391444159
sick_euthyroid,sick_euthyroid(9.3%),7,49,AUPRC,hgb_d3,0.8298614234508294,0.8921486391444159
sick_euthyroid,sick_euthyroid(9.3%),7,49,AUROC,hgb_d3,0.9747872785604687,0.8921486391444159
sick_euthyroid,sick_euthyroid(9.3%),7,49,Brier_neg,hgb_d3,-0.027908731379112543,0.8921486391444159
sick_euthyroid,sick_euthyroid(9.3%),7,49,MCC_05,hgb_d6,0.817037703383221,0.9013497531742329
sick_euthyroid,sick_euthyroid(9.3%),8,50,SoftMCC,hgb_d6,0.7349978829452296,0.8334088754354744
sick_euthyroid,sick_euthyroid(9.3%),8,50,MCC_best,hgb_d6,0.875930271915691,0.8334088754354744
sick_euthyroid,sick_euthyroid(9.3%),8,50,F1_best,hgb_d6,0.8872180451127819,0.8334088754354744
sick_euthyroid,sick_euthyroid(9.3%),8,50,AUPRC,hgb_d6,0.9347880536438583,0.8334088754354744
sick_euthyroid,sick_euthyroid(9.3%),8,50,AUROC,hgb_d6,0.9867147013364852,0.8334088754354744
sick_euthyroid,sick_euthyroid(9.3%),8,50,Brier_neg,hgb_d6,-0.018361611119596843,0.8334088754354744
sick_euthyroid,sick_euthyroid(9.3%),8,50,MCC_05,hgb_d6,0.866956864109937,0.8334088754354744
sick_euthyroid,sick_euthyroid(9.3%),9,51,SoftMCC,hgb_d6,0.7825962860744536,0.7560743029943232
sick_euthyroid,sick_euthyroid(9.3%),9,51,MCC_best,hgb_d6,0.8984473153964679,0.7560743029943232
sick_euthyroid,sick_euthyroid(9.3%),9,51,F1_best,hgb_d6,0.9076923076923077,0.7560743029943232
sick_euthyroid,sick_euthyroid(9.3%),9,51,AUPRC,hgb_d6,0.9163792460659979,0.7560743029943232
sick_euthyroid,sick_euthyroid(9.3%),9,51,AUROC,hgb_d6,0.9931136659950219,0.7560743029943232
sick_euthyroid,sick_euthyroid(9.3%),9,51,Brier_neg,hgb_d6,-0.017318113165601043,0.7560743029943232
sick_euthyroid,sick_euthyroid(9.3%),9,51,MCC_05,hgb_d3,0.8799882759731035,0.7924762438199692
sick_euthyroid,sick_euthyroid(9.3%),10,52,SoftMCC,hgb_d3,0.7663371602080945,0.8148406288727024
sick_euthyroid,sick_euthyroid(9.3%),10,52,MCC_best,hgb_d6,0.9063587404371307,0.7907614541326023
sick_euthyroid,sick_euthyroid(9.3%),10,52,F1_best,hgb_d6,0.9147286821705426,0.7907614541326023
sick_euthyroid,sick_euthyroid(9.3%),10,52,AUPRC,hgb_d3,0.9210679178177079,0.8148406288727024
sick_euthyroid,sick_euthyroid(9.3%),10,52,AUROC,hgb_d3,0.9952886450381679,0.8148406288727024
sick_euthyroid,sick_euthyroid(9.3%),10,52,Brier_neg,hgb_d6,-0.01434560177149314,0.7907614541326023
sick_euthyroid,sick_euthyroid(9.3%),10,52,MCC_05,hgb_d3,0.8877554859597454,0.8148406288727024
sick_euthyroid,sick_euthyroid(9.3%),11,53,SoftMCC,hgb_d3,0.7121698676434662,0.8279363603520772
sick_euthyroid,sick_euthyroid(9.3%),11,53,MCC_best,hgb_d3,0.8374840836489471,0.8279363603520772
sick_euthyroid,sick_euthyroid(9.3%),11,53,F1_best,hgb_d3,0.8531468531468531,0.8279363603520772
sick_euthyroid,sick_euthyroid(9.3%),11,53,AUPRC,hgb_d6,0.8531916961654084,0.8101157455790772
sick_euthyroid,sick_euthyroid(9.3%),11,53,AUROC,hgb_d6,0.9694552878359581,0.8101157455790772
sick_euthyroid,sick_euthyroid(9.3%),11,53,Brier_neg,hgb_d3,-0.02538715319689845,0.8279363603520772
sick_euthyroid,sick_euthyroid(9.3%),11,53,MCC_05,hgb_d3,0.841748038160755,0.8279363603520772
thyroid_sick,thyroid_sick(6.1%),0,42,SoftMCC,hgb_d6,0.7776890299268586,0.7526707198067996
thyroid_sick,thyroid_sick(6.1%),0,42,MCC_best,hgb_d3,0.9070979056869096,0.8101757475465635
thyroid_sick,thyroid_sick(6.1%),0,42,F1_best,hgb_d3,0.9107142857142857,0.8101757475465635
thyroid_sick,thyroid_sick(6.1%),0,42,AUPRC,hgb_d6,0.9644275603651438,0.7526707198067996
thyroid_sick,thyroid_sick(6.1%),0,42,AUROC,hgb_d6,0.9960790464240904,0.7526707198067996
thyroid_sick,thyroid_sick(6.1%),0,42,Brier_neg,hgb_d3,-0.009735591979962585,0.8101757475465635
thyroid_sick,thyroid_sick(6.1%),0,42,MCC_05,hgb_d3,0.8846488860952827,0.8101757475465635
thyroid_sick,thyroid_sick(6.1%),1,43,SoftMCC,hgb_d3,0.7848525241170754,0.8530294174946426
thyroid_sick,thyroid_sick(6.1%),1,43,MCC_best,hgb_d3,0.8656829950869346,0.8530294174946426
thyroid_sick,thyroid_sick(6.1%),1,43,F1_best,hgb_d3,0.8737864077669902,0.8530294174946426
thyroid_sick,thyroid_sick(6.1%),1,43,AUPRC,hgb_d3,0.933508747902888,0.8530294174946426
thyroid_sick,thyroid_sick(6.1%),1,43,AUROC,hgb_d6,0.9929422835633627,0.8998025454171765
thyroid_sick,thyroid_sick(6.1%),1,43,Brier_neg,hgb_d3,-0.012376608734650964,0.8530294174946426
thyroid_sick,thyroid_sick(6.1%),1,43,MCC_05,hgb_d3,0.8604265643117025,0.8530294174946426
thyroid_sick,thyroid_sick(6.1%),2,44,SoftMCC,hgb_d3,0.7239943820005191,0.8747336750115794
thyroid_sick,thyroid_sick(6.1%),2,44,MCC_best,hgb_d6,0.8419854733573361,0.8657798305893214
thyroid_sick,thyroid_sick(6.1%),2,44,F1_best,hgb_d6,0.8495575221238938,0.8657798305893214
thyroid_sick,thyroid_sick(6.1%),2,44,AUPRC,hgb_d6,0.9023841245881171,0.8657798305893214
thyroid_sick,thyroid_sick(6.1%),2,44,AUROC,hgb_d6,0.9813355504144978,0.8657798305893214
thyroid_sick,thyroid_sick(6.1%),2,44,Brier_neg,hgb_d3,-0.01461107710944844,0.8747336750115794
thyroid_sick,thyroid_sick(6.1%),2,44,MCC_05,hgb_d3,0.8274805928659975,0.8747336750115794
thyroid_sick,thyroid_sick(6.1%),3,45,SoftMCC,hgb_d6,0.7566833155453695,0.7882275013161207
thyroid_sick,thyroid_sick(6.1%),3,45,MCC_best,hgb_d6,0.830442238666379,0.7882275013161207
thyroid_sick,thyroid_sick(6.1%),3,45,F1_best,hgb_d6,0.8392857142857143,0.7882275013161207
thyroid_sick,thyroid_sick(6.1%),3,45,AUPRC,hgb_d6,0.9252136657577138,0.7882275013161207
thyroid_sick,thyroid_sick(6.1%),3,45,AUROC,hgb_d3,0.9925775978407557,0.8242955663455906
thyroid_sick,thyroid_sick(6.1%),3,45,Brier_neg,hgb_d6,-0.014160067050035774,0.7882275013161207
thyroid_sick,thyroid_sick(6.1%),3,45,MCC_05,hgb_d3,0.8156448814343551,0.8242955663455906
thyroid_sick,thyroid_sick(6.1%),4,46,SoftMCC,hgb_d3,0.760349623975541,0.8443769634486156
thyroid_sick,thyroid_sick(6.1%),4,46,MCC_best,hgb_d6,0.8879305266598511,0.8507406407274987
thyroid_sick,thyroid_sick(6.1%),4,46,F1_best,hgb_d6,0.8928571428571429,0.8507406407274987
thyroid_sick,thyroid_sick(6.1%),4,46,AUPRC,hgb_d3,0.9594409132400931,0.8443769634486156
thyroid_sick,thyroid_sick(6.1%),4,46,AUROC,hgb_d3,0.9969235595019785,0.8443769634486156
thyroid_sick,thyroid_sick(6.1%),4,46,Brier_neg,hgb_d3,-0.010750714859347558,0.8443769634486156
thyroid_sick,thyroid_sick(6.1%),4,46,MCC_05,hgb_d6,0.8635852266652999,0.8507406407274987
thyroid_sick,thyroid_sick(6.1%),5,47,SoftMCC,hgb_d3,0.7823877327074235,0.8004332985464717
thyroid_sick,thyroid_sick(6.1%),5,47,MCC_best,hgb_d3,0.881860425683142,0.8004332985464717
thyroid_sick,thyroid_sick(6.1%),5,47,F1_best,hgb_d3,0.8842105263157894,0.8004332985464717
thyroid_sick,thyroid_sick(6.1%),5,47,AUPRC,hgb_d3,0.9635941547987538,0.8004332985464717
thyroid_sick,thyroid_sick(6.1%),5,47,AUROC,hgb_d3,0.9975629765466654,0.8004332985464717
thyroid_sick,thyroid_sick(6.1%),5,47,Brier_neg,hgb_d3,-0.01025660131036574,0.8004332985464717
thyroid_sick,thyroid_sick(6.1%),5,47,MCC_05,hgb_d3,0.8770871537496381,0.8004332985464717
thyroid_sick,thyroid_sick(6.1%),6,48,SoftMCC,hgb_d6,0.7330256601898807,0.8374166331788611
thyroid_sick,thyroid_sick(6.1%),6,48,MCC_best,hgb_d6,0.8863639969139279,0.8374166331788611
thyroid_sick,thyroid_sick(6.1%),6,48,F1_best,hgb_d6,0.8932038834951457,0.8374166331788611
thyroid_sick,thyroid_sick(6.1%),6,48,AUPRC,hgb_d6,0.9349242168791017,0.8374166331788611
thyroid_sick,thyroid_sick(6.1%),6,48,AUROC,hgb_d6,0.9946139386928861,0.8374166331788611
thyroid_sick,thyroid_sick(6.1%),6,48,Brier_neg,hgb_d6,-0.013538901608967677,0.8374166331788611
thyroid_sick,thyroid_sick(6.1%),6,48,MCC_05,hgb_d6,0.8146688109321563,0.8374166331788611
thyroid_sick,thyroid_sick(6.1%),7,49,SoftMCC,hgb_d6,0.7001880967551084,0.7825457756308374
thyroid_sick,thyroid_sick(6.1%),7,49,MCC_best,hgb_d3,0.7729262524974996,0.8014934531910689
thyroid_sick,thyroid_sick(6.1%),7,49,F1_best,hgb_d3,0.7857142857142857,0.8014934531910689
thyroid_sick,thyroid_sick(6.1%),7,49,AUPRC,hgb_d3,0.8566910207569353,0.8014934531910689
thyroid_sick,thyroid_sick(6.1%),7,49,AUROC,hgb_d3,0.9657127690377376,0.8014934531910689
thyroid_sick,thyroid_sick(6.1%),7,49,Brier_neg,hgb_d3,-0.020741580703196243,0.8014934531910689
thyroid_sick,thyroid_sick(6.1%),7,49,MCC_05,hgb_d6,0.7416487595238922,0.7825457756308374
thyroid_sick,thyroid_sick(6.1%),8,50,SoftMCC,hgb_d6,0.8285127293699392,0.8367178724662658
thyroid_sick,thyroid_sick(6.1%),8,50,MCC_best,hgb_d6,0.9070979056869096,0.8367178724662658
thyroid_sick,thyroid_sick(6.1%),8,50,F1_best,hgb_d6,0.9107142857142857,0.8367178724662658
thyroid_sick,thyroid_sick(6.1%),8,50,AUPRC,hgb_d3,0.9631218871642535,0.8239170627403642
thyroid_sick,thyroid_sick(6.1%),8,50,AUROC,hgb_d6,0.9977077502171605,0.8367178724662658
thyroid_sick,thyroid_sick(6.1%),8,50,Brier_neg,hgb_d6,-0.009921051764971565,0.8367178724662658
thyroid_sick,thyroid_sick(6.1%),8,50,MCC_05,hgb_d6,0.8656829950869346,0.8367178724662658
thyroid_sick,thyroid_sick(6.1%),9,51,SoftMCC,hgb_d6,0.7918945360434422,0.799921838014876
thyroid_sick,thyroid_sick(6.1%),9,51,MCC_best,hgb_d6,0.8863639969139279,0.799921838014876
thyroid_sick,thyroid_sick(6.1%),9,51,F1_best,hgb_d6,0.8932038834951457,0.799921838014876
thyroid_sick,thyroid_sick(6.1%),9,51,AUPRC,hgb_d6,0.9509240257880973,0.799921838014876
thyroid_sick,thyroid_sick(6.1%),9,51,AUROC,hgb_d6,0.9956501831501832,0.799921838014876
thyroid_sick,thyroid_sick(6.1%),9,51,Brier_neg,hgb_d6,-0.01048619754033266,0.799921838014876
thyroid_sick,thyroid_sick(6.1%),9,51,MCC_05,hgb_d6,0.8846574314676426,0.799921838014876
thyroid_sick,thyroid_sick(6.1%),10,52,SoftMCC,hgb_d6,0.7240968556091573,0.826370368887134
thyroid_sick,thyroid_sick(6.1%),10,52,MCC_best,hgb_d6,0.834528891283556,0.826370368887134
thyroid_sick,thyroid_sick(6.1%),10,52,F1_best,hgb_d6,0.8421052631578947,0.826370368887134
thyroid_sick,thyroid_sick(6.1%),10,52,AUPRC,hgb_d6,0.9006748555267841,0.826370368887134
thyroid_sick,thyroid_sick(6.1%),10,52,AUROC,hgb_d6,0.9915548692211177,0.826370368887134
thyroid_sick,thyroid_sick(6.1%),10,52,Brier_neg,hgb_d6,-0.01697581077683915,0.826370368887134
thyroid_sick,thyroid_sick(6.1%),10,52,MCC_05,hgb_d6,0.7793305889453689,0.826370368887134
thyroid_sick,thyroid_sick(6.1%),11,53,SoftMCC,hgb_d3,0.7948679562447347,0.8711853228415234
thyroid_sick,thyroid_sick(6.1%),11,53,MCC_best,hgb_d3,0.8879305266598511,0.8711853228415234
thyroid_sick,thyroid_sick(6.1%),11,53,F1_best,hgb_d3,0.8928571428571429,0.8711853228415234
thyroid_sick,thyroid_sick(6.1%),11,53,AUPRC,hgb_d6,0.9579179975815448,0.8703922761936224
thyroid_sick,thyroid_sick(6.1%),11,53,AUROC,hgb_d6,0.9969959463372262,0.8703922761936224
thyroid_sick,thyroid_sick(6.1%),11,53,Brier_neg,hgb_d3,-0.010603335685164193,0.8711853228415234
thyroid_sick,thyroid_sick(6.1%),11,53,MCC_05,hgb_d3,0.8593079096648721,0.8711853228415234
us_crime,us_crime(7.5%),0,42,SoftMCC,logreg_C1.0,0.4126621065009868,0.4694844568198267
us_crime,us_crime(7.5%),0,42,MCC_best,logreg_C0.1,0.6067218997206392,0.4564537052907822
us_crime,us_crime(7.5%),0,42,F1_best,logreg_C0.1,0.627906976744186,0.4564537052907822
us_crime,us_crime(7.5%),0,42,AUPRC,logreg_C0.1,0.6426731661450537,0.4564537052907822
us_crime,us_crime(7.5%),0,42,AUROC,logreg_C10.0,0.9538979447200566,0.4269159352932594
us_crime,us_crime(7.5%),0,42,Brier_neg,logreg_C10.0,-0.042548446495100783,0.4269159352932594
us_crime,us_crime(7.5%),0,42,MCC_05,logreg_C10.0,0.47251460358214864,0.4269159352932594
us_crime,us_crime(7.5%),1,43,SoftMCC,logreg_C1.0,0.3600347313809209,0.4882796209924133
us_crime,us_crime(7.5%),1,43,MCC_best,logreg_C1.0,0.5103046211261195,0.4882796209924133
us_crime,us_crime(7.5%),1,43,F1_best,logreg_C10.0,0.5176470588235295,0.4817006576668598
us_crime,us_crime(7.5%),1,43,AUPRC,logreg_C1.0,0.5447448853750592,0.4882796209924133
us_crime,us_crime(7.5%),1,43,AUROC,logreg_C10.0,0.9089298369950389,0.4817006576668598
us_crime,us_crime(7.5%),1,43,Brier_neg,logreg_C1.0,-0.04723067738679357,0.4882796209924133
us_crime,us_crime(7.5%),1,43,MCC_05,logreg_C1.0,0.46211671677188554,0.4882796209924133
us_crime,us_crime(7.5%),2,44,SoftMCC,logreg_C0.1,0.449770473925419,0.39450288635865133
us_crime,us_crime(7.5%),2,44,MCC_best,logreg_C0.1,0.649905384217489,0.39450288635865133
us_crime,us_crime(7.5%),2,44,F1_best,logreg_C1.0,0.676056338028169,0.41607981270149086
us_crime,us_crime(7.5%),2,44,AUPRC,logreg_C10.0,0.6839625169179689,0.3931945562841253
us_crime,us_crime(7.5%),2,44,AUROC,logreg_C10.0,0.958681785967399,0.3931945562841253
us_crime,us_crime(7.5%),2,44,Brier_neg,logreg_C1.0,-0.04026284520293956,0.41607981270149086
us_crime,us_crime(7.5%),2,44,MCC_05,hgb_d3,0.5353458589184932,0.4167854183770218
us_crime,us_crime(7.5%),3,45,SoftMCC,logreg_C0.1,0.35602338400999806,0.47545739734930675
us_crime,us_crime(7.5%),3,45,MCC_best,hgb_d3,0.6004187076059447,0.4420813233052067
us_crime,us_crime(7.5%),3,45,F1_best,hgb_d3,0.6229508196721312,0.4420813233052067
us_crime,us_crime(7.5%),3,45,AUPRC,logreg_C10.0,0.5734918594725122,0.4491376576747815
us_crime,us_crime(7.5%),3,45,AUROC,hgb_d3,0.9312544294826364,0.4420813233052067
us_crime,us_crime(7.5%),3,45,Brier_neg,hgb_d3,-0.04460261195685106,0.4420813233052067
us_crime,us_crime(7.5%),3,45,MCC_05,logreg_C0.1,0.49939926665465567,0.47545739734930675
us_crime,us_crime(7.5%),4,46,SoftMCC,logreg_C0.1,0.37553553256555783,0.46512421023056777
us_crime,us_crime(7.5%),4,46,MCC_best,logreg_C0.1,0.5671153976660496,0.46512421023056777
us_crime,us_crime(7.5%),4,46,F1_best,hgb_d3,0.5842696629213483,0.4500629773506488
us_crime,us_crime(7.5%),4,46,AUPRC,logreg_C1.0,0.6180240610033508,0.42761605824040655
us_crime,us_crime(7.5%),4,46,AUROC,logreg_C0.1,0.9397944720056698,0.46512421023056777
us_crime,us_crime(7.5%),4,46,Brier_neg,logreg_C0.1,-0.04268122456702988,0.46512421023056777
us_crime,us_crime(7.5%),4,46,MCC_05,logreg_C0.1,0.4745458196648483,0.46512421023056777
us_crime,us_crime(7.5%),5,47,SoftMCC,logreg_C0.1,0.30192341571595377,0.5455022939447302
us_crime,us_crime(7.5%),5,47,MCC_best,logreg_C1.0,0.5569196326969148,0.5907605358918177
us_crime,us_crime(7.5%),5,47,F1_best,logreg_C1.0,0.5897435897435898,0.5907605358918177
us_crime,us_crime(7.5%),5,47,AUPRC,logreg_C0.1,0.509034384832889,0.5455022939447302
us_crime,us_crime(7.5%),5,47,AUROC,logreg_C0.1,0.9117647058823529,0.5455022939447302
us_crime,us_crime(7.5%),5,47,Brier_neg,logreg_C0.1,-0.049303394686048274,0.5455022939447302
us_crime,us_crime(7.5%),5,47,MCC_05,logreg_C0.1,0.352234690559394,0.5455022939447302
us_crime,us_crime(7.5%),6,48,SoftMCC,logreg_C0.1,0.36002911219331246,0.532332554221781
us_crime,us_crime(7.5%),6,48,MCC_best,hgb_d6,0.5873020852259385,0.4836905574159453
us_crime,us_crime(7.5%),6,48,F1_best,hgb_d6,0.6067415730337079,0.4836905574159453
us_crime,us_crime(7.5%),6,48,AUPRC,logreg_C0.1,0.5543745845007385,0.532332554221781
us_crime,us_crime(7.5%),6,48,AUROC,logreg_C1.0,0.9463855421686747,0.5246104173629053
us_crime,us_crime(7.5%),6,48,Brier_neg,logreg_C1.0,-0.0472709468375786,0.5246104173629053
us_crime,us_crime(7.5%),6,48,MCC_05,logreg_C0.1,0.4549140153525236,0.532332554221781
us_crime,us_crime(7.5%),7,49,SoftMCC,logreg_C0.1,0.3704665429701465,0.4677594319857652
us_crime,us_crime(7.5%),7,49,MCC_best,logreg_C0.1,0.5277982494141494,0.4677594319857652
us_crime,us_crime(7.5%),7,49,F1_best,logreg_C0.1,0.5581395348837209,0.4677594319857652
us_crime,us_crime(7.5%),7,49,AUPRC,hgb_d6,0.5783787855232948,0.4995023413268579
us_crime,us_crime(7.5%),7,49,AUROC,logreg_C0.1,0.9378100637845499,0.4677594319857652
us_crime,us_crime(7.5%),7,49,Brier_neg,hgb_d6,-0.04766368076908649,0.4995023413268579
us_crime,us_crime(7.5%),7,49,MCC_05,hgb_d6,0.5089648553653776,0.4995023413268579
us_crime,us_crime(7.5%),8,50,SoftMCC,logreg_C0.1,0.3446301009026089,0.46297889048269736
us_crime,us_crime(7.5%),8,50,MCC_best,logreg_C10.0,0.5093875271364566,0.4949568155711333
us_crime,us_crime(7.5%),8,50,F1_best,logreg_C10.0,0.5393258426966292,0.4949568155711333
us_crime,us_crime(7.5%),8,50,AUPRC,logreg_C0.1,0.4841316775795645,0.46297889048269736
us_crime,us_crime(7.5%),8,50,AUROC,logreg_C10.0,0.9177179305457123,0.4949568155711333
us_crime,us_crime(7.5%),8,50,Brier_neg,hgb_d3,-0.05208538166437599,0.4841604207944953
us_crime,us_crime(7.5%),8,50,MCC_05,logreg_C0.1,0.352234690559394,0.46297889048269736
us_crime,us_crime(7.5%),9,51,SoftMCC,logreg_C0.1,0.41619107809244027,0.3957008261449865
us_crime,us_crime(7.5%),9,51,MCC_best,logreg_C0.1,0.6593376665916323,0.3957008261449865
us_crime,us_crime(7.5%),9,51,F1_best,logreg_C1.0,0.675,0.43714857319090156
us_crime,us_crime(7.5%),9,51,AUPRC,logreg_C0.1,0.666321994066064,0.3957008261449865
us_crime,us_crime(7.5%),9,51,AUROC,logreg_C0.1,0.966938341601701,0.3957008261449865
us_crime,us_crime(7.5%),9,51,Brier_neg,logreg_C1.0,-0.04081331559116957,0.43714857319090156
us_crime,us_crime(7.5%),9,51,MCC_05,hgb_d6,0.5607304277020592,0.45138015413767246
us_crime,us_crime(7.5%),10,52,SoftMCC,logreg_C0.1,0.35768904577070354,0.5819805694828275
us_crime,us_crime(7.5%),10,52,MCC_best,logreg_C0.1,0.5913464281879034,0.5819805694828275
us_crime,us_crime(7.5%),10,52,F1_best,logreg_C0.1,0.6101694915254238,0.5819805694828275
us_crime,us_crime(7.5%),10,52,AUPRC,logreg_C0.1,0.6632440155218078,0.5819805694828275
us_crime,us_crime(7.5%),10,52,AUROC,logreg_C0.1,0.9455705173635719,0.5819805694828275
us_crime,us_crime(7.5%),10,52,Brier_neg,logreg_C0.1,-0.042594711915457314,0.5819805694828275
us_crime,us_crime(7.5%),10,52,MCC_05,logreg_C1.0,0.4899329946346459,0.5353285941591438
us_crime,us_crime(7.5%),11,53,SoftMCC,logreg_C0.1,0.37972557742467355,0.5087918555756265
us_crime,us_crime(7.5%),11,53,MCC_best,hgb_d6,0.6224776938636913,0.48810543200786977
us_crime,us_crime(7.5%),11,53,F1_best,hgb_d6,0.6451612903225806,0.48810543200786977
us_crime,us_crime(7.5%),11,53,AUPRC,logreg_C1.0,0.6226496295855499,0.5385957585196371
us_crime,us_crime(7.5%),11,53,AUROC,logreg_C0.1,0.9189936215450035,0.5087918555756265
us_crime,us_crime(7.5%),11,53,Brier_neg,logreg_C1.0,-0.04323556774640718,0.5385957585196371
us_crime,us_crime(7.5%),11,53,MCC_05,hgb_d3,0.5346549456251307,0.4956911390636884
wine_quality,wine_quality(3.7%),0,42,SoftMCC,hgb_d3,0.09411070207819643,0.22391142604562164
wine_quality,wine_quality(3.7%),0,42,MCC_best,hgb_d3,0.3118043352792409,0.22391142604562164
wine_quality,wine_quality(3.7%),0,42,F1_best,logreg_C1.0,0.32989690721649484,0.23563810162200352
wine_quality,wine_quality(3.7%),0,42,AUPRC,hgb_d3,0.20703856701999773,0.22391142604562164
wine_quality,wine_quality(3.7%),0,42,AUROC,hgb_d3,0.8246183206106871,0.22391142604562164
wine_quality,wine_quality(3.7%),0,42,Brier_neg,hgb_d3,-0.03219442626382021,0.22391142604562164
wine_quality,wine_quality(3.7%),0,42,MCC_05,logreg_C0.1,0.0,0.20144164357398012
wine_quality,wine_quality(3.7%),1,43,SoftMCC,logreg_C10.0,0.17662187675764895,0.26787388401804135
wine_quality,wine_quality(3.7%),1,43,MCC_best,logreg_C10.0,0.3691287282007042,0.26787388401804135
wine_quality,wine_quality(3.7%),1,43,F1_best,logreg_C10.0,0.36923076923076925,0.26787388401804135
wine_quality,wine_quality(3.7%),1,43,AUPRC,logreg_C10.0,0.28619658981585405,0.26787388401804135
wine_quality,wine_quality(3.7%),1,43,AUROC,hgb_d3,0.7910945339318722,0.2674633840958686
wine_quality,wine_quality(3.7%),1,43,Brier_neg,logreg_C10.0,-0.031031158956221383,0.26787388401804135
wine_quality,wine_quality(3.7%),1,43,MCC_05,logreg_C1.0,0.3181318395288232,0.27083405271579647
wine_quality,wine_quality(3.7%),2,44,SoftMCC,hgb_d3,0.11400003533244799,0.21896739977547752
wine_quality,wine_quality(3.7%),2,44,MCC_best,hgb_d6,0.35331873898475397,0.2373968491359467
wine_quality,wine_quality(3.7%),2,44,F1_best,hgb_d6,0.37777777777777777,0.2373968491359467
wine_quality,wine_quality(3.7%),2,44,AUPRC,hgb_d6,0.26500716394451423,0.2373968491359467
wine_quality,wine_quality(3.7%),2,44,AUROC,hgb_d3,0.8214375014206806,0.21896739977547752
wine_quality,wine_quality(3.7%),2,44,Brier_neg,hgb_d6,-0.03109673014815858,0.2373968491359467
wine_quality,wine_quality(3.7%),2,44,MCC_05,hgb_d3,0.1738371743109712,0.21896739977547752
wine_quality,wine_quality(3.7%),3,45,SoftMCC,hgb_d6,0.07832666886027626,0.3167489030005747
wine_quality,wine_quality(3.7%),3,45,MCC_best,hgb_d3,0.30917148273443806,0.27545664590751023
wine_quality,wine_quality(3.7%),3,45,F1_best,hgb_d6,0.32727272727272727,0.3167489030005747
wine_quality,wine_quality(3.7%),3,45,AUPRC,hgb_d6,0.18373090448479004,0.3167489030005747
wine_quality,wine_quality(3.7%),3,45,AUROC,hgb_d3,0.7972721131222773,0.27545664590751023
wine_quality,wine_quality(3.7%),3,45,Brier_neg,hgb_d6,-0.03390757011774707,0.3167489030005747
wine_quality,wine_quality(3.7%),3,45,MCC_05,logreg_C0.1,0.17367934945191146,0.2065616108065522
wine_quality,wine_quality(3.7%),4,46,SoftMCC,logreg_C0.1,0.12065282360960772,0.11219338773916937
wine_quality,wine_quality(3.7%),4,46,MCC_best,logreg_C1.0,0.3096567959402896,0.1941055376936715
wine_quality,wine_quality(3.7%),4,46,F1_best,logreg_C1.0,0.3111111111111111,0.1941055376936715
wine_quality,wine_quality(3.7%),4,46,AUPRC,logreg_C1.0,0.2297851376869272,0.1941055376936715
wine_quality,wine_quality(3.7%),4,46,AUROC,hgb_d3,0.7990064833049366,0.23174059571793565
wine_quality,wine_quality(3.7%),4,46,Brier_neg,logreg_C1.0,-0.03396443153685084,0.1941055376936715
wine_quality,wine_quality(3.7%),4,46,MCC_05,logreg_C0.1,0.26250793932808686,0.11219338773916937
wine_quality,wine_quality(3.7%),5,47,SoftMCC,hgb_d3,0.13293452354205845,0.22912311214196518
wine_quality,wine_quality(3.7%),5,47,MCC_best,hgb_d6,0.37004684366143564,0.27788840341727633
wine_quality,wine_quality(3.7%),5,47,F1_best,hgb_d3,0.38636363636363635,0.22912311214196518
wine_quality,wine_quality(3.7%),5,47,AUPRC,hgb_d3,0.2929268114222696,0.22912311214196518
wine_quality,wine_quality(3.7%),5,47,AUROC,hgb_d3,0.856379336999492,0.22912311214196518
wine_quality,wine_quality(3.7%),5,47,Brier_neg,hgb_d3,-0.032296832453552284,0.22912311214196518
wine_quality,wine_quality(3.7%),5,47,MCC_05,hgb_d3,0.16930902402838113,0.22912311214196518
wine_quality,wine_quality(3.7%),6,48,SoftMCC,logreg_C10.0,0.09909675410093202,0.18193644454332264
wine_quality,wine_quality(3.7%),6,48,MCC_best,logreg_C0.1,0.2956685579887852,0.19112255723306235
wine_quality,wine_quality(3.7%),6,48,F1_best,logreg_C0.1,0.32323232323232326,0.19112255723306235
wine_quality,wine_quality(3.7%),6,48,AUPRC,logreg_C10.0,0.19531169510822685,0.18193644454332264
wine_quality,wine_quality(3.7%),6,48,AUROC,hgb_d3,0.7856124388919066,0.2801047564584111
wine_quality,wine_quality(3.7%),6,48,Brier_neg,hgb_d6,-0.03482604858460904,0.24318911527337808
wine_quality,wine_quality(3.7%),6,48,MCC_05,logreg_C1.0,0.17146802404720676,0.19914615440317807
wine_quality,wine_quality(3.7%),7,49,SoftMCC,logreg_C0.1,0.10068397042308525,0.33006906103792105
wine_quality,wine_quality(3.7%),7,49,MCC_best,logreg_C1.0,0.31454602027058276,0.27500276633508836
wine_quality,wine_quality(3.7%),7,49,F1_best,logreg_C0.1,0.3333333333333333,0.33006906103792105
wine_quality,wine_quality(3.7%),7,49,AUPRC,hgb_d3,0.2742973246416706,0.30749407179145155
wine_quality,wine_quality(3.7%),7,49,AUROC,hgb_d3,0.8370628098421795,0.30749407179145155
wine_quality,wine_quality(3.7%),7,49,Brier_neg,hgb_d3,-0.033051562832287114,0.30749407179145155
wine_quality,wine_quality(3.7%),7,49,MCC_05,logreg_C1.0,0.17836082682406135,0.27500276633508836
wine_quality,wine_quality(3.7%),8,50,SoftMCC,hgb_d6,0.08735705840150933,0.1921130534740333
wine_quality,wine_quality(3.7%),8,50,MCC_best,hgb_d3,0.28311456737144014,0.20309150901168457
wine_quality,wine_quality(3.7%),8,50,F1_best,hgb_d3,0.2619047619047619,0.20309150901168457
wine_quality,wine_quality(3.7%),8,50,AUPRC,hgb_d3,0.19588940959132511,0.20309150901168457
wine_quality,wine_quality(3.7%),8,50,AUROC,hgb_d6,0.854911567877629,0.1921130534740333
wine_quality,wine_quality(3.7%),8,50,Brier_neg,hgb_d6,-0.03264693838198746,0.1921130534740333
wine_quality,wine_quality(3.7%),8,50,MCC_05,hgb_d3,0.0,0.20309150901168457
wine_quality,wine_quality(3.7%),9,51,SoftMCC,hgb_d3,0.09909254441008229,0.30811851336062435
wine_quality,wine_quality(3.7%),9,51,MCC_best,logreg_C1.0,0.28301448755889236,0.255628354220446
wine_quality,wine_quality(3.7%),9,51,F1_best,logreg_C1.0,0.3055555555555556,0.255628354220446
wine_quality,wine_quality(3.7%),9,51,AUPRC,hgb_d3,0.21864119216463107,0.30811851336062435
wine_quality,wine_quality(3.7%),9,51,AUROC,hgb_d3,0.8252425997897875,0.30811851336062435
wine_quality,wine_quality(3.7%),9,51,Brier_neg,hgb_d6,-0.03171641600747354,0.34641824710856833
wine_quality,wine_quality(3.7%),9,51,MCC_05,logreg_C10.0,0.1573043268304831,0.2209716037206911
wine_quality,wine_quality(3.7%),10,52,SoftMCC,logreg_C1.0,0.10230660878968578,0.23755716706514063
wine_quality,wine_quality(3.7%),10,52,MCC_best,logreg_C10.0,0.2787643455971094,0.28922780348729915
wine_quality,wine_quality(3.7%),10,52,F1_best,logreg_C10.0,0.3047619047619048,0.28922780348729915
wine_quality,wine_quality(3.7%),10,52,AUPRC,hgb_d3,0.19897392478285508,0.27453176106424104
wine_quality,wine_quality(3.7%),10,52,AUROC,hgb_d3,0.806460621858127,0.27453176106424104
wine_quality,wine_quality(3.7%),10,52,Brier_neg,logreg_C1.0,-0.03305468644034825,0.23755716706514063
wine_quality,wine_quality(3.7%),10,52,MCC_05,hgb_d6,0.2006471398504147,0.23522680097044832
wine_quality,wine_quality(3.7%),11,53,SoftMCC,hgb_d6,0.10008336874385027,0.18099577717415788
wine_quality,wine_quality(3.7%),11,53,MCC_best,hgb_d3,0.2624446610332249,0.21183504086692556
wine_quality,wine_quality(3.7%),11,53,F1_best,hgb_d6,0.27956989247311825,0.18099577717415788
wine_quality,wine_quality(3.7%),11,53,AUPRC,hgb_d6,0.20532696210219928,0.18099577717415788
wine_quality,wine_quality(3.7%),11,53,AUROC,hgb_d3,0.8373692279942281,0.21183504086692556
wine_quality,wine_quality(3.7%),11,53,Brier_neg,hgb_d6,-0.033981525611303465,0.18099577717415788
wine_quality,wine_quality(3.7%),11,53,MCC_05,hgb_d6,0.17844963378956244,0.18099577717415788
yeast_ml8,yeast_ml8(7.4%),0,42,SoftMCC,hgb_d3,0.011072626696949753,0.0727539348055638
yeast_ml8,yeast_ml8(7.4%),0,42,MCC_best,logreg_C1.0,0.13280534267668026,0.06628869349296156
yeast_ml8,yeast_ml8(7.4%),0,42,F1_best,hgb_d3,0.1890547263681592,0.0727539348055638
yeast_ml8,yeast_ml8(7.4%),0,42,AUPRC,hgb_d3,0.10283932628937659,0.0727539348055638
yeast_ml8,yeast_ml8(7.4%),0,42,AUROC,hgb_d3,0.635813492063492,0.0727539348055638
yeast_ml8,yeast_ml8(7.4%),0,42,Brier_neg,hgb_d3,-0.06729595024180969,0.0727539348055638
yeast_ml8,yeast_ml8(7.4%),0,42,MCC_05,logreg_C1.0,0.0,0.06628869349296156
yeast_ml8,yeast_ml8(7.4%),1,43,SoftMCC,hgb_d3,0.008085208529569897,0.023704745029528095
yeast_ml8,yeast_ml8(7.4%),1,43,MCC_best,logreg_C0.1,0.09876583293168621,0.11037328882538107
yeast_ml8,yeast_ml8(7.4%),1,43,F1_best,logreg_C0.1,0.1642512077294686,0.11037328882538107
yeast_ml8,yeast_ml8(7.4%),1,43,AUPRC,hgb_d3,0.09684228920305538,0.023704745029528095
yeast_ml8,yeast_ml8(7.4%),1,43,AUROC,hgb_d3,0.5575892857142857,0.023704745029528095
yeast_ml8,yeast_ml8(7.4%),1,43,Brier_neg,hgb_d3,-0.06801620784667992,0.023704745029528095
yeast_ml8,yeast_ml8(7.4%),1,43,MCC_05,logreg_C0.1,0.0,0.11037328882538107
yeast_ml8,yeast_ml8(7.4%),2,44,SoftMCC,logreg_C0.1,0.012259725232445276,-0.0006260367536532981
yeast_ml8,yeast_ml8(7.4%),2,44,MCC_best,logreg_C0.1,0.14501763728891323,-0.0006260367536532981
yeast_ml8,yeast_ml8(7.4%),2,44,F1_best,logreg_C10.0,0.19636363636363635,0.010785215351874166
yeast_ml8,yeast_ml8(7.4%),2,44,AUPRC,hgb_d3,0.11404261126520297,0.0752659123852577
yeast_ml8,yeast_ml8(7.4%),2,44,AUROC,logreg_C10.0,0.6599454365079365,0.010785215351874166
yeast_ml8,yeast_ml8(7.4%),2,44,Brier_neg,hgb_d3,-0.06717478995561474,0.0752659123852577
yeast_ml8,yeast_ml8(7.4%),2,44,MCC_05,logreg_C0.1,0.0,-0.0006260367536532981
yeast_ml8,yeast_ml8(7.4%),3,45,SoftMCC,logreg_C0.1,0.0009811599570247475,0.1228521621863284
yeast_ml8,yeast_ml8(7.4%),3,45,MCC_best,logreg_C0.1,0.07991458341708611,0.1228521621863284
yeast_ml8,yeast_ml8(7.4%),3,45,F1_best,logreg_C0.1,0.15602836879432624,0.1228521621863284
yeast_ml8,yeast_ml8(7.4%),3,45,AUPRC,logreg_C10.0,0.07558929617232711,-0.043629729537236255
yeast_ml8,yeast_ml8(7.4%),3,45,AUROC,logreg_C0.1,0.5123263888888889,0.1228521621863284
yeast_ml8,yeast_ml8(7.4%),3,45,Brier_neg,hgb_d3,-0.06906001531374162,0.07090983039574628
yeast_ml8,yeast_ml8(7.4%),3,45,MCC_05,logreg_C0.1,0.0,0.1228521621863284
yeast_ml8,yeast_ml8(7.4%),4,46,SoftMCC,logreg_C0.1,0.02458102183083112,0.06402085238032781
yeast_ml8,yeast_ml8(7.4%),4,46,MCC_best,logreg_C0.1,0.11659805435037526,0.06402085238032781
yeast_ml8,yeast_ml8(7.4%),4,46,F1_best,logreg_C0.1,0.19444444444444445,0.06402085238032781
yeast_ml8,yeast_ml8(7.4%),4,46,AUPRC,logreg_C0.1,0.11317508190167132,0.06402085238032781
yeast_ml8,yeast_ml8(7.4%),4,46,AUROC,logreg_C0.1,0.6214285714285714,0.06402085238032781
yeast_ml8,yeast_ml8(7.4%),4,46,Brier_neg,logreg_C10.0,-0.06777153184146871,0.03168675791401409
yeast_ml8,yeast_ml8(7.4%),4,46,MCC_05,logreg_C10.0,0.09925629856005272,0.03168675791401409
yeast_ml8,yeast_ml8(7.4%),5,47,SoftMCC,hgb_d6,0.02355220230810333,-0.0328148233973852
yeast_ml8,yeast_ml8(7.4%),5,47,MCC_best,hgb_d6,0.17255486503730894,-0.0328148233973852
yeast_ml8,yeast_ml8(7.4%),5,47,F1_best,hgb_d6,0.18181818181818182,-0.0328148233973852
yeast_ml8,yeast_ml8(7.4%),5,47,AUPRC,hgb_d6,0.16185445957621306,-0.0328148233973852
yeast_ml8,yeast_ml8(7.4%),5,47,AUROC,hgb_d6,0.6081845238095238,-0.0328148233973852
yeast_ml8,yeast_ml8(7.4%),5,47,Brier_neg,hgb_d6,-0.06605659308218693,-0.0328148233973852
yeast_ml8,yeast_ml8(7.4%),5,47,MCC_05,logreg_C0.1,0.0,0.12086036878792605
yeast_ml8,yeast_ml8(7.4%),6,48,SoftMCC,logreg_C1.0,0.017964794891650215,0.08500758650031993
yeast_ml8,yeast_ml8(7.4%),6,48,MCC_best,logreg_C0.1,0.14733361792484617,0.07534439302522254
yeast_ml8,yeast_ml8(7.4%),6,48,F1_best,logreg_C0.1,0.20833333333333334,0.07534439302522254
yeast_ml8,yeast_ml8(7.4%),6,48,AUPRC,hgb_d6,0.11750236871160712,0.06416648776980224
yeast_ml8,yeast_ml8(7.4%),6,48,AUROC,logreg_C0.1,0.6521825396825397,0.07534439302522254
yeast_ml8,yeast_ml8(7.4%),6,48,Brier_neg,logreg_C1.0,-0.06671311975960367,0.08500758650031993
yeast_ml8,yeast_ml8(7.4%),6,48,MCC_05,logreg_C0.1,0.0,0.07534439302522254
yeast_ml8,yeast_ml8(7.4%),7,49,SoftMCC,logreg_C1.0,0.03287045603268286,0.028519491861669022
yeast_ml8,yeast_ml8(7.4%),7,49,MCC_best,logreg_C1.0,0.15036300915063072,0.028519491861669022
yeast_ml8,yeast_ml8(7.4%),7,49,F1_best,logreg_C10.0,0.22033898305084745,0.04540112916264115
yeast_ml8,yeast_ml8(7.4%),7,49,AUPRC,logreg_C1.0,0.14390137509409834,0.028519491861669022
yeast_ml8,yeast_ml8(7.4%),7,49,AUROC,logreg_C0.1,0.6354910714285714,0.06508372951663277
yeast_ml8,yeast_ml8(7.4%),7,49,Brier_neg,logreg_C0.1,-0.06642699719630141,0.06508372951663277
yeast_ml8,yeast_ml8(7.4%),7,49,MCC_05,logreg_C1.0,0.1692274590287262,0.028519491861669022
yeast_ml8,yeast_ml8(7.4%),8,50,SoftMCC,logreg_C0.1,0.014459545411571849,0.06324441248890657
yeast_ml8,yeast_ml8(7.4%),8,50,MCC_best,logreg_C0.1,0.12419398743115982,0.06324441248890657
yeast_ml8,yeast_ml8(7.4%),8,50,F1_best,logreg_C0.1,0.18699186991869918,0.06324441248890657
yeast_ml8,yeast_ml8(7.4%),8,50,AUPRC,logreg_C0.1,0.10659187790828832,0.06324441248890657
yeast_ml8,yeast_ml8(7.4%),8,50,AUROC,logreg_C0.1,0.6354166666666666,0.06324441248890657
yeast_ml8,yeast_ml8(7.4%),8,50,Brier_neg,logreg_C0.1,-0.06713692393530035,0.06324441248890657
yeast_ml8,yeast_ml8(7.4%),8,50,MCC_05,logreg_C0.1,0.0,0.06324441248890657
yeast_ml8,yeast_ml8(7.4%),9,51,SoftMCC,logreg_C0.1,0.012055861438508276,0.07146196545850117
yeast_ml8,yeast_ml8(7.4%),9,51,MCC_best,logreg_C0.1,0.1091473840640955,0.07146196545850117
yeast_ml8,yeast_ml8(7.4%),9,51,F1_best,logreg_C10.0,0.17518248175182483,0.033702345540721185
yeast_ml8,yeast_ml8(7.4%),9,51,AUPRC,hgb_d6,0.11539912174591033,0.07353554475242195
yeast_ml8,yeast_ml8(7.4%),9,51,AUROC,logreg_C0.1,0.5953621031746031,0.07146196545850117
yeast_ml8,yeast_ml8(7.4%),9,51,Brier_neg,hgb_d6,-0.06784999437537086,0.07353554475242195
yeast_ml8,yeast_ml8(7.4%),9,51,MCC_05,logreg_C0.1,0.0,0.07146196545850117
yeast_ml8,yeast_ml8(7.4%),10,52,SoftMCC,logreg_C0.1,0.013506417468073786,-0.03082968759809679
yeast_ml8,yeast_ml8(7.4%),10,52,MCC_best,hgb_d6,0.12483489358434373,0.06686533378913745
yeast_ml8,yeast_ml8(7.4%),10,52,F1_best,logreg_C0.1,0.19607843137254902,-0.03082968759809679
yeast_ml8,yeast_ml8(7.4%),10,52,AUPRC,logreg_C0.1,0.11260275051837315,-0.03082968759809679
yeast_ml8,yeast_ml8(7.4%),10,52,AUROC,logreg_C0.1,0.6110119047619048,-0.03082968759809679
yeast_ml8,yeast_ml8(7.4%),10,52,Brier_neg,logreg_C0.1,-0.06763035562291708,-0.03082968759809679
yeast_ml8,yeast_ml8(7.4%),10,52,MCC_05,logreg_C0.1,0.0,-0.03082968759809679
yeast_ml8,yeast_ml8(7.4%),11,53,SoftMCC,logreg_C1.0,0.010839378961591182,0.0500741303257793
yeast_ml8,yeast_ml8(7.4%),11,53,MCC_best,logreg_C1.0,0.08863600391305174,0.0500741303257793
yeast_ml8,yeast_ml8(7.4%),11,53,F1_best,logreg_C1.0,0.16358839050131926,0.0500741303257793
yeast_ml8,yeast_ml8(7.4%),11,53,AUPRC,logreg_C1.0,0.09592225461692286,0.0500741303257793
yeast_ml8,yeast_ml8(7.4%),11,53,AUROC,logreg_C1.0,0.5766121031746032,0.0500741303257793
yeast_ml8,yeast_ml8(7.4%),11,53,Brier_neg,logreg_C1.0,-0.06815242187129673,0.0500741303257793
yeast_ml8,yeast_ml8(7.4%),11,53,MCC_05,logreg_C0.1,0.0,0.09519195055663014
