dataset_key,dataset,repeat,seed,candidate,candidate_index,validation_mccbest_threshold,test_mcc_at_validation_mccbest_threshold,validation_log_loss,validation_ece_10,validation_prob_mean,validation_prob_variance,validation_pos_rate,score_SoftMCC,score_MCC_best,score_F1_best,score_AUPRC,score_AUROC,score_Brier_neg,score_MCC_05
bc,breast_cancer(37%),0,42,logreg_C0.1,0,0.37183852967210146,0.8700152721125508,0.12584314861454626,0.023063146917581896,0.36008223074692086,0.18799636952694598,0.375,0.8197432159196457,0.8996680586556846,0.9361702127659575,0.9839097532738011,0.9894531249999999,-0.04159266023553933,0.8840585430410928
bc,breast_cancer(37%),0,42,logreg_C1.0,1,0.49264705882352944,0.926830538541754,0.3032609074815756,0.042487278473419945,0.3588651567052794,0.1940700342617368,0.375,0.8493561225970473,0.9333333333333333,0.9583333333333334,0.9798439608404168,0.9835937499999998,-0.03423371751685317,0.9333005094465512
bc,breast_cancer(37%),0,42,logreg_C10.0,2,0.42000000000000004,0.9564940942739543,0.11342868736365438,0.052265197712021094,0.3535569749070265,0.19367536715225495,0.375,0.844352799267014,0.9333005094465512,0.9574468085106383,0.9901338472943301,0.99375,-0.037665299285912196,0.8840585430410928
bc,breast_cancer(37%),0,42,hgb_d3,3,0.7803846153846152,0.9251281457541922,0.3156011115068684,0.034293154852487684,0.39469208285462687,0.20791156067524413,0.375,0.8499666056638787,0.916787749092078,0.9473684210526315,0.9787965038386168,0.9821614583333333,-0.04041615735362418,0.8682431421244592
bc,breast_cancer(37%),0,42,hgb_d6,4,0.584833333333334,0.8971669828095538,0.3291463668113025,0.04209699846507168,0.39079491513173836,0.2092888240173645,0.375,0.8500789113749191,0.9164463522048965,0.9473684210526315,0.9728199567728641,0.9790364583333334,-0.04230647113351321,0.8682431421244592
bc,breast_cancer(37%),1,43,logreg_C0.1,0,0.6351515151515145,0.8345678187810464,0.1795656903926654,0.04790497586092744,0.4004595407016929,0.1958283749324949,0.375,0.7858121593987102,0.8507395944549714,0.9072164948453608,0.9673356617595228,0.980859375,-0.05803692726366361,0.8378688987532451
bc,breast_cancer(37%),1,43,logreg_C1.0,1,0.21333333333333335,0.8019042927225302,0.1525974603912933,0.0469611059712598,0.3930042191731967,0.20298083056171917,0.375,0.8201759596561233,0.8783100656536799,0.9230769230769231,0.9759785144174318,0.9872395833333334,-0.04981183470105445,0.8528924408510195
bc,breast_cancer(37%),1,43,logreg_C10.0,2,0.49512245922497716,0.881396952004088,0.15621132667088033,0.0513484989059754,0.40932911748820366,0.20887133836315416,0.375,0.8287688026845207,0.8740884951559715,0.9215686274509803,0.9714138951017913,0.9864583333333333,-0.04985112730190029,0.8740884951559715
bc,breast_cancer(37%),1,43,hgb_d3,3,0.7159722222222225,0.9117937949604076,0.09500142961513244,0.04755680397791481,0.4029868241583494,0.19792049740872092,0.375,0.8509508223143901,0.9343531843023135,0.9583333333333334,0.9937555852814047,0.99609375,-0.028942812520339468,0.9013190713482481
bc,breast_cancer(37%),1,43,hgb_d6,4,0.5090835504198508,0.9097751526641134,0.09481997205964626,0.04010316665487868,0.40194278392676996,0.1989876923638549,0.375,0.8534593532782176,0.934395000572037,0.9591836734693877,0.9934296372222052,0.99609375,-0.02893289402145012,0.9035841064985977
bc,breast_cancer(37%),2,44,logreg_C0.1,0,0.32900000000000007,0.8342949598948355,0.11124371449307238,0.03150273385368389,0.3614009119796494,0.1943663192449804,0.375,0.8434515505731502,0.8996680586556846,0.9361702127659575,0.9834376372419851,0.9911458333333334,-0.0365935172431816,0.8664002254439634
bc,breast_cancer(37%),2,44,logreg_C1.0,1,0.22002519372403967,0.8405267241362306,0.29939027670030527,0.03840094799443576,0.3629964561595486,0.19528013935300786,0.375,0.8522361908489918,0.9188164942501321,0.9494949494949495,0.9822466969003376,0.9839843749999999,-0.0330028202092974,0.916787749092078
bc,breast_cancer(37%),2,44,logreg_C10.0,2,0.9133781505731776,0.8545107835746036,0.3001724569533953,0.03498239859378133,0.35995443024478074,0.21671922774561594,0.375,0.8976740087000971,0.9343531843023135,0.9565217391304348,0.9779341862233811,0.9834635416666666,-0.034130972914781475,0.8996680586556846
bc,breast_cancer(37%),2,44,hgb_d3,3,0.6336183355853554,0.926279677909455,0.2806092765488866,0.02325702980122204,0.3765413807064788,0.20689586763225024,0.375,0.8805068584984782,0.9505863757867169,0.967741935483871,0.9833451658965473,0.9859374999999999,-0.028198584087719844,0.9171387823148716
bc,breast_cancer(37%),2,44,hgb_d6,4,0.6022412229876337,0.9117937949604076,0.28129954883849384,0.04274596077845108,0.3761900511263108,0.2056844292616617,0.375,0.8787973805944275,0.9505863757867169,0.967741935483871,0.9833451658965473,0.9855468749999999,-0.0278644465800148,0.9171387823148716
bc,breast_cancer(37%),3,45,logreg_C0.1,0,0.5683985951966434,0.8518535291230603,0.3164148597796054,0.030455866848935764,0.35063598537778484,0.1914489738157659,0.375,0.8335743955620872,0.9021937088963173,0.9333333333333333,0.9772707127950289,0.9820312499999999,-0.04129200737876253,0.8840585430410928
bc,breast_cancer(37%),3,45,logreg_C1.0,1,0.39678571428571435,0.8795479577684423,0.29530691273694554,0.03500223886231351,0.35498730610930535,0.19589161731377225,0.375,0.8591291686144936,0.9333005094465512,0.9574468085106383,0.9822551391844869,0.9850260416666665,-0.03261985953303106,0.9003767048731385
bc,breast_cancer(37%),3,45,logreg_C10.0,2,0.2604442218614342,0.881396952004088,0.08709830530085526,0.027729860331577743,0.3540409730017556,0.19957717062249064,0.375,0.8798611236539196,0.9503383762448216,0.9690721649484536,0.9913762057600454,0.9947916666666667,-0.026983955055340847,0.916787749092078
bc,breast_cancer(37%),3,45,hgb_d3,3,0.3127285414973724,0.8971669828095538,0.03089908625415083,0.017804192701825212,0.37025905530380987,0.21652542927247193,0.375,0.9473498406212916,0.9835379701747717,0.9896907216494846,0.9995748299319728,0.9997395833333332,-0.007998272204957014,0.9669329602374179
bc,breast_cancer(37%),3,45,hgb_d6,4,0.36149283496170576,0.8834569691884416,0.02735475819269507,0.015320171892929658,0.3720564641420078,0.21811334195682214,0.375,0.9524463064053664,0.9835379701747717,0.9896907216494846,0.9995748299319728,0.9998697916666667,-0.0067475066620416,0.9669329602374179
bc,breast_cancer(37%),4,46,logreg_C0.1,0,0.48197148527362066,0.925445136208044,0.17676855736343514,0.05792004444451256,0.4022493033003037,0.1724025769999626,0.375,0.7446466634873661,0.8829688598869094,0.9263157894736842,0.9706517175350373,0.9768229166666667,-0.05397601144227013,0.8660356078648178
bc,breast_cancer(37%),4,46,logreg_C1.0,1,0.49361299669228825,0.9097751526641134,0.14108786615084876,0.0636173909681015,0.38862908178997024,0.16957857037357993,0.375,0.7716937599337743,0.9333005094465512,0.9574468085106383,0.9858459038822893,0.990234375,-0.039930330977684066,0.9333005094465512
bc,breast_cancer(37%),4,46,logreg_C10.0,2,0.7365000000000006,0.8973799638143025,0.11859221379535471,0.055034636891500385,0.39340881690923457,0.18276654651607172,0.375,0.8122111959754075,0.9343531843023135,0.9574468085106383,0.9914466508170451,0.9942708333333333,-0.03330932219239247,0.9013190713482481
bc,breast_cancer(37%),4,46,hgb_d3,3,0.5642105263157896,0.9103355156170867,0.1286758305933337,0.0539002243899931,0.40939467503271776,0.19215279273963623,0.375,0.8242898022220195,0.9333005094465512,0.9574468085106383,0.9852864490285962,0.991796875,-0.03525987765010166,0.9
bc,breast_cancer(37%),4,46,hgb_d6,4,0.5270099993065571,0.9251281457541922,0.12260711563616945,0.05656529826861491,0.40791600342441425,0.1953681171969754,0.375,0.8331792790534556,0.9499238445228836,0.968421052631579,0.987520746204835,0.99296875,-0.0343649778896287,0.8858544675505758
bc,breast_cancer(37%),5,47,logreg_C0.1,0,0.8247535038357274,0.8373731568821392,0.33978682443124686,0.05268103818529046,0.3591187788040029,0.19380440508166003,0.375,0.8149209781779765,0.8703882797784892,0.9183673469387755,0.9707084849389956,0.9777343749999998,-0.04989406826155036,0.8334551405994551
bc,breast_cancer(37%),5,47,logreg_C1.0,1,0.3751771011620896,0.911158407526304,0.5071707182407171,0.04631080295200675,0.351712397805569,0.20146237561978586,0.375,0.855649004101642,0.9164463522048965,0.9473684210526315,0.9674061364447105,0.9733072916666667,-0.04077722739495222,0.8996680586556846
bc,breast_cancer(37%),5,47,logreg_C10.0,2,0.4464285714285714,0.8675034270773535,0.07727126713045444,0.03504823580197604,0.3505500625541676,0.20370635554672917,0.375,0.8959851110124497,0.9666666666666667,0.9791666666666666,0.9932777496547179,0.99609375,-0.024742109828810678,0.916787749092078
bc,breast_cancer(37%),5,47,hgb_d3,3,0.5531181015703797,0.8956181052379152,0.08298209225988543,0.03363346859871933,0.3664570029940736,0.20319811611714728,0.375,0.882357164653334,0.9333005094465512,0.9574468085106383,0.9923662697148722,0.9959635416666666,-0.025994681844556607,0.9164463522048965
bc,breast_cancer(37%),5,47,hgb_d6,4,0.331993523198142,0.8947661532504989,0.0875286136407022,0.03412512564950209,0.3641215753362014,0.19682919990800246,0.375,0.8667934105599459,0.934395000572037,0.9591836734693877,0.9927898007488684,0.995703125,-0.027480533909643865,0.9
bc,breast_cancer(37%),6,48,logreg_C0.1,0,0.7536486162567252,0.8403249885054853,0.14398924090814352,0.04546037847913698,0.37630448641964664,0.19027183880618315,0.375,0.8034655903615029,0.8703882797784892,0.9130434782608695,0.9769961544725736,0.9850260416666667,-0.04776347490498506,0.8491904957028004
bc,breast_cancer(37%),6,48,logreg_C1.0,1,0.5,0.9097751526641134,0.11392899660702646,0.04216980467702757,0.3789040231761339,0.19862501435302404,0.375,0.8429135043851038,0.9,0.9375,0.9846869887950732,0.990234375,-0.03709053752570561,0.9
bc,breast_cancer(37%),6,48,logreg_C10.0,2,0.3929218011051603,0.9251281457541922,0.11410558973604203,0.041605574511426234,0.3839229530180769,0.20078917967732168,0.375,0.8482541224132054,0.9171387823148716,0.9484536082474226,0.984184121187232,0.9891927083333333,-0.03580415089780734,0.9
bc,breast_cancer(37%),6,48,hgb_d3,3,0.3758312047555067,0.910062893081761,0.12275532610564288,0.04516699261037755,0.37536850108540565,0.1919081370157002,0.375,0.8226329562606994,0.9013190713482481,0.9387755102040817,0.9828106049818984,0.9897135416666667,-0.040598408408861364,0.8829891223974392
bc,breast_cancer(37%),6,48,hgb_d6,4,0.4093842808314681,0.8947661532504989,0.12180990798578525,0.02999160518859871,0.3745505966773889,0.19110852506629494,0.375,0.8215881353689224,0.9164463522048965,0.9473684210526315,0.9847207638694697,0.9906250000000001,-0.040456771720129944,0.8829891223974392
bc,breast_cancer(37%),7,49,logreg_C0.1,0,0.40476190476190477,0.880083857442348,0.19339418726398844,0.04724350355508202,0.3392783445148658,0.16589760465215708,0.375,0.7360106952691152,0.8498920293003742,0.9010989010989011,0.9606897806606491,0.976953125,-0.06413929825392467,0.8035496299527932
bc,breast_cancer(37%),7,49,logreg_C1.0,1,0.3410714285714284,0.8947661532504989,0.18331242399686182,0.059743616627273705,0.3426001333727263,0.16539996113797895,0.375,0.7346302654244601,0.8491904957028004,0.9032258064516129,0.9640072602243654,0.9821614583333333,-0.06325534935096475,0.7844767824132178
bc,breast_cancer(37%),7,49,logreg_C10.0,2,0.3357142857142857,0.8947661532504989,0.15280165750633762,0.036259308491060155,0.3540546944756194,0.17270436879192214,0.375,0.7736098839313036,0.9,0.9375,0.9674859439019229,0.9837239583333333,-0.04930560509198273,0.8660356078648178
bc,breast_cancer(37%),7,49,hgb_d3,3,0.20277092563456023,0.8274184376468869,0.12413421581513417,0.04393130922190584,0.3426572324447609,0.19093628579705144,0.375,0.8511640820481885,0.9503383762448216,0.9690721649484536,0.9857263084419239,0.9893229166666666,-0.035224012785584076,0.9021937088963173
bc,breast_cancer(37%),7,49,hgb_d6,4,0.4237876196532914,0.8947661532504989,0.12616792056914727,0.04120192089068223,0.3414030006069023,0.18668697262103773,0.375,0.8423517305718184,0.9343531843023135,0.9583333333333334,0.9867380414217556,0.9904947916666665,-0.035447562112545496,0.8862508747678729
bc,breast_cancer(37%),8,50,logreg_C0.1,0,0.4587500000000002,0.8649565325663754,0.14730013899458827,0.0334887853284461,0.3867033750935124,0.18344504525234961,0.375,0.7928842978964868,0.8829688598869094,0.9263157894736842,0.9762390777414741,0.987109375,-0.04408778376917467,0.8829688598869094
bc,breast_cancer(37%),8,50,logreg_C1.0,1,0.4634924045217401,0.910062893081761,0.13810086921721365,0.03764904110450181,0.39395146467520237,0.19140695764316937,0.375,0.8156474986548509,0.9164463522048965,0.9473684210526315,0.9811316985851357,0.9904947916666667,-0.040251395326161454,0.8996680586556846
bc,breast_cancer(37%),8,50,logreg_C10.0,2,0.4252912099720609,0.8971669828095538,0.13246449072004787,0.051294011947836865,0.4010890408015821,0.18962313295624544,0.375,0.8123046686919503,0.9171387823148716,0.9484536082474226,0.9826634832358472,0.9911458333333334,-0.039194985278477645,0.9
bc,breast_cancer(37%),8,50,hgb_d3,3,0.8532995468388477,0.8687444855261387,0.08200884132843939,0.035373876795452494,0.4067197634705855,0.20558705248679654,0.375,0.8759224780457759,0.9505863757867169,0.967741935483871,0.9942899904214559,0.996484375,-0.024358965050484134,0.934395000572037
bc,breast_cancer(37%),8,50,hgb_d6,4,0.6961236838462225,0.8663835061269969,0.07519148925629171,0.03626702549870154,0.40770249892762017,0.20612277808602902,0.375,0.8823508261519095,0.9669329602374179,0.9787234042553191,0.9957144979203802,0.9973958333333333,-0.02174196562226979,0.9333333333333333
bc,breast_cancer(37%),9,51,logreg_C0.1,0,0.7083333333333333,0.8353870484396912,0.5398203894868359,0.05791430510031952,0.3610675104484058,0.201370170848241,0.375,0.8304994857780168,0.9182250567818113,0.945054945054945,0.958589480874317,0.9641927083333334,-0.049708667949650634,0.8660356078648178
bc,breast_cancer(37%),9,51,logreg_C1.0,1,0.725,0.8518535291230603,0.3425065957318785,0.0429951569239046,0.36684627566667927,0.1969989118594762,0.375,0.8206966723703599,0.8840585430410928,0.9247311827956989,0.9657826850920358,0.9730468750000001,-0.04847022223335096,0.8660356078648178
bc,breast_cancer(37%),9,51,logreg_C10.0,2,0.32318017144697786,0.915651723689769,0.11231505031952896,0.04140002234675485,0.3695920627172684,0.1921414355112545,0.375,0.8360527771317203,0.9171387823148716,0.9484536082474226,0.9855515077265791,0.9906249999999999,-0.03580242966769372,0.8829891223974392
bc,breast_cancer(37%),9,51,hgb_d3,3,0.663545958470948,0.9103355156170867,0.07502372215213937,0.016365459075725508,0.37212582177194975,0.2116920078453404,0.375,0.9174954751407579,0.9505863757867169,0.9690721649484536,0.9880932980461687,0.9854166666666666,-0.01666662326966663,0.9505863757867169
bc,breast_cancer(37%),9,51,hgb_d6,4,0.5550287671534027,0.9248653204852252,0.2535577033447174,0.009898704964426358,0.3766431675887865,0.212884183623352,0.375,0.9176408749273968,0.9669329602374179,0.9787234042553191,0.9861288265306123,0.9826822916666667,-0.016743404564440064,0.9499238445228836
bc,breast_cancer(37%),10,52,logreg_C0.1,0,0.7199143917065116,0.7767448438725306,0.36038104214763667,0.04638329637578577,0.3566550517109481,0.19495362304609437,0.375,0.8128420137626841,0.8703882797784892,0.9111111111111111,0.9622819295204235,0.9694010416666665,-0.05266813890226149,0.8678244247478862
bc,breast_cancer(37%),10,52,logreg_C1.0,1,0.3679113796321848,0.8646669860157726,0.3174387941835337,0.03130748129246596,0.36791661197378844,0.1857335456807253,0.375,0.8178573509619489,0.916787749092078,0.946236559139785,0.977027654133173,0.9783854166666666,-0.0382803267484733,0.9182250567818113
bc,breast_cancer(37%),10,52,logreg_C10.0,2,0.43680555555555584,0.8798274352952579,0.1344987271186423,0.03207743114170377,0.35544242608908805,0.1860033898211918,0.375,0.8207053571619153,0.9021937088963173,0.9361702127659575,0.9845261355474505,0.98984375,-0.04040653043212927,0.9021937088963173
bc,breast_cancer(37%),10,52,hgb_d3,3,0.3868208295507803,0.8947647478099992,0.17273398496167705,0.04506669614369595,0.33047442939742966,0.18494623423274428,0.375,0.8098014649519536,0.8862508747678729,0.9213483146067416,0.9745982771373962,0.9826822916666667,-0.05248185189467902,0.8545976121261312
bc,breast_cancer(37%),10,52,hgb_d6,4,0.3732142857142858,0.8947647478099992,0.15832611791640516,0.04285184591224822,0.3346646352002344,0.18407242336328994,0.375,0.8150168753334402,0.9003767048731385,0.9347826086956522,0.980131693265343,0.9852864583333333,-0.04770199030779002,0.8545976121261312
bc,breast_cancer(37%),11,53,logreg_C0.1,0,0.3210555555555554,0.8378398713451533,0.16821563781390597,0.0612350915065427,0.32801003836358716,0.17477344388348026,0.375,0.78136988869351,0.8862508747678729,0.9213483146067416,0.9795085160111756,0.9880208333333333,-0.05616115216663521,0.8388704928078611
bc,breast_cancer(37%),11,53,logreg_C1.0,1,0.25458333333333333,0.8834569691884416,0.1401762382325204,0.04499029563834746,0.3381477251949858,0.1825596811207773,0.375,0.8124460663674454,0.916787749092078,0.946236559139785,0.986346294232497,0.9924479166666667,-0.046146264716208606,0.8678244247478862
bc,breast_cancer(37%),11,53,logreg_C10.0,2,0.22777272727272752,0.8834569691884416,0.142148221082673,0.037437279629924554,0.34828592867230784,0.19549467498310036,0.375,0.8386020279421635,0.9164463522048965,0.9473684210526315,0.9805950693696116,0.9890625,-0.04373736181403219,0.8840585430410928
bc,breast_cancer(37%),11,53,hgb_d3,3,0.533828250781519,0.940041928721174,0.3000463154811332,0.0362658960786167,0.35987058123737337,0.20191309870177307,0.375,0.8681237717314522,0.9505863757867169,0.967741935483871,0.9794028288398693,0.9829427083333332,-0.033081273315042486,0.9333005094465512
bc,breast_cancer(37%),11,53,hgb_d6,4,0.5207005523719065,0.940041928721174,0.29774508476867534,0.033382162733533324,0.36331922615535556,0.20665509044282349,0.375,0.8760814522568606,0.9505863757867169,0.967741935483871,0.9797786458333333,0.9826822916666667,-0.033189998797477055,0.9333005094465512
synth5,synth(5%),0,42,logreg_C0.1,0,0.260519741231132,0.356215964218791,0.1773005493704393,0.010939632894321526,0.05502713242112286,0.007234921135128588,0.05555555555555555,0.13697629441514317,0.327006873089089,0.3541666666666667,0.29645011663065035,0.791470588235294,-0.045394802703298515,0.20256366361005135
synth5,synth(5%),0,42,logreg_C1.0,1,0.21999730312837107,0.35509929705156534,0.17619133958077848,0.01001463903396705,0.05515121907132647,0.0073956766589757346,0.05555555555555555,0.13750397552922422,0.30125617754483736,0.34234234234234234,0.28898830473482134,0.7982588235294117,-0.045485074231357704,0.24291471410887155
synth5,synth(5%),0,42,logreg_C10.0,2,0.1736111111111111,0.34311029704512225,0.175703424919848,0.00791448621592169,0.05522561109672594,0.007432712413088334,0.05555555555555555,0.13850491065344522,0.2982244452512185,0.3392857142857143,0.28348823302779136,0.7973176470588235,-0.0454081844595613,0.24291471410887155
synth5,synth(5%),0,42,hgb_d3,3,0.381578947368421,0.5705849607265262,0.17161742054061102,0.009518305468258962,0.05561924175420482,0.010342637324889256,0.05555555555555555,0.20482797611807985,0.45704526507945664,0.42857142857142855,0.4093323401082354,0.7673058823529412,-0.04130589204697562,0.4370100026868157
synth5,synth(5%),0,42,hgb_d6,4,0.6150374999999996,0.47543333620028044,0.1718252419555642,0.00806379441404054,0.057716251191508264,0.01317341116376023,0.05555555555555555,0.22913030048136274,0.41438770700537403,0.40350877192982454,0.4026786378425943,0.7801176470588236,-0.04116761180854763,0.4006936717190379
synth5,synth(5%),1,43,logreg_C0.1,0,0.20747264713500188,0.2125804947757301,0.25253876365932004,0.008601723765361582,0.04970279022217014,0.00484652759978216,0.05555555555555555,0.10591633110187752,0.3217979514674192,0.3488372093023256,0.24963347985956313,0.8021764705882353,-0.046804471300570624,0.09156771056279918
synth5,synth(5%),1,43,logreg_C1.0,1,0.15467239527389903,0.25780945275247713,0.2515162096801501,0.008491211153716961,0.04961528922421199,0.004960200777026329,0.05555555555555555,0.11271408016537654,0.30942459359557956,0.3469387755102041,0.2737927655503988,0.8028470588235295,-0.04625173218295829,0.12964074471043288
synth5,synth(5%),1,43,logreg_C10.0,2,0.1512820512820513,0.25267263018541325,0.25173496666121337,0.008601871541500732,0.04950480326517408,0.004935773638758079,0.05555555555555555,0.11210177618370841,0.30942459359557956,0.3469387755102041,0.2729403947333014,0.8021176470588234,-0.046301318736746734,0.12964074471043288
synth5,synth(5%),1,43,hgb_d3,3,0.3862098886942166,0.4355013599971804,0.21232682748379944,0.014547534616523724,0.050362812645396715,0.009880838383873975,0.05555555555555555,0.22000369350594792,0.45042330363890415,0.4117647058823529,0.4386222021059515,0.8050235294117646,-0.04033520420853118,0.39077261751408615
synth5,synth(5%),1,43,hgb_d6,4,0.2050619047619049,0.5614094919945922,0.2068835204731016,0.011338553053533543,0.0495716704904185,0.009376074582026099,0.05555555555555555,0.22447730515676279,0.44556639433950346,0.46511627906976744,0.46298203233414326,0.8238941176470589,-0.03955913285797188,0.41438770700537403
synth5,synth(5%),2,44,logreg_C0.1,0,0.18725296442687747,0.3484180489944335,0.15804316215474865,0.019136363518088693,0.059649765652764364,0.007786424180286428,0.05555555555555555,0.1710556474354056,0.4570251959096605,0.48695652173913045,0.3916576617234995,0.8547176470588235,-0.04171272485555499,0.31013613093903053
synth5,synth(5%),2,44,logreg_C1.0,1,0.1611161116111611,0.3659492551157453,0.1579790383674436,0.021929324212304157,0.05940717355525783,0.007660212868378687,0.05555555555555555,0.1709486183742807,0.44970023847854607,0.47619047619047616,0.41097385952164456,0.8554705882352942,-0.04163156636283522,0.31013613093903053
synth5,synth(5%),2,44,logreg_C10.0,2,0.12008303188534966,0.3606307015113713,0.15781151365844023,0.02232614110650134,0.05933747973042568,0.0076320082280310845,0.05555555555555555,0.17115299307123946,0.4491686719598139,0.47863247863247865,0.41104955677598876,0.8559529411764706,-0.04159088627036332,0.31013613093903053
synth5,synth(5%),2,44,hgb_d3,3,0.26530905752753986,0.5252592303430899,0.13924228534069122,0.013898822882213183,0.05805409118829723,0.015589793602693957,0.05555555555555555,0.30136886751371667,0.5445811486371709,0.5581395348837209,0.538231987762526,0.8908,-0.03577950718432373,0.4705269531335079
synth5,synth(5%),2,44,hgb_d6,4,0.34175762004406457,0.47950722011461955,0.13289880926054093,0.013633833473545695,0.05608571920895059,0.014945180308587703,0.05555555555555555,0.3175827515861122,0.5544899152380204,0.5454545454545454,0.5900794820116764,0.895,-0.03393877259830057,0.5197191965064278
synth5,synth(5%),3,45,logreg_C0.1,0,0.29074074074074074,0.20993091849601397,0.18193552189546294,0.02445753802607383,0.056479108145368696,0.009155343199294572,0.05555555555555555,0.13112080737334814,0.3162461160355826,0.3448275862068966,0.24947139669604076,0.8175411764705882,-0.04775862806622458,0.07013098674613823
synth5,synth(5%),3,45,logreg_C1.0,1,0.3450772200772201,0.23622041083303466,0.18071541130527963,0.01952936817918871,0.05639967284497022,0.00941253791292249,0.05555555555555555,0.13533587307943684,0.3265705952592206,0.345679012345679,0.25473533534148846,0.8152823529411765,-0.0475793837657332,0.12964074471043288
synth5,synth(5%),3,45,logreg_C10.0,2,0.34705882352941175,0.24232015747572203,0.1814304752225271,0.019302734264128117,0.05669544881656129,0.00970838038442912,0.05555555555555555,0.13687049598495055,0.30625659739551064,0.3434343434343434,0.25326224729912933,0.8103764705882353,-0.04767801910445723,0.14417788413390725
synth5,synth(5%),3,45,hgb_d3,3,0.35520491388044484,0.4019020439509544,0.1457616802897836,0.007658155413951403,0.05289208838879052,0.010763407957884285,0.05555555555555555,0.252585200854877,0.5197191965064278,0.4935064935064935,0.5096311069814379,0.8713647058823529,-0.03734052172580029,0.45863788157074264
synth5,synth(5%),3,45,hgb_d6,4,0.40097826086956495,0.49517597397212765,0.14619587299305062,0.015413170753347343,0.05350779655949592,0.012686706543572006,0.05555555555555555,0.27310006215359706,0.5197191965064278,0.4772727272727273,0.5045109811243214,0.8635999999999999,-0.037004045534589254,0.43989196569155253
synth5,synth(5%),4,46,logreg_C0.1,0,0.1192630927561621,0.3946842009889918,0.22956730031120326,0.013599857349318118,0.05473066630245138,0.006983396053432504,0.05555555555555555,0.12532958659500587,0.32839478871459266,0.35443037974683544,0.27329511932837597,0.8032235294117647,-0.04639364732330971,0.17765404464678666
synth5,synth(5%),4,46,logreg_C1.0,1,0.10442507542742205,0.3629136875251053,0.23135092656576736,0.0171132446520118,0.053729640065213954,0.006680200512344713,0.05555555555555555,0.12261581541493706,0.32809700771445,0.35526315789473684,0.27571199983361033,0.7931764705882353,-0.046486566974279456,0.17765404464678666
synth5,synth(5%),4,46,logreg_C10.0,2,0.10458839406207826,0.3629136875251053,0.2312683449457044,0.01609618431637183,0.05384181350747375,0.006769397481723237,0.05555555555555555,0.12385004579993296,0.32809700771445,0.35294117647058826,0.2815624969836246,0.7934117647058823,-0.04643528322715224,0.17765404464678666
synth5,synth(5%),4,46,hgb_d3,3,0.47658568524856226,0.6117905755979589,0.2045140657899581,0.00816031364329454,0.05885145840317023,0.014048054677981136,0.05555555555555555,0.2565374089110216,0.45042330363890415,0.45977011494252873,0.46695989993733295,0.8275999999999999,-0.038868806190721465,0.4651988035646329
synth5,synth(5%),4,46,hgb_d6,4,0.16847826086956522,0.5097561135404933,0.1521627889016451,0.01146503070663939,0.05904465241697016,0.015691638701027102,0.05555555555555555,0.2823237451212656,0.47576427000162835,0.5043478260869565,0.4988635544466437,0.8338941176470587,-0.037686688223335034,0.45704526507945664
synth5,synth(5%),5,47,logreg_C0.1,0,0.08824613117170228,0.2423450322195813,0.1821168486551398,0.018889473534310513,0.05527185071540489,0.008135032022347005,0.05555555555555555,0.16485280611253564,0.40458741255472497,0.42748091603053434,0.34091920671521975,0.8824000000000001,-0.04334651606821903,0.09934646294640047
synth5,synth(5%),5,47,logreg_C1.0,1,0.14884502923976667,0.284561742550209,0.18339263008243334,0.01285906318109687,0.05406933123057058,0.00755258831214237,0.05555555555555555,0.15991212100977067,0.4087459858216021,0.4424778761061947,0.3534230397773152,0.8777647058823528,-0.04345599397387474,0.09934646294640047
synth5,synth(5%),5,47,logreg_C10.0,2,0.15424834416010272,0.284561742550209,0.18313265081428193,0.011208396059455537,0.05444829273345412,0.00782116236304213,0.05555555555555555,0.16332772877700144,0.4087459858216021,0.4424778761061947,0.35737782085370284,0.8779411764705882,-0.04331391044373801,0.09934646294640047
synth5,synth(5%),5,47,hgb_d3,3,0.30897058823529444,0.4552706136175091,0.13013583228813957,0.018598442916721802,0.05515226007871019,0.01062268382834801,0.05555555555555555,0.2892627324909909,0.5940885257860047,0.6105263157894737,0.6371288827898152,0.890929411764706,-0.03284117234141206,0.49889209258103134
synth5,synth(5%),5,47,hgb_d6,4,0.33916612798965784,0.4552706136175091,0.12294684179939844,0.020360340607847603,0.055048620223237234,0.013245168204876714,0.05555555555555555,0.33060184857441194,0.6435959029348384,0.6511627906976745,0.6540323915774555,0.9050470588235294,-0.031171153195017114,0.514017991392762
synth5,synth(5%),6,48,logreg_C0.1,0,0.19269230769230822,0.32289811452559797,0.16436583812957772,0.010532315354768885,0.05017126810116646,0.007657232365997966,0.05555555555555555,0.16328553696669335,0.3672338234892738,0.4,0.3253742378989357,0.842,-0.04382559652018028,0.25194550339723976
synth5,synth(5%),6,48,logreg_C1.0,1,0.1608900299529311,0.3001577444815067,0.16509553999858914,0.007638551964146638,0.04963987954505396,0.007308765771601968,0.05555555555555555,0.1623602464003846,0.3557350501946541,0.39215686274509803,0.3360234642241154,0.8405647058823529,-0.043657370355418494,0.2681332221799479
synth5,synth(5%),6,48,logreg_C10.0,2,0.12915563401000293,0.2948331965846693,0.1647074962161586,0.0074158715519121515,0.05001194462803019,0.007639442262461422,0.05555555555555555,0.1662573375571149,0.36424705041906597,0.4,0.33827060730833153,0.8419529411764706,-0.043537374430378896,0.29822120810285524
synth5,synth(5%),6,48,hgb_d3,3,0.23677287581699286,0.36619605156012147,0.14089380778131344,0.016035679123666272,0.053542857668039866,0.010576684955158538,0.05555555555555555,0.26565735567434884,0.5544899152380204,0.5454545454545454,0.5581268168493141,0.8700705882352942,-0.03565274323155468,0.4793012932694108
synth5,synth(5%),6,48,hgb_d6,4,0.2158664197061815,0.47933208088427176,0.13593055628256617,0.01479471645505718,0.05485070523028234,0.01137932881341079,0.05555555555555555,0.27996989916631915,0.5452865863931641,0.5684210526315789,0.5788490584175329,0.8868588235294117,-0.03464548139033641,0.5182885536365817
synth5,synth(5%),7,49,logreg_C0.1,0,0.1259628343506768,0.24039295346263032,0.16539388402183158,0.010497075331369937,0.05793677759630728,0.007850856051789671,0.05555555555555555,0.14222280599045087,0.3634675465794091,0.38095238095238093,0.27116779245711325,0.8516235294117647,-0.04510377880907801,0.09934646294640047
synth5,synth(5%),7,49,logreg_C1.0,1,0.1476190476190476,0.22360015099529207,0.165346727874561,0.015621911635893186,0.057367080471146595,0.007843415390411305,0.05555555555555555,0.14334191446331704,0.363573935929823,0.38666666666666666,0.2847790849191642,0.8526941176470588,-0.045045172129159865,0.14417788413390725
synth5,synth(5%),7,49,logreg_C10.0,2,0.1480392156862745,0.21869875241135264,0.16548569079232955,0.016030268694665208,0.0575130017005108,0.007813955093227081,0.05555555555555555,0.14275200652755918,0.36567615106976414,0.38926174496644295,0.2870472109797318,0.8519882352941177,-0.045060955850558096,0.14417788413390725
synth5,synth(5%),7,49,hgb_d3,3,0.26704135649296906,0.4019020439509544,0.13595255732222739,0.016661043864735433,0.05349111987943783,0.010759170047738145,0.05555555555555555,0.2740618019686313,0.5544899152380204,0.5794392523364486,0.5830687845405089,0.8868117647058822,-0.03498157902512502,0.4370100026868157
synth5,synth(5%),7,49,hgb_d6,4,0.29837609919838093,0.42966239473887946,0.13593053346660885,0.016236552936114743,0.05199274210249873,0.010799728325036343,0.05555555555555555,0.28501127015168315,0.5829252955066369,0.5833333333333334,0.6190518146947537,0.8738470588235293,-0.03429336254966823,0.45863788157074264
synth5,synth(5%),8,50,logreg_C0.1,0,0.08155481681155445,0.3355930136116344,0.216541710246234,0.01902288107405772,0.05884799863542848,0.009544873202240184,0.05555555555555555,0.10439888436605205,0.2667891875399663,0.2782608695652174,0.18473640685958467,0.7889294117647059,-0.05076912240088744,0.11311838928039336
synth5,synth(5%),8,50,logreg_C1.0,1,0.07878064834622346,0.3180099858972217,0.21508310153907037,0.01698245717081176,0.05901099853356636,0.009521396626184227,0.05555555555555555,0.10539848515944092,0.264823182270752,0.2698412698412698,0.18385567100873512,0.7865058823529412,-0.05062423289215264,0.09867967802605516
synth5,synth(5%),8,50,logreg_C10.0,2,0.08009153318077802,0.3180099858972217,0.2145090105314197,0.018577334355727768,0.05934032682139477,0.009672325680097972,0.05555555555555555,0.1079641763128324,0.2764495658826387,0.27848101265822783,0.1936621131184868,0.7881764705882354,-0.05047013644974611,0.10546218667134724
synth5,synth(5%),8,50,hgb_d3,3,0.3181003584229391,0.46456460170451747,0.17473924798185483,0.0128594373306316,0.05518766821209667,0.010849343991767733,0.05555555555555555,0.23915517919998486,0.5051210375690285,0.5063291139240507,0.5217057609030343,0.8584470588235293,-0.03830044505662275,0.45863788157074264
synth5,synth(5%),8,50,hgb_d6,4,0.33274350649350626,0.5944164636669317,0.16914013048493295,0.012463784781086326,0.05501549009509699,0.011093889911997824,0.05555555555555555,0.25395027287258415,0.526054534969404,0.5194805194805194,0.5391827066322163,0.8725764705882353,-0.03703648012927685,0.4793012932694108
synth5,synth(5%),9,51,logreg_C0.1,0,0.15260545905707196,0.3413167335717342,0.17961374113729897,0.005815350200369179,0.05001648163146265,0.004407622744268539,0.05555555555555555,0.10777473148485134,0.3366012569996364,0.37398373983739835,0.2799884635078752,0.7947764705882352,-0.04614493144140674,0.09156771056279918
synth5,synth(5%),9,51,logreg_C1.0,1,0.15859154929577463,0.3511715040791942,0.17715292667371796,0.009787398770814372,0.04991899848676934,0.004413707891195295,0.05555555555555555,0.110196306712237,0.3669868121509415,0.40350877192982454,0.28926135395841807,0.8022352941176472,-0.0459204497600517,0.07013098674613823
synth5,synth(5%),9,51,logreg_C10.0,2,0.1572222222222222,0.35940140131141024,0.17701221162440528,0.009979113584435722,0.049965946000434094,0.004354192819804465,0.05555555555555555,0.11005320143072089,0.3528056395108994,0.3898305084745763,0.2907222738758512,0.8037764705882353,-0.04586979458213564,0.07013098674613823
synth5,synth(5%),9,51,hgb_d3,3,0.24474789915966388,0.534506214128221,0.1613428743993477,0.013404288397764823,0.04995623027227906,0.008496253182970943,0.05555555555555555,0.2007544149673765,0.4329646353436726,0.45161290322580644,0.43880334510237917,0.8335882352941176,-0.04096061825985518,0.31688471712175664
synth5,synth(5%),9,51,hgb_d6,4,0.17423629089630904,0.5034393347311873,0.1583427780585593,0.011958496905776982,0.054166325495742934,0.009734827272496815,0.05555555555555555,0.2030445529196223,0.4467688682236116,0.4778761061946903,0.40716318887617664,0.8443647058823529,-0.04115137190978277,0.31013613093903053
synth5,synth(5%),10,52,logreg_C0.1,0,0.2141253306996213,0.3175581140924818,0.1994603054741532,0.010131500681105883,0.05207014630815727,0.005500061494682025,0.05555555555555555,0.12297483914895242,0.327006873089089,0.34328358208955223,0.2935104988700344,0.8094823529411765,-0.04546490848553186,0.14417788413390725
synth5,synth(5%),10,52,logreg_C1.0,1,0.18531602906897024,0.35787854479865067,0.20145004138075162,0.00554754013815374,0.05151021375947997,0.005558171252849467,0.05555555555555555,0.12569479382486026,0.327006873089089,0.3548387096774194,0.2987608690216522,0.796129411764706,-0.0453156108889904,0.1993949461426377
synth5,synth(5%),10,52,logreg_C10.0,2,0.18531963267257384,0.3503974648959897,0.20098903055886902,0.005907587566997745,0.05149730337922524,0.005558997232586162,0.05555555555555555,0.12720541980773672,0.327006873089089,0.3548387096774194,0.3132071243251132,0.7968470588235294,-0.04516509970525852,0.1993949461426377
synth5,synth(5%),10,52,hgb_d3,3,0.21200637689201157,0.512369910226557,0.1768802833259522,0.01464565927294283,0.047654566210439515,0.01035355984727841,0.05555555555555555,0.24832983329319672,0.47032008291392036,0.4883720930232558,0.48113098503434365,0.845964705882353,-0.038649153837706285,0.4006936717190379
synth5,synth(5%),10,52,hgb_d6,4,0.154305903341596,0.4323647168574013,0.15286865332871258,0.01253565857188699,0.04904986389118384,0.011571648093611704,0.05555555555555555,0.25012585752657995,0.4277574270226069,0.46017699115044247,0.45843607019772714,0.8570000000000001,-0.03933520990854649,0.43989196569155253
synth5,synth(5%),11,53,logreg_C0.1,0,0.15105946684894053,0.29145194602782215,0.16284827815176106,0.010092454326108594,0.056637140498518306,0.007726978813387148,0.05555555555555555,0.16257549791697506,0.35308370732960964,0.3829787234042553,0.34555567924280983,0.8423647058823529,-0.04298148913705938,0.31688471712175664
synth5,synth(5%),11,53,logreg_C1.0,1,0.12417582417582418,0.297623221293508,0.16140337308074484,0.009759744009415212,0.05692162842730158,0.007859402027566699,0.05555555555555555,0.16852142233354583,0.37480552397847217,0.3973509933774834,0.37002442432634963,0.8441411764705883,-0.042442905184333246,0.3444969128084707
synth5,synth(5%),11,53,logreg_C10.0,2,0.12152768638994713,0.30972197710260563,0.16103697708300455,0.009607736430408853,0.05700593714286226,0.007871103737879246,0.05555555555555555,0.1692182422512153,0.37982213744811644,0.40268456375838924,0.3710547240138857,0.8453882352941177,-0.042368387951510586,0.3444969128084707
synth5,synth(5%),11,53,hgb_d3,3,0.11270527225583406,0.41146214833978684,0.1434188591447945,0.016718477725605016,0.05576091859623766,0.01086757208993029,0.05555555555555555,0.23296903036110495,0.46566953183662835,0.4852941176470588,0.48470757457771185,0.8992941176470588,-0.03884690210170441,0.37115969012129296
synth5,synth(5%),11,53,hgb_d6,4,0.2133205797911696,0.5267414388721977,0.12834125125802728,0.016806895912348314,0.05588781288106846,0.01310480714671714,0.05555555555555555,0.297055207776428,0.5719051591439668,0.5961538461538461,0.5855434237179837,0.915329411764706,-0.034314016842542025,0.4705269531335079
synth1,synth(1%),0,42,logreg_C0.1,0,0.01927252131776848,0.08033627166465333,0.06887712520027603,0.0018270559113538567,0.01262874813918024,0.00020543259381414152,0.013333333333333334,0.008011010259591212,0.11537717468231311,0.09523809523809523,0.041486515746666244,0.6591591591591591,-0.013156277542943363,0.0
synth1,synth(1%),0,42,logreg_C1.0,1,0.01732294230243369,0.0679032639421148,0.06989487786056446,0.0016176207549893162,0.012510148566843932,0.00014103412673127755,0.013333333333333334,0.004678871768611916,0.08255840351892282,0.08695652173913043,0.029514341469032417,0.6080611861861861,-0.01317797202767024,0.0
synth1,synth(1%),0,42,logreg_C10.0,2,0.017793441967980366,0.04086768970396362,0.07000462531472647,0.0014553150446532707,0.01267154218800601,0.0001413946128675393,0.013333333333333334,0.00441365554437796,0.0757960615298339,0.07228915662650602,0.027108010272060203,0.5952045795795796,-0.013184140643914601,0.0
synth1,synth(1%),0,42,hgb_d3,3,0.01591742212487069,0.07728581449265363,0.06952838474099378,0.006776657600997445,0.015138863349045687,0.0020644150513930205,0.013333333333333334,0.025831092973195986,0.13593640417013383,0.12121212121212122,0.050808569438916255,0.7556306306306306,-0.014499692272104901,-0.007767122075015001
synth1,synth(1%),0,42,hgb_d6,4,0.013496006986647942,0.12687294339730412,0.06242576014624564,0.003393258515401575,0.01147947327333725,0.0005112447077556813,0.013333333333333334,0.03656231799392246,0.19555763406931534,0.17391304347826086,0.10565778106887927,0.828734984984985,-0.012776783178239806,0.0
synth1,synth(1%),1,43,logreg_C0.1,0,0.09034629981024668,0.0233636628236517,0.07133065190597142,0.004798667108132624,0.013588368993979425,0.0015319182292712105,0.013333333333333334,0.01985361511058218,0.1293954790720906,0.13043478260869565,0.037968721007441426,0.6257507507507508,-0.014160264109569118,-0.0067227745291367925
synth1,synth(1%),1,43,logreg_C1.0,1,0.07757367516849478,0.05793974959925209,0.07112015694328411,0.0029565821500472664,0.01300009407753097,0.0006859157446408002,0.013333333333333334,0.017170636853892397,0.11206421176445028,0.1111111111111111,0.036302418504369396,0.5834271771771773,-0.013395409848808118,0.0
synth1,synth(1%),1,43,logreg_C10.0,2,0.06918238993710692,0.05166060821027111,0.07126288844072727,0.0029798429276281023,0.012921226335632658,0.0005371837090389949,0.013333333333333334,0.015156170063513922,0.09867967802605516,0.0967741935483871,0.031178545664829853,0.5785472972972973,-0.013300262502119476,0.0
synth1,synth(1%),1,43,hgb_d3,3,0.0966652596032081,0.17801830219228934,0.06501328029395094,0.0023919191448118237,0.012119949354482013,0.0006583385699415195,0.013333333333333334,0.05685792766089471,0.2649278388420163,0.2727272727272727,0.17680590391200596,0.6693412162162161,-0.01238818847044008,0.0
synth1,synth(1%),1,43,hgb_d6,4,0.05012531328320802,0.12961330625895262,0.06852165354596922,0.004667144042479419,0.012050001768814949,0.0007748398456817999,0.013333333333333334,0.03650595667134138,0.18693218502569456,0.19047619047619047,0.07393870840230374,0.6497747747747749,-0.013018330267039701,0.0
synth1,synth(1%),2,44,logreg_C0.1,0,0.01213733075435203,0.08697542826376246,0.06951647207745743,0.0016621298804547482,0.01255592453490352,0.0001787541125440042,0.013333333333333334,0.0037366511815705335,0.10346327368936933,0.06896551724137931,0.02887484521802394,0.7196884384384384,-0.013239470225757468,0.0
synth1,synth(1%),2,44,logreg_C1.0,1,0.011334487623444914,0.0802961841693492,0.06943391370931522,0.001500230724499072,0.012712190166747166,0.0001483131531667323,0.013333333333333334,0.005099158501291658,0.0961036440209731,0.09523809523809523,0.03752044861726269,0.7053772522522523,-0.013173211118761538,0.0
synth1,synth(1%),2,44,logreg_C10.0,2,0.011437908496732027,0.0802961841693492,0.06945395780191316,0.0014906900903967873,0.01272251175954397,0.00014566400789565485,0.013333333333333334,0.00493250475266817,0.0961036440209731,0.09523809523809523,0.03441991381830863,0.7051426426426426,-0.01317478130878058,0.0
synth1,synth(1%),2,44,hgb_d3,3,0.04193376068376069,0.27041253582965047,0.06719846761365231,0.0024724514963072367,0.01315922601234967,0.0005610902748318177,0.013333333333333334,0.008473443826420584,0.10101759187853089,0.1111111111111111,0.0431522384858793,0.7274774774774775,-0.013495171282187673,-0.003877075821119173
synth1,synth(1%),2,44,hgb_d6,4,0.04448394707861894,0.26215741836468687,0.06141362827747967,0.0029851375765780563,0.012427017196492854,0.0003732898303789271,0.013333333333333334,0.028460057466781413,0.22344761150006748,0.20833333333333334,0.07234746976733722,0.7639358108108107,-0.012806416840949979,0.0
synth1,synth(1%),3,45,logreg_C0.1,0,0.03056338028169014,0.12608116477199896,0.06648913872381897,0.0007203376622946702,0.012612995671038664,4.8715813843985974e-05,0.013333333333333334,0.007711826888095519,0.1725111508738711,0.18181818181818182,0.09897455258544793,0.734984984984985,-0.013007368644957216,0.0
synth1,synth(1%),3,45,logreg_C1.0,1,0.023558014755197854,0.15015162087987086,0.06690262258321066,0.0005494627655613493,0.012783870567771985,4.1861477149897906e-05,0.013333333333333334,0.006703524149276491,0.16134959896024517,0.136986301369863,0.11920538994085102,0.7058933933933934,-0.013024966150456124,0.0
synth1,synth(1%),3,45,logreg_C10.0,2,0.027879606405556628,0.03277548902413102,0.06714645832039132,0.0005682938117602173,0.012765039521573117,4.014656757979667e-05,0.013333333333333334,0.006132666031578073,0.16979370292209667,0.17647058823529413,0.11833777909193256,0.7050487987987987,-0.013038098493173117,0.0
synth1,synth(1%),3,45,hgb_d3,3,0.037868162692847124,0.263317039129488,0.06143592967526361,0.0006499067148546638,0.013285602387933618,0.0002014214402280563,0.013333333333333334,0.025279687149304276,0.24364182704125784,0.23255813953488372,0.10106468580747097,0.8107169669669669,-0.01269301815973484,0.0
synth1,synth(1%),3,45,hgb_d6,4,0.04461279461279461,0.2092826012240655,0.060480298676048115,0.0007676638752686655,0.013588116463163113,0.00036785151515974986,0.013333333333333334,0.03747890011564732,0.21988448186120865,0.20408163265306123,0.1261250371608297,0.808933933933934,-0.012528111931286131,0.0
synth1,synth(1%),4,46,logreg_C0.1,0,0.07894736842105263,-0.008135543313815727,0.06360409716376884,0.0012735607914031377,0.014606894124736473,0.0005028551139131724,0.013333333333333334,0.023271997989877585,0.2649278388420163,0.2727272727272727,0.1313214059737714,0.7472785285285285,-0.013019557949629097,-0.003877075821119173
synth1,synth(1%),4,46,logreg_C1.0,1,0.06018518518518518,-0.014634420911035593,0.06321630645332486,0.0009835207359054868,0.014316854069238822,0.0004515156794247488,0.013333333333333334,0.019704133159032616,0.2212766298291629,0.23076923076923078,0.08817201528597365,0.7866460210210211,-0.013071087875859935,-0.003877075821119173
synth1,synth(1%),4,46,logreg_C10.0,2,0.06447298020331728,-0.010936982753963494,0.06363259802605452,0.000865507359375199,0.014198840692708534,0.00044249195241190064,0.013333333333333334,0.018709096705199824,0.23986486486486486,0.25,0.09403512685045981,0.7817661411411411,-0.013091036573317722,-0.003877075821119173
synth1,synth(1%),4,46,hgb_d3,3,0.06049382716049383,0.08331997463244444,0.06053894866261629,0.002143986556200932,0.013683962866477512,0.0007209701822200599,0.013333333333333334,0.04669351143099137,0.20235586020400628,0.2,0.12181356941005,0.7827045795795795,-0.012632262674909786,-0.003877075821119173
synth1,synth(1%),4,46,hgb_d6,4,0.04574887387387388,0.10284399531885406,0.05415133711508431,0.004497690055767489,0.01265884760875627,0.0005935907519543557,0.013333333333333334,0.05822799917247867,0.31013613093903053,0.25806451612903225,0.1498175316943064,0.8960210210210211,-0.012256300896527239,0.0
synth1,synth(1%),5,47,logreg_C0.1,0,0.01378859561752988,0.09414665427891775,0.07046423716317152,0.0016232271195050015,0.011992157495879615,0.0001872618025391954,0.013333333333333334,0.0037395925889771335,0.07157677389393446,0.06299212598425197,0.023098369618513814,0.6515578078078079,-0.013251239578702086,0.0
synth1,synth(1%),5,47,logreg_C1.0,1,0.008399793235858809,0.04525978904239819,0.07128018781887295,0.0039385109607011325,0.012147040021296301,0.00024621830585043193,0.013333333333333334,0.0030667207125396993,0.058527181736631344,0.06666666666666667,0.020996770750989987,0.5976445195195196,-0.013326119166294184,0.0
synth1,synth(1%),5,47,logreg_C10.0,2,0.049215542613683674,-0.014162522541153499,0.07150108475583064,0.004012076112042837,0.0121098351042983,0.00024279240842512478,0.013333333333333334,0.002703589148589868,0.052588217526965866,0.06666666666666667,0.020526053005057696,0.5779842342342343,-0.013332010708007873,0.0
synth1,synth(1%),5,47,hgb_d3,3,0.034691469898767605,0.17192918017846393,0.06749030154258243,0.005219968464939789,0.012615950441853934,0.00037330731850594164,0.013333333333333334,0.014581325939855234,0.1740122992212915,0.16666666666666666,0.048367238272663524,0.6840746996996997,-0.013156054595015836,0.0
synth1,synth(1%),5,47,hgb_d6,4,0.028354978354978355,0.2002532827134419,0.06546676233140593,0.005695192302971448,0.013070302309582444,0.00115364309367187,0.013333333333333334,0.022816736049227737,0.17880804898414526,0.15625,0.06105774500525542,0.7850506756756757,-0.013714805920301684,-0.0067227745291367925
synth1,synth(1%),6,48,logreg_C0.1,0,0.03630887185104052,0.19874916313337848,0.06489295487599181,0.0009193258754110981,0.012414007457922236,6.170967152332668e-05,0.013333333333333334,0.011217550782718251,0.23871750049096221,0.24242424242424243,0.09855923348378082,0.745167042042042,-0.012933188312386192,0.0
synth1,synth(1%),6,48,logreg_C1.0,1,0.027261675824176136,0.19887695782163203,0.06571503662076225,0.0010290168815792616,0.012304316451754073,4.8042246556403046e-05,0.013333333333333334,0.009333270021865193,0.1740122992212915,0.17391304347826086,0.09386853153214353,0.7179992492492493,-0.012968631275456121,0.0
synth1,synth(1%),6,48,logreg_C10.0,2,0.030189959294436908,0.20182834050883777,0.06586659697894869,0.0009959486730127167,0.012337384660320617,4.632921566617151e-05,0.013333333333333334,0.00894352665075712,0.17109354653697595,0.17391304347826086,0.09298194411257843,0.7141516516516516,-0.012976407426522004,0.0
synth1,synth(1%),6,48,hgb_d3,3,0.033105826062482406,0.17977325450158135,0.06372590429920076,0.0011697735348355318,0.012469703640036599,0.00016315944031502382,0.013333333333333334,0.024548479142384515,0.18693218502569456,0.18181818181818182,0.0951697261072261,0.7233014264264264,-0.012694558062253431,0.0
synth1,synth(1%),6,48,hgb_d6,4,0.08527716468590815,0.11702666151411853,0.06587656158640906,0.0012987762463740706,0.012380274770463126,0.00020808669560728302,0.013333333333333334,0.020457033288219077,0.18303879416633742,0.19047619047619047,0.10020937597700791,0.6990427927927928,-0.012845646279103305,0.0
synth1,synth(1%),7,49,logreg_C0.1,0,0.0131466255566975,0.12444446039630708,0.07010960360426563,0.0029972325416121872,0.013233596219897347,0.00020583642317934046,0.013333333333333334,0.0038466082526552163,0.08324660098518057,0.06451612903225806,0.024189731182042346,0.583521021021021,-0.013260567537880413,0.0
synth1,synth(1%),7,49,logreg_C1.0,1,0.02840136054421769,0.09063050033820175,0.07036815822635743,0.0004305173371046758,0.012902815996228658,0.00011096614621459635,0.013333333333333334,0.0030483635327430776,0.05650030863553887,0.058823529411764705,0.020044314579651612,0.548658033033033,-0.01318778950347751,0.0
synth1,synth(1%),7,49,logreg_C10.0,2,0.028350083752093802,0.026179935421923865,0.07028493908099455,0.00043307987955435237,0.012900253453778982,9.922779994399558e-05,0.013333333333333334,0.00301693879089914,0.07351167588851058,0.08163265306122448,0.02264997601691528,0.6067473723723723,-0.013176874564350393,0.0
synth1,synth(1%),7,49,hgb_d3,3,0.10716833541927402,0.29857376665887303,0.0663592314264601,0.003334099641987275,0.013814224688290931,0.0007992687337853289,0.013333333333333334,0.03596548281901464,0.18303879416633742,0.19047619047619047,0.10064096117131599,0.6254222972972973,-0.012992084760290118,-0.003877075821119173
synth1,synth(1%),7,49,hgb_d6,4,0.035817805383022774,0.12881841484453027,0.06719116483208966,0.00339929772654809,0.012800478423677578,0.0005110886171716721,0.013333333333333334,0.023392496799879318,0.18100485220239534,0.15873015873015872,0.06876965884732032,0.6701388888888888,-0.01306370670751932,0.0
synth1,synth(1%),8,50,logreg_C0.1,0,0.026151315789473682,0.17647751944349535,0.06651510405271524,0.0006133648864490057,0.012719968446884326,0.00014052796183442666,0.013333333333333334,0.015531491343223444,0.13195287289087654,0.13333333333333333,0.12640831550662807,0.6426895645645645,-0.012897195006419792,0.0
synth1,synth(1%),8,50,logreg_C1.0,1,0.03,0.2294711789935078,0.06745013684765983,0.0009392489718847448,0.012764141817830223,0.00011606677281845318,0.013333333333333334,0.011732941559275383,0.1374026582732675,0.13953488372093023,0.11800496950033562,0.6468186936936937,-0.012969813580255106,0.0
synth1,synth(1%),8,50,logreg_C10.0,2,0.028199815837937382,0.2294711789935078,0.06754426014618294,0.0009438055736784323,0.012767632575324544,0.00011402199338952099,0.013333333333333334,0.011391199382026219,0.1374026582732675,0.13953488372093023,0.11890246069589464,0.6471002252252251,-0.012976525387315993,0.0
synth1,synth(1%),8,50,hgb_d3,3,0.035050862450243254,0.251452390251759,0.06799652718970103,0.0014107853523266317,0.013024685276085711,0.00024125171923159618,0.013333333333333334,0.014839316456741983,0.1288662523218597,0.12,0.07404048767816257,0.6474286786786788,-0.013010948799101047,0.0
synth1,synth(1%),8,50,hgb_d6,4,0.06970344659602971,-0.0036310343357686546,0.0661282066616419,0.0005693697586054283,0.013251633215947025,0.00020508088565832276,0.013333333333333334,0.015434151967471981,0.18303879416633742,0.19047619047619047,0.09207027551499786,0.6842623873873874,-0.012955782738605369,0.0
synth1,synth(1%),9,51,logreg_C0.1,0,0.03867098395954763,0.07717107290280188,0.06530554662797626,0.0030269825299658296,0.013193523923408841,0.00042275083965804074,0.013333333333333334,0.018186191340759314,0.15794494481232024,0.15,0.05884121202316884,0.7242867867867868,-0.013102308629305403,0.0
synth1,synth(1%),9,51,logreg_C1.0,1,0.02773224043715847,0.07920986155436748,0.0667296302555635,0.0023807201741394214,0.013011170263841932,0.0003305897267989106,0.013333333333333334,0.015298407418909702,0.15481433659130614,0.14285714285714285,0.05135086058086141,0.7048611111111113,-0.013088558665832025,0.0
synth1,synth(1%),9,51,logreg_C10.0,2,0.027742230347349177,0.07977073991724283,0.066789130454554,0.002165637903688045,0.012994843352583491,0.0003224335982491121,0.013333333333333334,0.014812352307330892,0.1538867539982992,0.13333333333333333,0.049247941065475746,0.7022804054054055,-0.013093287074131762,0.0
synth1,synth(1%),9,51,hgb_d3,3,0.14833693303340947,0.06476502221183073,0.06613023080784321,0.006170468616652112,0.01219319981560251,0.0007357499105469653,0.013333333333333334,0.05299456871053878,0.18303879416633742,0.19047619047619047,0.1953506589647995,0.7460585585585586,-0.012558436493453345,0.0
synth1,synth(1%),9,51,hgb_d6,4,0.18114874815905743,0.18978289827203934,0.06587025560084099,0.00656935914926694,0.013461944493467451,0.0015105133547169667,0.013333333333333334,0.07082881728828133,0.16339987400699876,0.17391304347826086,0.14603479604646188,0.7574136636636637,-0.012793656268350394,0.161346588699283
synth1,synth(1%),10,52,logreg_C0.1,0,0.03612903225806452,0.343370606229657,0.057935217773043744,0.003331810515584139,0.014557857666362474,0.00041016763893112905,0.013333333333333334,0.053487470623264116,0.31106858902204687,0.3125,0.23468310697914002,0.8284534534534533,-0.012097616530456599,0.0
synth1,synth(1%),10,52,logreg_C1.0,1,0.04127906976744186,0.3860893891697412,0.05974494341660156,0.002531272824488259,0.014793852660856862,0.0004649006039544942,0.013333333333333334,0.04758953708432795,0.23986486486486486,0.25,0.1633033441402556,0.8060716966966965,-0.012304635212580989,0.0
synth1,synth(1%),10,52,logreg_C10.0,2,0.03878231859883236,0.3629769575524808,0.06001031770160347,0.0023964532360005314,0.014759807883494933,0.0004836435198141272,0.013333333333333334,0.047024615659931095,0.23986486486486486,0.25,0.16271218210532373,0.8054147897897899,-0.012340401763053838,0.0
synth1,synth(1%),10,52,hgb_d3,3,0.04196169267781135,0.11335491599821403,0.06296172920498179,0.002192314003733219,0.012239521318382395,0.0001638730235225919,0.013333333333333334,0.03589166652672122,0.19097826365056025,0.2,0.17846603483269796,0.7417886636636637,-0.012415338062999373,0.0
synth1,synth(1%),10,52,hgb_d6,4,0.036399072903497684,0.1932681653460935,0.06188279444878097,0.003375092527969537,0.012285100987980736,0.0005496214965046681,0.013333333333333334,0.03491956647131667,0.18349696386387518,0.18181818181818182,0.11735166637438216,0.8062593843843844,-0.012823889854601265,-0.003877075821119173
synth1,synth(1%),11,53,logreg_C0.1,0,0.036375661375661374,0.27318601655091046,0.12286223141908269,0.0025879745481911113,0.012439115524650594,0.00029218854518594194,0.013333333333333334,-0.0006155872524578848,0.03364603523251786,0.04878048780487805,0.01621101497260521,0.5134196696696697,-0.013464195043697972,0.0
synth1,synth(1%),11,53,logreg_C1.0,1,0.025561127676877883,0.21670888853823458,0.0996452125280364,0.0031597523854332626,0.01285593813477208,0.0003726132290631723,0.013333333333333334,-0.0014145447751932442,0.025706362384963516,0.041666666666666664,0.014287189461482358,0.46448010510510507,-0.013564951409532398,0.0
synth1,synth(1%),11,53,logreg_C10.0,2,0.034523809523809526,0.24003660818476785,0.0996496089733936,0.0033322077580023412,0.012967611725924685,0.0003810302327834748,0.013333333333333334,-0.0014379593673294457,0.03496590231466285,0.05,0.014810940690165005,0.4679054054054054,-0.013574038275080197,0.0
synth1,synth(1%),11,53,hgb_d3,3,0.012820767458488917,0.03567854705235669,0.09519962052421194,0.0015071213004199265,0.011826212032913404,0.00017722398496993814,0.013333333333333334,0.013665474638377374,0.08364702377553088,0.08,0.06226290865141183,0.5966122372372372,-0.012996168715918209,0.0
synth1,synth(1%),11,53,hgb_d6,4,0.019461715356443234,0.08292662529337648,0.07134390124170287,0.005189536374667531,0.013194929381839261,0.0012616992946701863,0.013333333333333334,0.008081396135879448,0.12588628306125707,0.125,0.045433849765196224,0.6815409159159159,-0.014205735121750756,-0.007767122075015001
cc10,creditcard(1%),0,42,logreg_C0.1,0,0.2308061792586896,0.8309722839384078,0.01126180943436852,0.001449985496478975,0.010547870733779545,0.007785290846962781,0.009939459654829674,0.7898043393128471,0.8766050905185895,0.8778280542986425,0.9008769480048417,0.988342860935724,-0.0016181622291804455,0.9139571656652224
cc10,creditcard(1%),0,42,logreg_C1.0,1,0.1950407469617509,0.8301319544482413,0.010901542511735727,0.0012396227006127084,0.010637502017819985,0.008144792611884713,0.009939459654829674,0.8110793539653193,0.8857462278871755,0.8868778280542986,0.9011340876115679,0.9848079683390444,-0.0014776161477344167,0.9188111448723522
cc10,creditcard(1%),0,42,logreg_C10.0,2,0.18273315071558172,0.8413001859370881,0.010866130346707196,0.0012910900115595445,0.010665417072933638,0.008192813910698347,0.009939459654829674,0.8120476351524891,0.8857462278871755,0.8868778280542986,0.9013420169842155,0.9846034498494114,-0.0014845304072084978,0.9188111448723522
cc10,creditcard(1%),0,42,hgb_d3,3,0.39854861548794,0.8661754916010789,0.0082109156653162,0.0017982286729674422,0.010576063667955122,0.0079543001724917,0.009939459654829674,0.8093351392507648,0.8948873652557614,0.8959276018099548,0.9227851480636017,0.9859935947961868,-0.0013696720848399998,0.929405761019568
cc10,creditcard(1%),0,42,hgb_d6,4,0.11011949685535286,0.86734325892112,0.00828138124695972,0.0012200173364678231,0.010407509612307488,0.008038249077053276,0.009939459654829674,0.8218264297402762,0.8948873652557614,0.8959276018099548,0.9196235461701757,0.9817323089432244,-0.001331955793598477,0.934002713570288
cc10,creditcard(1%),1,43,logreg_C0.1,0,0.26107638888887486,0.8455584951465792,0.014709080675923279,0.0011650034239958217,0.010515746878920809,0.007986573314422265,0.00995204921740704,0.7441736545590769,0.8126147353492743,0.8144796380090498,0.8287648834863613,0.9680019605725537,-0.0027699000592897195,0.8461335775971827
cc10,creditcard(1%),1,43,logreg_C1.0,1,0.24453593041228333,0.8492776030670234,0.014759219927253557,0.0012280430221850215,0.0105557304946026,0.00826423552950437,0.00995204921740704,0.7639381301872574,0.8126147353492743,0.8144796380090498,0.8143009759862067,0.9651653610028826,-0.0026182956779211087,0.8558564905816816
cc10,creditcard(1%),1,43,logreg_C10.0,2,0.21991806422001253,0.8418869515572247,0.016277937632593834,0.0008864146210895082,0.010481570057276745,0.008270221251991557,0.00995204921740704,0.7725604452376912,0.7998244855647183,0.8018018018018018,0.8137873258251459,0.961784619474467,-0.0025038340987127198,0.8595668904704341
cc10,creditcard(1%),1,43,hgb_d3,3,0.22140200442932892,0.8692645922062118,0.01494538058886165,0.0009652033696002724,0.010416628137574989,0.00834437992171361,0.00995204921740704,0.7785468763215428,0.8308972436333802,0.832579185520362,0.8611520808088978,0.9670760884916052,-0.002505218328637903,0.8524581451399207
cc10,creditcard(1%),1,43,hgb_d6,4,0.14495609729497885,0.8653589269287101,0.0177307912917677,0.0009412857822854062,0.010261563665493129,0.00829326775538747,0.00995204921740704,0.7873533279678259,0.8308972436333802,0.832579185520362,0.8302818861121237,0.9629971006787237,-0.0023938137318545395,0.8611397263127589
cc10,creditcard(1%),2,44,logreg_C0.1,0,0.2826231965176676,0.8118738313608777,0.009604701867524055,0.0019942075872779307,0.010227787777412676,0.007167656926357631,0.010397830018083183,0.766250800355257,0.9017945329395551,0.9026548672566371,0.9194627097199791,0.9873553538443205,-0.0018165241817884599,0.8790869743261535
cc10,creditcard(1%),2,44,logreg_C1.0,1,0.2618927040969666,0.8368913566409496,0.008988177284693304,0.0018537199962479168,0.010710263913355798,0.007826154471293457,0.010397830018083183,0.7904978767789591,0.9107368405764166,0.911504424778761,0.9172336186449684,0.9840741255685542,-0.001607976460993078,0.8838112633272205
cc10,creditcard(1%),2,44,logreg_C10.0,2,0.25675529681236753,0.8516027565809391,0.008851652887891436,0.0017499829692881632,0.010744788511292834,0.00793602031923384,0.010397830018083183,0.796040455876162,0.9286214558501392,0.9292035398230089,0.9175864591508132,0.9834572069835343,-0.0015756379712899304,0.8990758536997504
cc10,creditcard(1%),2,44,hgb_d3,3,0.3611928119814781,0.8547057633625549,0.008988291120829968,0.0017159601273372884,0.010606301550893682,0.007891452970973881,0.010397830018083183,0.8027326830458259,0.9196791482132779,0.9203539823008849,0.9164769290661221,0.983398017756768,-0.0014984027739662615,0.9039262799401191
cc10,creditcard(1%),2,44,hgb_d6,4,0.09621364111332674,0.869987988348278,0.010570574176922228,0.0016551008853121741,0.01026317210215954,0.007763462435936409,0.010397830018083183,0.8070845217997138,0.9196791482132779,0.9203539823008849,0.9307112487691307,0.9806780940274497,-0.001550634159553922,0.9080966760996285
cc10,creditcard(1%),3,45,logreg_C0.1,0,0.13470138711464016,0.8744061687645022,0.016451450336868626,0.0007977195905536841,0.0106232847160162,0.007979301977705841,0.010009017132551848,0.7617991921352127,0.8361983442591877,0.8378378378378378,0.8620228969568606,0.9757226941852135,-0.002339887324132627,0.8608965057450275
cc10,creditcard(1%),3,45,logreg_C1.0,1,0.11477795296328926,0.8855053432380762,0.018689681307960174,0.0008597060951879588,0.010603380687579596,0.008022026447722139,0.010009017132551848,0.7613148809636142,0.8361983442591877,0.8378378378378378,0.8551590913744722,0.9748688938505862,-0.0024068802660007355,0.8602443053703834
cc10,creditcard(1%),3,45,logreg_C10.0,2,0.12803017837777328,0.8744061687645022,0.018456883693748496,0.0009406297982658303,0.010485705107122387,0.008036272365017682,0.010009017132551848,0.7669860696651208,0.8452984362447884,0.8468468468468469,0.8562556722581527,0.975613969010453,-0.0023914591780031347,0.8549833335135083
cc10,creditcard(1%),3,45,hgb_d3,3,0.20772130699284028,0.8658143552275722,0.023764460650804595,0.0012788595862331792,0.010693385578592882,0.007870231716469481,0.010009017132551848,0.7612643799001413,0.8543985282303891,0.8558558558558559,0.8490023201680078,0.9680856737965765,-0.002191195319944532,0.8661174524047731
cc10,creditcard(1%),3,45,hgb_d6,4,0.20183867010779113,0.8841884115868717,0.01816797866946925,0.001265787662011505,0.010609085298854124,0.007967552386085647,0.010009017132551848,0.7733323694135159,0.8543985282303891,0.8558558558558559,0.8494227856721273,0.9755676069548006,-0.002103162742107769,0.8816036685492885
cc10,creditcard(1%),4,46,logreg_C0.1,0,0.10003799569682827,0.8143555565653147,0.015158321101201409,0.0013982778144780899,0.009533835865697242,0.007035118560092341,0.01055670847243526,0.7356807982189942,0.8318965101960777,0.8333333333333334,0.8383097331628575,0.9755596552514298,-0.002868651011306505,0.8263248579352584
cc10,creditcard(1%),4,46,logreg_C1.0,1,0.08170426065162907,0.7867465293154511,0.015492889613829757,0.0012652479291929938,0.009424229172320773,0.006972702227432581,0.01055670847243526,0.7360544719263434,0.8419676476212691,0.8434782608695652,0.8323606192874253,0.9693072293382343,-0.0028825286423940183,0.8263248579352584
cc10,creditcard(1%),4,46,logreg_C10.0,2,0.08095238095238096,0.7697996175751831,0.015716330778348633,0.0011734718518597292,0.009405914775528343,0.006973236122442624,0.01055670847243526,0.7316078288169747,0.822172774197722,0.8240343347639485,0.8315619157942331,0.9681802026777404,-0.0029848362956477505,0.8158918862743229
cc10,creditcard(1%),4,46,hgb_d3,3,0.01824429865666979,0.8450244525053568,0.013595824695701959,0.0011170529056114182,0.009574122747303637,0.007082636288857722,0.01055670847243526,0.7599026619616104,0.8419676476212691,0.8434782608695652,0.8564004977412344,0.97342757957385,-0.0024034209962223527,0.8815801268473591
cc10,creditcard(1%),4,46,hgb_d6,4,0.022533613677862004,0.8290347694924995,0.01367718517193907,0.001362487914239166,0.00941217758862003,0.006988930429057399,0.01055670847243526,0.7657903714199218,0.8469624375925875,0.8484848484848485,0.8609317685599859,0.9644670940950353,-0.002321095960421156,0.8710605134059918
cc10,creditcard(1%),5,47,logreg_C0.1,0,0.16724286474269745,0.8560253136543804,0.01289793818716744,0.0008544880091320462,0.010393145889859274,0.007828941698372392,0.010315808524115464,0.7706520547790586,0.8519024642614568,0.8533333333333334,0.8482982856368136,0.9721150159846905,-0.002244303400493282,0.8879566646645239
cc10,creditcard(1%),5,47,logreg_C1.0,1,0.19136113816389927,0.8721622510061945,0.012877833176503468,0.0005616899090262687,0.010523942595529438,0.007967288874063201,0.010315808524115464,0.7739518911794125,0.8519024642614568,0.8533333333333334,0.8472295978699267,0.9711461496385198,-0.002216617964612107,0.8729334751245343
cc10,creditcard(1%),5,47,logreg_C10.0,2,0.12768598363786207,0.8683130320934908,0.012932104468442026,0.0005879279560778613,0.010448287730101253,0.007899900801670186,0.010315808524115464,0.772932981552609,0.8519024642614568,0.8533333333333334,0.8451302279254731,0.9706276296941493,-0.0022270035862127337,0.8678700364572661
cc10,creditcard(1%),5,47,hgb_d3,3,0.07622053872053872,0.830520034781913,0.01122355575614052,0.0005552505458255543,0.010003993496682073,0.0077980295001425694,0.010315808524115464,0.8012859313999411,0.8788457868889226,0.88,0.8749210192862226,0.9763674409577019,-0.001892868956703448,0.8978374759590798
cc10,creditcard(1%),5,47,hgb_d6,4,0.13220795546873884,0.8522089330163387,0.011419348132426758,0.0007950097382772862,0.009987867572670865,0.007669549056779465,0.010315808524115464,0.7894238458301095,0.869864679346434,0.8711111111111111,0.8863685750458323,0.9701107138331336,-0.002015628756813438,0.8879566646645239
cc10,creditcard(1%),6,48,logreg_C0.1,0,0.19451543139314723,0.8778302450659327,0.015627857413572904,0.001220429599540576,0.01001476969023932,0.007014683663444843,0.009943053421314291,0.7362580082488204,0.8400399577861769,0.8416289592760181,0.8639396359280143,0.9895649178722309,-0.0023114959503272915,0.8529990417153168
cc10,creditcard(1%),6,48,logreg_C1.0,1,0.09806858724299772,0.8742369069620893,0.01474132193939943,0.0009930722218311583,0.010006932646418604,0.007274864800670129,0.009943053421314291,0.7632648008778837,0.8583222991901197,0.8597285067873304,0.8757851110958932,0.9875750105824058,-0.0020439035732194286,0.8732831573329373
cc10,creditcard(1%),6,48,logreg_C10.0,2,0.15638706563704852,0.8851495162352415,0.014318190936830441,0.0011258582266339705,0.010155239836721019,0.007508896507610499,0.009943053421314291,0.7760073247636842,0.8766046405940624,0.8778280542986425,0.8799298267257982,0.9870102006092145,-0.0019142991588458026,0.8784975650088213
cc10,creditcard(1%),6,48,hgb_d3,3,0.08223144910644524,0.8456243883376572,0.0100406410136773,0.001380382363090477,0.01030830431860386,0.007683053857803826,0.009943053421314291,0.79021329856943,0.8766046405940624,0.8778280542986425,0.8960830528561302,0.9805117734452165,-0.001689101258963773,0.9095111162378149
cc10,creditcard(1%),6,48,hgb_d6,4,0.11665434836166542,0.859128146886035,0.009413043291420835,0.0012425415534214103,0.010402540221102943,0.007746026122050973,0.009943053421314291,0.7896496226974998,0.8687116018384436,0.8699551569506726,0.9086540505769126,0.9886477760347935,-0.0016920274550670585,0.9095111162378149
cc10,creditcard(1%),7,49,logreg_C0.1,0,0.24652406417112616,0.8774765563542385,0.014193193114285093,0.0013187431961461387,0.01040537810035421,0.007457775084211902,0.009926901904160275,0.7561846498120206,0.8583246208843469,0.8597285067873304,0.8602186700299536,0.9684159063978588,-0.002071923517431314,0.8677721919441228
cc10,creditcard(1%),7,49,logreg_C1.0,1,0.1916487237558502,0.8859270646295616,0.01421884727052335,0.0012047823363368923,0.01026380037440146,0.007312976131583218,0.009926901904160275,0.7522081180350766,0.8491835999911871,0.8506787330316742,0.8572688865202323,0.9700947125065255,-0.0021092555109175487,0.8627650182208078
cc10,creditcard(1%),7,49,logreg_C10.0,2,0.18815205238606053,0.8897194204833848,0.013963074571016983,0.001351085031661146,0.010312569364309132,0.0074037547730079626,0.009926901904160275,0.7564110001469,0.8491835999911871,0.8506787330316742,0.8616292879298119,0.971473554246319,-0.002080581826765328,0.8574583134170876
cc10,creditcard(1%),7,49,hgb_d3,3,0.13332076166566464,0.8952454356527373,0.010785101846973176,0.0012703032869948179,0.010343504779569312,0.007639745103582802,0.009926901904160275,0.7820282516253003,0.8583246208843469,0.8597285067873304,0.8828758030304756,0.979352176398936,-0.0017802247214391202,0.9091792096060883
cc10,creditcard(1%),7,49,hgb_d6,4,0.16969696969696968,0.8859270646295616,0.010536150799559567,0.0011382162310671702,0.01024124478439804,0.007689795282011757,0.009926901904160275,0.7957916638296606,0.8635333680145011,0.8648648648648649,0.8860626530245694,0.9747101863590788,-0.0016323854864360083,0.9139581589891285
cc10,creditcard(1%),8,50,logreg_C0.1,0,0.13703703703703704,0.8417761042618477,0.01247815162013272,0.0008087447267307173,0.009519930473349092,0.006821973128667654,0.010103743797925124,0.7419535248519625,0.8248978470308608,0.8266666666666667,0.8585760921035349,0.9899448809415318,-0.002413358955402885,0.870279286171734
cc10,creditcard(1%),8,50,logreg_C1.0,1,0.11514686430083165,0.8222168686936704,0.012644875438330273,0.0006195280503305487,0.009564134272372767,0.006888825631194699,0.010103743797925124,0.7424100621621329,0.8324034124963836,0.8340807174887892,0.8562208630345908,0.9904066474853862,-0.002438179056145532,0.8553168597612053
cc10,creditcard(1%),8,50,logreg_C10.0,2,0.13478260869565217,0.8255471682333169,0.012411029925235073,0.0008208392959113035,0.009658919109576794,0.006886717185641262,0.010103743797925124,0.7412579563988648,0.8212189951746799,0.8230088495575221,0.8578951625101937,0.9911214702321282,-0.002387771000861051,0.8500639194915925
cc10,creditcard(1%),8,50,hgb_d3,3,0.12451842124415353,0.8713417725943748,0.011326317982901605,0.0005936807703940944,0.010025955982949105,0.007672236179361879,0.010103743797925124,0.786470638716898,0.8505230716871965,0.852017937219731,0.8830519325137729,0.9878821880980589,-0.0020019404183003295,0.8916784824817391
cc10,creditcard(1%),8,50,hgb_d6,4,0.11152340229264385,0.864015117941683,0.011924207083320232,0.0005928144710578466,0.010072695050077763,0.007720536871296649,0.010103743797925124,0.7841080991818988,0.8595829012826031,0.8609865470852018,0.8807280304769994,0.9821920851180168,-0.0020613061936775407,0.8871528766564429
cc10,creditcard(1%),9,51,logreg_C0.1,0,0.10285596124305826,0.8449599055188984,0.013619492139357425,0.0007368942709269963,0.009550720384683093,0.006916410239513064,0.010022573363431151,0.7421783948664666,0.8088954514529122,0.8108108108108109,0.8459247995292372,0.9707125038208585,-0.0024582287641242762,0.859202711098979
cc10,creditcard(1%),9,51,logreg_C1.0,1,0.09918032786885246,0.827794184800797,0.013949964287974464,0.0007715349544958476,0.009544674050820472,0.006907987688547836,0.010022573363431151,0.7396872881944443,0.807001226003941,0.8088888888888889,0.8384015353995896,0.9690066754094481,-0.002502573587958281,0.8588273016336059
cc10,creditcard(1%),9,51,logreg_C10.0,2,0.0858015759466272,0.8228979529793107,0.014165464685139371,0.0006535688440957787,0.00954403205660994,0.006915480004147221,0.010022573363431151,0.7396013479033626,0.8088954514529122,0.8108108108108109,0.8362059373204833,0.9711447127536147,-0.002512208350085185,0.8588273016336059
cc10,creditcard(1%),9,51,hgb_d3,3,0.10319885084883995,0.8424305987919326,0.014366626342251287,0.001110474087203146,0.009764276319856173,0.007445952563456358,0.010022573363431151,0.7723669798371049,0.8361961012453534,0.8378378378378378,0.8598263482903119,0.9715436432419284,-0.00223791910898243,0.8758443632103076
cc10,creditcard(1%),9,51,hgb_d6,4,0.1361645962732958,0.866078833546538,0.012823958740150477,0.0007242896897799934,0.009816471254689964,0.0074349346981903664,0.010022573363431151,0.7744391899611648,0.8361961012453534,0.8378378378378378,0.8580203134166429,0.9618949485786404,-0.0021461907555746034,0.8748491658264612
cc10,creditcard(1%),10,52,logreg_C0.1,0,0.12206884057970328,0.8387016800607437,0.016045310954540152,0.0006317058425775713,0.010134894941152633,0.007676587884181013,0.009965573473455336,0.7521401572111265,0.8217535435719534,0.8235294117647058,0.8352689516805567,0.9603757653400773,-0.002576982124013813,0.8335182485758741
cc10,creditcard(1%),10,52,logreg_C1.0,1,0.11850311850311851,0.8299575434460619,0.016787741544996675,0.0008806676197424795,0.01010020359836661,0.007757023898641102,0.009965573473455336,0.7559462380835786,0.8143814698966927,0.8157894736842105,0.8220396836860172,0.9549838613070678,-0.0026071775460646492,0.8489207013892519
cc10,creditcard(1%),10,52,logreg_C10.0,2,0.15444292144026173,0.8299575434460619,0.0166883050375281,0.0007848188362369073,0.010018171498015586,0.007644606562745797,0.009965573473455336,0.7570203277805941,0.8217535435719534,0.8235294117647058,0.8202506452150299,0.9540721083455345,-0.0025339789201248276,0.8529961098582187
cc10,creditcard(1%),10,52,hgb_d3,3,0.15249438486387676,0.8728608685558785,0.012772300513915362,0.0009398191057266475,0.010257477636164181,0.007836213305452302,0.009965573473455336,0.7780871620448159,0.858319061926023,0.8597285067873304,0.8679923855822571,0.9576034872886997,-0.0021279936184195164,0.8850237672816123
cc10,creditcard(1%),10,52,hgb_d6,4,0.07030303030303031,0.8572159604016283,0.012190714955164359,0.0006946406829129721,0.01012130580074264,0.007808584012423556,0.009965573473455336,0.7868729024091583,0.8467966699760779,0.8482142857142857,0.872280851916571,0.9610886962598163,-0.002028263211081767,0.8753007287878942
cc10,creditcard(1%),11,53,logreg_C0.1,0,0.2608695652173913,0.8046623650958116,0.013362096760109327,0.001446395914982191,0.010819472414692407,0.007784725913705403,0.010386560693641618,0.758546767757658,0.8620988031688095,0.8634361233480177,0.8853769826789654,0.9744007206034657,-0.002151700259068888,0.8798364576530325
cc10,creditcard(1%),11,53,logreg_C1.0,1,0.20653605914091852,0.8085029257236528,0.011274550224499219,0.0012261295402602374,0.010855704753930613,0.007785899830610323,0.010386560693641618,0.7594718130794127,0.8749690070465199,0.8761061946902655,0.8926105164792635,0.9764343619921352,-0.002107141483653344,0.8843725223198406
cc10,creditcard(1%),11,53,logreg_C10.0,2,0.12611417939091804,0.8046623650958116,0.013020031643430387,0.001175818991318103,0.010680640115429884,0.007774680813492381,0.010386560693641618,0.7684355022135,0.8749690070465199,0.8761061946902655,0.8856995791292992,0.9739138370944126,-0.0020367493917710497,0.8741027118540652
cc10,creditcard(1%),11,53,hgb_d3,3,0.04726699793964368,0.8288939324847057,0.01068952354794112,0.0010939082801148313,0.010264154289059167,0.007825699396987445,0.010386560693641618,0.799207830448275,0.9025404678234129,0.9035087719298246,0.8897806823995825,0.9663756740777188,-0.001770880189523997,0.8901936133162132
cc10,creditcard(1%),11,53,hgb_d6,4,0.16317198642941141,0.8239145721358941,0.010592390388997609,0.0014156498459676715,0.010352776586302223,0.007624257022789014,0.010386560693641618,0.7880819071050841,0.8928534222351854,0.8938053097345132,0.8960868088896028,0.9656586418846796,-0.0017281481407814283,0.8994732120190544
cc5,creditcard(0.5%),0,42,logreg_C0.1,0,0.037761468396767056,0.6475682983800853,0.0059728617263594495,0.0011121063466465564,0.0054522380309952375,0.003568301619091336,0.004962779156327543,0.71243074757232,0.6312019902229512,0.5963855421686747,0.8805977041975741,0.9903804538241174,-0.0011335081436342714,0.8774009486044919
cc5,creditcard(0.5%),0,42,logreg_C1.0,1,0.03877551020408163,0.6337531324419718,0.005655210441522545,0.0009891369398470676,0.00531073757859491,0.003607568215984136,0.004962779156327543,0.735160688561702,0.6362007773780824,0.6006006006006006,0.8843242979408621,0.9918243647080645,-0.001036261047937949,0.8706905669326245
cc5,creditcard(0.5%),0,42,logreg_C10.0,2,0.03215527823240589,0.6437329933471129,0.0059665747008656,0.0008333023804690824,0.005330668838475683,0.00368705443788746,0.004962779156327543,0.7414583137662255,0.6362007773780824,0.6006006006006006,0.8753130587318859,0.9805550174151398,-0.0010373089042588813,0.8706905669326245
cc5,creditcard(0.5%),0,42,hgb_d3,3,0.010128445276960128,0.4484591534969805,0.0064576408723167385,0.001214096874546738,0.005216930929655828,0.0032080021667379383,0.004962779156327543,0.6910005113774392,0.49353500591856375,0.41649484536082476,0.8723378248913356,0.9770144885719586,-0.0011500163804056556,0.8197814909494552
cc5,creditcard(0.5%),0,42,hgb_d6,4,0.04237188528443817,0.5661304698689087,0.007791735736545538,0.0008970406096738687,0.005461660581781805,0.0032698430455012084,0.004962779156327543,0.6508514412089629,0.6100110348833864,0.5739644970414202,0.8299657941994258,0.9640825621895674,-0.0014665776089949141,0.8037682258452484
cc5,creditcard(0.5%),1,43,logreg_C0.1,0,0.03215878415894606,0.626921055165445,0.01068120252220111,0.0006831901703270977,0.004844371404840791,0.003249373882899028,0.005130974885228194,0.6838549698477824,0.5860231049131284,0.5490196078431373,0.7820497526843515,0.9795918893778057,-0.0015692404232178615,0.8299984894847384
cc5,creditcard(0.5%),1,43,logreg_C1.0,1,0.04134424225779355,0.6222982338633157,0.01018079611831281,0.00047565793093088874,0.004888448456984479,0.0034567100774292293,0.005130974885228194,0.7151186199516268,0.60526785848413,0.5730994152046783,0.7976892902854265,0.9781939920376402,-0.001434324547867729,0.8494096430225441
cc5,creditcard(0.5%),1,43,logreg_C10.0,2,0.023057644110275687,0.6184747489328933,0.008703142304898197,0.00043024034832390995,0.00501989007293671,0.0037067129153797837,0.005130974885228194,0.7445391400731176,0.6079769173166767,0.5764705882352941,0.8154062251097509,0.9778646081363378,-0.0012924659243293147,0.8596632481612821
cc5,creditcard(0.5%),1,43,hgb_d3,3,0.011363335100742313,0.6005325809835711,0.008590091845191494,0.0006775596018656016,0.005142896460133646,0.0033163543503828847,0.005130974885228194,0.6767422161508202,0.5967610581471067,0.5663716814159292,0.8014600873297759,0.9657714567816574,-0.001503960562220593,0.7969884587566439
cc5,creditcard(0.5%),1,43,hgb_d6,4,0.005313546607665146,0.5576691983435199,0.009603576047514635,0.0005654014907328103,0.005170935203520293,0.003265273953143253,0.005130974885228194,0.6532458570146267,0.5471136104285118,0.5081081081081081,0.7851092834657706,0.9424786575105878,-0.0016749580949888612,0.7969884587566439
cc5,creditcard(0.5%),2,44,logreg_C0.1,0,0.012642450142450141,0.5620403652305784,0.011438120436390064,0.0009109256411288281,0.005320011239429405,0.0038728563342455818,0.00541198755242863,0.7061320296826115,0.5802570865159637,0.547945205479452,0.7553539337272532,0.97588385556009,-0.0017182961363935852,0.8166110731452938
cc5,creditcard(0.5%),2,44,logreg_C1.0,1,0.01255273712172509,0.5669561475622547,0.012361045977464341,0.0006633522911275305,0.005426258032643325,0.004203877364533854,0.00541198755242863,0.7381964489415829,0.589815244764211,0.5580110497237569,0.7642515919980957,0.9726603712268929,-0.0016291850760742767,0.8216517090977283
cc5,creditcard(0.5%),2,44,logreg_C10.0,2,0.014863387978142076,0.5901933914952633,0.012366706630502527,0.0007793379143294447,0.005442782384793493,0.004261990149475878,0.00541198755242863,0.7438431085219915,0.5931002876846815,0.5657142857142857,0.7660461717144709,0.9705795885669372,-0.0016142975863418286,0.8207150319438605
cc5,creditcard(0.5%),2,44,hgb_d3,3,0.04564494147827481,0.6196824410773277,0.01133642692215103,0.0013372425576894565,0.005538936294260828,0.0028297166536266206,0.00541198755242863,0.5450254076961114,0.5794074912117819,0.550561797752809,0.7143188942768625,0.9488459620006349,-0.0022769783211268103,0.7342069953373996
cc5,creditcard(0.5%),2,44,hgb_d6,4,0.01683804627249357,0.6389929730129488,0.009644689494431546,0.0008503868685799575,0.005588899419603094,0.003948971650495226,0.00541198755242863,0.6948278598471742,0.5970649309065765,0.5706051873198847,0.7718165302228499,0.9650945071721156,-0.0017310050639035705,0.7983532725202711
cc5,creditcard(0.5%),3,45,logreg_C0.1,0,0.02270433626311099,0.6200076901332873,0.006997455212175409,0.0003884354258701244,0.005136904252656389,0.0036621598426956406,0.005050960584468296,0.7283480524175486,0.6254422151288491,0.592814371257485,0.8408728834876479,0.9755328327958869,-0.0013053653603916952,0.8540188464543658
cc5,creditcard(0.5%),3,45,logreg_C1.0,1,0.022975413813554755,0.6036963538541138,0.007046300868677311,0.00026514503680725483,0.00513537336544893,0.0037591943474636113,0.005050960584468296,0.7409457267456943,0.6226079026172469,0.5892857142857143,0.838703364176194,0.9784347601564424,-0.0012758278694316861,0.8531969913962455
cc5,creditcard(0.5%),3,45,logreg_C10.0,2,0.024089635854341734,0.5910291850063747,0.007084636863329742,0.0001820354040434163,0.005178553114445654,0.0038051669270399353,0.005050960584468296,0.7395276634133108,0.6037745414154587,0.5657142857142857,0.8379533179445019,0.9761012390406257,-0.0013049018957146143,0.8472113999477622
cc5,creditcard(0.5%),3,45,hgb_d3,3,0.014697981730586864,0.5139266859972503,0.010329899535583357,0.0009336450419610737,0.0052461308403882745,0.0028896986425690197,0.005050960584468296,0.6040053921860284,0.5265096003861377,0.489010989010989,0.7307112045200881,0.9236206890969606,-0.001728819303463473,0.7628462508332857
cc5,creditcard(0.5%),3,45,hgb_d6,4,0.012899009356081452,0.5390207461803957,0.01023366246338386,0.0007041260516378845,0.005012628018272428,0.002973451674493696,0.005050960584468296,0.6239447744778241,0.55153692681576,0.52046783625731,0.7412993225709348,0.9318715843013845,-0.0017514185855393065,0.7686580956003987
cc5,creditcard(0.5%),4,46,logreg_C0.1,0,0.01648754274548119,0.5856512786248911,0.011412286244034913,0.0008282132917411727,0.004807988310955581,0.003530036304268795,0.005105037271289812,0.6875287501384599,0.5129801559728538,0.4756756756756757,0.7381938914120566,0.9274731704337497,-0.0018304369005394936,0.78944787461389
cc5,creditcard(0.5%),4,46,logreg_C1.0,1,0.014615384615384617,0.5970494632117633,0.011082649652318302,0.0007450123533026127,0.004756132719478151,0.003531247840088369,0.005105037271289812,0.6954637728964805,0.5168537921059572,0.478494623655914,0.7439888911560865,0.9405206619607261,-0.0017903462967942183,0.78944787461389
cc5,creditcard(0.5%),4,46,logreg_C10.0,2,0.01437707029812293,0.5970494632117633,0.0108202793025656,0.0006032449216130812,0.004780941556958896,0.0035138936547718202,0.005105037271289812,0.6961712809730515,0.507970179222057,0.4693333333333333,0.750390064602192,0.9375140145453902,-0.0017483405123669214,0.7950051898080378
cc5,creditcard(0.5%),4,46,hgb_d3,3,0.04253698868581375,0.5960848885843996,0.01326886644886061,0.0007707133271555367,0.004825556136608049,0.002247457411436683,0.005105037271289812,0.4991130042371771,0.5224194575554972,0.49557522123893805,0.6376828204401951,0.9132060618384029,-0.002396587103714348,0.6768929798948232
cc5,creditcard(0.5%),4,46,hgb_d6,4,0.00871514188413173,0.5916558403558531,0.012905463950343561,0.0006571388613385611,0.0047736390116682,0.0026677095616408565,0.005105037271289812,0.5616548762222583,0.5208248608141001,0.4955223880597015,0.6611295610529083,0.911949474499756,-0.002228901594140768,0.7072631696639302
cc5,creditcard(0.5%),5,47,logreg_C0.1,0,0.019589796341914587,0.5678688392306067,0.009220041041452211,0.0011418742885524421,0.005027370406285566,0.0033633491316773364,0.004927221770183528,0.6693598027124403,0.5050830590273855,0.4564102564102564,0.7938137242900376,0.9652398895231633,-0.0016365998456390365,0.7936479494332478
cc5,creditcard(0.5%),5,47,logreg_C1.0,1,0.02058959359605911,0.5674245309818166,0.009127247296791145,0.0006669632790659059,0.004991527299151992,0.0034064359374833563,0.004927221770183528,0.6807810959805596,0.5041699144159916,0.45524296675191817,0.7909136762125057,0.9634815457254824,-0.0015905168398790577,0.8114140809306846
cc5,creditcard(0.5%),5,47,logreg_C10.0,2,0.020604608009896396,0.5710858849936743,0.00912374035847215,0.000476486040551951,0.004964880105903278,0.003448530420127155,0.004927221770183528,0.687513674357375,0.5050830590273855,0.4564102564102564,0.7884141482418752,0.9633077535084564,-0.0015842076967866356,0.8160433815588947
cc5,creditcard(0.5%),5,47,hgb_d3,3,0.005499820005890716,0.4871589889291946,0.009383995350932971,0.001013317459874017,0.0048377527705674266,0.002728500209237859,0.004927221770183528,0.6223782032444116,0.42698363976647186,0.3520309477756286,0.7534688757056254,0.9642586094872213,-0.0015838723713071786,0.7808587439980772
cc5,creditcard(0.5%),5,47,hgb_d6,4,0.02284261976725545,0.5894185311083936,0.01105122565185102,0.0007937811389139015,0.0048875033016470785,0.0027449108366620805,0.004927221770183528,0.5827444175600354,0.5434590267857283,0.513595166163142,0.7258693433989578,0.9236197793047228,-0.0019564945728056185,0.7389010529920986
cc5,creditcard(0.5%),6,48,logreg_C0.1,0,0.020510418005783453,0.6554729526631485,0.005717436443545909,0.0008081035144577946,0.005213653085826512,0.003710020853224661,0.004965019183028662,0.756001354124879,0.6440960396389729,0.608433734939759,0.8673324181463791,0.9811260025979918,-0.0009968077746439286,0.8896932173092726
cc5,creditcard(0.5%),6,48,logreg_C1.0,1,0.024859943977591035,0.6601912694584356,0.005583054351815122,0.0008037592498763396,0.0052218280691142815,0.0037403882664540228,0.004965019183028662,0.7598695658854113,0.6475986563817464,0.6107784431137725,0.8686034557298578,0.9838596672096332,-0.0009820209889345383,0.8896932173092726
cc5,creditcard(0.5%),6,48,logreg_C10.0,2,0.022845918582577514,0.6554729526631485,0.005495373777097245,0.0007961608418376456,0.005192874745400321,0.0037108216936410933,0.004965019183028662,0.7631097051716558,0.6389946019746582,0.6,0.8722241784993345,0.9835386296624673,-0.000940964400297815,0.8944418896624279
cc5,creditcard(0.5%),6,48,hgb_d3,3,0.017418009564606422,0.5801209575029243,0.006733345179006939,0.0012601474255814038,0.005302506968762399,0.0033003032610459744,0.004965019183028662,0.6876654151941544,0.6155719443568222,0.5747126436781609,0.857556161950494,0.9671865399286582,-0.0012202055492420896,0.8307264860534378
cc5,creditcard(0.5%),6,48,hgb_d6,4,0.01962818808633534,0.613094765863793,0.006447769916083662,0.0014894976575859026,0.005228026884675558,0.002980691020220258,0.004965019183028662,0.6519585473439605,0.6525457396615332,0.6149253731343284,0.8647751511977636,0.990035670838574,-0.0013117544516928464,0.7987075783930578
cc5,creditcard(0.5%),7,49,logreg_C0.1,0,0.024609714002495793,0.589179081432671,0.007832098193517914,0.00045349105400033853,0.005152757408685456,0.0037060216773384808,0.004974449418893864,0.7187019157960696,0.586926649910216,0.5491329479768786,0.7973244513464353,0.9704038292298984,-0.0014152925064825602,0.8442523162317375
cc5,creditcard(0.5%),7,49,logreg_C1.0,1,0.02509965122072745,0.5950535096096534,0.007734842214614263,0.00038935411123896185,0.005130009628268985,0.0037800671970239378,0.004974449418893864,0.7310744750945968,0.5920361563795948,0.5555555555555556,0.8190051721370588,0.9708868212185943,-0.0013808760291770515,0.8396707153078947
cc5,creditcard(0.5%),7,49,logreg_C10.0,2,0.024452912985738207,0.6023358548427341,0.007686492946424451,0.0003459725795422493,0.005124148015839849,0.003804152610367924,0.004974449418893864,0.7362114758011996,0.5972789086369045,0.5621301775147929,0.8166216771019287,0.9731639900344168,-0.0013575288087142826,0.834266169528858
cc5,creditcard(0.5%),7,49,hgb_d3,3,0.011592453974139237,0.5473876006618473,0.009724488928503213,0.0012699623416650757,0.005029414259584103,0.002709008014587303,0.004974449418893864,0.591137227076732,0.5436719135627155,0.49865951742627346,0.7633640355741282,0.9442691699065828,-0.0017747275952339043,0.7451686673122441
cc5,creditcard(0.5%),7,49,hgb_d6,4,0.010382888026185583,0.5924458039081476,0.008595602122568822,0.0011142321954151317,0.005025018460333591,0.002796309182583447,0.004974449418893864,0.620406111566514,0.5883048384535432,0.5529411764705883,0.8031956508390901,0.954708862014684,-0.0015733809674362783,0.7814740415003952
cc5,creditcard(0.5%),8,50,logreg_C0.1,0,0.026006036217303824,0.5644131807031488,0.0077814091197831925,0.00045824850398889144,0.004904047356763067,0.0036017763444666498,0.005018763846814668,0.7403560272155595,0.6012513161323355,0.5688622754491018,0.8183161576279643,0.9722139662156022,-0.0012858893459166095,0.8550502188969269
cc5,creditcard(0.5%),8,50,logreg_C1.0,1,0.02620341007770759,0.5611608358776401,0.007815658125614607,0.0003485749729952213,0.004906749783344076,0.0036384804955528717,0.005018763846814668,0.7421197804287245,0.5948469052642408,0.562874251497006,0.8154204946408659,0.9721275851876598,-0.0013031709397158739,0.8450546927252229
cc5,creditcard(0.5%),8,50,logreg_C10.0,2,0.012765722576168549,0.5414250050772397,0.007977714984053438,0.00026045042041873044,0.0049163771113197256,0.0036052026774358982,0.005018763846814668,0.7385987118309267,0.5628322467715873,0.5205479452054794,0.8128348215289939,0.9600174563366419,-0.0012975468940066644,0.849767625227972
cc5,creditcard(0.5%),8,50,hgb_d3,3,0.00726899332150533,0.5141655649500387,0.00911434992372218,0.0006639187676300369,0.004869758872693805,0.0031050642899594625,0.005018763846814668,0.6604553849944558,0.5349884856883944,0.48947368421052634,0.7511475849721092,0.958945881262522,-0.0016007627314423075,0.8160815773949042
cc5,creditcard(0.5%),8,50,hgb_d6,4,0.009831834831834831,0.5995630079837075,0.010144243609851443,0.0013252628797263564,0.004539552432568049,0.002457544890931166,0.005018763846814668,0.5717249057984106,0.5871088751972869,0.5552238805970149,0.7298427413721917,0.9571466176710202,-0.0020195793438034827,0.6469231082186537
cc5,creditcard(0.5%),9,51,logreg_C0.1,0,0.028185756551141167,0.5642383881483983,0.005961910609366821,0.0009580943730165283,0.00538465173322204,0.0036470524951191644,0.004964346962722267,0.7273669674799385,0.6165749230667981,0.5738636363636364,0.8792107791125655,0.9832048258345428,-0.0011045413449228818,0.8731040783073772
cc5,creditcard(0.5%),9,51,logreg_C1.0,1,0.027172312223858616,0.5766881240569418,0.005894870307420769,0.0008638245535891432,0.005385959661985442,0.003722087899026238,0.004964346962722267,0.739738846606012,0.6277069948332868,0.5899705014749262,0.8787337513752698,0.9830097968069668,-0.0010513897764136222,0.8861862778903727
cc5,creditcard(0.5%),9,51,logreg_C10.0,2,0.027124375183769478,0.5755397471506142,0.005923450343104336,0.0007589174911251263,0.005300165480907531,0.003668405780918343,0.004964346962722267,0.7388303916036999,0.6305007253627066,0.5934718100890207,0.8772615052124213,0.9816899492017416,-0.001067447739985315,0.8861862778903727
cc5,creditcard(0.5%),9,51,hgb_d3,3,0.02062789488323719,0.5609619566913621,0.006841071567090891,0.0009309246313181827,0.0053626237962456505,0.0035294006214935864,0.004964346962722267,0.6960770482635685,0.5934046770171579,0.5444743935309974,0.8594618850770673,0.9777755558121126,-0.0013233316372981531,0.8394564986257828
cc5,creditcard(0.5%),9,51,hgb_d6,4,0.0179120648678876,0.6354773902985127,0.007045015873873182,0.0013456701573820826,0.005121046510256309,0.0030458362343787097,0.004964346962722267,0.6684843326088262,0.6362000507181211,0.6006006006006006,0.8560997668725638,0.9552037290539649,-0.001278442722302419,0.7945346340711902
cc5,creditcard(0.5%),10,52,logreg_C0.1,0,0.018000642880102863,0.6070837048422154,0.00753514870695053,0.0005504986370876243,0.005010196811805284,0.003352911768396282,0.005021942722707325,0.6898280177966798,0.590449825745626,0.553314121037464,0.8238894800606966,0.981890015697764,-0.0014639019754282383,0.8337238245295641
cc5,creditcard(0.5%),10,52,logreg_C1.0,1,0.02214919981495498,0.6132771961849682,0.007269726393074024,0.0004898568372048363,0.005046647271918955,0.0034561616226429486,0.005021942722707325,0.7044653381309947,0.6090394879505797,0.5765765765765766,0.8343699252820861,0.9820583815900293,-0.0013956417525650708,0.8391048214753432
cc5,creditcard(0.5%),10,52,logreg_C10.0,2,0.02039946923667854,0.6183684217245902,0.008496972887828481,0.0004995122979195953,0.005018178711586445,0.003438510493879653,0.005021942722707325,0.7049795451176097,0.6035530742721331,0.56973293768546,0.822370943882796,0.9784335991138464,-0.0013926859678643673,0.8337238245295641
cc5,creditcard(0.5%),10,52,hgb_d3,3,0.011374980502261737,0.5771969090630373,0.010064115847721135,0.001153542076940788,0.004671193315192596,0.0023379921064963457,0.005021942722707325,0.5679883105690866,0.5643275375968648,0.5287356321839081,0.7407693602264278,0.9364582616446931,-0.001859521430502633,0.7364270706113855
cc5,creditcard(0.5%),10,52,hgb_d6,4,0.012987209948940903,0.5784549162529004,0.008548828696361713,0.001276625673787115,0.00493356869592448,0.002687459052955978,0.005021942722707325,0.6186745073012035,0.5830499823060038,0.5418994413407822,0.822887484770308,0.9483927816503298,-0.001555869127048155,0.7928365156019481
cc5,creditcard(0.5%),11,53,logreg_C0.1,0,0.024090641234964898,0.6310854332174255,0.007839199562226838,0.0004450931250033777,0.005267057719440892,0.003933088562499831,0.005167021710556135,0.7443197356200942,0.60854289329162,0.5791044776119403,0.8196880774831262,0.9788391030882595,-0.0013480030639241723,0.8482780081587517
cc5,creditcard(0.5%),11,53,logreg_C1.0,1,0.027292993630573248,0.5904300128150747,0.007745506556335952,0.0004248381602819018,0.005381784200117244,0.004086225755646727,0.005167021710556135,0.752322149035765,0.5872308379852383,0.550561797752809,0.8225033984140648,0.9820728754776824,-0.0013339895777844278,0.857552070049071
cc5,creditcard(0.5%),11,53,logreg_C10.0,2,0.025619708431679038,0.6185993831217472,0.007851898322169227,0.0003512567654770124,0.005398909843031048,0.004129257597360372,0.005167021710556135,0.7508818107807729,0.6071519249099083,0.5773809523809523,0.8160953180531489,0.9828601870524414,-0.0013796838434937623,0.8482780081587517
cc5,creditcard(0.5%),11,53,hgb_d3,3,0.011652303200333284,0.5929249353970267,0.010207159470572645,0.0010644782810624016,0.005037846549660573,0.002555454729932928,0.005167021710556135,0.5716259514529033,0.5958461474101571,0.5671641791044776,0.733036179695935,0.9444835435894853,-0.0018926568440906341,0.7461203481206864
cc5,creditcard(0.5%),11,53,hgb_d6,4,0.011176352663121464,0.5949666196565216,0.009470909651898698,0.0014266069767899367,0.005256162199560468,0.00266150312094129,0.005167021710556135,0.5860232566782763,0.5940701129815802,0.5630498533724341,0.7742215511697198,0.9535921789986835,-0.001725662298024575,0.800483463045161
iot,iotid20(6.4%),0,42,logreg_C0.1,0,0.31233459859217283,0.7090144556710762,0.09298955086746424,0.0034638857581739267,0.059078177504484165,0.0324972186530733,0.061286473587156956,0.5873557178677539,0.7253135562058142,0.7415359207266722,0.779535399189226,0.9558034445169352,-0.023601601797077185,0.6747066506506701
iot,iotid20(6.4%),0,42,logreg_C1.0,1,0.47818117264327753,0.7086919936442665,0.09273550093002499,0.0035781337889185445,0.059058526334922264,0.03250045940151908,0.061286473587156956,0.5875833198488194,0.7215997024990619,0.738831615120275,0.7871488670379669,0.9562525692758579,-0.023589547353533986,0.6837799453819824
iot,iotid20(6.4%),0,42,logreg_C10.0,2,0.4795011672780981,0.7128692901484169,0.09301202280442261,0.0038344459695181673,0.05910651326807096,0.032721649326111935,0.061286473587156956,0.5899702372915424,0.7244082101700984,0.7414383561643836,0.7861616652594648,0.9562251636667068,-0.02351520630708287,0.6939012550149551
iot,iotid20(6.4%),0,42,hgb_d3,3,0.2875,0.9865150551684014,0.01266715704081309,0.0008465710566352193,0.06075541724564596,0.05588221903695632,0.061286473587156956,0.9752791181040091,0.986736244508,0.9875,0.9860396979342338,0.9950389711852516,-0.0016521101052827066,0.9848273573820674
iot,iotid20(6.4%),0,42,hgb_d6,4,0.21420454545454545,0.980682429782002,0.009672452470984083,0.001282823323474846,0.06061326234204574,0.055762484177193886,0.061286473587156956,0.9742139415715295,0.9810324130121802,0.9821428571428571,0.9902285846230829,0.9977684880489047,-0.0017768529908726955,0.9829180602133044
iot,iotid20(6.4%),1,43,logreg_C0.1,0,0.3496124031007751,0.7091129927193218,0.10042194425931862,0.005339289228121794,0.0665685573429924,0.035084845963552574,0.06596184785106872,0.5615484697558679,0.7101180412646474,0.7274155538098979,0.7543580844828539,0.958100809521523,-0.027206187361763567,0.6557997520997577
iot,iotid20(6.4%),1,43,logreg_C1.0,1,0.34673913043478266,0.704998445414131,0.100727723808747,0.007270655228491925,0.06655157441809054,0.035052223949760083,0.06596184785106872,0.5603394218550924,0.7084146818746355,0.7258444619010213,0.7478060189610997,0.957390913502428,-0.02733137589676505,0.7065678373904344
iot,iotid20(6.4%),1,43,logreg_C10.0,2,0.3541463107156123,0.7060274179212761,0.10022496196785045,0.004634126160782837,0.06662262366903277,0.03511868428346915,0.06596184785106872,0.5612422220288785,0.7078611208916341,0.7254130605822188,0.7473629629833827,0.9580306129797801,-0.027251805285773725,0.7012622194287443
iot,iotid20(6.4%),1,43,hgb_d3,3,1.0,0.955099061671627,0.008365344990198626,0.0006008883443396763,0.06613246338528711,0.05972212700406082,0.06596184785106872,0.9701897788310061,0.9525285282106998,0.9544626593806922,0.9942483285133351,0.9992319105119483,-0.001640963970175389,0.9840922203400154
iot,iotid20(6.4%),1,43,hgb_d6,4,0.9897959183673469,0.9832349313444312,0.008471277451926162,0.0008806506648443691,0.06636584011479811,0.059938363296969444,0.06596184785106872,0.9708991213885475,0.9821629215146924,0.983170947741364,0.9939271956776163,0.9990709407322561,-0.0015736562704211962,0.9859381848979533
iot,iotid20(6.4%),2,44,logreg_C0.1,0,0.36,0.7209097167432118,0.09339285523541901,0.007724172868572362,0.06678738227180923,0.03586235877325475,0.0619126589275843,0.5595486910803656,0.681682343397266,0.6977466977466977,0.7481817786109843,0.9628399907399613,-0.026634340865032188,0.6706974505739278
iot,iotid20(6.4%),2,44,logreg_C1.0,1,0.3542943293453945,0.7230172144272762,0.09341543269778298,0.007359674324681231,0.06704077485803783,0.035958271416853545,0.0619126589275843,0.560218614929504,0.6811505415023011,0.6972049689440993,0.7528375970190873,0.9634455762269551,-0.026533585446776517,0.6778626977065686
iot,iotid20(6.4%),2,44,logreg_C10.0,2,0.37375689495510733,0.7219106750726881,0.09327840664598079,0.0070378716004236746,0.06677608978391164,0.03592429645513767,0.0619126589275843,0.5603619998765051,0.681682343397266,0.6977466977466977,0.7462670257439524,0.9629032325953363,-0.026603594820405755,0.6789465266812267
iot,iotid20(6.4%),2,44,hgb_d3,3,0.9558823529411764,0.9751073752675531,0.006128669970937607,0.0012040322217464644,0.06255292246091938,0.0567168531398991,0.0619126589275843,0.9740487394922762,0.9885289212772431,0.9891696750902527,0.9959203459883137,0.9994143025507198,-0.0011075390225598856,0.9885475701324237
iot,iotid20(6.4%),2,44,hgb_d6,4,0.8045977484371788,0.9683891306853694,0.0057854959558938926,0.0011924721498488737,0.062342075860780784,0.056558268105701553,0.0619126589275843,0.9739311467285113,0.9837194862478593,0.9845874886672711,0.9968544255311045,0.9996418048657294,-0.0011414364411398354,0.9914059030501312
iot,iotid20(6.4%),3,45,logreg_C0.1,0,0.30420054200542007,0.7391060694537753,0.09458994534645536,0.0030012606832446357,0.0645490718322937,0.03468171658617371,0.06362007168458782,0.5727292289113473,0.6997174063071472,0.7159533073929961,0.7645055407607109,0.9588159790080194,-0.025554942070779574,0.6686542676720151
iot,iotid20(6.4%),3,45,logreg_C1.0,1,0.2931726907630522,0.7365157990293643,0.0945986839584555,0.003697221005198389,0.0646804247457864,0.03477920248171851,0.06362007168458782,0.5723751915931908,0.7015844607966749,0.7169230769230769,0.7600490727166014,0.9587486943190242,-0.025630160914809023,0.6922374991061532
iot,iotid20(6.4%),3,45,logreg_C10.0,2,0.2805316091954023,0.7365596618953,0.0952127196497243,0.0031555059153427836,0.06470120226844124,0.034597194636599264,0.06362007168458782,0.568794813499409,0.6980640664196032,0.7142857142857143,0.7569897753496452,0.958535994676191,-0.025867869338553267,0.6915386298648496
iot,iotid20(6.4%),3,45,hgb_d3,3,0.8571428571428572,0.9806532737693411,0.009537849561335732,0.0013317333607757134,0.06306706751271758,0.05694933713698566,0.06362007168458782,0.9668732911442076,0.9743708479825397,0.975653742110009,0.9916177843255849,0.9967944479075408,-0.0017918678457122385,0.9791566352387314
iot,iotid20(6.4%),3,45,hgb_d6,4,0.9666666666666667,0.9781085097213117,0.007846507884319297,0.0008661021450767807,0.06352360487762601,0.057459607222443115,0.06362007168458782,0.9705966809051035,0.9705306453521473,0.971945701357466,0.9942743662884908,0.9976707283172721,-0.00147207499179645,0.9867719124011586
iot,iotid20(6.4%),4,46,logreg_C0.1,0,0.5104685942173479,0.7024513582746185,0.10446454207889908,0.005513131442220685,0.06629873547347065,0.03574536877047688,0.062360801781737196,0.5549344104644159,0.6844702490884992,0.70355078447564,0.7298518234911846,0.9521384034611471,-0.027459642078615457,0.6844702490884992
iot,iotid20(6.4%),4,46,logreg_C1.0,1,0.31956647138350774,0.7066524486172038,0.10488941467701422,0.005081888272489484,0.06640104237001465,0.03584837287525838,0.062360801781737196,0.5546625507775229,0.680715971805552,0.6974198592650508,0.7242092040541409,0.951677023243977,-0.02754835918721422,0.675590322888508
iot,iotid20(6.4%),4,46,logreg_C10.0,2,0.5107516177202588,0.695439188723068,0.10496941754699757,0.004841398352069773,0.06630391953438239,0.03586934013183952,0.062360801781737196,0.5548473341839628,0.6767710882213533,0.696443341604632,0.7244963121556316,0.9517847599253478,-0.027591707084376554,0.6779617000162099
iot,iotid20(6.4%),4,46,hgb_d3,3,0.5853636363636535,0.9835935053062825,0.011760458422544372,0.0010083136928679334,0.061553641066368424,0.05613806818434226,0.062360801781737196,0.9700728638892849,0.9798497016095596,0.9808917197452229,0.9853312788019444,0.9933001781472685,-0.0018546482135980028,0.9817822393554773
iot,iotid20(6.4%),4,46,hgb_d6,4,0.4862700228832952,0.982767834101753,0.011966199153280427,0.0010543274949629021,0.06154323841619833,0.05591618999551941,0.062360801781737196,0.9667132750869236,0.9808163319643849,0.9818181818181818,0.986407566108513,0.9941977010519172,-0.002032159924951256,0.9788823460677268
iot,iotid20(6.4%),5,47,logreg_C0.1,0,0.5363671274961597,0.743174607745668,0.09497947334460874,0.007494491567135194,0.06406463326925042,0.03368421206270945,0.06254173158246161,0.5545800477721156,0.700322058110025,0.7164461247637051,0.7601153397722061,0.9638426094905926,-0.026552940068269165,0.700322058110025
iot,iotid20(6.4%),5,47,logreg_C1.0,1,0.5353372198086469,0.7452406258303753,0.09432374319728773,0.0070748265931398395,0.06398213084542591,0.03374109867983584,0.06254173158246161,0.5581349455542444,0.6987454517806941,0.7150943396226415,0.7617845443616799,0.9638979504415448,-0.026227746530538103,0.6987454517806941
iot,iotid20(6.4%),5,47,logreg_C10.0,2,0.5342633339200846,0.748331836605662,0.0938769205911628,0.0075943940677180655,0.06419478422230643,0.033899037863802925,0.06254173158246161,0.5605782311893138,0.7039242285782609,0.7196969696969697,0.7699139365808825,0.9636450084996941,-0.025994032784485147,0.7051427078852966
iot,iotid20(6.4%),5,47,hgb_d3,3,0.9323821339950372,0.9865861193674366,0.009709040087599033,0.0007475414063980054,0.062386308131400725,0.056816671206810034,0.06254173158246161,0.9718306264321454,0.9828059956407177,0.9837251356238698,0.9892526787171089,0.997864303988266,-0.0016218397763528407,0.9856938082058667
iot,iotid20(6.4%),5,47,hgb_d6,4,0.7926823865855063,0.977282968653963,0.009435976148977404,0.0014117908439461395,0.06221633033502235,0.056394321870967934,0.06254173158246161,0.9683196861580072,0.9789541745171242,0.9800362976406534,0.9917248516812132,0.9988110144545495,-0.0017551324947080173,0.9856858186591462
iot,iotid20(6.4%),6,48,logreg_C0.1,0,0.21767050429522064,0.6826660406815077,0.09634453545123138,0.004856092605442466,0.0627431866771257,0.03369800596304833,0.06452695146499665,0.5659800595716362,0.7023737146248717,0.7192575406032483,0.758222009253014,0.960877469774303,-0.02662249123845853,0.6692317550496459
iot,iotid20(6.4%),6,48,logreg_C1.0,1,0.21973309388159526,0.6805274612527268,0.09647461529578005,0.004871221878108206,0.06296680062019054,0.033660919083148604,0.06452695146499665,0.5648408295118212,0.7007106751085678,0.7175925925925926,0.7575119554833504,0.9607488079094932,-0.02660861914519874,0.6701079842171771
iot,iotid20(6.4%),6,48,logreg_C10.0,2,0.21497695852534562,0.6765432851663438,0.09644718870526353,0.005826540715885281,0.06284130322373167,0.03371660505624911,0.06452695146499665,0.5650384165270934,0.7018182595546997,0.719082719082719,0.7553379144889694,0.9598970705081522,-0.026703858848666367,0.6655425925339973
iot,iotid20(6.4%),6,48,hgb_d3,3,0.9444444444444444,0.9718177285270707,0.01692909917908966,0.0017160558175485013,0.06288545018409171,0.057354602796339485,0.06452695146499665,0.9653731774551019,0.9624099229928681,0.96415770609319,0.982605838215269,0.9956188666775094,-0.002565504031540592,0.9766342023041135
iot,iotid20(6.4%),6,48,hgb_d6,4,0.9523809523809523,0.9768359133076293,0.012258183441830486,0.0011244771695680868,0.06343352827927659,0.057611704835151434,0.06452695146499665,0.9658763216693438,0.968118606600582,0.9696969696969697,0.9882282637017104,0.9968283089252177,-0.0022939438767984486,0.9785554942324026
iot,iotid20(6.4%),7,49,logreg_C0.1,0,0.47123323013415885,0.7124250582921945,0.09117855878833646,0.003984096067949414,0.062368545480900844,0.03275291376639816,0.06215060835251562,0.5657093126050681,0.7118952480201731,0.7293729372937293,0.758127942243559,0.9624286678985137,-0.02498499520660445,0.6340802031893341
iot,iotid20(6.4%),7,49,logreg_C1.0,1,0.44099879178413215,0.7107098159730055,0.09124176802017005,0.0031799947892892106,0.06243637763678502,0.03289153092072636,0.06215060835251562,0.5677362886842294,0.7113641255429837,0.7289256198347107,0.7694936424257366,0.9623689925817089,-0.02485332282111979,0.6726900952429419
iot,iotid20(6.4%),7,49,logreg_C10.0,2,0.4760289461781999,0.7078027185384252,0.09097881120494138,0.0031195642839146895,0.06216226327534252,0.03273977919260525,0.06215060835251562,0.5677555432290665,0.7130459821259078,0.7304204451772465,0.7689028276020935,0.962760850188776,-0.024835326988409127,0.6743728954438456
iot,iotid20(6.4%),7,49,hgb_d3,3,0.5868109809006676,0.9852589219364944,0.008922205534066304,0.001070911488093968,0.06173538405601022,0.055799047638455654,0.06215060835251562,0.968091694774291,0.9820126298993053,0.9829596412556054,0.9907125931975943,0.997059418888155,-0.001583773992163099,0.98582069577794
iot,iotid20(6.4%),7,49,hgb_d6,4,0.8730000000000169,0.9827861366277028,0.007526794211548185,0.0008600755179485099,0.062131407658965083,0.05648505912710199,0.06215060835251562,0.9729598828764713,0.9820126298993053,0.9829596412556054,0.9931422398446188,0.9983432111957903,-0.0013657340105623487,0.9877185330789919
iot,iotid20(6.4%),8,50,logreg_C0.1,0,0.49900946511116,0.719757492347336,0.09951196033488802,0.004306118402501565,0.064322369445387,0.034010836704156285,0.06466459555862386,0.566958087785377,0.7114909799956849,0.7300252312867956,0.7589521420742386,0.9550642246094887,-0.026080499844440934,0.6435581976864592
iot,iotid20(6.4%),8,50,logreg_C1.0,1,0.4948772301713478,0.7217883156395065,0.0991791828999942,0.004240628645834447,0.06429029851064545,0.03399780308052232,0.06466459555862386,0.5677239053497273,0.7114909799956849,0.7300252312867956,0.7593620835230769,0.9561175248407683,-0.025990986558535985,0.6475919015809009
iot,iotid20(6.4%),8,50,logreg_C10.0,2,0.4971462352420809,0.7143486751074181,0.09630175231764417,0.0057177423836825975,0.06434099236464405,0.03381272775742487,0.06466459555862386,0.5662845715513981,0.7104362418415645,0.7291139240506329,0.7611290484550347,0.9554293336672139,-0.02595443905497803,0.6446153904608888
iot,iotid20(6.4%),8,50,hgb_d3,3,0.9833333333333334,0.971526382185442,0.00830424637759075,0.000652455966226092,0.06467761355831476,0.05858416199740366,0.06466459555862386,0.9714169712328724,0.9711532179952087,0.9725776965265083,0.9930163138210422,0.9974852785313685,-0.0015476463398797205,0.9856559592341104
iot,iotid20(6.4%),8,50,hgb_d6,4,1.0,0.9681349320271906,0.008297594823168865,0.0010170753157360808,0.06476331280807672,0.05850795142479846,0.06466459555862386,0.9712459761663135,0.9643293120298694,0.9659613615455381,0.9921503087379219,0.9963510983259705,-0.0014196999837936212,0.9875771369897062
iot,iotid20(6.4%),9,51,logreg_C0.1,0,0.44653075016895705,0.6876317314712427,0.08999562141741424,0.0038947586558971924,0.06303644644727993,0.03392991077657766,0.06292011019283747,0.5791085354423996,0.7237609870186609,0.741306191687871,0.7850962006644738,0.9632730780446577,-0.024542400616562064,0.693535518303452
iot,iotid20(6.4%),9,51,logreg_C1.0,1,0.36798245614035086,0.6972278384742432,0.09039298529370507,0.0036357373881022678,0.06278227575875187,0.03357747887933906,0.06292011019283747,0.5765609935122679,0.7141544588249336,0.7317473338802297,0.7825745684834409,0.9629908373189581,-0.02461876231453716,0.6903152226092105
iot,iotid20(6.4%),9,51,logreg_C10.0,2,0.34843749999999996,0.7023258643218344,0.0907128944438864,0.004800471827428046,0.06286424585406043,0.03354574468537181,0.06292011019283747,0.5745324265584714,0.7153322262402181,0.7322580645161291,0.7820346723434685,0.9621298023141063,-0.024784774199467573,0.6811747362347863
iot,iotid20(6.4%),9,51,hgb_d3,3,0.9589321734690952,0.9803794295953738,0.00840607964997362,0.00136881725638023,0.06313696182370825,0.05679710692438497,0.06292011019283747,0.9659996021462578,0.975477613693318,0.9767025089605734,0.9937970416019903,0.999120636338025,-0.001662465036247914,0.9859147854102556
iot,iotid20(6.4%),9,51,hgb_d6,4,0.949750000000131,0.9760747312359972,0.008855616324319466,0.0013505247199154166,0.06291325058861144,0.0566664963049041,0.06292011019283747,0.9667337907587953,0.975477613693318,0.9767025089605734,0.9924662896496326,0.9976448705296611,-0.0016339527633754828,0.9849639098390063
iot,iotid20(6.4%),10,52,logreg_C0.1,0,0.28178368121442127,0.6996318311690622,0.09672659750126954,0.006066321552936641,0.06826466066370196,0.038364412862401255,0.06502066808177857,0.5826116663553453,0.6889205883490134,0.7071483474250576,0.7611057246413743,0.9624306935388701,-0.026710951385114236,0.6884241318100955
iot,iotid20(6.4%),10,52,logreg_C1.0,1,0.5291452166452167,0.6967388522209766,0.09685933172785643,0.005604065358894082,0.06834582896165996,0.038313399827934844,0.06502066808177857,0.5804752568739664,0.6873706754299871,0.7075928917609047,0.7637117391587417,0.962963978091295,-0.02688640843233294,0.6873706754299871
iot,iotid20(6.4%),10,52,logreg_C10.0,2,0.28181818181818186,0.7001592097918597,0.09680724635193556,0.004925137848360517,0.06813014549705011,0.03817528101920868,0.06502066808177857,0.5820023769537078,0.6900140323393178,0.7082371054657429,0.7701130114287914,0.962516511803707,-0.026662868698807927,0.6896546564742188
iot,iotid20(6.4%),10,52,hgb_d3,3,0.9827586206896552,0.9589938743637022,0.00878632797460214,0.0014754432404237912,0.06512168197828258,0.058666729578935685,0.06502066808177857,0.9695222699206879,0.9627261281791871,0.9644128113879004,0.9910041383523241,0.9976650451531364,-0.0014942641560389482,0.98708030849131
iot,iotid20(6.4%),10,52,hgb_d6,4,0.9565217391304348,0.9607290594532798,0.008413884615270517,0.0013133675327924369,0.06550890484743055,0.05913596943809745,0.06502066808177857,0.9720591095291106,0.9702667392027072,0.9717314487632509,0.9910717389965923,0.9974631258625454,-0.001328518588034634,0.9880083920179729
iot,iotid20(6.4%),11,53,logreg_C0.1,0,0.3654307001873557,0.7163614206746198,0.09538543696920453,0.008948699581472269,0.06668322538973798,0.03513563579460889,0.06491587085038654,0.5600724786221261,0.715285476501412,0.7314017227877838,0.7499180924932108,0.9656925672978138,-0.02699152615321083,0.6417685325734662
iot,iotid20(6.4%),11,53,logreg_C1.0,1,0.3579848171152624,0.7210173182180911,0.09489538656756118,0.0072327156744351195,0.06638646405260776,0.034869832290307066,0.06491587085038654,0.559818829033558,0.714732511887086,0.7309803921568627,0.7465530365264657,0.9659882145651792,-0.026898328321995797,0.6426109169638526
iot,iotid20(6.4%),11,53,logreg_C10.0,2,0.3731884057971014,0.7158970651763504,0.09534132384475452,0.008108918540322762,0.06653360442456141,0.035062518818034565,0.06491587085038654,0.56041309976557,0.7124598140645609,0.7288401253918495,0.7464201063836197,0.96521018423392,-0.026947845618480924,0.6399662157057612
iot,iotid20(6.4%),11,53,hgb_d3,3,0.9680851063829787,0.9588279692948327,0.007762974201136676,0.001891513118992361,0.06590308787706756,0.059044589353509105,0.06491587085038654,0.9681095751560589,0.9600719170730239,0.9618181818181818,0.9939625226769904,0.9977015740528801,-0.0013875848226100817,0.9887231848118552
iot,iotid20(6.4%),11,53,hgb_d6,4,0.9722222222222222,0.9683803901185954,0.006639123174316388,0.0016831779439725183,0.06562564687547741,0.05895204982218216,0.06491587085038654,0.9705846045148465,0.9744728404356116,0.9757847533632287,0.9961914811808503,0.9994736477890334,-0.0012244347011592493,0.9896614962723096
abalone,abalone(9.4%),0,42,logreg_C0.1,0,0.1955535390199637,0.3148794745897061,0.23465497998473575,0.02553049663839517,0.09325723065920093,0.010179855706730663,0.09361702127659574,0.1388846237714038,0.4175739248423208,0.44224422442244227,0.27923607026511105,0.8499586534357662,-0.07150400710517094,0.0
abalone,abalone(9.4%),0,42,logreg_C1.0,1,0.1912666907253699,0.33395142763018326,0.2316569188777996,0.016131623785470194,0.09506128570518008,0.011161437647254817,0.09361702127659574,0.14312958045084015,0.39658119678906445,0.41904761904761906,0.2718816810159175,0.8499919974391806,-0.07155934655283867,0.0
abalone,abalone(9.4%),0,42,logreg_C10.0,2,0.15617433414043583,0.373936623043462,0.23175059972396947,0.014863985345896842,0.09559960851739896,0.012182580418428044,0.09361702127659574,0.14746540456175752,0.3968600212323036,0.4183381088825215,0.2753109116703673,0.8520993384549722,-0.07177772775256999,0.06441927133718126
abalone,abalone(9.4%),0,42,hgb_d3,3,0.2012733887733888,0.39085827965407094,0.22702940749955866,0.02377478050569474,0.09543436801473627,0.010583052110626129,0.09361702127659574,0.14687964983103916,0.40170765812319276,0.4364820846905538,0.32517267574846254,0.8708319995731968,-0.07029737277617996,0.0
abalone,abalone(9.4%),0,42,hgb_d6,4,0.16302083333333334,0.40322038528842274,0.23303458018329345,0.02258584789529343,0.09469510993511726,0.010589113559901891,0.09361702127659574,0.1395127455386959,0.3940649651723212,0.44545454545454544,0.3280032948106975,0.8677643512590696,-0.0716452649514246,0.07691491262686433
abalone,abalone(9.4%),1,43,logreg_C0.1,0,0.10986915642054046,0.3358349318955075,0.2505179276467115,0.009688727959500893,0.09694341713772499,0.010018580789286262,0.09361702127659574,0.11836946042797061,0.3393870238712596,0.37462235649546827,0.2523799681798792,0.8196289479300043,-0.07447831959484394,0.0
abalone,abalone(9.4%),1,43,logreg_C1.0,1,0.2155241935483871,0.312046529161346,0.2479135403990125,0.006166824888811434,0.09714580998968425,0.01082460893022566,0.09361702127659574,0.12190816095935947,0.34039851021965806,0.38323353293413176,0.243371391016084,0.8196956359368331,-0.07465617651853744,0.0
abalone,abalone(9.4%),1,43,logreg_C10.0,2,0.20799200799200798,0.3484253102550884,0.23926652357595077,0.00682829953645422,0.09664700155656282,0.0111274409958912,0.09361702127659574,0.13097563583059543,0.35062611468560406,0.38333333333333336,0.2674662103369363,0.8398487516005122,-0.07344312125283722,0.0
abalone,abalone(9.4%),1,43,hgb_d3,3,0.22754329004329005,0.3305246074649492,0.24071294085165826,0.013430883041634072,0.095155520088277,0.012117993169726688,0.09361702127659574,0.15193818821452007,0.40049192520029553,0.448,0.3328686940628082,0.8455305697823304,-0.07099951303548595,0.11131400282977398
abalone,abalone(9.4%),1,43,hgb_d6,4,0.24849201655824954,0.23820788560213235,0.24233060633471146,0.013382406077660709,0.09442107661033124,0.010942857008215224,0.09361702127659574,0.13841643405001458,0.3616583819501313,0.42574257425742573,0.319722320488103,0.8408090588988476,-0.072216119759038,0.04656452098572228
abalone,abalone(9.4%),2,44,logreg_C0.1,0,0.12738095238095237,0.3095150502585094,0.2826284198023797,0.01980184646347584,0.09463832115506178,0.012377405488785926,0.09361702127659574,0.11913524350107677,0.31087944231034736,0.35942028985507246,0.22275619576328992,0.7959413679043961,-0.07691486021155565,0.0
abalone,abalone(9.4%),2,44,logreg_C1.0,1,0.11964337072188669,0.346888562133678,0.303020795253419,0.017630365069702662,0.0957150229056844,0.01290883395957204,0.09361702127659574,0.12611236390835726,0.3056929903968716,0.35365853658536583,0.22916429597058524,0.8027902262057192,-0.07615069141130014,0.0
abalone,abalone(9.4%),2,44,logreg_C10.0,2,0.15784704603117072,0.36698969559585054,0.3038261650071973,0.04088831878270171,0.09532729873805386,0.013319499315216617,0.09361702127659574,0.12484088707630038,0.31346751771054737,0.3630769230769231,0.21943773777511555,0.7964415279556124,-0.07681661412329309,0.0
abalone,abalone(9.4%),2,44,hgb_d3,3,0.13740599777868218,0.3915197852395876,0.2750902494509554,0.012205469135989732,0.09663127900270538,0.013055856272193413,0.09361702127659574,0.13886667053369345,0.3610516356061552,0.39316239316239315,0.26695878897746195,0.827318075117371,-0.07401480146187199,-0.01484004156458626
abalone,abalone(9.4%),2,44,hgb_d6,4,0.11727941176470588,0.36534998610401365,0.32136865357732775,0.009878310090690935,0.09881613645059668,0.01269020433281091,0.09361702127659574,0.1314485188436888,0.3403460304576388,0.38405797101449274,0.2503198199416836,0.8201891271873667,-0.07471729964640739,-0.010487904944970912
abalone,abalone(9.4%),3,45,logreg_C0.1,0,0.15253890253890254,0.32103334981541726,0.2766005162804075,0.008335720777485985,0.09401219694279334,0.011853920531534713,0.09361702127659574,0.1307129886873563,0.3308793788670685,0.379746835443038,0.24440724416513837,0.809305644472898,-0.07448228255636269,0.0
abalone,abalone(9.4%),3,45,logreg_C1.0,1,0.20423615104466167,0.301965200344153,0.27209410038568105,0.004194453232050691,0.09345898917607202,0.012471861264959277,0.09361702127659574,0.13760387674451632,0.346033923088665,0.3848396501457726,0.2505404971327261,0.8182618437900128,-0.07399027624891977,0.0
abalone,abalone(9.4%),3,45,logreg_C10.0,2,0.11496031746031757,0.3445396804764239,0.29398118862214767,0.01016588144435041,0.0926295445565431,0.013432806119637406,0.09361702127659574,0.13973434631909057,0.3625657458905067,0.3878116343490305,0.2575384598117363,0.8241837387964148,-0.074685486296011,-0.01484004156458626
abalone,abalone(9.4%),3,45,hgb_d3,3,0.23800593842787934,0.3683816534810908,0.23429397435160892,0.0223635791822567,0.09211569808526791,0.011435405801978181,0.09361702127659574,0.1565388741039926,0.4432079868287306,0.488,0.36146993303419295,0.8643832693128468,-0.06991704711429123,0.09960029273073646
abalone,abalone(9.4%),3,45,hgb_d6,4,0.20873745819397993,0.32745842102881273,0.24118211131550285,0.03052724241243921,0.09179263895337221,0.010579267873659533,0.09361702127659574,0.13743847183390095,0.4075633526379934,0.44224422442244227,0.3102616717773313,0.8496785638070848,-0.07231652489357385,-0.01818496085832941
abalone,abalone(9.4%),4,46,logreg_C0.1,0,0.20589807555238776,0.3451436020185151,0.2583548051953847,0.012274128873832882,0.09389780040143304,0.010500501545889492,0.09361702127659574,0.11541459357452148,0.3010934549985954,0.3624161073825503,0.2351526841356646,0.7978953265044815,-0.07574062318601475,0.0
abalone,abalone(9.4%),4,46,logreg_C1.0,1,0.17541797283176594,0.3493320083571605,0.25200787437012845,0.009546861284701056,0.09398539460814785,0.011005625940398448,0.09361702127659574,0.12185885616757497,0.317921592092442,0.36419753086419754,0.2385975734851965,0.8123466175842937,-0.07514205169351258,0.0
abalone,abalone(9.4%),4,46,logreg_C10.0,2,0.09212962962962963,0.35733123921460774,0.24402967332774853,0.01309863538335909,0.09542558868364688,0.012280984465980348,0.09361702127659574,0.1331996273577039,0.3483670813728264,0.368,0.2572554494948322,0.8269312846777636,-0.07433786436182142,0.10154198878540019
abalone,abalone(9.4%),4,46,hgb_d3,3,0.22916666666666669,0.3882817907176299,0.2372360740118587,0.016471405016152355,0.09498983968714987,0.01281165542459959,0.09361702127659574,0.15547079953591347,0.3948587727795468,0.451063829787234,0.30913420138531933,0.847411171574904,-0.07110951257283725,0.0
abalone,abalone(9.4%),4,46,hgb_d6,4,0.1353459972862958,0.35537187079763943,0.23978497591674483,0.0168866915085256,0.09617794617898195,0.012944003490951988,0.09361702127659574,0.14303930270958362,0.3884919871977493,0.4061302681992337,0.295985429042928,0.8489116517285532,-0.07323384829836838,0.014641785319763435
abalone,abalone(9.4%),5,47,logreg_C0.1,0,0.19686028257456828,0.30939267404293863,0.2450006634287349,0.008545979131321112,0.08507104214527463,0.010542106226321185,0.09361702127659574,0.1360617103326908,0.3504746653235213,0.40425531914893614,0.2651753946518909,0.8295988049509175,-0.0733531764733966,0.0
abalone,abalone(9.4%),5,47,logreg_C1.0,1,0.18348416289592762,0.2900836411620039,0.2429274168632296,0.013020175545836711,0.08501979097567383,0.010900506894297455,0.09361702127659574,0.13828476592863498,0.36984421707412496,0.41843971631205673,0.27163534553435964,0.836721084080239,-0.0733572727229346,-0.010487904944970912
abalone,abalone(9.4%),5,47,logreg_C10.0,2,0.21697289336258205,0.255804203522481,0.2665436756434047,0.01835090451493906,0.08679175933598514,0.013970164998966698,0.09361702127659574,0.16236666352901197,0.38711921800111654,0.4423076923076923,0.3247263730709001,0.8537598698250106,-0.07223881853846867,0.057121039025249946
abalone,abalone(9.4%),5,47,hgb_d3,3,0.09066155707946753,0.3493173030885208,0.2284471479506822,0.00862713228324584,0.08657112372176652,0.012677144740362639,0.09361702127659574,0.16944567056565746,0.38976969319302945,0.44221105527638194,0.3493414213477912,0.8632829172001707,-0.06981977993914094,0.06441927133718126
abalone,abalone(9.4%),5,47,hgb_d6,4,0.1378615656789035,0.3462987539478781,0.25285490697001956,0.008994499471161236,0.08674539405801271,0.012455518043740378,0.09361702127659574,0.1651438416187513,0.38971713794990215,0.43902439024390244,0.3176244242164077,0.8587147887323945,-0.07027585220165831,0.0
abalone,abalone(9.4%),6,48,logreg_C0.1,0,0.17261904761904762,0.28845436954400183,0.2932727834557243,0.013034768462972813,0.09248993335946097,0.012278008139766886,0.09361702127659574,0.12496531444195492,0.3170389588284772,0.3716216216216216,0.2266936416392682,0.787231914212548,-0.07603976657635884,0.0
abalone,abalone(9.4%),6,48,logreg_C1.0,1,0.16576576576576577,0.28162503645693526,0.31015776731533673,0.018207078226746963,0.09484988411237663,0.013191989612329605,0.09361702127659574,0.1324634770052226,0.33196600279625577,0.3806228373702422,0.23112817681672973,0.7953945262483995,-0.07543442804424033,0.0
abalone,abalone(9.4%),6,48,logreg_C10.0,2,0.13130434782608696,0.3341831172349252,0.3258927990915474,0.01559319194259144,0.09589334287539296,0.014300835609198625,0.09361702127659574,0.15031275727978868,0.3612775867929993,0.3895131086142322,0.291891224911099,0.819115450277422,-0.0733741267290064,0.0
abalone,abalone(9.4%),6,48,hgb_d3,3,0.24519071310116086,0.37673373750282296,0.3213802913556363,0.01729745819899007,0.09301014999948716,0.012788027763765501,0.09361702127659574,0.14341450492617128,0.3658492443500365,0.424,0.30047679524096105,0.8265911758429365,-0.07337389911590003,-0.010487904944970912
abalone,abalone(9.4%),6,48,hgb_d6,4,0.22898239971410705,0.34189240457129877,0.2997777547650084,0.018087433085281844,0.09385025163473715,0.012044238329985068,0.09361702127659574,0.13277433454592966,0.3568968868408724,0.4117647058823529,0.2933948551507878,0.8235435339308578,-0.07433945173822898,0.04656452098572228
abalone,abalone(9.4%),7,49,logreg_C0.1,0,0.12369504400821105,0.3431938120241396,0.24331878088589615,0.007647846415735588,0.09236033501910719,0.009905181679549317,0.09361702127659574,0.1237440323706027,0.3529159433664921,0.38746438746438744,0.24073927965933967,0.8247639244558259,-0.07388653222902654,0.0
abalone,abalone(9.4%),7,49,logreg_C1.0,1,0.11498300895891259,0.3544694011759957,0.23903259031224258,0.008292690090623354,0.09296779793835971,0.011010872674715063,0.09361702127659574,0.1349584592614601,0.3589233985351754,0.3864406779661017,0.24885923437753651,0.8317061459667093,-0.07303232352242645,0.0
abalone,abalone(9.4%),7,49,logreg_C10.0,2,0.12236736870167955,0.3768053494960665,0.23939849392205467,0.007343900971384742,0.09255911284143074,0.01162422435998847,0.09361702127659574,0.13655975361912548,0.3576311880270473,0.39263803680981596,0.24614353709919856,0.830212334613743,-0.0734211138630198,-0.010487904944970912
abalone,abalone(9.4%),7,49,hgb_d3,3,0.18988591487494516,0.40337765065443854,0.23658335340648964,0.015658213957840936,0.09329325497777968,0.00966451394737656,0.09361702127659574,0.13269350128440305,0.3610373050918807,0.4080267558528428,0.2972754554039729,0.8498919654289373,-0.07203360216451289,0.10154198878540019
abalone,abalone(9.4%),7,49,hgb_d6,4,0.11365234347761678,0.3555874193902731,0.24057591691098482,0.016027238363133252,0.09343547614746464,0.009228687273303724,0.09361702127659574,0.12587993129418407,0.36140167800481227,0.40559440559440557,0.28195189748432764,0.8458306658130601,-0.072737633069274,0.0
abalone,abalone(9.4%),8,50,logreg_C0.1,0,0.13392934063616288,0.3135922823851566,0.2666224686339755,0.00733114327659889,0.08628587799999685,0.010367313356778755,0.09361702127659574,0.1322791844459937,0.3490408664039288,0.39490445859872614,0.2584826553978782,0.8312259923175416,-0.07363530097405178,0.0
abalone,abalone(9.4%),8,50,logreg_C1.0,1,0.11092880582108718,0.3322784608532509,0.25897661890296364,0.007324110826571235,0.08786944368546461,0.011072206691590272,0.09361702127659574,0.14309376617399627,0.37829717522852974,0.4072948328267477,0.26473219302337747,0.8430631135296628,-0.07235706020106415,0.0
abalone,abalone(9.4%),8,50,logreg_C10.0,2,0.07635534084809448,0.34785297282154887,0.2552588620237792,0.014206469662705863,0.08866461220963118,0.01287106747756299,0.09361702127659574,0.1527140349190065,0.4041290171269503,0.40268456375838924,0.2914766133912974,0.8557871852326078,-0.07245802150519394,0.04656452098572228
abalone,abalone(9.4%),8,50,hgb_d3,3,0.23516200991196454,0.33297478683796544,0.25273621560252396,0.014597154677642912,0.09245030068246916,0.01383059148321075,0.09361702127659574,0.16833708912095732,0.39862873284717637,0.45161290322580644,0.3141847593148383,0.8587814767392232,-0.07027736356935654,0.0
abalone,abalone(9.4%),8,50,hgb_d6,4,0.18647602926062512,0.3481881372574465,0.2815437118959043,0.0158794007265218,0.09195177583967265,0.012801281478142136,0.09361702127659574,0.15698024195752516,0.4132857778503277,0.4459016393442623,0.30644311105696614,0.8505388390951771,-0.07123023810896016,0.0
abalone,abalone(9.4%),9,51,logreg_C0.1,0,0.14246309710636668,0.31928539133282596,0.2756238451567757,0.009541176578874332,0.09412487937059699,0.010970261593503523,0.09361702127659574,0.11955768826641192,0.309267799037194,0.366412213740458,0.22617722497777065,0.8066381241997439,-0.0754845078889652,0.0
abalone,abalone(9.4%),9,51,logreg_C1.0,1,0.07950674478811828,0.3010317585262566,0.26997577407271317,0.0062678396695817085,0.09379637888993038,0.011408064076031866,0.09361702127659574,0.1253414820582495,0.33014147391752213,0.3593220338983051,0.23190456110019425,0.8171348164746053,-0.0749715408490447,0.0
abalone,abalone(9.4%),9,51,logreg_C10.0,2,0.06942215088282504,0.34526765326297104,0.2620064809610966,0.004186226021809358,0.09503855475282241,0.01235323417835005,0.09361702127659574,0.1409649008071794,0.35578333452662975,0.38461538461538464,0.2702026325673337,0.8391752027315408,-0.07312354185582409,0.0
abalone,abalone(9.4%),9,51,hgb_d3,3,0.19666666666666666,0.39573055503021487,0.2453523539187714,0.015306965623958214,0.10009098351774283,0.012637417062938026,0.09361702127659574,0.13686390140329896,0.37331593096319116,0.4126984126984127,0.2702726835251584,0.8328998612889459,-0.07360185822664317,-0.010487904944970912
abalone,abalone(9.4%),9,51,hgb_d6,4,0.21817842478536767,0.37217372537659715,0.24779672151383425,0.011881982037204381,0.10097038249487292,0.01183973685158876,0.09361702127659574,0.13053146078629294,0.35940872718941436,0.4097222222222222,0.27571724091367533,0.8298122065727699,-0.07383471115146373,0.0
abalone,abalone(9.4%),10,52,logreg_C0.1,0,0.22285353535353536,0.3105838506759295,0.235080953344583,0.014544518984871815,0.09486986401859686,0.010623643593297405,0.09361702127659574,0.13819470923408764,0.3757898491200949,0.4181184668989547,0.27866429318692887,0.8482447716602647,-0.07188556718525148,0.0
abalone,abalone(9.4%),10,52,logreg_C1.0,1,0.22036363636363637,0.3117501410452776,0.23164992094177864,0.01639426370828673,0.09525967496872817,0.011032718754692968,0.09361702127659574,0.14264669066059632,0.3893114975840825,0.422360248447205,0.28072788257720965,0.8539399274434485,-0.07149100677175337,0.0
abalone,abalone(9.4%),10,52,logreg_C10.0,2,0.22842261904761904,0.33044930178221876,0.22923933603862073,0.010265440822566859,0.09378634539443337,0.012623686592580284,0.09361702127659574,0.1544713900269027,0.3975213553044819,0.43037974683544306,0.2773731421803137,0.8509256295347845,-0.07124066144089589,0.0
abalone,abalone(9.4%),10,52,hgb_d3,3,0.16324786324786325,0.3549451508457591,0.22419849609745396,0.020425413109715573,0.09769002287567512,0.013290803634219663,0.09361702127659574,0.16231145478674053,0.4025381776404652,0.42105263157894735,0.31374128084932684,0.8713121532223645,-0.07008554772972143,0.0
abalone,abalone(9.4%),10,52,hgb_d6,4,0.2054300062774639,0.33017748113831413,0.22569186455284568,0.01845593948626926,0.09557903351298223,0.011183804201986891,0.09361702127659574,0.15197722492579135,0.3971987730895844,0.4412811387900356,0.32686297467400083,0.8754468096457533,-0.07000847565628941,-0.010487904944970912
abalone,abalone(9.4%),11,53,logreg_C0.1,0,0.12922201138519923,0.31378949197636674,0.23699416166537737,0.015252713121137013,0.08545073699335091,0.009753144026054364,0.09361702127659574,0.13917272914950937,0.38640786681746725,0.42105263157894735,0.2732087044565236,0.8443701984635084,-0.07200649841745821,0.0
abalone,abalone(9.4%),11,53,logreg_C1.0,1,0.10644257703081232,0.32204611459287763,0.23879745295039254,0.011543384572212604,0.08469048248872939,0.010264889545498139,0.09361702127659574,0.14517634833012125,0.3861799384455113,0.41509433962264153,0.279180503553508,0.8461374306444729,-0.07164909972154598,0.0
abalone,abalone(9.4%),11,53,logreg_C10.0,2,0.1855036855036855,0.3253584614336193,0.22693504146342755,0.013505935150053867,0.08718790017441692,0.012518295717951966,0.09361702127659574,0.16836955672990173,0.3975213553044819,0.43037974683544306,0.31616359171272773,0.8599485168587282,-0.06974017906854417,0.1773316041119372
abalone,abalone(9.4%),11,53,hgb_d3,3,0.21191262848751835,0.3429021049679966,0.22414385262076986,0.021091898750961856,0.08931291333478415,0.011781427478360366,0.09361702127659574,0.16657964348612994,0.4123119061972505,0.46473029045643155,0.3480213114289882,0.8719456892872386,-0.06897532350285505,0.06441927133718126
abalone,abalone(9.4%),11,53,hgb_d6,4,0.19887429643527205,0.33290643085257104,0.22908691976078918,0.02677694032246389,0.09014440333414837,0.011132198048038633,0.09361702127659574,0.15081257943253168,0.39935249405424683,0.4444444444444444,0.3052864839622584,0.8615156850192062,-0.07083447672431809,0.06441927133718126
car_eval_34,car_eval_34(7.8%),0,42,logreg_C0.1,0,0.20970695970695968,0.7172896506471396,0.16667975472892294,0.08379846734814311,0.07298465065224086,0.006612823493905812,0.07712082262210797,0.19747945866687963,0.8054576977022956,0.8181818181818182,0.8158825822112087,0.9797585886722378,-0.050395633974780744,0.0
car_eval_34,car_eval_34(7.8%),0,42,logreg_C1.0,1,0.23972602739726026,0.7292076508085115,0.15937700773062247,0.07850354893395564,0.07574849819144142,0.008790421022179673,0.07712082262210797,0.22138700441014555,0.7983993287632225,0.8135593220338984,0.8537812293436939,0.987883008356546,-0.048710292433396654,0.0
car_eval_34,car_eval_34(7.8%),0,42,logreg_C10.0,2,0.250402576489533,0.8258040661298334,0.15080354458557318,0.08148652449603162,0.0747529246873466,0.009771630036953381,0.07712082262210797,0.24488141854353607,0.8658519911179979,0.875,0.924442312905311,0.9945218198700092,-0.046587757879854134,0.0
car_eval_34,car_eval_34(7.8%),0,42,hgb_d3,3,0.5484764542936288,0.7700112491361703,0.13624470700382585,0.04783269622316529,0.08482950506012268,0.018216104060275302,0.07712082262210797,0.3394018241271539,0.6984484514103357,0.7058823529411765,0.7147005772005771,0.974233983286908,-0.03899109432035172,0.680101939727658
car_eval_34,car_eval_34(7.8%),0,42,hgb_d6,4,0.19110407876230662,0.6094215259805312,0.13787427942641323,0.03514415437916469,0.08499772243747718,0.01933044397494681,0.07712082262210797,0.3387016882410512,0.6502385609041673,0.6666666666666666,0.6513436322131974,0.96652739090065,-0.040166874239585496,0.6629101640054451
car_eval_34,car_eval_34(7.8%),1,43,logreg_C0.1,0,0.16783333333333325,0.833729546623462,0.12506832066399207,0.05387411551719959,0.06308713856666288,0.013399901119430681,0.07712082262210797,0.3551987226428243,0.8018284090769622,0.8115942028985508,0.8681515851555167,0.9881151346332404,-0.038693528276576676,0.5619102987284202
car_eval_34,car_eval_34(7.8%),1,43,logreg_C1.0,1,0.27618364418938307,0.850394946643516,0.10504654954755113,0.040860334150837826,0.06204332012127152,0.0188892864352972,0.07712082262210797,0.4471543401026049,0.819405756731662,0.8333333333333334,0.8873927906241944,0.9829619312906221,-0.03273461429914549,0.5901155239185502
car_eval_34,car_eval_34(7.8%),1,43,logreg_C10.0,2,0.20541571208958787,0.852104379245219,0.09904018408772973,0.028653882552071606,0.06913974501358831,0.0290185617596243,0.07712082262210797,0.5092403480856766,0.8183256291378619,0.8307692307692308,0.8576029841296657,0.9808727948003715,-0.03132404740613195,0.6166654155137284
car_eval_34,car_eval_34(7.8%),1,43,hgb_d3,3,0.15509938090583253,0.6666210074031796,0.12782085889887135,0.04578664589130377,0.06250250343074958,0.013933064513070512,0.07712082262210797,0.3628104289917413,0.7480503970706659,0.7605633802816901,0.818702417758584,0.9792014856081708,-0.03846001627285442,0.6702286835444662
car_eval_34,car_eval_34(7.8%),1,43,hgb_d6,4,0.27612612612612714,0.6413598579818108,0.1322040930567441,0.028463690755353505,0.060974482298082215,0.013277604578709945,0.07712082262210797,0.3567950866037554,0.761724102736153,0.76,0.8042276422764227,0.972794800371402,-0.03915820758586418,0.6679396371107655
car_eval_34,car_eval_34(7.8%),2,44,logreg_C0.1,0,0.21907040328092958,0.7125008189045915,0.1667130833807304,0.07270036625645415,0.06013872143395152,0.0057271178104363945,0.07712082262210797,0.18532196370917334,0.8279924701378369,0.8363636363636363,0.8662876382876383,0.9904363974001857,-0.05368025452182897,0.0
car_eval_34,car_eval_34(7.8%),2,44,logreg_C1.0,1,0.2586436315547525,0.723824087906438,0.1537877274679451,0.07690775873810413,0.06297310711771115,0.008104263726772696,0.07712082262210797,0.22590257508584943,0.8469964548538342,0.8518518518518519,0.8831385118149824,0.9920612813370473,-0.050198166057837716,0.0
car_eval_34,car_eval_34(7.8%),2,44,logreg_C10.0,2,0.2656772800863476,0.7384278486160484,0.1449574222413185,0.07536849651455203,0.05987045672158024,0.008575177105778691,0.07712082262210797,0.2529302019291522,0.8469964548538342,0.8518518518518519,0.9008919697873187,0.9939182915506035,-0.04802833160538161,0.0
car_eval_34,car_eval_34(7.8%),2,44,hgb_d3,3,0.45016803584765275,0.5770251845528221,0.12401671765072604,0.05408741632927837,0.08416204133239813,0.018631045385684677,0.07712082262210797,0.37287180309542195,0.8053569515013369,0.8,0.838826597379229,0.9775301764159703,-0.03461871347648974,0.8053569515013369
car_eval_34,car_eval_34(7.8%),2,44,hgb_d6,4,0.5467914438502673,0.5614411472167292,0.1182478172912193,0.05463665850154649,0.08330608373833905,0.019452100016000236,0.07712082262210797,0.39507561571660443,0.8263271816214895,0.8301886792452831,0.8342309932504197,0.9810120705663881,-0.032410463682654836,0.8263271816214895
car_eval_34,car_eval_34(7.8%),3,45,logreg_C0.1,0,0.21683046683046683,0.8138648852112335,0.12055955212969509,0.06113504014574641,0.07203956331677673,0.015528522289285333,0.07712082262210797,0.36799588020568297,0.8421919708204197,0.8484848484848485,0.9125050497165595,0.9924326833797587,-0.03596054649857582,0.43297501420322393
car_eval_34,car_eval_34(7.8%),3,45,logreg_C1.0,1,0.3064891774891776,0.8296708520766031,0.09794038609166202,0.05331421608263692,0.07996947913092921,0.027298020451396815,0.07712082262210797,0.4880614678579648,0.8515633540750085,0.8620689655172413,0.948398652571816,0.9959610027855154,-0.027843349504412723,0.6683977525063617
car_eval_34,car_eval_34(7.8%),3,45,logreg_C10.0,2,0.28740155640334675,0.8544938766873337,0.0897326256284758,0.03398249056048648,0.07897263742010881,0.030608552595235993,0.07712082262210797,0.5285330746733414,0.8856753952935009,0.8923076923076924,0.947218579593731,0.996146703806871,-0.02572891653332784,0.761724102736153
car_eval_34,car_eval_34(7.8%),3,45,hgb_d3,3,0.18589330954966135,0.5914118438374975,0.16744196357172092,0.026733586456975045,0.08705707073038083,0.023777777391025778,0.07712082262210797,0.2777112291768591,0.601447422516265,0.6172839506172839,0.48620684950567333,0.9445682451253482,-0.05327575931649873,0.4142270322040272
car_eval_34,car_eval_34(7.8%),3,45,hgb_d6,4,0.17350928641251223,0.6037963515546684,0.15508310146926615,0.03138266713840314,0.07142500798219566,0.013971549906867128,0.07712082262210797,0.2872290152617069,0.5947048493296391,0.6153846153846154,0.658051706747359,0.9328690807799443,-0.0457087322346931,0.561443571698181
car_eval_34,car_eval_34(7.8%),4,46,logreg_C0.1,0,0.2450980392156863,0.8439366100434763,0.11365493289361733,0.05051081491502811,0.09766529322542924,0.028189513661358953,0.07712082262210797,0.44281648080355646,0.8221537725610414,0.8285714285714286,0.9166242281242281,0.9924791086350975,-0.02964475461734648,0.7551715028296521
car_eval_34,car_eval_34(7.8%),4,46,logreg_C1.0,1,0.3405612244897959,0.858353520513367,0.10648349024265708,0.05062856754597218,0.09274934647547561,0.030159087871107132,0.07712082262210797,0.46642632719067056,0.7976152762588202,0.8125,0.9026824435827288,0.9908077994428969,-0.02938432349323483,0.7037644184094562
car_eval_34,car_eval_34(7.8%),4,46,logreg_C10.0,2,0.36428571428571427,0.7573800477004247,0.10425901359834992,0.039952019576795304,0.0791018239562066,0.026493816265015784,0.07712082262210797,0.46239666286779235,0.7617140772998521,0.7796610169491526,0.8707868590333558,0.9865831012070567,-0.03108201872309619,0.6166654155137284
car_eval_34,car_eval_34(7.8%),4,46,hgb_d3,3,0.5365853658536586,0.6719995874232703,0.13623127312927102,0.041012211201944704,0.0855680952618729,0.018978289143718158,0.07712082262210797,0.3500833330677169,0.7101118781345607,0.7272727272727273,0.7066318342015977,0.9678737233054782,-0.037972244878578615,0.7101118781345607
car_eval_34,car_eval_34(7.8%),4,46,hgb_d6,4,0.5357142857142857,0.6310886768022369,0.1429946158550926,0.03285160137021677,0.0880195125792591,0.01979930014170822,0.07712082262210797,0.32682301836459604,0.6315248167990432,0.6545454545454545,0.5856348047571935,0.9589600742804085,-0.04168489143110318,0.6315248167990432
car_eval_34,car_eval_34(7.8%),5,47,logreg_C0.1,0,0.12470768074707675,0.6781024229701658,0.20118925799722437,0.07564049817698643,0.05686475489607508,0.0023298712155729886,0.07712082262210797,0.10272861069415963,0.7055793087485509,0.7246376811594203,0.6056466266512063,0.9630454967502321,-0.0612196807238538,0.0
car_eval_34,car_eval_34(7.8%),5,47,logreg_C1.0,1,0.175,0.6601432181438522,0.18892953446493674,0.057588015885264465,0.06128664881464506,0.003836236105398449,0.07712082262210797,0.13059991073822483,0.7067117033224577,0.7222222222222222,0.5901049233252623,0.9601671309192201,-0.05854615223444362,0.0
car_eval_34,car_eval_34(7.8%),5,47,logreg_C10.0,2,0.21772234985231376,0.7286879776436803,0.1706651691670127,0.08566695995878348,0.06269354348356196,0.005034595708395174,0.07712082262210797,0.17515631519372163,0.8555246053853296,0.8666666666666667,0.8190754638315614,0.9865831012070567,-0.053760829053434746,0.0
car_eval_34,car_eval_34(7.8%),5,47,hgb_d3,3,0.36419422520673944,0.7008306994166064,0.12831097223913726,0.06063983940632284,0.08875625699143162,0.018327157839151138,0.07712082262210797,0.36627510021480597,0.8069476374309411,0.8148148148148148,0.8332894279024569,0.9772516248839369,-0.03405652719842442,0.8052484177570142
car_eval_34,car_eval_34(7.8%),5,47,hgb_d6,4,0.5483425414364641,0.7250387286147655,0.13361872966970487,0.05830529244217589,0.08830645618480037,0.017442017811678097,0.07712082262210797,0.3536172498438731,0.8052484177570142,0.8076923076923077,0.7952606670569629,0.9679201485608171,-0.035204776781792534,0.8052484177570142
car_eval_34,car_eval_34(7.8%),6,48,logreg_C0.1,0,0.18380281690140843,0.759037906944906,0.12098889925936619,0.06094543100319639,0.07515664652053902,0.01815237527315507,0.07712082262210797,0.3873176157507941,0.831733633688409,0.84375,0.9083143697059946,0.9929433611884866,-0.034844895368022245,0.5896133795014783
car_eval_34,car_eval_34(7.8%),6,48,logreg_C1.0,1,0.29615384615384627,0.852104379245219,0.10900274370701976,0.06094049954896849,0.0805928112690898,0.02283373853930547,0.07712082262210797,0.4342436130430641,0.8954055089103161,0.9032258064516129,0.9460842220119129,0.996100278551532,-0.03094885594683213,0.561443571698181
car_eval_34,car_eval_34(7.8%),6,48,logreg_C10.0,2,0.2309546769527483,0.7863161514422276,0.10527431000628501,0.04905518865826124,0.07576373885081021,0.023473990768707098,0.07712082262210797,0.451309602070137,0.8658519911179979,0.875,0.9249312540063047,0.9941504178272981,-0.03092767609230595,0.6166654155137284
car_eval_34,car_eval_34(7.8%),6,48,hgb_d3,3,0.5380701919642752,0.6238971068961954,0.1391230362659979,0.038536844282086966,0.08173051997990048,0.017737674940174086,0.07712082262210797,0.3295837559795252,0.6744584052057854,0.68,0.7337506961849067,0.97330547818013,-0.04075606872831502,0.6558093353402447
car_eval_34,car_eval_34(7.8%),6,48,hgb_d6,4,0.20914644493466825,0.7047231623473944,0.13684745541625612,0.061420688132202694,0.08319154117934058,0.01862714272333511,0.07712082262210797,0.3369064479279858,0.6997665335302209,0.6987951807228916,0.7086781732418526,0.9760909935004642,-0.04019208970756853,0.638386447051206
car_eval_34,car_eval_34(7.8%),7,49,logreg_C0.1,0,0.25154798761609903,0.8092225291757761,0.1260132092034591,0.054354349759232,0.0763204925537252,0.016317048418604263,0.07712082262210797,0.3552507714874906,0.7765565527893581,0.7936507936507936,0.8504234485790354,0.983983286908078,-0.037163488235229435,0.4682781947878708
car_eval_34,car_eval_34(7.8%),7,49,logreg_C1.0,1,0.41345228848744475,0.8052988839363561,0.11137320370242718,0.04368798939379965,0.07727366888580015,0.023765915685518824,0.07712082262210797,0.4351698684034413,0.8053569515013369,0.8,0.8827984189723319,0.9860724233983287,-0.03293805589732922,0.5619102987284202
car_eval_34,car_eval_34(7.8%),7,49,logreg_C10.0,2,0.36747072306627515,0.787146230270369,0.0990331404016924,0.04086226086550127,0.0710200747442254,0.02456781583668641,0.07712082262210797,0.47802396246049256,0.8069476374309411,0.8148148148148148,0.9033257747543462,0.9905292479108636,-0.030264609765928752,0.6683977525063617
car_eval_34,car_eval_34(7.8%),7,49,hgb_d3,3,0.5466666666666666,0.6005327018559252,0.15459168198380407,0.030259320109713293,0.09489954698642622,0.02370158404918652,0.07712082262210797,0.3130266209537807,0.6149730714463706,0.6440677966101694,0.5454649784770069,0.9458217270194986,-0.046241174579734014,0.5909755712929823
car_eval_34,car_eval_34(7.8%),7,49,hgb_d6,4,0.5473251028806584,0.38516807384175117,0.14645586856884968,0.03519648967728131,0.09292712317918636,0.02226346526377797,0.07712082262210797,0.3264015627092263,0.6452318988757155,0.6551724137931034,0.7008338624655392,0.9624419684308263,-0.04312350824330309,0.62786623889087
car_eval_34,car_eval_34(7.8%),8,50,logreg_C0.1,0,0.21435222672064846,0.8655035407590459,0.13573916273911565,0.06927293915879806,0.07718612312090865,0.01414141983470087,0.07712082262210797,0.33271412599719224,0.8870452722767274,0.8888888888888888,0.9225474805670193,0.9845868152274837,-0.03793559618093845,0.6432271253233752
car_eval_34,car_eval_34(7.8%),8,50,logreg_C1.0,1,0.2403917220990392,0.7979703465735664,0.15856990001562313,0.07334477728887316,0.0657478018732451,0.007774231056139234,0.07712082262210797,0.21558922694583488,0.7832869080779944,0.8,0.8543469580175027,0.9811977715877437,-0.05056738410879131,0.0
car_eval_34,car_eval_34(7.8%),8,50,logreg_C10.0,2,0.2540322580645161,0.8470521064214117,0.14263051161289567,0.05303629491086183,0.06368235741475797,0.009424122616982751,0.07712082262210797,0.26404768825444236,0.819405756731662,0.8333333333333334,0.8740519591087403,0.9906220984215413,-0.04637527519743637,0.0
car_eval_34,car_eval_34(7.8%),8,50,hgb_d3,3,0.25286259541984735,0.6205003148739741,0.15626460581225093,0.02883176649300775,0.0938655814301046,0.02581369525879713,0.07712082262210797,0.31746558682986475,0.5581899725541177,0.5882352941176471,0.4838219992645769,0.9365831012070567,-0.047866435817757395,0.5246684168221093
car_eval_34,car_eval_34(7.8%),8,50,hgb_d6,4,0.5474254742547425,0.7033152801976024,0.13975705985651318,0.044585119540223636,0.08414524521860124,0.02055936539071748,0.07712082262210797,0.33684624986922507,0.6171378293242364,0.6428571428571429,0.5811626452579374,0.9515320334261839,-0.04188793998749259,0.6171378293242364
car_eval_34,car_eval_34(7.8%),9,51,logreg_C0.1,0,0.2624140565317036,0.7898017090233557,0.1313283070984195,0.057191309314432795,0.09112813213313567,0.02010658239986739,0.07712082262210797,0.36537346137148946,0.7617140772998521,0.7796610169491526,0.8340824667805138,0.9836583101207057,-0.03537082780679718,0.6944917324932224
car_eval_34,car_eval_34(7.8%),9,51,logreg_C1.0,1,0.42391304347826086,0.8618064232363112,0.11879764331207221,0.050189915974935745,0.09419348408879963,0.025818143996651163,0.07712082262210797,0.4145909272856998,0.7551715028296521,0.7719298245614035,0.8489158528557557,0.9870009285051068,-0.03266739825386368,0.6944917324932224
car_eval_34,car_eval_34(7.8%),9,51,logreg_C10.0,2,0.25,0.8251906386881029,0.11322783452509705,0.05039504782049131,0.08467737407006286,0.023213018456207407,0.07712082262210797,0.4171763553790161,0.8094622733285746,0.8108108108108109,0.8809083774045411,0.9906685236768802,-0.03247371720396483,0.6171724692206594
car_eval_34,car_eval_34(7.8%),9,51,hgb_d3,3,0.16958555422604155,0.6230937515312104,0.1854191552763854,0.0557212959531705,0.10850497882289459,0.031908882599338904,0.07712082262210797,0.2612036308474231,0.542638938618194,0.5333333333333333,0.3921445347786811,0.9272051996285979,-0.06072077740575418,0.3678110939575084
car_eval_34,car_eval_34(7.8%),9,51,hgb_d6,4,0.3004451038575668,0.5899531786768358,0.16398579212338604,0.03068540095916547,0.09503322943979,0.025337517528470615,0.07712082262210797,0.29599192459054735,0.5281136109721245,0.56,0.4757441516622916,0.9378365831012071,-0.05051651982218001,0.4729488954034598
car_eval_34,car_eval_34(7.8%),10,52,logreg_C0.1,0,0.17037037037037037,0.7242794172618594,0.12220615874959424,0.03859500445722894,0.07364485671244979,0.02444400522472943,0.07712082262210797,0.41846237472161063,0.7587041509905136,0.7714285714285715,0.7775496648829677,0.9767409470752089,-0.03731101912336698,0.578490837696895
car_eval_34,car_eval_34(7.8%),10,52,logreg_C1.0,1,0.18983333333333288,0.8289897961415693,0.1052844524170723,0.03809922730095286,0.07030106573672444,0.028555925324997868,0.07712082262210797,0.4858190165004715,0.7509758629822227,0.7692307692307693,0.7898179509220866,0.9773909006499536,-0.03350595515080017,0.6050800879657151
car_eval_34,car_eval_34(7.8%),10,52,logreg_C10.0,2,0.2687092198581561,0.8078290864723839,0.0971350945767789,0.03368086981588602,0.07313255161754174,0.02940866642432557,0.07712082262210797,0.5027825537733652,0.8252660117363103,0.8387096774193549,0.8543893089636321,0.9876044568245124,-0.03075320796975009,0.5708981734931791
car_eval_34,car_eval_34(7.8%),10,52,hgb_d3,3,0.23890419344964797,0.5401018401356734,0.1296072411695923,0.040857975065788164,0.08054215651944353,0.018333945705820972,0.07712082262210797,0.3578981643363255,0.7166698724874146,0.7323943661971831,0.7567235286217258,0.9768802228412257,-0.03755213873430252,0.6629101640054451
car_eval_34,car_eval_34(7.8%),10,52,hgb_d6,4,0.1965217391304348,0.6342903002371112,0.13132467056992841,0.04827202047794189,0.08466856887393266,0.01980741232032366,0.07712082262210797,0.35661333472654133,0.7527109778367717,0.75,0.7647853682925563,0.9796657381615599,-0.03806683214830381,0.6868011851622619
car_eval_34,car_eval_34(7.8%),11,53,logreg_C0.1,0,0.19117647058823528,0.7963499653399054,0.11614107212800612,0.05041079233967424,0.06949423811200499,0.01884455105411483,0.07712082262210797,0.4094370562098008,0.8387085779321792,0.8484848484848485,0.8883075006058877,0.991736304549675,-0.034522685979781746,0.561443571698181
car_eval_34,car_eval_34(7.8%),11,53,logreg_C1.0,1,0.27884615384615385,0.830887875846489,0.1007699556048095,0.058586968532790704,0.06836325418523619,0.022184819270075873,0.07712082262210797,0.4671703162458927,0.8916434540389973,0.9,0.9459606488282958,0.9964252553389044,-0.03052783433912939,0.6166654155137284
car_eval_34,car_eval_34(7.8%),11,53,logreg_C10.0,2,0.3068181818181818,0.8846690172943698,0.09100608546439755,0.05520531776635675,0.06672433459679178,0.023580660563272175,0.07712082262210797,0.5033486918175233,0.9277623026926648,0.9333333333333333,0.9626615359948694,0.9974001857010214,-0.02784196993353191,0.6432271253233752
car_eval_34,car_eval_34(7.8%),11,53,hgb_d3,3,0.20967467211718616,0.5480065385398786,0.1280659470078225,0.04338231377312141,0.08791910736746322,0.02338768847453712,0.07712082262210797,0.38018202237596754,0.7033925266022332,0.7213114754098361,0.6703263999821578,0.975255338904364,-0.03723435741708683,0.6728082417298067
car_eval_34,car_eval_34(7.8%),11,53,hgb_d6,4,0.5465116279069767,0.5080354952516537,0.13225093174822491,0.04439104520319179,0.08107536273235902,0.020018423411110653,0.07712082262210797,0.3667466199018319,0.6984484514103357,0.7058823529411765,0.744698928093413,0.968941504178273,-0.03779527254627962,0.7037644184094562
car_eval_4,car_eval_4(3.8%),0,42,logreg_C0.1,0,0.23878522422992313,0.8618916073713346,0.07127749173717657,0.03942461549865127,0.03429796818336673,0.005261450063976296,0.038560411311053984,0.29444267849792716,0.8997219708643529,0.9032258064516129,0.9407936507936508,0.9982174688057041,-0.02171746494085934,0.0
car_eval_4,car_eval_4(3.8%),0,42,logreg_C1.0,1,0.21786080586080644,0.8639548921260773,0.06511952699349194,0.04379251695078405,0.03607384316527222,0.00754239583354906,0.038560411311053984,0.35231889861806953,0.8997219708643529,0.9032258064516129,0.9419248725131079,0.9985739750445632,-0.019322356750535435,0.4402072050974281
car_eval_4,car_eval_4(3.8%),0,42,logreg_C10.0,2,0.28604422604422663,0.8428921687851377,0.060512319751239885,0.03698361815670571,0.03576250055129117,0.008524664402084546,0.038560411311053984,0.38371042521644555,0.8997219708643529,0.9032258064516129,0.9065204678362573,0.9968805704099822,-0.018166803367260946,0.4402072050974281
car_eval_4,car_eval_4(3.8%),0,42,hgb_d3,3,0.3195187165775401,0.9405399431259602,0.044227639755481586,0.02452212274059197,0.03935452005500691,0.016260161542899443,0.038560411311053984,0.5477365184707859,0.8715125945089707,0.875,0.9196078431372547,0.9971479500891265,-0.012322160715748116,0.7364295061864152
car_eval_4,car_eval_4(3.8%),0,42,hgb_d6,4,0.2777777777777778,0.9405399431259602,0.04361790214790562,0.027730476965380457,0.03733659492797948,0.014237482143835653,0.038560411311053984,0.5389156158648148,0.9092023104649063,0.9090909090909091,0.9259259259259258,0.9975935828877005,-0.011967700678126613,0.6759390081637671
car_eval_4,car_eval_4(3.8%),1,43,logreg_C0.1,0,0.24894514767932488,0.7151180070470798,0.08028893939756811,0.038492379437534696,0.035090819666185456,0.004731069577791739,0.038560411311053984,0.24545414670130228,0.8062037138956034,0.8125,0.805590321234877,0.9902852049910873,-0.024423706665762754,0.0
car_eval_4,car_eval_4(3.8%),1,43,logreg_C1.0,1,0.22502380952381096,0.7536175156604064,0.068928169885802,0.034951637032205364,0.035597715609168,0.007429524026387285,0.038560411311053984,0.33378217169567087,0.8324934179127138,0.8387096774193549,0.8560672514619883,0.9948306595365419,-0.02069600943595832,0.4402072050974281
car_eval_4,car_eval_4(3.8%),1,43,logreg_C10.0,2,0.2590909090909091,0.744946343668492,0.06085434514509994,0.03844802379930031,0.04033020331644128,0.011053640857494136,0.038560411311053984,0.4089625395467691,0.8837590822138354,0.8823529411764706,0.8881578947368421,0.9964349376114081,-0.017147421266968263,0.6294848121301221
car_eval_4,car_eval_4(3.8%),1,43,hgb_d3,3,0.4722222222222222,0.7724157432463092,0.041749766233787844,0.028262122036587248,0.04548136068018276,0.022796745995970227,0.038560411311053984,0.6023499176144992,0.8715125945089707,0.875,0.876782150311562,0.9953654188948307,-0.011587838104288182,0.6592135822223948
car_eval_4,car_eval_4(3.8%),1,43,hgb_d6,4,0.455,0.7151180070470798,0.03911637126246914,0.024013379050173086,0.04393558354951213,0.02211535632376781,0.038560411311053984,0.6130939636807962,0.9092023104649063,0.9090909090909091,0.892097347097347,0.9959893048128342,-0.010829423875998162,0.7056143647423894
car_eval_4,car_eval_4(3.8%),2,44,logreg_C0.1,0,0.22316821465428277,0.9143480675672518,0.06914338520204838,0.03995975789123049,0.02846955657721323,0.0043504762110019805,0.038560411311053984,0.3011469018909566,0.9368214751223379,0.9375,0.9457013574660633,0.9986631016042782,-0.022239069453167875,0.0
car_eval_4,car_eval_4(3.8%),2,44,logreg_C1.0,1,0.27564858490566035,0.9143480675672518,0.05525847536052048,0.03434481170908153,0.03352299905915629,0.009281686178692669,0.038560411311053984,0.42930170637835563,0.9092023104649063,0.9090909090909091,0.9222222222222223,0.9975044563279857,-0.01662339715236026,0.5697830971323893
car_eval_4,car_eval_4(3.8%),2,44,logreg_C10.0,2,0.3068181818181818,0.9405399431259602,0.051071536635243414,0.03495551949553748,0.034954822725307276,0.0105982714002076,0.038560411311053984,0.46246452849487096,0.9368214751223379,0.9375,0.9450980392156862,0.9987522281639928,-0.01497575054582715,0.6249804174477881
car_eval_4,car_eval_4(3.8%),2,44,hgb_d3,3,0.34210526315789475,0.8317837846317998,0.04277212873077531,0.02050878774068593,0.03830069681929506,0.01677531130464737,0.038560411311053984,0.5642490438527895,0.8456480070020403,0.8484848484848485,0.8994708994708995,0.9957219251336898,-0.012147003700568183,0.7235568797131484
car_eval_4,car_eval_4(3.8%),2,44,hgb_d6,4,0.3472222222222222,0.7947965042533738,0.04269510268807791,0.023540126998317153,0.03848846945809022,0.016096626307364626,0.038560411311053984,0.5583920578125601,0.8715125945089707,0.875,0.927526395173454,0.9969696969696968,-0.01180412805894638,0.7235568797131484
car_eval_4,car_eval_4(3.8%),3,45,logreg_C0.1,0,0.1670643642072216,0.8981550966095068,0.08271726631512731,0.03264025445854614,0.027643830236036133,0.0030377251298381153,0.038560411311053984,0.2182862370931715,0.8908613541144559,0.8888888888888888,0.8875,0.9881461675579323,-0.02644879225187891,0.0
car_eval_4,car_eval_4(3.8%),3,45,logreg_C1.0,1,0.16768538319260287,1.0,0.07627846138773814,0.03549063005616666,0.0278957124840458,0.003629903595684622,0.038560411311053984,0.2525665143272032,0.8997219708643529,0.9032258064516129,0.9438888888888889,0.9973262032085561,-0.0248008247718586,0.0
car_eval_4,car_eval_4(3.8%),3,45,logreg_C10.0,2,0.21468864468864599,0.9670841734622436,0.06974271813729119,0.03194267539354291,0.026316616387777256,0.00408031879503336,0.038560411311053984,0.2944548922755044,0.8908613541144559,0.8888888888888888,0.9117552334943639,0.9950980392156863,-0.023152570344740987,0.0
car_eval_4,car_eval_4(3.8%),3,45,hgb_d3,3,0.37555555555555664,0.9059339653424748,0.04406231347590446,0.016124559384605427,0.04058997381059043,0.02025698815559389,0.038560411311053984,0.5981878141862137,0.8324934179127138,0.8387096774193549,0.8528717453717454,0.9885026737967915,-0.011876553164123005,0.7497674935986334
car_eval_4,car_eval_4(3.8%),3,45,hgb_d6,4,0.24684744571287176,0.8901166734241598,0.03535360964046157,0.017679543358105624,0.03809151185061025,0.02005490093248889,0.038560411311053984,0.6426178661820865,0.8997219708643529,0.9032258064516129,0.9231452534393709,0.9954545454545454,-0.009759475420676848,0.8541848588613553
car_eval_4,car_eval_4(3.8%),4,46,logreg_C0.1,0,0.3173809523809534,0.8981550966095068,0.06111220688063598,0.03156403703238533,0.0326801209203371,0.0074209840432225725,0.038560411311053984,0.3696379691367997,0.8908613541144559,0.8888888888888888,0.9165539452495974,0.9952762923351158,-0.019220633208830332,0.0
car_eval_4,car_eval_4(3.8%),4,46,logreg_C1.0,1,0.38722222222222374,0.8242177605855191,0.056799053897798386,0.027318105308226093,0.03585768223582662,0.010481832403596087,0.038560411311053984,0.418550942998228,0.8136454301504356,0.8148148148148148,0.812561853351327,0.9926916221033868,-0.01759367228092943,0.0
car_eval_4,car_eval_4(3.8%),4,46,logreg_C10.0,2,0.4026811594202904,0.8264089794247237,0.050318478028170466,0.020260939813213173,0.03464780367904195,0.01178358797844441,0.038560411311053984,0.4705107690786226,0.8136454301504356,0.8148148148148148,0.8587686582423425,0.9950980392156863,-0.015735482224954578,0.7267305080879143
car_eval_4,car_eval_4(3.8%),4,46,hgb_d3,3,0.5176470588235295,0.7437684379978099,0.12192626518768022,0.022253332108982525,0.04748614470997004,0.02333726311688862,0.038560411311053984,0.5152577517679587,0.7798996118018724,0.7857142857142857,0.7054250860722304,0.9559714795008912,-0.018291116556790936,0.6183926621587453
car_eval_4,car_eval_4(3.8%),4,46,hgb_d6,4,0.4257142857142883,0.9001321922225498,0.04540372210001766,0.02577457610776304,0.043094948081398424,0.02153373418291829,0.038560411311053984,0.5781671589333561,0.8997219708643529,0.9032258064516129,0.7946540496540496,0.9950980392156863,-0.01341485172471947,0.8997219708643529
car_eval_4,car_eval_4(3.8%),5,47,logreg_C0.1,0,0.19097142857142868,0.6381312862268536,0.08511273250902462,0.03561861681161532,0.027822462360117504,0.0026313277670581892,0.038560411311053984,0.20169327671909235,0.8136454301504356,0.8148148148148148,0.9102758352758353,0.996524064171123,-0.027046228259054488,0.0
car_eval_4,car_eval_4(3.8%),5,47,logreg_C1.0,1,0.1583577235772365,0.8270105732663363,0.07938447204887929,0.03328620787412774,0.027457121633605693,0.0032357513372734763,0.038560411311053984,0.23334945489856967,0.8602169854357012,0.8571428571428571,0.9111111111111111,0.9967914438502674,-0.025748333353864217,0.0
car_eval_4,car_eval_4(3.8%),5,47,logreg_C10.0,2,0.1747448979591837,0.8466305078268894,0.07393654001532117,0.03135966209969442,0.028059337037380838,0.004655819076933432,0.038560411311053984,0.2854040903066331,0.8383475324586613,0.8333333333333334,0.8676190476190476,0.995632798573975,-0.02368943182177869,0.3589630006437711
car_eval_4,car_eval_4(3.8%),5,47,hgb_d3,3,0.45238095238095233,0.8701923076923077,0.03291746048320623,0.018047534302533284,0.04248035230055555,0.021871361741523716,0.038560411311053984,0.6532407477964298,0.9648028008066956,0.9655172413793104,0.9859649122807017,0.9996434937611409,-0.008225779277042771,0.8518058418676517
car_eval_4,car_eval_4(3.8%),5,47,hgb_d6,4,0.4107142857142857,0.8701923076923077,0.03486203616125525,0.021212917356889332,0.04317449471689807,0.02195446782124496,0.038560411311053984,0.64037169335283,0.9368214751223379,0.9375,0.9702966314731021,0.9987522281639929,-0.008927775688719256,0.8541848588613553
car_eval_4,car_eval_4(3.8%),6,48,logreg_C0.1,0,0.19904761904761903,0.8428921687851377,0.06336817202495985,0.026711504273156137,0.03942552296742107,0.010960900840836263,0.038560411311053984,0.4122720887488521,0.7598735748332293,0.7647058823529411,0.7830395842547545,0.9906417112299466,-0.017139314955682616,0.7267305080879143
car_eval_4,car_eval_4(3.8%),6,48,logreg_C1.0,1,0.14081746920492721,0.810613798357412,0.06195192734280402,0.022671708566449365,0.03986675583332723,0.011497137670469058,0.038560411311053984,0.4173424064741213,0.7792683313488028,0.7777777777777778,0.7891536785654434,0.9877005347593584,-0.01712923674979771,0.7267305080879143
car_eval_4,car_eval_4(3.8%),6,48,logreg_C10.0,2,0.5869565217391304,0.5004061189244073,0.0644836168754713,0.029250746390346565,0.042435294626605266,0.011981071775520791,0.038560411311053984,0.40087179733484224,0.7267305080879143,0.7272727272727273,0.8026510721247564,0.9827094474153297,-0.017951354046837495,0.7267305080879143
car_eval_4,car_eval_4(3.8%),6,48,hgb_d3,3,0.43333333333333335,0.8331802109828561,0.05271479889499022,0.02781974243440361,0.054235052345857473,0.02985068396184885,0.038560411311053984,0.5846760412909318,0.8062037138956034,0.8125,0.839207075697948,0.991711229946524,-0.01617709583488534,0.722638146167558
car_eval_4,car_eval_4(3.8%),6,48,hgb_d6,4,0.42063492063492064,0.7947359541812581,0.04163545131429632,0.02534441055304191,0.04934447280779119,0.022659686753398047,0.038560411311053984,0.5958731430566029,0.8837590822138354,0.8823529411764706,0.9483709273182956,0.9981283422459893,-0.010150622429246768,0.8518058418676517
car_eval_4,car_eval_4(3.8%),7,49,logreg_C0.1,0,0.24490322580645335,0.7947359541812581,0.06582218263762601,0.03691671772544701,0.033528803205302306,0.006176489779907615,0.038560411311053984,0.33026763653786606,0.8997219708643529,0.9032258064516129,0.8920232344145387,0.9966131907308378,-0.020380804210947536,0.0
car_eval_4,car_eval_4(3.8%),7,49,logreg_C1.0,1,0.28086720867208803,0.8331802109828561,0.06154137973993609,0.03614679463116108,0.032768980946948134,0.007235385147614529,0.038560411311053984,0.3621776771073825,0.8997219708643529,0.9032258064516129,0.8922494172494173,0.9964349376114082,-0.019512239686452982,0.0
car_eval_4,car_eval_4(3.8%),7,49,logreg_C10.0,2,0.2983882063882083,0.8052884615384616,0.053398619134540005,0.03216836392451527,0.03700630994724365,0.011246857720086283,0.038560411311053984,0.4492996351373252,0.8997219708643529,0.9032258064516129,0.9133333333333333,0.9967023172905526,-0.015660423352672346,0.5697830971323893
car_eval_4,car_eval_4(3.8%),7,49,hgb_d3,3,0.44166666666666665,0.7255170162364388,0.043037853567811354,0.024587202627635106,0.04202773701425639,0.018823006079232676,0.038560411311053984,0.5801894962040958,0.9284701059208382,0.9285714285714286,0.9402576489533012,0.9938502673796792,-0.011077768634378852,0.8110928380330645
car_eval_4,car_eval_4(3.8%),7,49,hgb_d6,4,0.28649464919683465,0.8792003816177455,0.03898431861964328,0.025975117912236206,0.04210202201019402,0.01836629089218062,0.038560411311053984,0.5935804865173228,0.8997219708643529,0.9032258064516129,0.9859649122807017,0.9992869875222816,-0.0095481269368106,0.8908613541144559
car_eval_4,car_eval_4(3.8%),8,50,logreg_C0.1,0,0.1888615384615388,0.7388048090209929,0.0724973936770212,0.03523523436399445,0.03587765817986134,0.006291613063905709,0.038560411311053984,0.29180425451690384,0.7809992913237044,0.7692307692307693,0.8049495673408718,0.9921568627450981,-0.022473024789366622,0.0
car_eval_4,car_eval_4(3.8%),8,50,logreg_C1.0,1,0.3152834008097166,0.7798503722278005,0.06779766953647477,0.04408024426873322,0.03641811881469869,0.007222371093859598,0.038560411311053984,0.32197545054821436,0.9092023104649063,0.9090909090909091,0.9,0.9975935828877005,-0.021073758971803865,0.0
car_eval_4,car_eval_4(3.8%),8,50,logreg_C10.0,2,0.24392156862745326,0.8178608201095307,0.06819542609362164,0.03964537085269201,0.03509309542314005,0.0073827150645230846,0.038560411311053984,0.3195212437795137,0.8602169854357012,0.8571428571428571,0.8572649572649573,0.9941176470588236,-0.021826226511353408,0.0
car_eval_4,car_eval_4(3.8%),8,50,hgb_d3,3,0.4076923076923077,0.8701923076923077,0.04027980873594044,0.015336355716429393,0.04416428700833347,0.026292672607431997,0.038560411311053984,0.6462153461166614,0.8456480070020403,0.8484848484848485,0.8678742915699438,0.9932263814616755,-0.012268695999500366,0.7497674935986334
car_eval_4,car_eval_4(3.8%),8,50,hgb_d6,4,0.27924142709172345,0.8545722859103128,0.045532280765176965,0.01796626781615023,0.04610030383324187,0.025024034581538127,0.038560411311053984,0.6002332572077583,0.7997609046164623,0.8,0.8539611804317686,0.9916221033868093,-0.013683039081311285,0.7364295061864152
car_eval_4,car_eval_4(3.8%),9,51,logreg_C0.1,0,0.25029978931592956,0.6829167450551575,0.06483696678912602,0.020936663336347437,0.03098074859694131,0.008372286948742967,0.038560411311053984,0.3804230382326738,0.8136454301504356,0.8148148148148148,0.8254020559708166,0.9910873440285205,-0.020120370394589592,0.45125602505511686
car_eval_4,car_eval_4(3.8%),9,51,logreg_C1.0,1,0.2950849724068989,0.6829167450551575,0.05885942481874672,0.019535307633035986,0.030611333867168806,0.009064067095842813,0.038560411311053984,0.41882249373977143,0.8136454301504356,0.8148148148148148,0.8532908449575116,0.9929590017825313,-0.01841758305544188,0.5166393379526055
car_eval_4,car_eval_4(3.8%),9,51,logreg_C10.0,2,0.3327752639517346,0.6381312862268536,0.061229825013822875,0.019327743932939838,0.030880892507961263,0.009594918030031738,0.038560411311053984,0.4086784812738297,0.7364295061864152,0.7407407407407407,0.7825981036507352,0.9855614973262032,-0.019501821834950438,0.4750679048973764
car_eval_4,car_eval_4(3.8%),9,51,hgb_d3,3,0.6708771929824563,0.6685962253700714,0.11187621629284686,0.025783046948992017,0.04374408063861453,0.022593255446494206,0.038560411311053984,0.5687254645818801,0.7235568797131484,0.7,0.8062647777814873,0.9590909090909091,-0.014900522131850998,0.6788487429779844
car_eval_4,car_eval_4(3.8%),9,51,hgb_d6,4,0.6818181818181819,0.5721295676906231,0.1088662729302742,0.019736205792605398,0.039664446017089725,0.01956845112626519,0.038560411311053984,0.5765511530505387,0.7684571008127088,0.7741935483870968,0.8530460357392158,0.9606060606060607,-0.0133108631203463,0.7652648649610747
car_eval_4,car_eval_4(3.8%),10,52,logreg_C0.1,0,0.14147826086956605,0.6236156423505381,0.0634830172963125,0.015697143136255202,0.03012025319302449,0.007260581247146553,0.038560411311053984,0.3644969370095869,0.7809992913237044,0.7692307692307693,0.8154125624777799,0.9918894830659536,-0.020414565920427705,0.2534978666278668
car_eval_4,car_eval_4(3.8%),10,52,logreg_C1.0,1,0.2711111111111111,0.6754807692307693,0.05709276799665045,0.0229756705961537,0.029262214854108185,0.008249483967361934,0.038560411311053984,0.41122477755319,0.8218163285235323,0.8235294117647058,0.8708604845446952,0.991711229946524,-0.018719625242633015,0.3589630006437711
car_eval_4,car_eval_4(3.8%),10,52,logreg_C10.0,2,0.3659356563026746,0.7947359541812581,0.05086687035006333,0.029840166805445312,0.03213492470839117,0.010701117859134439,0.038560411311053984,0.4605158797642249,0.8324934179127138,0.8387096774193549,0.9090686274509804,0.9940285204991087,-0.016540538431196433,0.3589630006437711
car_eval_4,car_eval_4(3.8%),10,52,hgb_d3,3,0.5101908462400464,0.6579490028442165,0.03954496874217032,0.009512948167655223,0.03478635096273855,0.018513788836954845,0.038560411311053984,0.6103363215929657,0.8136454301504356,0.8148148148148148,0.8758585858585859,0.9937611408199644,-0.012534282014902278,0.7497674935986334
car_eval_4,car_eval_4(3.8%),10,52,hgb_d6,4,0.375,0.7034172616352687,0.03721810429036362,0.016307654959187685,0.033693739311853016,0.01639286521143173,0.038560411311053984,0.6105243831481328,0.8715125945089707,0.875,0.8859024417847947,0.9949197860962566,-0.011067498799046805,0.8136454301504356
car_eval_4,car_eval_4(3.8%),11,53,logreg_C0.1,0,0.19908045977011596,0.7798503722278005,0.06793565882173974,0.041753993916323014,0.023979023218295845,0.0034872111256688447,0.038560411311053984,0.30153349960781517,0.9669505238159921,0.967741935483871,0.9875,0.9997326203208556,-0.023009254291613483,0.0
car_eval_4,car_eval_4(3.8%),11,53,logreg_C1.0,1,0.22583365879301856,0.8792003816177455,0.060217479536384774,0.036821396279521884,0.02320276290051172,0.004233704620705283,0.038560411311053984,0.3590078931440351,0.9669505238159921,0.967741935483871,0.9958333333333333,0.9998217468805704,-0.02072991461155211,0.0
car_eval_4,car_eval_4(3.8%),11,53,logreg_C10.0,2,0.25974637681159507,0.9059339653424748,0.050029039680541086,0.03154776475432129,0.026595630235770225,0.008076954808257604,0.038560411311053984,0.46489242197147385,0.9669505238159921,0.967741935483871,0.9532936507936509,0.9989304812834224,-0.016488736087590557,0.5089672082242814
car_eval_4,car_eval_4(3.8%),11,53,hgb_d3,3,0.3509803921568627,0.8331802109828561,0.04117787778610515,0.025185013507790385,0.034568734278173786,0.015261889171410971,0.038560411311053984,0.5652145349691198,0.8715125945089707,0.875,0.8843941679235797,0.9957219251336898,-0.01258847310541573,0.5354127445470958
car_eval_4,car_eval_4(3.8%),11,53,hgb_d6,4,0.15473076923077056,0.8466305078268894,0.04166847839519849,0.019607752183980975,0.032563436614973525,0.01513145866612351,0.038560411311053984,0.5707565645604931,0.8602169854357012,0.8571428571428571,0.8693384247331615,0.9949197860962568,-0.013229746745743716,0.5580058481976137
coil_2000,coil_2000(6.0%),0,42,logreg_C0.1,0,0.09128745837957825,0.14093397934415855,0.21083806373784958,0.005792437877801389,0.0601254249978447,0.001986203172594279,0.0605512878445549,0.03928415189965188,0.19941920209254332,0.24479166666666666,0.14591313882052354,0.7188408606319054,-0.05441660443045712,0.0
coil_2000,coil_2000(6.0%),0,42,logreg_C1.0,1,0.10278053624627606,0.1357076561695452,0.21104623717814935,0.00901004675623747,0.06017844218100303,0.0018859607454793069,0.0605512878445549,0.03822357670042217,0.20408122763608452,0.251063829787234,0.1473148843861981,0.7124676042586491,-0.05443479488821046,0.0
coil_2000,coil_2000(6.0%),0,42,logreg_C10.0,2,0.11883802816901409,0.11079463707950438,0.2124138324991232,0.008736174717147983,0.06064018864816097,0.0019491750447635597,0.0605512878445549,0.03626250713575756,0.19709737533927066,0.24824355971896955,0.1405854285482799,0.7049259474632609,-0.05470560716908508,-0.0053979964325259235
coil_2000,coil_2000(6.0%),0,42,hgb_d3,3,0.10119949494949496,0.16356706208766542,0.22056269558381186,0.009879383639093749,0.05932350621367719,0.0019227195877908785,0.0605512878445549,0.04065303809127616,0.2106621148796976,0.25925925925925924,0.16205325614559224,0.7145549309728414,-0.05422811451632111,0.0
coil_2000,coil_2000(6.0%),0,42,hgb_d6,4,0.1057194179053966,0.10574798984007551,0.21469017036483057,0.003449807737942911,0.06105796778521291,0.0018679755121550237,0.0605512878445549,0.031598469118191225,0.16733924544712253,0.22384428223844283,0.1373048507948853,0.6987016576568816,-0.05514407866439441,-0.0053979964325259235
coil_2000,coil_2000(6.0%),1,43,logreg_C0.1,0,0.06376811594202898,0.20301925443021082,0.20834644706528252,0.006246600716629096,0.0590382742720134,0.0021354576590782034,0.059674502712477394,0.03865893246049886,0.17135224231146978,0.2140845070422535,0.14209886111575554,0.7156304632867133,-0.053932476722720744,0.05591897276363868
coil_2000,coil_2000(6.0%),1,43,logreg_C1.0,1,0.061387541572359434,0.18899781425598175,0.21044611644932398,0.0046461393823833816,0.0587534682928107,0.0016912229551959018,0.059674502712477394,0.03372505393941789,0.1585268083995332,0.20876826722338204,0.1447523457641539,0.7099978146853148,-0.05404815212336461,0.08442096857762169
coil_2000,coil_2000(6.0%),1,43,logreg_C10.0,2,0.08147534189805222,0.18858078997505345,0.21282224219225795,0.0017177844318284681,0.05843595320826094,0.0015514227027366037,0.059674502712477394,0.028250704840363246,0.15890292712086448,0.20442930153321975,0.12587625909784814,0.6930488782051283,-0.05452693261969821,0.0
coil_2000,coil_2000(6.0%),1,43,hgb_d3,3,0.10003027671777528,0.22622012829157778,0.2101254469129479,0.00796180746479864,0.058930111276787905,0.002042582010399863,0.059674502712477394,0.03441435220412294,0.189552430973646,0.2335216572504708,0.13200750368850916,0.7120920745920747,-0.05431702181745427,0.0
coil_2000,coil_2000(6.0%),1,43,hgb_d6,4,0.05712316843174235,0.16191883145177086,0.21583292836759493,0.007788676227501549,0.060006153795346635,0.0017084918802206227,0.059674502712477394,0.02433526642109679,0.1352578326905809,0.1777059773828756,0.10912241528963311,0.6718403991841492,-0.055083890807697614,0.0
coil_2000,coil_2000(6.0%),2,44,logreg_C0.1,0,0.1631504922644163,0.11606459362556662,0.20055946993333418,0.005437423284011254,0.06291454262954332,0.0030133700456685475,0.058823529411764705,0.0569358064547016,0.22935420060209416,0.2777777777777778,0.19001900756584575,0.7448283899539654,-0.05188776372988491,0.0
coil_2000,coil_2000(6.0%),2,44,logreg_C1.0,1,0.08713936308275931,0.14836702070220545,0.2012098918803034,0.005275726161696762,0.06210511177565192,0.0024626912630406565,0.058823529411764705,0.04881720044434255,0.20285043485296758,0.2490566037735849,0.1694773862654292,0.7464272186935493,-0.05229238006992452,0.0
coil_2000,coil_2000(6.0%),2,44,logreg_C10.0,2,0.0934069611780455,0.11842008313152207,0.20168254671356184,0.0070846649205304505,0.06208286499979097,0.0022217085998758393,0.058823529411764705,0.04695239033839469,0.20850215124994295,0.25443786982248523,0.17845538172024128,0.745717032806946,-0.052263939204501515,0.0
coil_2000,coil_2000(6.0%),2,44,hgb_d3,3,0.08557970526882444,0.13849950943400602,0.2032103104628922,0.00785766976741832,0.06074553520351898,0.0025121314482293385,0.058823529411764705,0.0440667297951247,0.21151664796178737,0.23721881390593047,0.1443315466791221,0.7417509177786843,-0.05292577810466426,0.0
coil_2000,coil_2000(6.0%),2,44,hgb_d6,4,0.08527402035978246,0.14001832246683021,0.2072466587314855,0.010011423388150477,0.06023039839337388,0.0020962528457799086,0.058823529411764705,0.034969731477441555,0.17944720732791913,0.22746781115879827,0.13507767437138213,0.7266057484995047,-0.05354637217653723,-0.005298798792491217
coil_2000,coil_2000(6.0%),3,45,logreg_C0.1,0,0.08848933544861624,0.21077730496057584,0.20883300910610403,0.003089816270625434,0.05923032356385751,0.0020315809754624056,0.058929374718848404,0.035671280516489705,0.17036990107972658,0.21490467937608318,0.13728145970750594,0.7015584633573191,-0.05352249634437464,0.08477604755948884
coil_2000,coil_2000(6.0%),3,45,logreg_C1.0,1,0.06566181566181567,0.1906417981684932,0.21038995323665927,0.002408370667612271,0.059107022398283686,0.0017717759469923341,0.058929374718848404,0.030518005252474646,0.15785253644147718,0.20105820105820105,0.13372553057665804,0.6968148380599302,-0.053838876929953566,0.0
coil_2000,coil_2000(6.0%),3,45,logreg_C10.0,2,0.08617515319721909,0.19421712579782707,0.21197423076749575,0.003205298743892312,0.05891806924235208,0.0015823565157694454,0.058929374718848404,0.028055296642926986,0.1468590297989277,0.19727891156462585,0.13238874365310965,0.6808653102330944,-0.05392763143422605,0.0
coil_2000,coil_2000(6.0%),3,45,hgb_d3,3,0.07555342579020559,0.17977399958508822,0.20861820424653557,0.005210307183196869,0.05875981654097745,0.0023922675630921727,0.058929374718848404,0.035809551685546274,0.17041780093278264,0.2072936660268714,0.1260497824305003,0.712111205172741,-0.05388260128025509,0.0
coil_2000,coil_2000(6.0%),3,45,hgb_d6,4,0.08181167203723594,0.15102456704999828,0.2145406004629733,0.00616869366695633,0.058296217379651384,0.0019115832558222624,0.058929374718848404,0.02337523467704897,0.1362779411535577,0.19152854511970535,0.1028570719584812,0.6757203012566957,-0.0547891590663574,-0.007509232070772813
coil_2000,coil_2000(6.0%),4,46,logreg_C0.1,0,0.13346983018186198,0.1432619097041284,0.20713192972746033,0.0045042388766334315,0.06121711234462205,0.0029006248616802966,0.059401518535060295,0.0467046406442714,0.18103605467500264,0.23563218390804597,0.15479503099491643,0.7216509935808182,-0.05348380127404349,0.042448885485569056
coil_2000,coil_2000(6.0%),4,46,logreg_C1.0,1,0.09417582417582417,0.15552612630965526,0.20731147833625907,0.005580595957456236,0.060945893296722176,0.002685344481817454,0.059401518535060295,0.043819558595224566,0.19652978172794092,0.2414486921529175,0.15720376935853303,0.7218277174417524,-0.05360487729768147,0.05361793321467263
coil_2000,coil_2000(6.0%),4,46,logreg_C10.0,2,0.09570400359874044,0.1675117052739001,0.20777519798296795,0.00478424681925036,0.060375684079608895,0.00184562598489354,0.059401518535060295,0.037929840993372335,0.18834273150833197,0.23529411764705882,0.15552685347325249,0.7210547736863526,-0.053448646416995683,0.0
coil_2000,coil_2000(6.0%),4,46,hgb_d3,3,0.11644729236511371,0.11669069805055433,0.2055069621032783,0.008789076998794046,0.061683524575144213,0.0025743180688635155,0.059401518535060295,0.047938376705801346,0.20029487605229254,0.25196850393700787,0.17226891675239753,0.7329327592485488,-0.05300028224655748,0.08411497532160148
coil_2000,coil_2000(6.0%),4,46,hgb_d6,4,0.10100261551874455,0.07662786111274852,0.21995509436975771,0.012982149611463151,0.060999512626466156,0.0017692242193537264,0.059401518535060295,0.03596660066021679,0.19573954648236158,0.24691358024691357,0.16134996850952305,0.7195124563545616,-0.05357539332592762,0.0
coil_2000,coil_2000(6.0%),5,47,logreg_C0.1,0,0.10858250276854928,0.14154724529390345,0.20358534079043908,0.018352773308760558,0.06059159070993785,0.002349578103814559,0.0602247191011236,0.05193832433352893,0.23649461452720072,0.2865853658536585,0.2015852087058812,0.7631801537506157,-0.05305150659243741,0.10767679164249513
coil_2000,coil_2000(6.0%),5,47,logreg_C1.0,1,0.0970973381271234,0.1956888224343196,0.20570569516774861,0.01263208873396897,0.060156439599437325,0.0017751810506366264,0.0602247191011236,0.0428937377779277,0.2227097845514397,0.2691292875989446,0.1993303625467116,0.7568613175157213,-0.053520090898540026,0.10767679164249513
coil_2000,coil_2000(6.0%),5,47,logreg_C10.0,2,0.09709093329782985,0.20856937643750564,0.20677806962102918,0.012868011125186884,0.05960691031234191,0.0013947854412464723,0.0602247191011236,0.03741318575805952,0.233176803590648,0.2736842105263158,0.17807632351929503,0.7519700635987924,-0.053778262224588834,0.09366523640259088
coil_2000,coil_2000(6.0%),5,47,hgb_d3,3,0.08319146209749759,0.16582547638950818,0.20738114569240113,0.012923999392270702,0.059555459273232206,0.0012740260760122153,0.0602247191011236,0.03435518130151154,0.24781834748917894,0.27303754266211605,0.1623914993207389,0.7545450652048225,-0.05400361907748568,0.0
coil_2000,coil_2000(6.0%),5,47,hgb_d6,4,0.06862745098039216,0.10492057399465933,0.2128392835706722,0.004615993614539073,0.061367826304443124,0.0011462505131377794,0.0602247191011236,0.024649121681079706,0.18035394648959996,0.20098846787479407,0.12144552938835328,0.7191677908877421,-0.05493045050305598,0.0
coil_2000,coil_2000(6.0%),6,48,logreg_C0.1,0,0.11055138303718628,0.15608142546852916,0.22042095430759523,0.005114110429801572,0.05929947909275107,0.0026967976133381623,0.05922242314647378,0.03997735801852519,0.19815406223704768,0.24279835390946503,0.12751586447023003,0.7097879395915792,-0.053954529516264976,0.0
coil_2000,coil_2000(6.0%),6,48,logreg_C1.0,1,0.10443011819158608,0.14187275409854616,0.2147722384899261,0.00696296492962763,0.05975903989698184,0.002732355450120669,0.05922242314647378,0.03838637273560628,0.19962138721908657,0.2401500938086304,0.12539690120432245,0.6985759928983056,-0.054152258266839844,0.0
coil_2000,coil_2000(6.0%),6,48,logreg_C10.0,2,0.09734551041311028,0.14029505480489185,0.21535740934198525,0.005829668153286783,0.05913898269929102,0.00245488864000462,0.05922242314647378,0.03493497699552721,0.19064621130778173,0.23391812865497075,0.11972987592823245,0.6877858927189293,-0.05427978075008893,0.0
coil_2000,coil_2000(6.0%),6,48,hgb_d3,3,0.09867680433514449,0.15881373685200717,0.21819484887373664,0.0030489282976020322,0.05977043876151397,0.002692946593238042,0.05922242314647378,0.04294381843951238,0.19239653467936307,0.23668639053254437,0.14344320113711553,0.7178213645084021,-0.053602445201826984,0.0
coil_2000,coil_2000(6.0%),6,48,hgb_d6,4,0.09370335820895523,0.12621536028074745,0.21170323831052354,0.0030831376551402907,0.060113191675404035,0.001706532615814588,0.05922242314647378,0.029598339497934927,0.1541868148662449,0.2079002079002079,0.12638471259997708,0.6914467868134448,-0.05410116550184523,0.0
coil_2000,coil_2000(6.0%),7,49,logreg_C0.1,0,0.1047348411374481,0.16455515337265722,0.2087805005329157,0.011845071503226133,0.05720040660428028,0.0026961512919972596,0.06030150753768844,0.04370635044997802,0.21803695067386836,0.26666666666666666,0.14989986920102627,0.7367194060193574,-0.0545388345599733,0.03409650028727893
coil_2000,coil_2000(6.0%),7,49,logreg_C1.0,1,0.10289466526790222,0.14113860363050637,0.2076465593980762,0.010938839358572965,0.05773930067213058,0.0027131225691969987,0.06030150753768844,0.04631636959511578,0.22185685543875278,0.2669683257918552,0.15784229963358865,0.7390764720614016,-0.054241595982329915,0.028079673571461485
coil_2000,coil_2000(6.0%),7,49,logreg_C10.0,2,0.09431813643262241,0.1355647692057731,0.2083420427101995,0.005109938756074265,0.05736067329439123,0.0024457195796249312,0.06030150753768844,0.04326304250890764,0.21029978508601027,0.2559652928416486,0.1550162370710177,0.7383785595380151,-0.054330157588936195,0.06828006954787037
coil_2000,coil_2000(6.0%),7,49,hgb_d3,3,0.13438890858245697,0.1198033419805985,0.2118450180668105,0.010520468896936854,0.05878637135097065,0.0028736997057760613,0.06030150753768844,0.04310174385537629,0.16297436981115387,0.21768707482993196,0.14470120468122685,0.7085377351541668,-0.05471436089974359,0.06828006954787037
coil_2000,coil_2000(6.0%),7,49,hgb_d6,4,0.054164101327206136,0.13472606939720194,0.2130369183994219,0.005928887643475156,0.05836293517768892,0.0017702852337013924,0.06030150753768844,0.029880361657741075,0.15780696168447894,0.2,0.1255841107647968,0.704521515593465,-0.055104365856959645,0.0
coil_2000,coil_2000(6.0%),8,50,logreg_C0.1,0,0.07141518275538894,0.17404059271844716,0.20856503177293276,0.003987807665044379,0.058388580041397534,0.0017777390338420238,0.060454545454545455,0.037348763692825575,0.18337537519999303,0.23265306122448978,0.1412930701211281,0.7335319430652102,-0.054407541372806234,0.0
coil_2000,coil_2000(6.0%),8,50,logreg_C1.0,1,0.07927489177489178,0.18349655305961635,0.20927973178781187,0.008182005375712054,0.059106095536924926,0.0014915886444942718,0.060454545454545455,0.03377290897739604,0.19611703777267098,0.23972602739726026,0.14154329295548979,0.7380916005543613,-0.05449691974312239,0.0
coil_2000,coil_2000(6.0%),8,50,logreg_C10.0,2,0.08198919214720568,0.1740302846851283,0.21048220836491108,0.00713368096014573,0.059309125871572804,0.0013718354274357403,0.060454545454545455,0.031423391478799904,0.19342974234706764,0.2332155477031802,0.13686282185639534,0.7308401628163297,-0.05463508069097571,0.0
coil_2000,coil_2000(6.0%),8,50,hgb_d3,3,0.07512383048981838,0.16364454676268061,0.212206845854381,0.007944252215075324,0.05985986799595773,0.00243365368369467,0.060454545454545455,0.03668517245822378,0.19179748878616798,0.23062381852551986,0.12990044366943632,0.719945727890117,-0.055085615758225154,0.0
coil_2000,coil_2000(6.0%),8,50,hgb_d6,4,0.086002886002886,0.14083916515237757,0.21334897333446795,0.00485793051169265,0.06025679811136407,0.0021416772561027673,0.060454545454545455,0.02964359136200698,0.1635470575632055,0.21314387211367672,0.1266814407864454,0.7195001291327012,-0.0555791683085439,0.0
coil_2000,coil_2000(6.0%),9,51,logreg_C0.1,0,0.1117501663656241,0.18140159736642986,0.21027411444317845,0.0033680158499560147,0.05894237082220543,0.002534135406995134,0.059817351598173515,0.03858672339559951,0.19179397042235122,0.24285714285714285,0.13182515447122867,0.7159760352057065,-0.05446381704034183,-0.005391189452976719
coil_2000,coil_2000(6.0%),9,51,logreg_C1.0,1,0.07085129822028907,0.13852147342643964,0.21102159790679367,0.004970915940580945,0.05882596683629654,0.0026996073617028653,0.059817351598173515,0.03653859974966839,0.18695238514885779,0.23427331887201736,0.13409058961371148,0.7185100600973572,-0.05486207145515128,-0.010789775073901673
coil_2000,coil_2000(6.0%),9,51,logreg_C10.0,2,0.07780442312816413,0.15685088474765368,0.21125700226142888,0.004864561772700397,0.05927674432478595,0.0027413028348180096,0.059817351598173515,0.035230293502439516,0.18579116996560974,0.22911694510739858,0.13343669283625145,0.7186602108041776,-0.055034994737134205,-0.013220770997373331
coil_2000,coil_2000(6.0%),9,51,hgb_d3,3,0.08094878402796292,0.1825457302029086,0.20915433795794847,0.0024658445290914365,0.05928342419806644,0.002772083684259379,0.059817351598173515,0.049069896008376246,0.1913238116281711,0.2363238512035011,0.1722389966381338,0.7127895035387372,-0.053515425686729026,0.056118305861149395
coil_2000,coil_2000(6.0%),9,51,hgb_d6,4,0.05946340368208352,0.13256878572214428,0.21758429685206843,0.00965516607974717,0.061198692564111735,0.003240549713903356,0.059817351598173515,0.033527107899831404,0.14542684356509392,0.19622641509433963,0.12158124592728145,0.6818732876331429,-0.055670125539490765,0.01147600170799857
coil_2000,coil_2000(6.0%),10,52,logreg_C0.1,0,0.10515398509597673,0.17459506021906268,0.20979818407841527,0.0046402131013475005,0.06208921445660851,0.002823973843890687,0.058823529411764705,0.03867674265830385,0.14781820107064825,0.20398009950248755,0.1315591317097516,0.6932932692307692,-0.05380578363827745,0.0
coil_2000,coil_2000(6.0%),10,52,logreg_C1.0,1,0.09960884753765605,0.16241862013162983,0.20945098764252337,0.005719311587121163,0.06199223462967309,0.0024909875336404028,0.058823529411764705,0.03855475346200565,0.15674709993561126,0.20333333333333334,0.15011743094082486,0.6932377958579882,-0.0534892210658576,0.0
coil_2000,coil_2000(6.0%),10,52,logreg_C10.0,2,0.09443366480717924,0.14400848571206873,0.2104575294408359,0.0056377251547528335,0.06179150361550833,0.0021250818126272897,0.058823529411764705,0.032352102497984564,0.14501823028449196,0.19480519480519481,0.12829294021488497,0.6908154585798816,-0.053831506419150764,0.0
coil_2000,coil_2000(6.0%),10,52,hgb_d3,3,0.112798400199975,0.16780933544943655,0.23539067601364622,0.008716095282750701,0.061422720877548825,0.002789465272914051,0.058823529411764705,0.02999250875255162,0.13434284550911002,0.19047619047619047,0.10998523198732517,0.6767270710059171,-0.054770684617351094,-0.007524115817860575
coil_2000,coil_2000(6.0%),10,52,hgb_d6,4,0.09255093713353038,0.12928298949731898,0.2256542242531607,0.008656628790731494,0.06325756047636122,0.002382594423082146,0.058823529411764705,0.026920760127390107,0.1210047185478148,0.1781512605042017,0.10717993098016226,0.6648761094674557,-0.054681716512640616,0.0
coil_2000,coil_2000(6.0%),11,53,logreg_C0.1,0,0.13426888426888428,0.1384604999735985,0.2117723107200229,0.007602282799705013,0.05948170203873551,0.0033532832828761733,0.05819158460161146,0.0416177624046808,0.16459731126941715,0.21971830985915494,0.12431382185463768,0.6843356975723895,-0.05355139161212116,0.0
coil_2000,coil_2000(6.0%),11,53,logreg_C1.0,1,0.11253591954022987,0.15518904896524524,0.21215674406194843,0.009181817570611343,0.058957837453107426,0.0030053716830254333,0.05819158460161146,0.03721476581184539,0.15176235821359055,0.20689655172413793,0.11744520800017988,0.68112203860778,-0.053707050222509066,0.0
coil_2000,coil_2000(6.0%),11,53,logreg_C10.0,2,0.12374860956618465,0.15032019815785763,0.2118947612867385,0.008743788551311998,0.05965591375873833,0.0028635236433867954,0.05819158460161146,0.036297443900092416,0.16061623991076013,0.21445221445221446,0.11862585448438892,0.6784513015501609,-0.053645791065137206,0.0
coil_2000,coil_2000(6.0%),11,53,hgb_d3,3,0.12987623941521315,0.14012338125153662,0.2099682277039996,0.005869831868161281,0.061881198485321934,0.003351081182950407,0.05819158460161146,0.04357243074695029,0.16429421729854962,0.2192513368983957,0.1407480476444567,0.6883792775665399,-0.053254589404851504,0.0
coil_2000,coil_2000(6.0%),11,53,hgb_d6,4,0.10910672957893038,0.13168644557311032,0.2110524074765907,0.006699485625043976,0.06203960889136645,0.0024871471155006727,0.05819158460161146,0.03144790237523831,0.1440205567038608,0.20095693779904306,0.11864901617868709,0.6796779028955836,-0.05375538586345102,-0.00744074996721989
mammography,mammography(2.3%),0,42,logreg_C0.1,0,0.45833333333333337,0.518803373468974,0.030589357257390218,0.00521118426875469,0.015363863332933181,0.006812288670633283,0.011205032435620208,0.41654682485461264,0.5776439728578522,0.5818181818181818,0.5469788010139174,0.9432318370478882,-0.007123531284215674,0.5691307881157552
mammography,mammography(2.3%),0,42,logreg_C1.0,1,0.505738880918221,0.49728342068870657,0.030542212742627667,0.005508323037252998,0.015445016991790699,0.0068308232585316325,0.011205032435620208,0.41596456127900294,0.5592512605907571,0.5636363636363636,0.5444656221392274,0.9078877611523838,-0.007129860969181868,0.5592512605907571
mammography,mammography(2.3%),0,42,logreg_C10.0,2,0.5098039215686274,0.5167252937966641,0.03048027078939344,0.005831793862090932,0.015458229638551124,0.006759697947392645,0.011205032435620208,0.41528813072318915,0.5592512605907571,0.5636363636363636,0.5538955923727553,0.9076558194691501,-0.007071870020018988,0.5592512605907571
mammography,mammography(2.3%),0,42,hgb_d3,3,0.3935599284436494,0.6497273929664361,0.02521475616968372,0.004408769719112629,0.01400260191761186,0.00601091289005583,0.011205032435620208,0.49931462561444423,0.7179104680979694,0.7207207207207207,0.7424888632024824,0.964246102333368,-0.004747102377894664,0.6414443260367808
mammography,mammography(2.3%),0,42,hgb_d6,4,0.40531400966183573,0.6454749062218504,0.024704154965265096,0.004832669131759972,0.013894653243933386,0.0060433714075058325,0.011205032435620208,0.5039568107871643,0.7361338917724556,0.7387387387387387,0.7500641564632071,0.9905427086603188,-0.004711603196542479,0.6631336409084214
mammography,mammography(2.3%),1,43,logreg_C0.1,0,0.32894736842105265,0.5967847053638636,0.07995842136567309,0.006420177935882378,0.03125462251810603,0.012393025403653437,0.03227633069082673,0.3789645564458458,0.5325571500812158,0.5319148936170213,0.541523540601336,0.9278022440536683,-0.020320461874134863,0.5036423713897693
mammography,mammography(2.3%),1,43,logreg_C1.0,1,0.26637793482338057,0.5861150068299735,0.08070093971024786,0.006257932857659671,0.03111650600624207,0.012387831771154323,0.03227633069082673,0.3729408239842364,0.5178059033310071,0.5161290322580645,0.5399115132609458,0.9270477246363422,-0.02073516492667721,0.49949640784784993
mammography,mammography(2.3%),1,43,logreg_C10.0,2,0.21356275303643724,0.5706652654490392,0.08094101118643282,0.0088738391451661,0.03101299240723856,0.012332937186392778,0.03227633069082673,0.37239098332864834,0.5072391652903849,0.5225225225225225,0.5389089833994101,0.9269040066520895,-0.020751094490601786,0.5154584202563434
mammography,mammography(2.3%),1,43,hgb_d3,3,0.44285714285714284,-0.013470944761439781,0.07650010857267321,0.004035632280721041,0.03153499923826897,0.014068112551345385,0.03227633069082673,0.45406483807604925,0.5751599155768021,0.5818181818181818,0.6671662117810742,0.9570642522045312,-0.017255095230699367,0.5757039810803548
mammography,mammography(2.3%),1,43,hgb_d6,4,0.19028871391076113,0.04222696385960997,0.06193076148834165,0.007400480537067296,0.03205628638009656,0.013609772213461482,0.03227633069082673,0.45458341099985666,0.6104151136735971,0.6201550387596899,0.6891616993246243,0.9579727551764138,-0.01654070395740939,0.5899745669791167
mammography,mammography(2.3%),2,44,logreg_C0.1,0,0.4082687338501292,0.5921205116914565,0.07198898366769131,0.005344981973691461,0.03586950929228009,0.0139437602055898,0.03227633069082673,0.40521613902178827,0.600286402898705,0.6126126126126126,0.5841786571874696,0.9560633590999148,-0.018555478876762926,0.5806489076850024
mammography,mammography(2.3%),2,44,logreg_C1.0,1,0.4926108374384236,0.5759503242068942,0.07145698460457482,0.007384863118489109,0.03676099704960796,0.014867004160054991,0.03227633069082673,0.4154646114617124,0.6196990872496393,0.6285714285714286,0.592712597913452,0.9581421370864259,-0.018487767618357225,0.5276629079532978
mammography,mammography(2.3%),2,44,logreg_C10.0,2,0.4735632183908046,0.5759503242068942,0.07148027772295806,0.00718193939112624,0.036661878997550794,0.014695848507894469,0.03227633069082673,0.4135737036884437,0.6196990872496393,0.6285714285714286,0.584235237199844,0.9579830207467176,-0.018477199811418814,0.5426533413501796
mammography,mammography(2.3%),2,44,hgb_d3,3,0.5564743589743599,0.6475238476924089,0.04939400374922222,0.009544384814684082,0.033957829783038046,0.015252373016026504,0.03227633069082673,0.5278671320157227,0.721862410014113,0.7258064516129032,0.8028973083452411,0.9747620954082103,-0.012695708689243843,0.711524525175705
mammography,mammography(2.3%),2,44,hgb_d6,4,0.35561623430892236,0.6795634390878367,0.047533024097876124,0.0120837724529106,0.035660047501964706,0.015601541900413574,0.03227633069082673,0.5288106418747631,0.737803170489443,0.7454545454545455,0.8281453607365075,0.9803722295792142,-0.012185531659506718,0.7138363624600889
mammography,mammography(2.3%),3,45,logreg_C0.1,0,0.22115384615384615,0.6238576977773503,0.07699579428142161,0.0066102742597016866,0.03341598510739015,0.011017203741981176,0.03227633069082673,0.36211935303575477,0.563067507855377,0.5765765765765766,0.5774707439296811,0.9275507375812263,-0.01924943873169188,0.5320190787659298
mammography,mammography(2.3%),3,45,logreg_C1.0,1,0.22938689217758984,0.6238576977773503,0.09208991359324523,0.006054030028576048,0.0343721920239992,0.011514909330648035,0.03227633069082673,0.3589189801957875,0.5520642352336708,0.5663716814159292,0.5551880024835355,0.9283309209243119,-0.01964106495227975,0.5205444125156123
mammography,mammography(2.3%),3,45,logreg_C10.0,2,0.23809523809523808,0.6238576977773503,0.09191153710459433,0.007214829457944067,0.03427967471010598,0.011305516098952419,0.03227633069082673,0.35711267731185115,0.5444580603337129,0.5585585585585585,0.5594192605647305,0.9268218820896593,-0.01957748020685091,0.5205444125156123
mammography,mammography(2.3%),3,45,hgb_d3,3,0.35877113526570026,-0.0031370758933502736,0.0720125937981686,0.008348225831915647,0.033886062247343605,0.014864464474228624,0.03227633069082673,0.500903733975327,0.7002457618540217,0.7090909090909091,0.7358093767925497,0.9608368492911623,-0.014066475702201582,0.6866567310587044
mammography,mammography(2.3%),3,45,hgb_d6,4,0.5003090602762114,-0.02413543809585513,0.07365825263353454,0.008989168367393925,0.033224261984264945,0.014656575297993095,0.03227633069082673,0.5048753180928265,0.6991894648271012,0.6909090909090909,0.7345740987242928,0.9424460800919795,-0.013908804422945556,0.6991894648271012
mammography,mammography(2.3%),4,46,logreg_C0.1,0,0.48295454545454547,0.5893400066847958,0.20262771638989321,0.008232910702745578,0.03017588968936714,0.008553474953552043,0.035553047404063204,0.298555791738277,0.5185672589193451,0.5299145299145299,0.44543203409397647,0.8173070671607828,-0.023956274617540754,0.4644371365528941
mammography,mammography(2.3%),4,46,logreg_C1.0,1,0.4619220560237064,0.5303243627798913,0.1253759030993025,0.0077854625637025845,0.03009703173643213,0.008229602774606135,0.035553047404063204,0.286988707814609,0.5124041500945983,0.5161290322580645,0.43010395862133516,0.8266785551747518,-0.024389129758542242,0.45814910120681235
mammography,mammography(2.3%),4,46,logreg_C10.0,2,0.45986111111111017,0.5424340003452383,0.12552477878700788,0.007067656337244251,0.03014219755914606,0.008292076812008501,0.035553047404063204,0.28699989715997537,0.5124041500945983,0.5161290322580645,0.4358011955317249,0.827207965300417,-0.024437207138519643,0.47088979368183415
mammography,mammography(2.3%),4,46,hgb_d3,3,0.4369747899159664,0.724472654682371,0.18359246466352427,0.006644275828472711,0.030644009055964715,0.013278108466001257,0.035553047404063204,0.46385311933709655,0.6540205400846738,0.64,0.6633680211029355,0.8179525759982168,-0.017983682981905273,0.6618293325114958
mammography,mammography(2.3%),4,46,hgb_d6,4,0.4968222222222182,0.6752358890149719,0.10955462146382454,0.009423449717106559,0.030531504615417832,0.013095744445782678,0.035553047404063204,0.45207874367606865,0.6204147317904048,0.6153846153846154,0.6453051017291562,0.8315221934297418,-0.018605337046386408,0.6204147317904048
mammography,mammography(2.3%),5,47,logreg_C0.1,0,0.288961038961039,0.5619789500858601,0.11722572266177864,0.007174705080888191,0.02937323389599314,0.010352506285824419,0.03227633069082673,0.3677896853622364,0.563067507855377,0.5765765765765766,0.5556846010232708,0.8965487152638765,-0.019644755911232114,0.5487292088828588
mammography,mammography(2.3%),5,47,logreg_C1.0,1,0.4506697639397512,0.6552409650827657,0.11573064275079903,0.005737244103426274,0.029296356489160038,0.00987401701919118,0.03227633069082673,0.36115943913456083,0.5631517937050307,0.5591397849462365,0.5671780909576067,0.8949062240152752,-0.019589804673533016,0.4416750765917047
mammography,mammography(2.3%),5,47,logreg_C10.0,2,0.47916666666666663,0.6552409650827657,0.11620902289372774,0.0057432644289631815,0.029115244219116838,0.009785245871950182,0.03227633069082673,0.3588050545793838,0.5772989938548381,0.574468085106383,0.5558164372003627,0.8948908256598196,-0.01970670632285097,0.4416750765917047
mammography,mammography(2.3%),5,47,hgb_d3,3,0.4739392059553351,0.6655227683051879,0.08906941641946238,0.006513200053118433,0.029734077173427447,0.013118384275293606,0.03227633069082673,0.48759558597602376,0.6765165196400894,0.6666666666666666,0.7188123039323502,0.9323498916982331,-0.015085546318749615,0.6717861273344687
mammography,mammography(2.3%),5,47,hgb_d6,4,0.2450980392156863,0.7017138953544577,0.07884035470668181,0.009186274027669906,0.026313215634070644,0.011761051623491553,0.03227633069082673,0.4856043333581005,0.6555490540276965,0.6666666666666666,0.7083671118839714,0.9400798661369631,-0.015556862251600329,0.6846170182369906
mammography,mammography(2.3%),6,48,logreg_C0.1,0,0.6899999999999976,0.4915450761649474,0.07918760382762077,0.00656861337385576,0.034001309489453874,0.01593463926834736,0.032148900169204735,0.43636111490848983,0.5858661109891323,0.5806451612903226,0.5887485498613336,0.9234091931460352,-0.01915372360775059,0.5752054944345106
mammography,mammography(2.3%),6,48,logreg_C1.0,1,0.2517361111111111,0.5244938866123481,0.08010092173980037,0.007292935838544698,0.03425308445831425,0.015438218008486899,0.032148900169204735,0.4188415727765501,0.5571006189258377,0.5714285714285714,0.558546088271437,0.9226066331329488,-0.01968298495044491,0.5752054944345106
mammography,mammography(2.3%),6,48,logreg_C10.0,2,0.653125,0.5059351671604629,0.0813410285637241,0.00890977536991911,0.03409866656257964,0.015499514925996136,0.032148900169204735,0.4162904574868112,0.5549735654286659,0.5641025641025641,0.5461773067412405,0.920899276162434,-0.019965495087571825,0.5612661292673751
mammography,mammography(2.3%),6,48,hgb_d3,3,0.38250985824238753,0.673257185229973,0.06651974655199967,0.0076812216971743385,0.0303686938065166,0.014676006450948199,0.032148900169204735,0.46736148895788754,0.6003375522220705,0.6126126126126126,0.6397978783686303,0.9591256696519854,-0.017501027273279526,0.5549735654286659
mammography,mammography(2.3%),6,48,hgb_d6,4,0.381204081632651,0.7094534155620859,0.06671780776537799,0.007263045305263943,0.02918874592921441,0.015270004740748145,0.032148900169204735,0.4881952994067394,0.6189446160653286,0.6306306306306306,0.6458500750803746,0.9559256532940743,-0.017401590502414764,0.5549735654286659
mammography,mammography(2.3%),7,49,logreg_C0.1,0,0.2149122807017544,0.5941285011609894,0.09792614525363896,0.010228764986831548,0.033185689552004585,0.013973623651137383,0.03227633069082673,0.3208286028148391,0.46526850288890836,0.48214285714285715,0.35853151666759864,0.8945931241210104,-0.024896313240287054,0.4337896070696541
mammography,mammography(2.3%),7,49,logreg_C1.0,1,0.18333333333333335,0.580196654526597,0.0968467282459287,0.007781626785259462,0.0332606606237744,0.01328785881999144,0.03227633069082673,0.3152175775596731,0.48080190088682634,0.49612403100775193,0.36985004585831016,0.8937256834303429,-0.024544186786481192,0.40756022513565543
mammography,mammography(2.3%),7,49,logreg_C10.0,2,0.17592592592592593,0.580196654526597,0.0967472896591846,0.00823022996326192,0.033271241939531855,0.013241381909109189,0.03227633069082673,0.3147568309449712,0.47711889241631106,0.49230769230769234,0.36971694314006087,0.8936692227936723,-0.024523870063177553,0.40756022513565543
mammography,mammography(2.3%),7,49,hgb_d3,3,0.21578334304018637,0.6556931009260671,0.07525342686867169,0.009081009588557534,0.03262444494118022,0.016299772009833614,0.03227633069082673,0.4859157974422195,0.6541644427224993,0.6615384615384615,0.6291108255507764,0.921576175664439,-0.017021955204530672,0.6182286236377177
mammography,mammography(2.3%),7,49,hgb_d6,4,0.30405405405405406,0.6769902785076195,0.07281757936599326,0.006598556531238417,0.029403485550560115,0.014987290825394323,0.03227633069082673,0.4986429660674948,0.6561147454636971,0.6666666666666666,0.6473151160007274,0.9271041852730129,-0.01645480785585746,0.5997245176438832
mammography,mammography(2.3%),8,50,logreg_C0.1,0,0.2373157887950214,0.5478830774193891,0.05318152657810812,0.027843300611252817,0.03813006904847974,0.004656934577529003,0.011196228638774307,0.23066856089580742,0.6079140228595107,0.6111111111111112,0.6220202239408921,0.8800228620817041,-0.0071571282784991625,0.6011542130568855
mammography,mammography(2.3%),8,50,logreg_C1.0,1,0.2619047619047619,0.5245179379776368,0.05915040283424585,0.033913612041584856,0.043841471147024746,0.004660302353572165,0.011196228638774307,0.2121596392202456,0.590350049471463,0.5945945945945946,0.6302348184779492,0.8744014386383121,-0.007655939883679383,0.5820667149950286
mammography,mammography(2.3%),8,50,logreg_C10.0,2,0.26515151515151514,0.5126689743233227,0.05912179847798652,0.03362146586816104,0.04379997430768556,0.004805336619065779,0.011196228638774307,0.21438539346738877,0.5776475941595388,0.5818181818181818,0.6259470774915982,0.8744014386383122,-0.007706541507340557,0.5820667149950286
mammography,mammography(2.3%),8,50,hgb_d3,3,0.017596669877528552,0.37341484652335966,1.13087723065017,0.5361281608953972,0.5459229529721346,0.14367280881751185,0.011196228638774307,-0.00848744954571511,0.059287754308740205,0.02984264785675529,0.2534369257515634,0.5046856812273035,-0.4415656112926398,-0.04932305456197445
mammography,mammography(2.3%),8,50,hgb_d6,4,0.01172928867539646,0.3396141295090772,1.2352261227633692,0.5534665171405597,0.5638502854519507,0.1536289342524935,0.011196228638774307,-0.008713020608818189,0.05778733532107389,0.029801324503311258,0.2511626065674643,0.48844523904118664,-0.4710355765596913,-0.03800732096458042
mammography,mammography(2.3%),9,51,logreg_C0.1,0,0.4119047619047619,0.5159946042546609,0.0889688636716894,0.007026947173850969,0.03114676823635042,0.01038961784825924,0.03220338983050847,0.36989675661740146,0.618251963300847,0.6185567010309279,0.5850935600365068,0.9188711709220512,-0.0188694502929076,0.49344581976265
mammography,mammography(2.3%),9,51,logreg_C1.0,1,0.20695020222447041,0.5292050246316714,0.07804032729853624,0.006869238210552975,0.03127217540851916,0.010542121014158615,0.03220338983050847,0.369116664432266,0.6003156822255166,0.6126126126126126,0.5769775072723614,0.9168740590530614,-0.01902548754002755,0.49344581976265
mammography,mammography(2.3%),9,51,logreg_C10.0,2,0.423444976076555,0.5301582783634908,0.07836713445664888,0.006985907708890469,0.03136263047616102,0.010691895535853802,0.03220338983050847,0.3692338434080346,0.6132892588690827,0.6126126126126126,0.5758264804207671,0.9151022623692915,-0.019136168242997898,0.49344581976265
mammography,mammography(2.3%),9,51,hgb_d3,3,0.3896551724137931,-0.006721707184099838,0.061628676179623344,0.006830403584460744,0.028895387028592998,0.011081385074709573,0.03220338983050847,0.4571720735872666,0.7236873131565976,0.7157894736842105,0.7395194540420202,0.9501182904722401,-0.015219088362915918,0.6318959470575435
mammography,mammography(2.3%),9,51,hgb_d6,4,0.2676612027391485,0.003690486820526809,0.06382038918969705,0.006443382571647536,0.028592898422562962,0.01090625385145121,0.03220338983050847,0.4354224942630764,0.6561399313344355,0.6666666666666666,0.7054290594001967,0.9472404010610296,-0.016463597367492786,0.5924260941148125
mammography,mammography(2.3%),10,52,logreg_C0.1,0,0.2166047732122486,0.49572727738344086,0.08078891471669464,0.006330843931059879,0.03163495863293016,0.010571995466463847,0.03227633069082673,0.32673131483901985,0.5171806596857947,0.53125,0.46447239967634296,0.9357837249648404,-0.021593467424853963,0.45677752743229505
mammography,mammography(2.3%),10,52,logreg_C1.0,1,0.23412698412698862,0.4884098138908572,0.08071900034480427,0.007619068107183676,0.03145769046044276,0.010236212475019714,0.03227633069082673,0.3189590420006674,0.5334911949824198,0.546875,0.46283945427484263,0.9368718754170388,-0.021792344694102364,0.4640649371802371
mammography,mammography(2.3%),10,52,logreg_C10.0,2,0.2262820512820517,0.4884098138908572,0.08026427821305021,0.0047728482515451065,0.031641734669666244,0.010357910237683397,0.03227633069082673,0.32085163073819567,0.5334911949824198,0.546875,0.4661474446988015,0.9389506534035498,-0.02174106888419381,0.4716715029067742
mammography,mammography(2.3%),10,52,hgb_d3,3,0.30908616115400467,0.6048227792765835,0.05660272490317838,0.006453880449715798,0.032405630356357774,0.013430413580050636,0.03227633069082673,0.4798128641201782,0.6814670575363109,0.6909090909090909,0.7570581674592012,0.9721751716916633,-0.014633532544883884,0.6717861273344687
mammography,mammography(2.3%),10,52,hgb_d6,4,0.29444444444444445,0.5936675653722625,0.05360751003809366,0.006076814724503354,0.03331214640911028,0.014725514664570791,0.03227633069082673,0.49518413592114874,0.6561147454636971,0.6666666666666666,0.7566710701522263,0.9751316559391457,-0.014551809014572602,0.6609564054225221
mammography,mammography(2.3%),11,53,logreg_C0.1,0,0.09347826086956522,0.5404897363698212,0.045178250356663924,0.0037836564934006535,0.013096514934206847,0.005022707018673626,0.012362637362637362,0.32449479860754515,0.4713252949057579,0.47368421052631576,0.440198784974334,0.8704597277019293,-0.009080239143534466,0.43104332084036356
mammography,mammography(2.3%),11,53,logreg_C1.0,1,0.09742014742014742,0.5810224336946219,0.04472667281170601,0.003291352132578476,0.01296193376635745,0.0049606173005930145,0.012362637362637362,0.33103480612794695,0.4862537596735707,0.47904191616766467,0.4435354129055259,0.8667461421286178,-0.008895934815495478,0.46508239134114643
mammography,mammography(2.3%),11,53,logreg_C10.0,2,0.10284570851094887,0.5742951779567942,0.044600657618193304,0.003581616187204008,0.013025718625972803,0.004956602839993165,0.012362637362637362,0.331719442734375,0.503893062188863,0.49696969696969695,0.448085848262404,0.8659608488736246,-0.008854778604702651,0.471537399256082
mammography,mammography(2.3%),11,53,hgb_d3,3,0.34187908137989653,0.7094534155620859,0.038074807795420565,0.0017204568160200772,0.012933497465003987,0.005465195202191564,0.012362637362637362,0.4235074956837857,0.5775187261218875,0.5789473684210527,0.5837504915627416,0.888761160467896,-0.007100415208559813,0.5531418819965972
mammography,mammography(2.3%),11,53,hgb_d6,4,0.10137429643527227,0.6713783407458697,0.038108923796719624,0.0026452102124523286,0.012406410569708504,0.005331435977018352,0.012362637362637362,0.4239105379615938,0.5546133040517723,0.5454545454545454,0.5808068212661888,0.8916184925523292,-0.007171431988590081,0.5580075735957062
ozone_level,ozone_level(2.9%),0,42,logreg_C0.1,0,0.12320574162679426,0.17634371707149293,0.10227336293356554,0.005480274922613206,0.029222551953107773,0.00302558063379847,0.0297723292469352,0.11728813199249877,0.3357730000653128,0.34782608695652173,0.23150596344775579,0.8695052028031428,-0.025196817577783154,0.0
ozone_level,ozone_level(2.9%),0,42,logreg_C1.0,1,0.161055750067331,0.11175355749151934,0.1806060131870661,0.01008439457748071,0.02710010515378148,0.0020026060500865145,0.0297723292469352,0.09163573512403246,0.35896724342231584,0.3783783783783784,0.23526268241186016,0.8460394988320238,-0.025837930924188204,0.0
ozone_level,ozone_level(2.9%),0,42,logreg_C10.0,2,0.14595767769940315,0.08577248999967046,0.18490059380867918,0.006444701461662435,0.027019253136798746,0.0020936146257066993,0.0297723292469352,0.08849068906597304,0.35403674361810705,0.36,0.21883414004667157,0.8187513272456997,-0.026110054842042187,0.0
ozone_level,ozone_level(2.9%),0,42,hgb_d3,3,0.08733333333333333,0.21925877044159445,0.09355353107062728,0.005927942344611602,0.03262123144266201,0.00376864265126889,0.0297723292469352,0.13778537103506527,0.3730779361460303,0.3492063492063492,0.3322309543218686,0.9117116160543639,-0.024342668472911475,0.0
ozone_level,ozone_level(2.9%),0,42,hgb_d6,4,0.1245341111651272,0.2422258129013848,0.09173817145235967,0.011394140322088006,0.0321521400053628,0.003890548917212793,0.0297723292469352,0.13660728616823198,0.39033383938823984,0.3793103448275862,0.28319564032089267,0.925302612019537,-0.024590798177519815,0.0
ozone_level,ozone_level(2.9%),1,43,logreg_C0.1,0,0.1723514211886305,0.2789240264982041,0.08895147278456397,0.013587151441131252,0.027624811469097968,0.0019596144570505803,0.0297723292469352,0.12304236946219634,0.4560174882029245,0.47058823529411764,0.34728983204637076,0.9299745168825654,-0.02399536830376196,0.0
ozone_level,ozone_level(2.9%),1,43,logreg_C1.0,1,0.13560606060606062,0.26950424733444106,0.09712991790861553,0.01541659838205584,0.028018917287766693,0.0014863420613791037,0.0297723292469352,0.09321500245915819,0.466780249001038,0.46808510638297873,0.31069935517647007,0.9015183690804841,-0.02514641455611551,0.0
ozone_level,ozone_level(2.9%),1,43,logreg_C10.0,2,0.10223880597014925,0.16389950045927948,0.10118660579189824,0.02056129588862182,0.02789411988668415,0.0011183933969390158,0.0297723292469352,0.07550049661002287,0.4143347125435664,0.4074074074074074,0.30434517857391813,0.8920152898704609,-0.025781793892847384,0.0
ozone_level,ozone_level(2.9%),1,43,hgb_d3,3,0.0647623951022008,0.21470828748802323,0.09277026889319051,0.003863561568592787,0.028989308694037916,0.0040460701936509405,0.0297723292469352,0.14153989904686232,0.35896642353977165,0.35,0.25675029962963,0.9073051603312806,-0.024860585768989637,0.16403019893926726
ozone_level,ozone_level(2.9%),1,43,hgb_d6,4,0.18391563752279905,0.23369473100659896,0.09149228396210692,0.01036180648651285,0.02860618704306782,0.0038460483824143436,0.0297723292469352,0.1370870007388367,0.3833813081825727,0.4,0.25452562969559595,0.9069335315353578,-0.024965561602591106,-0.007337230293631569
ozone_level,ozone_level(2.9%),2,44,logreg_C0.1,0,0.16525096525096525,0.2287812972019298,0.09977934058583184,0.00660360631335709,0.02571652564584602,0.003178186800564713,0.0297723292469352,0.14176393471869705,0.37441098122089844,0.3902439024390244,0.32200734507244144,0.8700361010830325,-0.02445297585792629,0.0
ozone_level,ozone_level(2.9%),2,44,logreg_C1.0,1,0.1576797385620915,0.24530746186376132,0.14572777989619318,0.005306476866758455,0.02723876539827365,0.0034065466122565422,0.0297723292469352,0.11348601063418955,0.35716176088178936,0.37209302325581395,0.21493523122226232,0.8302718199193035,-0.026019586374115944,0.16403019893926726
ozone_level,ozone_level(2.9%),2,44,logreg_C10.0,2,0.11444256756756757,0.20237576937989368,0.18045280052129442,0.007932440943555543,0.025805724631886868,0.003179131912366963,0.0297723292469352,0.11628105677249843,0.3453747673939673,0.35555555555555557,0.215075821577478,0.8463049479719686,-0.02581375558875736,0.16403019893926726
ozone_level,ozone_level(2.9%),2,44,hgb_d3,3,0.16615384615384615,0.27157423599857294,0.09137326685451774,0.008994131699229838,0.023018083615712014,0.0018290791704717857,0.0297723292469352,0.1291680166260201,0.514971331492886,0.5294117647058824,0.3936666567165475,0.9096411127627946,-0.02417639040217652,0.0
ozone_level,ozone_level(2.9%),2,44,hgb_d6,4,0.17977470558115735,0.34829639751048413,0.0918565260501753,0.007025725335583497,0.022746603911351707,0.002198015569390489,0.0297723292469352,0.13271374908387046,0.40536819025105614,0.41379310344827586,0.3631870733821708,0.9127734126141431,-0.024407404454461816,0.0
ozone_level,ozone_level(2.9%),3,45,logreg_C0.1,0,0.1710204081632653,0.192750563442333,0.09997003213722191,0.009268104161309552,0.02727381585148741,0.0022032708118845845,0.0297723292469352,0.10812934557671922,0.39371416436610746,0.4117647058823529,0.2929611158168319,0.8729029517944362,-0.025108784612315267,0.0
ozone_level,ozone_level(2.9%),3,45,logreg_C1.0,1,0.16048136645962757,0.16818895530710176,0.10390804261180928,0.00533877402970615,0.025810651753875622,0.001821982661505304,0.0297723292469352,0.09311038273826645,0.40536819025105614,0.41379310344827586,0.28748142444397273,0.8581439796135061,-0.025704900411910713,0.0
ozone_level,ozone_level(2.9%),3,45,logreg_C10.0,2,0.1012389669826741,0.23827566803318204,0.10493602711797151,0.006196386226265933,0.02647968621905681,0.0015709557073079713,0.0297723292469352,0.07705122368243114,0.29889785953245246,0.3125,0.23759937593350136,0.8644085793162031,-0.026262582877357134,0.0
ozone_level,ozone_level(2.9%),3,45,hgb_d3,3,0.3049953685524177,0.12659777647954315,0.09498099452014722,0.009146406183763126,0.03048216363602137,0.0053275682860561,0.0297723292469352,0.18771602892388212,0.3861673519516263,0.38095238095238093,0.37403490185345234,0.8829900191123381,-0.023244798936654775,0.2723394852839863
ozone_level,ozone_level(2.9%),3,45,hgb_d6,4,0.10716925351071693,0.25604236752221776,0.0981971922537289,0.01232608654985663,0.03244976544349481,0.005513255942850409,0.0297723292469352,0.18040481111097484,0.3419616087338476,0.35555555555555557,0.39503222417355377,0.8667976215757061,-0.023540507697045666,0.47947822385825734
ozone_level,ozone_level(2.9%),4,46,logreg_C0.1,0,0.11720032840722497,0.3363049831216752,0.09525555355882165,0.00861995173046887,0.028090415526748774,0.0021403897429332743,0.0297723292469352,0.11051726791636657,0.3795442802846342,0.37037037037037035,0.3200807044811603,0.907889148439159,-0.024821961293191634,0.0
ozone_level,ozone_level(2.9%),4,46,logreg_C1.0,1,0.07776162790697674,0.2705577634570204,0.09933906622867368,0.005554613682298655,0.026997534351804332,0.0015362400795646198,0.0297723292469352,0.08213893141753438,0.3432038072904711,0.3448275862068966,0.2464247187083693,0.898067530261202,-0.02590464052351876,0.0
ozone_level,ozone_level(2.9%),4,46,logreg_C10.0,2,0.1386983451329001,0.192750563442333,0.10497301356613749,0.00425169696837685,0.02724184811000081,0.001301902924364177,0.0297723292469352,0.07120727536025627,0.33352919688254185,0.3448275862068966,0.23780685914695537,0.866903801231684,-0.026254043415475527,0.0
ozone_level,ozone_level(2.9%),4,46,hgb_d3,3,0.05531135531135531,0.2114573730620164,0.14480073479405584,0.010379164727275163,0.02755230492350912,0.004653591334628446,0.0297723292469352,0.12419649628202196,0.27491414729679153,0.27586206896551724,0.21248310838621146,0.8471543852197918,-0.02663419304255155,0.1088346329425557
ozone_level,ozone_level(2.9%),4,46,hgb_d6,4,0.10185185185185185,0.2741755666864704,0.09718700895731436,0.011149174739110316,0.028620853494961282,0.004974361799082909,0.0297723292469352,0.13740654362592641,0.3453747673939673,0.3389830508474576,0.2841587575482291,0.9079953280951369,-0.026073797841330248,0.18405776628308496
ozone_level,ozone_level(2.9%),5,47,logreg_C0.1,0,0.12277377794619175,0.23689327470657232,0.09369791850231335,0.008223633074322485,0.03053334261130248,0.00354487845743201,0.0297723292469352,0.13689108873281486,0.3925531122812056,0.4,0.2803645607475741,0.9052346570397112,-0.02442564529339495,0.0
ozone_level,ozone_level(2.9%),5,47,logreg_C1.0,1,0.15641711229946526,0.20934550714664782,0.09683008309392944,0.005900107132872133,0.026648779431203373,0.0022765944649038583,0.0297723292469352,0.11341848213615909,0.3741232544407801,0.3902439024390244,0.27326874609591556,0.8847419834359737,-0.02496316213697728,0.0
ozone_level,ozone_level(2.9%),5,47,logreg_C10.0,2,0.17146356399265156,0.22703499105223535,0.10746248637891494,0.0032362319909752186,0.028878916265738044,0.0023068420836557225,0.0297723292469352,0.08069478929426899,0.28244804966458525,0.30303030303030304,0.17932595065405416,0.8484816309195158,-0.026600055304755756,0.0
ozone_level,ozone_level(2.9%),5,47,hgb_d3,3,0.07166666666666666,0.28379561779392787,0.13622469576033125,0.01307540017647993,0.0262589543986374,0.004758430313103477,0.0297723292469352,0.14533848077082862,0.32699673460247297,0.3055555555555556,0.26255844696204234,0.8838394563601614,-0.025756944456156415,0.20473987155442724
ozone_level,ozone_level(2.9%),5,47,hgb_d6,4,0.06316489361702127,0.22160190134686591,0.10005642469887098,0.010479355904563063,0.024047514311926758,0.0036217073468658863,0.0297723292469352,0.12840759430360313,0.3453747673939673,0.35,0.26940630381572994,0.8995540454448928,-0.025853694887147425,0.2323824965811229
ozone_level,ozone_level(2.9%),6,48,logreg_C0.1,0,0.14385998524961752,0.29986476268060297,0.13565340237231874,0.007257240056504776,0.026167173902575815,0.0023658943497924935,0.0297723292469352,0.1242560265443993,0.4357899093250791,0.45,0.3689703865022017,0.8731153111063921,-0.02452247893549625,0.0
ozone_level,ozone_level(2.9%),6,48,logreg_C1.0,1,0.1651315789473684,0.2646612863265474,0.10616272046903175,0.00789839930097044,0.025882712991601362,0.002355737269109803,0.0297723292469352,0.09321988552087106,0.4150159981376952,0.43243243243243246,0.2624105513753546,0.8425886600127416,-0.02622536379633926,-0.01038552470006534
ozone_level,ozone_level(2.9%),6,48,logreg_C10.0,2,0.15243872549019502,0.28676151448016046,0.10754846195874342,0.006448559152410355,0.024913477359782464,0.0014171660131614854,0.0297723292469352,0.08360001310986516,0.4401850455319386,0.45714285714285713,0.27654642746403485,0.8399872584412826,-0.02589758313134609,0.0
ozone_level,ozone_level(2.9%),6,48,hgb_d3,3,0.2180232558139535,-0.022714240285850573,0.0956598205682692,0.014193359168855687,0.028901520931644067,0.0033015215445091764,0.0297723292469352,0.1542918459481546,0.5322007966386126,0.5454545454545454,0.4565492057204411,0.8807071565088129,-0.023401873737052683,0.0
ozone_level,ozone_level(2.9%),6,48,hgb_d6,4,0.1843961352657015,0.13214738748503863,0.08651465047731755,0.0063197076290845795,0.028415129303319412,0.004245063663498622,0.0297723292469352,0.1872499331441793,0.4357899093250791,0.45,0.35518759398128363,0.919091102144829,-0.022557119714099474,0.2723394852839863
ozone_level,ozone_level(2.9%),7,49,logreg_C0.1,0,0.08390508862206975,0.36090201663385546,0.09454605535605598,0.006545217741021968,0.026406206844414644,0.002141138037021424,0.0297723292469352,0.10546127942664861,0.3503849849888659,0.31746031746031744,0.2334643502805155,0.9087385856869824,-0.025290520092575923,0.0
ozone_level,ozone_level(2.9%),7,49,logreg_C1.0,1,0.1000523834468308,0.3363049831216752,0.10157671406462013,0.006841895490612873,0.027242724808072938,0.001830208045210439,0.0297723292469352,0.07852414796998113,0.2990698406703579,0.2857142857142857,0.16689173475027244,0.8911127627946486,-0.02637740255321961,0.0
ozone_level,ozone_level(2.9%),7,49,logreg_C10.0,2,0.07759784075573549,0.2721340274678276,0.10572185391023005,0.0024359343439621845,0.02807873358557184,0.0014649838887901513,0.0297723292469352,0.062278820663480984,0.27599894653503254,0.27450980392156865,0.14477265118416224,0.8696644722871097,-0.026856610416977587,0.0
ozone_level,ozone_level(2.9%),7,49,hgb_d3,3,0.10742971887550201,0.3872288146412845,0.09879428751024517,0.014985212087904518,0.03175245185171738,0.005498346665715903,0.0297723292469352,0.14823208702299043,0.4143347125435664,0.4074074074074074,0.25533323773650185,0.8861754087916756,-0.02555339366949067,0.16776745586659864
ozone_level,ozone_level(2.9%),7,49,hgb_d6,4,0.0907258064516129,0.4282106782106782,0.10260686809100486,0.006178401075857377,0.031766603323540976,0.006236017654710757,0.0297723292469352,0.1682996161009829,0.35716176088178936,0.37209302325581395,0.2638435845147126,0.8588341473773624,-0.025092910201127278,0.16403019893926726
ozone_level,ozone_level(2.9%),8,50,logreg_C0.1,0,0.13226744186046513,0.2461350971225636,0.09681878705083824,0.01546923022310898,0.0275070897811898,0.0014117485077007712,0.0297723292469352,0.08721007498673583,0.4157611541803506,0.42857142857142855,0.2810538614330557,0.9047037587598216,-0.025454339414724456,0.0
ozone_level,ozone_level(2.9%),8,50,logreg_C1.0,1,0.08350236646382692,0.2217541095727092,0.10164617995697357,0.008266400271563596,0.027874719535206736,0.0011239842143286553,0.0297723292469352,0.06628454975128895,0.3224601254590489,0.3125,0.2385612442444039,0.8941388829900191,-0.026304564816740563,0.0
ozone_level,ozone_level(2.9%),8,50,logreg_C10.0,2,0.08191489361702128,0.25604236752221776,0.11255101623671551,0.0006404850685491117,0.02913184417838609,0.0010105741902846843,0.0297723292469352,0.046194160545733276,0.27743509071929856,0.2916666666666667,0.15774886991317458,0.8457209598640901,-0.027256189466859353,0.0
ozone_level,ozone_level(2.9%),8,50,hgb_d3,3,0.1186531007751938,0.2646612863265474,0.09902504108430067,0.011758322940982011,0.02875028250220399,0.0016725592705305445,0.0297723292469352,0.08417290910272784,0.3818574079096526,0.391304347826087,0.2756030188374939,0.9049161180717774,-0.025778394707175942,0.0
ozone_level,ozone_level(2.9%),8,50,hgb_d6,4,0.10142857142857142,0.2599377340890312,0.10016082935702864,0.007840145974885596,0.03091283888142644,0.0031518513568499517,0.0297723292469352,0.10325648556971481,0.29373033356374945,0.3018867924528302,0.23844368683288225,0.8991293268209811,-0.02596415758238284,0.16403019893926726
ozone_level,ozone_level(2.9%),9,51,logreg_C0.1,0,0.10101983552257587,0.2287812972019298,0.11116538106825653,0.00832826443602401,0.027212690379680986,0.0029135811935550207,0.0297723292469352,0.07712742141627532,0.266891578718222,0.2608695652173913,0.12634372647056336,0.8399341686132936,-0.02754050396695954,0.0
ozone_level,ozone_level(2.9%),9,51,logreg_C1.0,1,0.10165816326530612,0.19946154128446197,0.11245517553547468,0.007716531660250079,0.024923162619349674,0.0019510711032272464,0.0297723292469352,0.06580173780893823,0.25849513507648025,0.26229508196721313,0.13586901933895318,0.8441813548524103,-0.027373686630468727,0.0
ozone_level,ozone_level(2.9%),9,51,logreg_C10.0,2,0.09024211298606016,0.2200120012294197,0.1093148729037355,0.009704505284956966,0.026610749560738892,0.0017746832391952005,0.0297723292469352,0.06841651597979423,0.2849678160236759,0.28125,0.1621241056044852,0.8492779783393501,-0.026927735549843995,0.0
ozone_level,ozone_level(2.9%),9,51,hgb_d3,3,0.15,0.30693745680177625,0.09493614090538051,0.005576039563362326,0.026043565551432675,0.002748183957341443,0.0297723292469352,0.12695759522036218,0.35896724342231584,0.3783783783783784,0.29088147877148185,0.8982798895731577,-0.02477493729164837,0.16403019893926726
ozone_level,ozone_level(2.9%),9,51,hgb_d6,4,0.10186335403726708,0.32737866546356326,0.09673057985447665,0.003981289144697245,0.0258756840791624,0.0030792657745157843,0.0297723292469352,0.13543994495072081,0.32277124042979805,0.34146341463414637,0.2739474507370332,0.8916436610745381,-0.024671132314138505,0.2723394852839863
ozone_level,ozone_level(2.9%),10,52,logreg_C0.1,0,0.1383838383838384,0.14273557761359557,0.09632955157403345,0.006825440373022653,0.030746864571013825,0.002769082952851132,0.0297723292469352,0.11306611830910661,0.39033383938823984,0.38461538461538464,0.2555611465661249,0.906561902739435,-0.02502121766115146,0.0
ozone_level,ozone_level(2.9%),10,52,logreg_C1.0,1,0.10727848101265822,0.2257827494449523,0.1033415949085184,0.013399955905423776,0.029697835394230515,0.0023554991509424344,0.0297723292469352,0.09435705932124352,0.38318878002735046,0.375,0.2190915374456771,0.8738585686982374,-0.02579687310961968,0.0
ozone_level,ozone_level(2.9%),10,52,logreg_C10.0,2,0.13302630139634475,0.18554533646977267,0.10458445033501283,0.010010425663076352,0.028851964646215117,0.0019692446126228238,0.0297723292469352,0.08433471431957279,0.3349265900197663,0.34782608695652173,0.22675480320002384,0.8623911658526227,-0.02605747936617272,0.0
ozone_level,ozone_level(2.9%),10,52,hgb_d3,3,0.08712121212121213,0.38747599938555466,0.09152485426684304,0.008923348094513417,0.029916365584903945,0.0032520799961212837,0.0297723292469352,0.13826886706745947,0.466780249001038,0.46808510638297873,0.34994121285380325,0.9437247823317052,-0.024131281555972238,0.23910738721599348
ozone_level,ozone_level(2.9%),10,52,hgb_d6,4,0.08939676616915423,0.29381129749175844,0.08833311118570701,0.011412748928101506,0.029379726071338735,0.002734691358296974,0.0297723292469352,0.13831681438984195,0.44274434209899516,0.43902439024390244,0.3280618074898335,0.9459014652792526,-0.023681217234562683,0.0
ozone_level,ozone_level(2.9%),11,53,logreg_C0.1,0,0.08521303258145363,0.2662736426339996,0.1813315748289201,0.01477671028877841,0.035499831993394126,0.006193073403840893,0.0297723292469352,0.12798747549700132,0.33631336937382694,0.31746031746031744,0.190032456011683,0.8386069229135698,-0.0270616461968254,-0.007337230293631569
ozone_level,ozone_level(2.9%),11,53,logreg_C1.0,1,0.07326007326007325,0.27150884367805384,0.18699314356529081,0.008433822600453769,0.0346593501113406,0.004945448887811411,0.0297723292469352,0.09586610971054604,0.3032388383069892,0.3,0.18107159566356662,0.8191229560416222,-0.027894685156177008,-0.012730810036190011
ozone_level,ozone_level(2.9%),11,53,logreg_C10.0,2,0.10385901193001269,0.28660778555643296,0.19390866678545007,0.012163358311184463,0.036108842598190485,0.004482714146105877,0.0297723292469352,0.06941818669231677,0.300093265500396,0.3076923076923077,0.16285317504776997,0.793639838606923,-0.0290066284634983,-0.014713230696011506
ozone_level,ozone_level(2.9%),11,53,hgb_d3,3,0.09522955523672884,0.3559036825170342,0.09881566915052183,0.008213739502933812,0.03312752932964191,0.0037134481464458323,0.0297723292469352,0.10668127146022925,0.3659536199395208,0.3492063492063492,0.2328569988685143,0.9038543215119983,-0.02612070537058089,-0.012730810036190011
ozone_level,ozone_level(2.9%),11,53,hgb_d6,4,0.3266208396839045,0.2649822424933886,0.10130104199882882,0.009919605909599036,0.033009125066831575,0.003964940024584451,0.0297723292469352,0.12583532096088126,0.3861673519516263,0.34782608695652173,0.3167436437480923,0.871788065406668,-0.025219408149131886,-0.007337230293631569
protein_homo,protein_homo(0.9%),0,42,logreg_C0.1,0,0.08398294500193806,0.7611351239385356,0.013414099138110586,0.00040374068372836953,0.008739695116429701,0.005830860514323166,0.00887519824325973,0.6737971027207154,0.7234710511605125,0.7246376811594203,0.824811871854876,0.9897248775911326,-0.002863326362135676,0.7913734631531362
protein_homo,protein_homo(0.9%),0,42,logreg_C1.0,1,0.08015394912985274,0.7705334593857948,0.012834675487357713,0.0005804166266223417,0.008702412563421379,0.00577808047921057,0.00887519824325973,0.6715327567032642,0.7343757062478456,0.7354838709677419,0.8289866662921592,0.9892019638714734,-0.002874905868705977,0.7872970805462951
protein_homo,protein_homo(0.9%),0,42,logreg_C10.0,2,0.08472927674467284,0.7723872486888305,0.01286172148510622,0.0007584579057589225,0.00872287029026003,0.005779113093000885,0.00887519824325973,0.6706060954993041,0.7355120011683828,0.7366720516962844,0.827628656020499,0.9889307783843012,-0.0028784723094638517,0.7872970805462951
protein_homo,protein_homo(0.9%),0,42,hgb_d3,3,0.11217156972827308,0.808737973613185,0.0126577219107764,0.0012826532896026437,0.009056345875211196,0.005660971445447464,0.00887519824325973,0.6557309939041758,0.749341212521888,0.75,0.8392231214490996,0.9869281087220633,-0.0028051807477071857,0.7908857846243057
protein_homo,protein_homo(0.9%),0,42,hgb_d6,4,0.1364361781511204,0.8082468807797119,0.012660938004945024,0.0011356321456879013,0.009070193311648557,0.0056793879566346675,0.00887519824325973,0.6587782847294278,0.7583855556090878,0.7592891760904685,0.8384979346456932,0.9823747410149517,-0.00276058806035142,0.7882874828036605
protein_homo,protein_homo(0.9%),1,43,logreg_C0.1,0,0.14737990211583857,0.7689921513524174,0.011254208299632699,0.0013063745923411532,0.009445483283776614,0.006000510784633441,0.008906512124447156,0.683218954532469,0.7635888488308034,0.7645161290322581,0.862504293106459,0.9907623939234119,-0.002409968202741696,0.8307736892723894
protein_homo,protein_homo(0.9%),1,43,logreg_C1.0,1,0.1785891703924491,0.7598569260086325,0.01116361528186256,0.001352520813455216,0.009434800954813952,0.005929175040353896,0.008906512124447156,0.6796304598194945,0.7591530391546705,0.7600644122383253,0.8641702353009231,0.9908822827593214,-0.0024107652298403144,0.8287979545601292
protein_homo,protein_homo(0.9%),1,43,logreg_C10.0,2,0.16587711742750505,0.7601125932684425,0.011161705349722594,0.001440466401596077,0.009423527774833284,0.005895511530962955,0.008906512124447156,0.6774572921392082,0.7591530391546705,0.7600644122383253,0.8644326484076668,0.9912846349624724,-0.0024238511353117747,0.8287979545601292
protein_homo,protein_homo(0.9%),1,43,hgb_d3,3,0.1272655634357762,0.7637495800897338,0.011310239124855532,0.001612145786061225,0.009425378726084954,0.005693278958304626,0.008906512124447156,0.6681329426951458,0.775119191391839,0.7756410256410257,0.8726153334152917,0.9914723993239429,-0.002389722480594979,0.8244706990071504
protein_homo,protein_homo(0.9%),1,43,hgb_d6,4,0.16285138448117678,0.7748398723828106,0.011551111816204935,0.0017610645404468064,0.00969272910119397,0.0059815132545580655,0.008906512124447156,0.6798978481759832,0.7925433320580709,0.7929373996789727,0.8692242271905313,0.9827312647739936,-0.0022925315722078557,0.8331700867813809
protein_homo,protein_homo(0.9%),2,44,logreg_C0.1,0,0.10898098724720305,0.7758895967953027,0.012926729301237394,0.000762123405186818,0.008527469318643394,0.0056266147481343984,0.008934833653523619,0.6644092734199656,0.736056782627319,0.7371794871794872,0.8257814111978243,0.9924239432922026,-0.0029840969701969257,0.7808527791146745
protein_homo,protein_homo(0.9%),2,44,logreg_C1.0,1,0.0865828780359704,0.7652533576810203,0.013201070711672236,0.0007416752784258373,0.008490986217231714,0.005571945559109471,0.008934833653523619,0.6603965096514265,0.7329552112507943,0.7342995169082126,0.8181423163704745,0.9919823050669466,-0.003023163361715412,0.7742645099085302
protein_homo,protein_homo(0.9%),2,44,logreg_C10.0,2,0.0884502923976608,0.7673796201462099,0.013240100632582309,0.0006403143395798398,0.00848922980072108,0.0055662996487483045,0.008934833653523619,0.6598026614496236,0.7350743398890859,0.7363344051446945,0.816762794972607,0.991754056182725,-0.00302894221737364,0.7764666364603231
protein_homo,protein_homo(0.9%),2,44,hgb_d3,3,0.1115546218487395,0.7511509434339744,0.013962572735986167,0.0010436892175181922,0.008487722118277826,0.005404734235295831,0.008934833653523619,0.650425840399345,0.7285709964401076,0.729903536977492,0.8079105587983526,0.9884302966657915,-0.0030302728921306897,0.7892826878068983
protein_homo,protein_homo(0.9%),2,44,hgb_d6,4,0.10729571984435798,0.7586368794087909,0.014181328790977117,0.0004198866842464341,0.008514946969277183,0.005462647986294543,0.008934833653523619,0.654466511412968,0.7166051850939422,0.717948717948718,0.8075717763017287,0.9846809661328432,-0.0030004485835183436,0.7852151076210654
protein_homo,protein_homo(0.9%),3,45,logreg_C0.1,0,0.12503194479938665,0.7493221940756106,0.00944320448018557,0.0020258258927705066,0.009283122373796988,0.005986080356053584,0.008723501601342077,0.7074801430743253,0.8120251458652114,0.8116883116883117,0.9012625752192422,0.994697954127475,-0.0020152618135674946,0.854228172103685
protein_homo,protein_homo(0.9%),3,45,logreg_C1.0,1,0.13400187661271407,0.7531212880948478,0.00950601955641878,0.002056994608961759,0.009238346971789595,0.005897422853775297,0.008723501601342077,0.7019855629751748,0.8075004419454461,0.807131280388979,0.9028972339717406,0.9947556751073783,-0.002054506370962655,0.853953839114348
protein_homo,protein_homo(0.9%),3,45,logreg_C10.0,2,0.12218929930300634,0.7546006403895164,0.009515429006314165,0.002020109931658423,0.009204480414596806,0.005875540376992326,0.008723501601342077,0.701433878048692,0.8112336377571994,0.8110749185667753,0.9064250637545416,0.9946376510347709,-0.0020650909272962726,0.853953839114348
protein_homo,protein_homo(0.9%),3,45,hgb_d3,3,0.1658758311006695,0.7617915309642755,0.01128870760688628,0.0023775331302946065,0.009990379034324691,0.005971926630845921,0.008723501601342077,0.664545381914458,0.7866104916723488,0.7864077669902912,0.8723493956562279,0.9911222120443943,-0.0023293411143448066,0.8061401086536718
protein_homo,protein_homo(0.9%),3,45,hgb_d6,4,0.10969635627530364,0.7580650306206075,0.010549484804791452,0.0021777432276381225,0.009762875393609264,0.006338004630926426,0.008723501601342077,0.7017230546553763,0.8001835015567422,0.7993579454253612,0.8802581572685174,0.9897274945737975,-0.0021544074878963706,0.8379212094482995
protein_homo,protein_homo(0.9%),4,46,logreg_C0.1,0,0.11136475506316923,0.7549312359073979,0.012985496041454023,0.000888621455643943,0.008555165105715716,0.005562597176792057,0.008937286481210347,0.663890678270134,0.7534221436429822,0.7544141252006421,0.8239255200745721,0.9889287272306335,-0.002911396809468695,0.7731096865983491
protein_homo,protein_homo(0.9%),4,46,logreg_C1.0,1,0.11086605367793241,0.7549312359073979,0.013006761061488382,0.0009843828642478118,0.008548528607085193,0.005539383443005923,0.008937286481210347,0.6615116634790708,0.7511146560610554,0.752,0.8253660872551304,0.9886975264244874,-0.0029338395219350396,0.7728630437456295
protein_homo,protein_homo(0.9%),4,46,logreg_C10.0,2,0.1099207460364306,0.7480112783246418,0.012986098175034716,0.0009576188065085852,0.008535046125017133,0.005527391384220229,0.008937286481210347,0.6611423329389481,0.7492374304996762,0.750402576489533,0.8257276454644391,0.9886697424112091,-0.00293721844353185,0.768440138798514
protein_homo,protein_homo(0.9%),4,46,hgb_d3,3,0.12261785719461472,0.7426351226476008,0.013709485466261067,0.0010335022667547313,0.008638488117630561,0.005548474019397071,0.008937286481210347,0.6615680501969341,0.7425399745206318,0.7435897435897436,0.8262229939272462,0.9894780523627283,-0.002882251325929938,0.7957532675803103
protein_homo,protein_homo(0.9%),4,46,hgb_d6,4,0.11955205811138014,0.7509912280291733,0.014832797084005266,0.000987724404429936,0.008645685025040524,0.0055083443460998,0.008937286481210347,0.6582952545988598,0.7448286888289957,0.7459807073954984,0.8173985043667126,0.9856879242905071,-0.002894391636729691,0.7955652883183729
protein_homo,protein_homo(0.9%),5,47,logreg_C0.1,0,0.11406139731827805,0.7836240247972616,0.01153517308964798,0.0014252691511166603,0.008992095523780372,0.005738543121546824,0.008813662702043305,0.671905603302726,0.7783174742461368,0.778675282714055,0.8603715261277761,0.9929337814359506,-0.0026178758816410653,0.7982254445866229
protein_homo,protein_homo(0.9%),5,47,logreg_C1.0,1,0.10579448319808471,0.7791725293548183,0.011572640737829688,0.0015539136415311718,0.00900485210804447,0.0056784974416618705,0.008813662702043305,0.6672173135805283,0.7708840292937007,0.7714748784440842,0.8595622422239457,0.9931347866964754,-0.002632293386014385,0.7999411154684185
protein_homo,protein_homo(0.9%),5,47,logreg_C10.0,2,0.10467629225434175,0.7788569095740439,0.011627407467496192,0.001464572428530664,0.008991697674548382,0.005652401043692569,0.008813662702043305,0.6649347236639673,0.774162864388543,0.7747163695299838,0.8583560594308667,0.9932313501346618,-0.0026550014624523314,0.7977748583112688
protein_homo,protein_homo(0.9%),5,47,hgb_d3,3,0.14386792452830188,0.8016855966223112,0.011962513110292517,0.00187265418719243,0.009109021665326922,0.005481186199913321,0.008813662702043305,0.6498336903511238,0.7652415349092165,0.7657512116316639,0.8576121366554614,0.9931018358870832,-0.002676429567071816,0.7866498953447546
protein_homo,protein_homo(0.9%),5,47,hgb_d6,4,0.11307531897927339,0.7976644684793296,0.012586791690734657,0.0016051405671978212,0.009159699242423595,0.005502398521137876,0.008813662702043305,0.648232712872596,0.7643263591040163,0.7649918962722853,0.8470864273131331,0.9870583699899997,-0.0026944225351263514,0.7930373166913711
protein_homo,protein_homo(0.9%),6,48,logreg_C0.1,0,0.0978110599078341,0.7416531082405224,0.012215862281069386,0.001110518370785976,0.008835451258064765,0.0056864976571467905,0.008819041806530363,0.67145079332405,0.7397465030094338,0.7396825396825397,0.84424253542172,0.9905881095884749,-0.0026782852058104783,0.7991268914207
protein_homo,protein_homo(0.9%),6,48,logreg_C1.0,1,0.1014946962391514,0.7545348445490591,0.012391413137989882,0.0010081728218692563,0.00881228760606864,0.005647099428810223,0.008819041806530363,0.6689710938375345,0.7500497511694778,0.7508090614886731,0.8373831447687514,0.9900901341417697,-0.0026974963579218317,0.8032647181259921
protein_homo,protein_homo(0.9%),6,48,logreg_C10.0,2,0.10559910414333706,0.7584675371002222,0.012406539455041022,0.0010662788343783693,0.008775858137868228,0.005630262688207021,0.008819041806530363,0.6682271533021298,0.7533236688763948,0.7540453074433657,0.8410010847463567,0.9900316490588216,-0.002717611111124884,0.8011028453814404
protein_homo,protein_homo(0.9%),6,48,hgb_d3,3,0.13566098081023453,0.7509177515570976,0.012564019326674112,0.001199314581084035,0.008865503744851344,0.005527925528718615,0.008819041806530363,0.6645122486000533,0.7500497511694778,0.7508090614886731,0.8362977755251705,0.9865883264839738,-0.0026215478955138533,0.8076548719688368
protein_homo,protein_homo(0.9%),6,48,hgb_d6,4,0.1224444444444493,0.7369481885233793,0.013298955917074412,0.0009989209718261562,0.008797871143765667,0.005561239586467897,0.008819041806530363,0.6642298575157892,0.741373026040408,0.7423014586709886,0.8322067294657285,0.9784749327501444,-0.0027039088748927083,0.8075085024709102
protein_homo,protein_homo(0.9%),7,49,logreg_C0.1,0,0.10157699443413729,0.7603662127556357,0.013395726277546826,0.0008841303024932112,0.008726638390347145,0.005708000175563347,0.008963961217147386,0.6719558053498549,0.758602299580638,0.7596153846153846,0.8259851611479856,0.9899447749811221,-0.0028105710840640786,0.790085545819836
protein_homo,protein_homo(0.9%),7,49,logreg_C1.0,1,0.11060962846677133,0.7510927990319709,0.013462868483081203,0.0004957219179785713,0.008716449999297072,0.005673813535610934,0.008963961217147386,0.6698701881643301,0.7338022575122529,0.7351524879614767,0.8229981294366018,0.9905470033201565,-0.0028197531342715157,0.7922388139935492
protein_homo,protein_homo(0.9%),7,49,logreg_C10.0,2,0.10537684178045205,0.7622685389713124,0.012885490122848396,0.0007751710438695561,0.008698309633525643,0.00566463952760316,0.008963961217147386,0.6693601784379926,0.7368894699595916,0.7380191693290735,0.8252547241545893,0.9903920773330254,-0.002831628952595454,0.7922388139935492
protein_homo,protein_homo(0.9%),7,49,hgb_d3,3,0.12644730264770804,0.7422806302061765,0.014777104742008848,0.0014456919810734055,0.008769537720106541,0.005068450839497636,0.008963961217147386,0.6121409847876632,0.7284356792018762,0.729903536977492,0.8050590546661006,0.9839498037708807,-0.0031935945810293675,0.7553061682124116
protein_homo,protein_homo(0.9%),7,49,hgb_d6,4,0.11824778136345285,0.7498900277710924,0.013533017287322546,0.0010313753223580757,0.008561383769064712,0.005594325628266173,0.008963961217147386,0.6611815787413003,0.7284356792018762,0.729903536977492,0.8186423439100587,0.9876260127481955,-0.002995228989473999,0.7776822665381883
protein_homo,protein_homo(0.9%),8,50,logreg_C0.1,0,0.07580992395569291,0.7208721004072981,0.01213197137136556,0.0004816614009153214,0.008751420969113051,0.006141644649296961,0.008843081051411844,0.714600392917099,0.7585407848569483,0.7592891760904685,0.8477839202484123,0.9806136326987872,-0.0024442732628499994,0.8316783915949592
protein_homo,protein_homo(0.9%),8,50,logreg_C1.0,1,0.06420129396348892,0.7257925635688869,0.012277434197311454,0.00044967949828755524,0.008738385907729539,0.006116164743235661,0.008843081051411844,0.7132628634451154,0.7728063568798502,0.7734627831715211,0.849415851438855,0.9795006131871301,-0.002451307232761959,0.8356571013775106
protein_homo,protein_homo(0.9%),8,50,logreg_C10.0,2,0.0657152924594785,0.7257925635688869,0.012307626610669345,0.0004373091157395156,0.00873255399069245,0.006109261920734964,0.008843081051411844,0.7128068650946496,0.7650773761604253,0.7657512116316639,0.8473570611148837,0.9795257029373572,-0.002456461428948303,0.8315065014562321
protein_homo,protein_homo(0.9%),8,50,hgb_d3,3,0.12279562542720346,0.7310367481011486,0.012732151585882116,0.0007758542095519577,0.008843945828598071,0.006009203631871113,0.008843081051411844,0.7058205558679923,0.7695331332728923,0.7702265372168284,0.8453723314874425,0.9786588069797245,-0.002400618719111231,0.823885981191791
protein_homo,protein_homo(0.9%),8,50,hgb_d6,4,0.09883720930232559,0.7458272455659055,0.012479775988545857,0.0007879986556529105,0.008773569050699792,0.005998788640955604,0.008843081051411844,0.7008601616775533,0.7520041935534714,0.752827140549273,0.8413196676827517,0.9828023288380422,-0.0025257161810299917,0.813339964684941
protein_homo,protein_homo(0.9%),9,51,logreg_C0.1,0,0.1202377755727964,0.7576973123611598,0.011309897894344285,0.0008629292371257621,0.008883411094983338,0.005989565735872546,0.008694325808419768,0.7048001474509189,0.773057023034973,0.7732463295269169,0.8561079933968483,0.9870628949662971,-0.0023291384552288122,0.8304794013030505
protein_homo,protein_homo(0.9%),9,51,logreg_C1.0,1,0.10415196424370736,0.7651118963573468,0.011524227102199351,0.0010172990818921156,0.008804389876447756,0.005903977014876895,0.008694325808419768,0.7001578213632961,0.7615540900455159,0.7612903225806451,0.8547211284078293,0.9868803027726263,-0.00237829717116545,0.8219611103422592
protein_homo,protein_homo(0.9%),9,51,logreg_C10.0,2,0.1025334226731757,0.7714185697230493,0.011588962674066138,0.0009335856656271039,0.008767860481812582,0.00587261944523754,0.008694325808419768,0.6987271860648956,0.759437900306332,0.7592891760904685,0.8534140626745821,0.9868063372772599,-0.002396693043179411,0.8240170161899508
protein_homo,protein_homo(0.9%),9,51,hgb_d3,3,0.1260245901639344,0.7242839581972963,0.013444479455830795,0.0010489115472792111,0.008836987476711144,0.0053044320590048,0.008694325808419768,0.6401261746580407,0.7278859014336468,0.7284552845528456,0.8236875472508182,0.9858773954427537,-0.0027996731645120497,0.7750073437843485
protein_homo,protein_homo(0.9%),9,51,hgb_d6,4,0.1039426523297491,0.7655273485175268,0.01182851452878542,0.00140959796953675,0.008953866736646636,0.005760370885730588,0.008694325808419768,0.6843827771826695,0.7596354341286022,0.7597402597402597,0.8560576796420853,0.9849622748978925,-0.002408926972942032,0.8115633988516856
protein_homo,protein_homo(0.9%),10,52,logreg_C0.1,0,0.16379310344827586,0.7285856915319543,0.0115728627482671,0.0008934933014457341,0.008897806866578387,0.005795028523989013,0.008906240468492648,0.6858535897769191,0.7514801103655381,0.752411575562701,0.8475109956974176,0.9902827687471912,-0.0025196818668465504,0.8287035648650969
protein_homo,protein_homo(0.9%),10,52,logreg_C1.0,1,0.15981665685055918,0.72395761788533,0.01171329156148025,0.000916480190074791,0.008871549602055223,0.005728970753429309,0.008906240468492648,0.6809913843675176,0.7472784039940487,0.7483870967741936,0.8453558848720925,0.9902619008272128,-0.002557005883726048,0.8246436962342536
protein_homo,protein_homo(0.9%),10,52,logreg_C10.0,2,0.15085920912951167,0.7168251398299575,0.011753400301735212,0.0010829057690823188,0.008859976478499058,0.005720993224585259,0.008906240468492648,0.6812729641475178,0.7461243431298319,0.7471819645732689,0.845945239488179,0.9899263278109931,-0.002551830085611846,0.8183738014521207
protein_homo,protein_homo(0.9%),10,52,hgb_d3,3,0.10419944309084637,0.7442612852949334,0.012220918892760134,0.0009939317935758103,0.00899424994109,0.005836777792424141,0.008906240468492648,0.6796465714390549,0.7603268145305235,0.7612903225806451,0.8430808959638525,0.9875568176548505,-0.0026067324391700498,0.814284948014802
protein_homo,protein_homo(0.9%),10,52,hgb_d6,4,0.13551653780068826,0.7593149317682032,0.01260305774532367,0.0009082591188421465,0.008970437949932599,0.005761388608385229,0.008906240468492648,0.6749069361403647,0.753802609262286,0.7548387096774194,0.8452641068099803,0.9826144405163104,-0.002631136832430078,0.8059507232985217
protein_homo,protein_homo(0.9%),11,53,logreg_C0.1,0,0.128765932792584,0.7633501083750811,0.011547602905360601,0.0009080237319066389,0.009017670237396552,0.005975207534717869,0.008874656907593778,0.6934601352682506,0.7593073641313387,0.7600644122383253,0.8477520091227835,0.9902051969032302,-0.002474903157817373,0.81793946397146
protein_homo,protein_homo(0.9%),11,53,logreg_C1.0,1,0.15019379844961242,0.767551878603555,0.01161872394180203,0.0008543792492890847,0.009038770253451248,0.0059690961241778,0.008874656907593778,0.6914267935770586,0.7560495320508999,0.7568438003220612,0.8480842382411011,0.989590004831235,-0.0024906483835774804,0.8200418299257327
protein_homo,protein_homo(0.9%),11,53,logreg_C10.0,2,0.15289730349971314,0.7677327713582972,0.011646352060057007,0.0008521026213666002,0.009034518297118311,0.005966259129228216,0.008874656907593778,0.6913256679634101,0.7602306145167115,0.7608346709470305,0.8485883446133273,0.9895568026465315,-0.0024924658242118404,0.8200418299257327
protein_homo,protein_homo(0.9%),11,53,hgb_d3,3,0.11329975415242549,0.7963306430680251,0.0118763560480916,0.0011924221322641387,0.008893560577344663,0.005812239678140151,0.008874656907593778,0.6859194267411499,0.7744071026382806,0.77491961414791,0.8509576375523217,0.9878649715788241,-0.002528854350809049,0.8159845984757635
protein_homo,protein_homo(0.9%),11,53,hgb_d6,4,0.12289532556222771,0.7704519065397042,0.012328067733480868,0.0009026784294788209,0.009000453920871575,0.005844817834073281,0.008874656907593778,0.6812381130774091,0.7646482308314176,0.7652733118971061,0.8464936732930519,0.9835695182373575,-0.0025726576037437077,0.8113443725121033
sick_euthyroid,sick_euthyroid(9.3%),0,42,logreg_C0.1,0,0.3639112903225806,0.7287752123187653,0.13733035646517308,0.02979721396374833,0.1019191401646756,0.04514054719148425,0.09423347398030943,0.5081454268979461,0.736313977710679,0.7567567567567568,0.662967375894409,0.9485607675906184,-0.04072460172657864,0.6931612862141125
sick_euthyroid,sick_euthyroid(9.3%),0,42,logreg_C1.0,1,0.37799043062200954,0.757357091528735,0.1373251084292057,0.029938154601126695,0.09812324314513164,0.043132008544997325,0.09423347398030943,0.49863773232998276,0.7316129862368851,0.7532467532467533,0.6686672208077833,0.952384815055159,-0.04182734908709942,0.5722189830413827
sick_euthyroid,sick_euthyroid(9.3%),0,42,logreg_C10.0,2,0.39428571428571424,0.7568016113858332,0.13628079807941165,0.02175331592262978,0.0997852120573607,0.04179614684412585,0.09423347398030943,0.4918324409969307,0.7275452389342649,0.7516778523489933,0.6804800276100835,0.9572517845554834,-0.04104858759139542,0.5992473329601431
sick_euthyroid,sick_euthyroid(9.3%),0,42,hgb_d3,3,0.3238213399503722,0.8761716871315433,0.07109965410425513,0.014625166263744528,0.09357658703284417,0.059848528842349376,0.09423347398030943,0.7421827965492162,0.8742471810955577,0.8857142857142857,0.9057210668310749,0.9921549086863818,-0.018903236746784995,0.8498049369911905
sick_euthyroid,sick_euthyroid(9.3%),0,42,hgb_d6,4,0.28293209358370736,0.867851451428682,0.06983522063006312,0.012995721356009626,0.09154706401335864,0.05879625498926518,0.09423347398030943,0.7402955839296693,0.8811120859225856,0.8920863309352518,0.9190056735381716,0.9928965421340502,-0.019413098811486746,0.8405204760291909
sick_euthyroid,sick_euthyroid(9.3%),1,43,logreg_C0.1,0,0.3230499999999995,0.611729946763489,0.12408716846189295,0.022075667981008334,0.08899542689490758,0.03961637848436946,0.09457579972183588,0.538363128918188,0.7527238660234223,0.7755102040816326,0.7797252570442994,0.9642179452426132,-0.035563648698347154,0.6535461757706316
sick_euthyroid,sick_euthyroid(9.3%),1,43,logreg_C1.0,1,0.4479638009049774,0.6573844827988748,0.16098114593810528,0.02815866783981686,0.09074081026199245,0.03979393836909207,0.09457579972183588,0.5290037605671086,0.7956560703027186,0.8148148148148148,0.7453476411934454,0.9624672449625011,-0.03650951544579575,0.7544520071815617
sick_euthyroid,sick_euthyroid(9.3%),1,43,logreg_C10.0,2,0.45,0.6638037759207676,0.1612615384753944,0.0294986141882007,0.09382357159220507,0.040181317580060626,0.09457579972183588,0.522745937996053,0.7793058826852486,0.8,0.7345407083797999,0.963540254811602,-0.03660607055874951,0.7501972202809843
sick_euthyroid,sick_euthyroid(9.3%),1,43,hgb_d3,3,0.4175000000000011,0.8126998199760324,0.06551918007570492,0.01563532415464735,0.09382130609743972,0.06122404167666412,0.09457579972183588,0.7571167660066423,0.8580034799595724,0.8714285714285714,0.9395806976705242,0.9912577934399566,-0.017654619009235154,0.8283564455376583
sick_euthyroid,sick_euthyroid(9.3%),1,43,hgb_d6,4,0.525,0.8495143325686063,0.06253347134584594,0.017788094367184024,0.09461406309289135,0.06113898084963292,0.09457579972183588,0.7547145117847014,0.877407008390068,0.8888888888888888,0.9471647143845502,0.993132736965754,-0.017492542237106914,0.877407008390068
sick_euthyroid,sick_euthyroid(9.3%),2,44,logreg_C0.1,0,0.5040404040404041,0.7276274706446396,0.12467253777590034,0.0239416848414262,0.09812312541600501,0.0441841417021366,0.09205020920502092,0.5296267329610148,0.7329981846110878,0.7575757575757576,0.758167605760632,0.9683703393380813,-0.03670131804447373,0.7329981846110878
sick_euthyroid,sick_euthyroid(9.3%),2,44,logreg_C1.0,1,0.3709253072528995,0.7447219385597444,0.11342226947992606,0.026529196245685508,0.09688735446716493,0.04187272273980853,0.09205020920502092,0.5422644438553025,0.7815933134999751,0.8,0.7745813462521277,0.9772378159474934,-0.0327284229541076,0.7156194853944491
sick_euthyroid,sick_euthyroid(9.3%),2,44,logreg_C10.0,2,0.2576036545829649,0.6986252236738595,0.1186676325675551,0.02950718167092585,0.09572390250415032,0.038867329055879585,0.09205020920502092,0.5194208412668435,0.7625371858273479,0.7763157894736842,0.7815192069686191,0.9745030954708374,-0.03409826330713174,0.7122171823047868
sick_euthyroid,sick_euthyroid(9.3%),2,44,hgb_d3,3,0.40413970256872467,0.8092822738749318,0.09037476110364753,0.014584734071878998,0.10563752135897592,0.07176379966731944,0.09205020920502092,0.7346976353221587,0.8278158807863065,0.8413793103448276,0.86432341520469,0.9858260019550343,-0.024954052027149978,0.8369938540475489
sick_euthyroid,sick_euthyroid(9.3%),2,44,hgb_d6,4,0.5019607843137254,0.8405428496529999,0.09461511788960354,0.016032160195811305,0.10400579718056463,0.0698484950235703,0.09205020920502092,0.7267569279474623,0.8406455906593376,0.855072463768116,0.8635532335544813,0.9809267793138761,-0.02529285800968702,0.8340473165113004
sick_euthyroid,sick_euthyroid(9.3%),3,45,logreg_C0.1,0,0.1990622335890878,0.6820741711623916,0.1447831126779634,0.018352481948041694,0.08333418111370391,0.03813712121324906,0.09295774647887324,0.49681394512435706,0.6852864989783236,0.7101449275362319,0.6781078264404986,0.9521103896103896,-0.042802445580579454,0.6700344937831682
sick_euthyroid,sick_euthyroid(9.3%),3,45,logreg_C1.0,1,0.376037203291848,0.7078237955253794,0.14318809982000796,0.022405978018538227,0.08332312720732787,0.036607809705420186,0.09295774647887324,0.49180307487359,0.6952769201319915,0.7230769230769231,0.6814103272438843,0.9525221155655939,-0.042082404360682224,0.7018171480337994
sick_euthyroid,sick_euthyroid(9.3%),3,45,logreg_C10.0,2,0.36819387509042706,0.7473691759384806,0.1868487404707744,0.02174147053114175,0.08528780300730503,0.035782916805875475,0.09295774647887324,0.46534894065765353,0.6855351070527762,0.7153284671532847,0.6520347926803667,0.9486048371917937,-0.0446750316271497,0.6441325359437248
sick_euthyroid,sick_euthyroid(9.3%),3,45,hgb_d3,3,0.4571428571428572,0.8276003466339538,0.0804451650917644,0.010222774726356307,0.09057207102054274,0.05861548120901737,0.09295774647887324,0.7355038956764651,0.8570716412718986,0.8702290076335878,0.884814870989855,0.9730613589309242,-0.020348404940710198,0.8382789240447531
sick_euthyroid,sick_euthyroid(9.3%),3,45,hgb_d6,4,0.3557692307692308,0.8509605349424412,0.07976738372655123,0.010171489061311928,0.09150026029024597,0.05793997293878739,0.09295774647887324,0.7299439496666689,0.8565474884884512,0.8695652173913043,0.9114012175607483,0.9745435723696593,-0.02003663243627154,0.8402523802076906
sick_euthyroid,sick_euthyroid(9.3%),4,46,logreg_C0.1,0,0.501161616161617,0.6712296500246276,0.1534776438825673,0.02192792538360155,0.08933129142240245,0.04424358333352573,0.09423347398030943,0.5195447074037233,0.7059539237984422,0.732824427480916,0.6762963632903742,0.9436358579771946,-0.043035541591517006,0.7059539237984422
sick_euthyroid,sick_euthyroid(9.3%),4,46,logreg_C1.0,1,0.4106719367588933,0.7432708453245542,0.15449059721873354,0.02344418230092059,0.08884416006234218,0.04104630371878344,0.09423347398030943,0.4938140180774126,0.6625661074651071,0.6950354609929078,0.6806168867090062,0.947309261147678,-0.04433421286893881,0.6575352960303881
sick_euthyroid,sick_euthyroid(9.3%),4,46,logreg_C10.0,2,0.40476190476190477,0.7375062065719825,0.19879688819180216,0.027168668234357093,0.08902034763825903,0.04228378276177829,0.09423347398030943,0.485843177105329,0.6521998630729203,0.6857142857142857,0.6469007496615091,0.9455362936868452,-0.04682271474030385,0.6121576986433943
sick_euthyroid,sick_euthyroid(9.3%),4,46,hgb_d3,3,0.3958333333333333,0.8598308953612009,0.10794275915560596,0.019651264533430406,0.09095425991873526,0.060356485054228554,0.09423347398030943,0.7030704548399138,0.8013231647993804,0.8201438848920863,0.864722410166747,0.9696973208491703,-0.02759518080102804,0.7900580189426601
sick_euthyroid,sick_euthyroid(9.3%),4,46,hgb_d6,4,0.6501831501831501,0.858099343260413,0.1294280743113922,0.01753834922223851,0.09025763835704444,0.062436129643295736,0.09423347398030943,0.7293790509057558,0.8122423725203852,0.828125,0.8736710350035969,0.9739733011958839,-0.02568309798450649,0.8022619820153889
sick_euthyroid,sick_euthyroid(9.3%),5,47,logreg_C0.1,0,0.4830917874396135,0.7325329499686402,0.12794958366281917,0.018239162487212277,0.10253568597465605,0.051284737221600124,0.0938375350140056,0.5646458720350439,0.7560070948376082,0.7777777777777778,0.7314942605047268,0.9500911209024431,-0.03649748232596707,0.7578044288422978
sick_euthyroid,sick_euthyroid(9.3%),5,47,logreg_C1.0,1,0.45973503541412475,0.7193611057290057,0.1218839765774694,0.027985308894303732,0.10283191799976628,0.04969985525467387,0.0938375350140056,0.5659787555351463,0.7592322523714793,0.7808219178082192,0.7614579234065658,0.9609679577383562,-0.03455404577257514,0.7257536872726302
sick_euthyroid,sick_euthyroid(9.3%),5,47,logreg_C10.0,2,0.42553888473034035,0.6897236397304906,0.12351610873104728,0.026558267747782013,0.10194865974717054,0.047860177569990885,0.0938375350140056,0.5565973668082496,0.7745434182574625,0.7945205479452054,0.7651902748565397,0.9649242197051835,-0.034737141035003444,0.764927500599559
sick_euthyroid,sick_euthyroid(9.3%),5,47,hgb_d3,3,0.4201388888888889,0.8363511232049663,0.08409155739186705,0.016341427554416612,0.09586205972912383,0.06315160183131997,0.0938375350140056,0.7420873459173342,0.8584511029511904,0.8714285714285714,0.888541077201535,0.9734595953770561,-0.020773774097307855,0.8590833834737068
sick_euthyroid,sick_euthyroid(9.3%),5,47,hgb_d6,4,0.5955773486350482,0.8494964058566853,0.08300869162407462,0.01307353081761234,0.09488804056487701,0.061255715612184715,0.0938375350140056,0.7310975133866233,0.8498694257666769,0.8636363636363636,0.8880444344815966,0.9800802786684814,-0.021333904451534873,0.8700869360213059
sick_euthyroid,sick_euthyroid(9.3%),6,48,logreg_C0.1,0,0.37194368536157923,0.7141506505345725,0.13065129727161687,0.018430961981274196,0.09551161803465068,0.042540251478896035,0.09129213483146068,0.5065318537371305,0.7108970343260256,0.7361111111111112,0.6839073388170607,0.9632505052906908,-0.03975388127809659,0.623555237543465
sick_euthyroid,sick_euthyroid(9.3%),6,48,logreg_C1.0,1,0.46082251082251025,0.7280198064651403,0.1336819175927841,0.028640216293258733,0.09920655497004598,0.04769852400020185,0.09129213483146068,0.5315858985213251,0.75090543196455,0.7737226277372263,0.6858283916986682,0.9587088336701938,-0.03917816671357729,0.6739111969332185
sick_euthyroid,sick_euthyroid(9.3%),6,48,logreg_C10.0,2,0.36492551695899156,0.7526505986933236,0.13667268229680812,0.03132818615011572,0.10192601906549807,0.04589900145725411,0.09129213483146068,0.513097436038487,0.7419487620914396,0.7638888888888888,0.7064440251732109,0.9504101771489716,-0.039545311007276915,0.6952562121031982
sick_euthyroid,sick_euthyroid(9.3%),6,48,hgb_d3,3,0.4388663967611336,0.8077780429763171,0.08824360717651043,0.012184125431110134,0.09681032685274651,0.06467885804920216,0.09129213483146068,0.7215571141633559,0.8125361638565176,0.8285714285714286,0.8077817690788436,0.9830697895612888,-0.024759272431932204,0.83844418907706
sick_euthyroid,sick_euthyroid(9.3%),6,48,hgb_d6,4,0.4421148886574414,0.8077780429763171,0.09102893200404694,0.015014775070142396,0.09604333352117289,0.06388903402056974,0.09129213483146068,0.7132766623294791,0.8317749666267534,0.8467153284671532,0.8268828657626481,0.9834740221138984,-0.025802914522017696,0.8288713367128263
sick_euthyroid,sick_euthyroid(9.3%),7,49,logreg_C0.1,0,0.536904761904762,0.6181286895136144,0.13186733363429,0.013365730945434195,0.10432531265218553,0.04927413698946486,0.09449929478138223,0.5413409683398461,0.7262253643869047,0.7518796992481203,0.741730999916064,0.9606174733807598,-0.03812778163066657,0.7141168893688176
sick_euthyroid,sick_euthyroid(9.3%),7,49,logreg_C1.0,1,0.39260402097902075,0.6668500038007865,0.12902850102196003,0.016639346098670592,0.10449627378645268,0.05100095803226366,0.09449929478138223,0.5502456672358084,0.7120117965507867,0.7391304347826086,0.7237931678376156,0.9660691867763983,-0.038194300509179595,0.7113983935679417
sick_euthyroid,sick_euthyroid(9.3%),7,49,logreg_C10.0,2,0.5091221374045798,0.6119528587806932,0.13576989676029833,0.023370829482074633,0.1056863276368341,0.04989245572765685,0.09449929478138223,0.5305055724532978,0.7058698184251176,0.732824427480916,0.6712240873083906,0.9600362672618218,-0.040168200058400744,0.6868228948714372
sick_euthyroid,sick_euthyroid(9.3%),7,49,hgb_d3,3,0.5141224185327088,0.8921486391444159,0.10313847384690425,0.0139485279642234,0.10678416742900255,0.06983777073886517,0.09449929478138223,0.706476244141189,0.810970227960196,0.8275862068965517,0.8298614234508294,0.9747872785604687,-0.027908731379112543,0.8050123872328422
sick_euthyroid,sick_euthyroid(9.3%),7,49,hgb_d6,4,0.48236290717870367,0.9013497531742329,0.10856499102102181,0.021483226500509385,0.10880706758721755,0.06959939387572046,0.09449929478138223,0.6941052259638134,0.810970227960196,0.8275862068965517,0.8153617241657802,0.9670456130562143,-0.028920496033515493,0.817037703383221
sick_euthyroid,sick_euthyroid(9.3%),8,50,logreg_C0.1,0,0.243314597172543,0.6608359001202637,0.13631117636035034,0.017535320016766748,0.08941296098956414,0.03874237472749061,0.0951048951048951,0.5116417122619354,0.7251743314086482,0.7483870967741936,0.7229258860031391,0.9592235657787073,-0.03917879090407538,0.6619131875730959
sick_euthyroid,sick_euthyroid(9.3%),8,50,logreg_C1.0,1,0.16548582995951416,0.6443686623826356,0.1330151996724186,0.015573948945865619,0.08946603163812515,0.03882557524384533,0.0951048951048951,0.513643164586179,0.7203967058898206,0.7407407407407407,0.7320007471937447,0.9572461132830258,-0.038903309781595403,0.654403241896149
sick_euthyroid,sick_euthyroid(9.3%),8,50,logreg_C10.0,2,0.3966753585397653,0.6453597343760359,0.14379762318350617,0.015828708474946232,0.08936008725314619,0.03421744367593006,0.0951048951048951,0.47071716176630896,0.6871973205897368,0.7164179104477612,0.7115494200085818,0.9515865078643513,-0.041526819797573285,0.654403241896149
sick_euthyroid,sick_euthyroid(9.3%),8,50,hgb_d3,3,0.3914752816020025,0.8641730571417393,0.07576582991960527,0.017420874502762463,0.09568178805662773,0.0605059170599993,0.0951048951048951,0.7332206148070115,0.8427625163526183,0.8571428571428571,0.9075426597397592,0.9848622602054734,-0.02002251303256237,0.8411012130553905
sick_euthyroid,sick_euthyroid(9.3%),8,50,hgb_d6,4,0.4933622994652407,0.8334088754354744,0.07160897380776562,0.021838533020629127,0.0954206005029046,0.058997018951407534,0.0951048951048951,0.7349978829452296,0.875930271915691,0.8872180451127819,0.9347880536438583,0.9867147013364852,-0.018361611119596843,0.866956864109937
sick_euthyroid,sick_euthyroid(9.3%),9,51,logreg_C0.1,0,0.2556390977443609,0.6052351701213925,0.15885181223928627,0.015097790955538811,0.08511437405366504,0.04390608717261701,0.09103641456582633,0.5521627943166213,0.6902446761533603,0.7172413793103448,0.7235664853463264,0.9603413535616926,-0.038043195691803214,0.6644547586612066
sick_euthyroid,sick_euthyroid(9.3%),9,51,logreg_C1.0,1,0.2267062937062955,0.6296309001506781,0.12111339709268182,0.02705738842476393,0.078455142567354,0.03906574841904111,0.09103641456582633,0.5778049325138277,0.7420283053819383,0.7638888888888888,0.7922329576253402,0.9625577812018491,-0.03258857198705279,0.7169729877280555
sick_euthyroid,sick_euthyroid(9.3%),9,51,logreg_C10.0,2,0.47916666666666663,0.6191834481323294,0.12248544744883863,0.020227338317804152,0.07731304195142756,0.037018723595018205,0.09103641456582633,0.5670306036353032,0.7667821705772782,0.7833333333333333,0.8060320923759718,0.9558492355102524,-0.03282520488072909,0.7406173101844664
sick_euthyroid,sick_euthyroid(9.3%),9,51,hgb_d3,3,0.27588888888888935,0.7924762438199692,0.06920015498949608,0.018738544570083223,0.09236605140959538,0.06381989371613558,0.09103641456582633,0.7748684178552235,0.881521867962546,0.8923076923076924,0.9031894645816874,0.988597842835131,-0.017493012690843524,0.8799882759731035
sick_euthyroid,sick_euthyroid(9.3%),9,51,hgb_d6,4,0.23620634920634964,0.7560743029943232,0.06573677958425092,0.011719541719214627,0.09028281650576005,0.06360281334207071,0.09103641456582633,0.7825962860744536,0.8984473153964679,0.9076923076923077,0.9163792460659979,0.9931136659950219,-0.017318113165601043,0.869343745108673
sick_euthyroid,sick_euthyroid(9.3%),10,52,logreg_C0.1,0,0.3828264758497316,0.7004801264235105,0.12611385233622005,0.0246575768203116,0.09374632111538428,0.03662033688170961,0.0890125173852573,0.48664962510078996,0.7196493463404435,0.7445255474452555,0.7249329900905773,0.9630963740458016,-0.03694714387114675,0.6781698090264684
sick_euthyroid,sick_euthyroid(9.3%),10,52,logreg_C1.0,1,0.3870931365357203,0.7326069183576065,0.11705390749664975,0.03778354250048138,0.09433967499051862,0.036748012000213034,0.0890125173852573,0.5068372581097719,0.7803811748414636,0.7972027972027972,0.7751302204834482,0.9728291984732824,-0.033491389168383505,0.7110537243917174
sick_euthyroid,sick_euthyroid(9.3%),10,52,logreg_C10.0,2,0.3340909090909091,0.7573103159300951,0.11456500006715668,0.02929754261403199,0.09443152078232893,0.037540897059911926,0.0890125173852573,0.5117768683697316,0.7774227665672678,0.7894736842105263,0.7659989826613209,0.9733182251908397,-0.03342581377154861,0.7217574673672646
sick_euthyroid,sick_euthyroid(9.3%),10,52,hgb_d3,3,0.44482933503597366,0.8148406288727024,0.05756667738591693,0.0155831496703056,0.09204008681397731,0.05958705246928348,0.0890125173852573,0.7663371602080945,0.8893264638532908,0.8992248062015504,0.9210679178177079,0.9952886450381679,-0.014516271356670954,0.8877554859597454
sick_euthyroid,sick_euthyroid(9.3%),10,52,hgb_d6,4,0.44258959364222505,0.7907614541326023,0.057063772276175144,0.021536214106251936,0.09057350391719146,0.056765550349687735,0.0890125173852573,0.7556346784610471,0.9063587404371307,0.9147286821705426,0.9145059499436995,0.9952528625954198,-0.01434560177149314,0.8770009583277142
sick_euthyroid,sick_euthyroid(9.3%),11,53,logreg_C0.1,0,0.4710296495956894,0.7324593252470747,0.22523986829663406,0.019567780138005385,0.1016060753964148,0.050903652396393745,0.0965034965034965,0.5335924176569363,0.7006780568658849,0.7297297297297297,0.6775530473572061,0.9338291380625477,-0.04291353028226563,0.7006780568658849
sick_euthyroid,sick_euthyroid(9.3%),11,53,logreg_C1.0,1,0.4571428571428572,0.7308092690835191,0.2054090061839334,0.019425130306670577,0.10095562204510102,0.047702322203766336,0.0965034965034965,0.543602068866493,0.7501919597285249,0.7746478873239436,0.7262130344831149,0.9452483510566698,-0.03819596883349908,0.7338989430496693
sick_euthyroid,sick_euthyroid(9.3%),11,53,logreg_C10.0,2,0.45954636591478704,0.7308254336184222,0.17488153064196202,0.018514232029315385,0.10410990188115733,0.04916615969559707,0.0965034965034965,0.5402934787575044,0.7534027146082929,0.7761194029850746,0.7292987296100131,0.9486135415264505,-0.038967723992837176,0.7256975239866582
sick_euthyroid,sick_euthyroid(9.3%),11,53,hgb_d3,3,0.4531578947368421,0.8279363603520772,0.09800694305286113,0.014086031509524454,0.09836348761597519,0.06344408025801167,0.0965034965034965,0.7121698676434662,0.8374840836489471,0.8531468531468531,0.8106313745684463,0.9685018172028536,-0.02538715319689845,0.841748038160755
sick_euthyroid,sick_euthyroid(9.3%),11,53,hgb_d6,4,0.33681818181818207,0.8101157455790772,0.09709172218235573,0.014236778969686996,0.09685802585203868,0.06137443140990884,0.0965034965034965,0.7047560345997017,0.8366551157618699,0.8513513513513513,0.8531916961654084,0.9694552878359581,-0.025467586647917265,0.8167436813822455
thyroid_sick,thyroid_sick(6.1%),0,42,logreg_C0.1,0,0.5176767676767677,0.5514430194320046,0.14418273716344504,0.014682383653530345,0.05690852740895654,0.025136746300672676,0.061248527679623084,0.5329378540339561,0.7524155185691325,0.7555555555555555,0.7969522733345807,0.943260785638452,-0.023442696279145112,0.7524155185691325
thyroid_sick,thyroid_sick(6.1%),0,42,logreg_C1.0,1,0.4182692307692308,0.5787769856730787,0.12285794601620127,0.013087147178778236,0.05917264802547196,0.02642487700577433,0.061248527679623084,0.5269141376065674,0.7462510720631137,0.7619047619047619,0.7838567452176088,0.9464458063893446,-0.02430406839782769,0.711056106236712
thyroid_sick,thyroid_sick(6.1%),0,42,logreg_C10.0,2,0.4846991215412275,0.5248500679760891,0.12546778561953467,0.012974745080809619,0.061174509772476654,0.026281482785252497,0.061248527679623084,0.5100598865525701,0.7244694739788531,0.7307692307692307,0.7693928452971102,0.9413787279220154,-0.025157799763461844,0.7244694739788531
thyroid_sick,thyroid_sick(6.1%),0,42,hgb_d3,3,0.21097837789611704,0.8101757475465635,0.038574965335053946,0.013660038683222662,0.060934399000961675,0.04065478061693695,0.061248527679623084,0.770727081544561,0.9070979056869096,0.9107142857142857,0.9596936144514193,0.9952827912363671,-0.009735591979962585,0.8846488860952827
thyroid_sick,thyroid_sick(6.1%),0,42,hgb_d6,4,0.7150000000000001,0.7526707198067996,0.038455169407475946,0.013157560673758813,0.06003723317058035,0.04096534410151529,0.061248527679623084,0.7776890299268586,0.8936214618701697,0.8979591836734694,0.9644275603651438,0.9960790464240904,-0.009865782916174074,0.8750276283491787
thyroid_sick,thyroid_sick(6.1%),1,43,logreg_C0.1,0,0.21293209548680908,0.5912264996483716,0.11412971300980479,0.011664699161157819,0.05690361650372852,0.01990681600457734,0.061248527679623084,0.4147210909442824,0.6387545993080896,0.6607142857142857,0.6840737816214634,0.9452031657175949,-0.03134870013923252,0.6093996889267905
thyroid_sick,thyroid_sick(6.1%),1,43,logreg_C1.0,1,0.19047895500725878,0.6032082705733242,0.11499812565138208,0.011623328290754995,0.05566346667542292,0.018690580639737327,0.061248527679623084,0.3942569947698533,0.612300128152125,0.6333333333333333,0.6328388043048309,0.9521161084837372,-0.03286972118571698,0.5630437695079885
thyroid_sick,thyroid_sick(6.1%),1,43,logreg_C10.0,2,0.41555555555555657,0.5730866874301891,0.12291557378757,0.010492941318782109,0.057645304567502206,0.020014893078726715,0.061248527679623084,0.38885467759309256,0.5906422604547045,0.6153846153846154,0.622196969968159,0.9360944889489432,-0.034061027646616546,0.5526223956751762
thyroid_sick,thyroid_sick(6.1%),1,43,hgb_d3,3,0.2942958942052748,0.8530294174946426,0.06923591694490003,0.006955146507489428,0.05598117952988528,0.04137889747470885,0.061248527679623084,0.7848525241170754,0.8656829950869346,0.8737864077669902,0.933508747902888,0.985365794807451,-0.012376608734650964,0.8604265643117025
thyroid_sick,thyroid_sick(6.1%),1,43,hgb_d6,4,0.2964601009435805,0.8998025454171765,0.047197003129277354,0.0112660053629698,0.053911956125622856,0.03710026807632059,0.061248527679623084,0.7503459966688418,0.8450106224930942,0.8543689320388349,0.9201311424178195,0.9929422835633627,-0.013382591840700807,0.8370576310326132
thyroid_sick,thyroid_sick(6.1%),2,44,logreg_C0.1,0,0.3625,0.6944412139757674,0.1873457188258887,0.015356483453264843,0.06756560281208397,0.02647024891001197,0.0611764705882353,0.3876711013743718,0.589128040673695,0.6140350877192983,0.526874582567945,0.9354877578561789,-0.037305941671688464,0.4996315407700572
thyroid_sick,thyroid_sick(6.1%),2,44,logreg_C1.0,1,0.24644682611402677,0.7075717811943679,0.18565915591228271,0.020318671665632688,0.06874711582149085,0.026465687736465904,0.0611764705882353,0.3890744647543294,0.5858125270600889,0.5985401459854015,0.540975068817905,0.940584634663582,-0.03677147638168136,0.515315434689808
thyroid_sick,thyroid_sick(6.1%),2,44,logreg_C10.0,2,0.39086206362946785,0.6757289175124827,0.1543738761987142,0.027646882287473702,0.06770125856970537,0.023002047304708676,0.0611764705882353,0.37035001544262885,0.5906704641338342,0.6105263157894737,0.5678856149964325,0.9472479275110853,-0.03588185576263879,0.5491257635284317
thyroid_sick,thyroid_sick(6.1%),2,44,hgb_d3,3,0.5413533834586466,0.8747336750115794,0.08668786369954767,0.010937349650585827,0.06300110141142627,0.041486537339394426,0.0611764705882353,0.7239943820005191,0.8361287834972045,0.8461538461538461,0.8769261396865006,0.9579959514170039,-0.01461107710944844,0.8274805928659975
thyroid_sick,thyroid_sick(6.1%),2,44,hgb_d6,4,0.33744855967078186,0.8657798305893214,0.05822746521264402,0.011284951637594978,0.06133975904427612,0.0371741788555417,0.0611764705882353,0.6895035953240716,0.8419854733573361,0.8495575221238938,0.9023841245881171,0.9813355504144978,-0.01530760804530221,0.8108757388619882
thyroid_sick,thyroid_sick(6.1%),3,45,logreg_C0.1,0,0.36363636363636365,0.6079906771768425,0.10726644535135753,0.015045492589790025,0.056179665867868746,0.02848405347648647,0.0611764705882353,0.5101134968281575,0.6650608944625572,0.6857142857142857,0.6636232086270876,0.9538509735878156,-0.029642043834489137,0.6130702988136664
thyroid_sick,thyroid_sick(6.1%),3,45,logreg_C1.0,1,0.304479066985648,0.6272637790649329,0.1239234843311204,0.012081387384073095,0.05516753217545314,0.027142626381211357,0.0611764705882353,0.5168194717201082,0.6796559752455678,0.6990291262135923,0.7019327287169905,0.9580682475419318,-0.02805748340090905,0.6432410467855911
thyroid_sick,thyroid_sick(6.1%),3,45,logreg_C10.0,2,0.1467533936651588,0.6039470301407845,0.12499006544007778,0.015184608925632602,0.054953543848164525,0.025092891557263918,0.0611764705882353,0.49064671679585226,0.7028088094426207,0.7166666666666667,0.6963461425468924,0.9593695777906304,-0.02897259461769212,0.599228479178836
thyroid_sick,thyroid_sick(6.1%),3,45,hgb_d3,3,0.7946428571428572,0.8242955663455906,0.05163912027054244,0.01288778618314697,0.06039357233415153,0.04328112395024732,0.0611764705882353,0.7494012891029588,0.8285366007418306,0.8367346938775511,0.9230596596737183,0.9925775978407557,-0.015150485803195477,0.8156448814343551
thyroid_sick,thyroid_sick(6.1%),3,45,hgb_d6,4,0.36547385620915157,0.7882275013161207,0.05010749715355421,0.011795803773344575,0.06208092927553903,0.044241877768957,0.0611764705882353,0.7566833155453695,0.830442238666379,0.8392857142857143,0.9252136657577138,0.989107383844226,-0.014160067050035774,0.8071781305655675
thyroid_sick,thyroid_sick(6.1%),4,46,logreg_C0.1,0,0.3974358974358974,0.5891144594998915,0.12952484577424103,0.016514295221754804,0.059234399490844025,0.024824193331114654,0.061248527679623084,0.46777357825263677,0.6722324099990349,0.6923076923076923,0.6443811678596775,0.94688012740083,-0.029369229585532727,0.5923310606639856
thyroid_sick,thyroid_sick(6.1%),4,46,logreg_C1.0,1,0.25403508771929806,0.6797018469493736,0.12332928259108687,0.018953985843413516,0.06051510608935575,0.029257882062418573,0.061248527679623084,0.5192331135391386,0.7154241154163239,0.7321428571428571,0.6777058201066393,0.9549995174210983,-0.02738211080746642,0.6244077098431046
thyroid_sick,thyroid_sick(6.1%),4,46,logreg_C10.0,2,0.22843874391862007,0.6914629062783966,0.12138416655344558,0.016119401638224236,0.06072861726476598,0.02896635696298184,0.061248527679623084,0.5165223271077851,0.7148111005351733,0.7307692307692307,0.6770777669129047,0.9608387221310684,-0.02730291279420806,0.6336351587206398
thyroid_sick,thyroid_sick(6.1%),4,46,hgb_d3,3,0.5869565217391304,0.8443769634486156,0.039216835226367416,0.008995844896894754,0.061602454685787504,0.04092504031780301,0.061248527679623084,0.760349623975541,0.8709657873745833,0.875,0.9594409132400931,0.9969235595019785,-0.010750714859347558,0.8604265643117025
thyroid_sick,thyroid_sick(6.1%),4,46,hgb_d6,4,0.2160664935064934,0.8507406407274987,0.041794635154803514,0.011182326264573085,0.06017997776583281,0.04027420368861563,0.061248527679623084,0.7597810511465954,0.8879305266598511,0.8928571428571429,0.9495479843579353,0.9921098349580157,-0.01111822380086415,0.8635852266652999
thyroid_sick,thyroid_sick(6.1%),5,47,logreg_C0.1,0,0.19444444444444442,0.6259067950143937,0.10567037735368087,0.014214815975089137,0.06602387590328451,0.027701393772673468,0.061248527679623084,0.4588730775963705,0.6468634894593918,0.6526315789473685,0.6508642963049689,0.9615263970659204,-0.03057462185938502,0.6192499125286726
thyroid_sick,thyroid_sick(6.1%),5,47,logreg_C1.0,1,0.22258305337812728,0.6548186851927174,0.12807028455611955,0.016138553433714405,0.06702210783914697,0.029900455668170896,0.061248527679623084,0.4828311137772833,0.6719501215723266,0.6833333333333333,0.6656493585853469,0.9586067947109352,-0.029528996914857022,0.6213018518165924
thyroid_sick,thyroid_sick(6.1%),5,47,logreg_C10.0,2,0.33465608465608465,0.6577095176746551,0.12683480462081081,0.01620305816394881,0.06700169850024203,0.029174340075603426,0.061248527679623084,0.48222882654215143,0.6585877705041966,0.6782608695652174,0.6731513548679943,0.9583413763150275,-0.028883046686200765,0.6386973773248489
thyroid_sick,thyroid_sick(6.1%),5,47,hgb_d3,3,0.8067987863518824,0.8004332985464717,0.0362351821877658,0.014095098977312957,0.06504757377732552,0.045275644264810996,0.061248527679623084,0.7823877327074235,0.881860425683142,0.8842105263157894,0.9635941547987538,0.9975629765466654,-0.01025660131036574,0.8770871537496381
thyroid_sick,thyroid_sick(6.1%),5,47,hgb_d6,4,0.7246376811594203,0.853726060216037,0.04250797517550051,0.011555731290256603,0.06417597762715671,0.04268019096105409,0.061248527679623084,0.7501149893568643,0.8604265643117025,0.865979381443299,0.9393175668111722,0.9960066595888428,-0.012027379872741464,0.8566016793745778
thyroid_sick,thyroid_sick(6.1%),6,48,logreg_C0.1,0,0.4735651730998374,0.5904101062666929,0.13010080281037203,0.015302727748734661,0.06219313699915375,0.02669493152563373,0.0611764705882353,0.4114153810171834,0.568270629454002,0.5894736842105263,0.5254251325112272,0.9346081550028918,-0.036506228624687234,0.5775071289071346
thyroid_sick,thyroid_sick(6.1%),6,48,logreg_C1.0,1,0.4583333333333333,0.6309752596517195,0.12061431634497698,0.013256825958451235,0.06527306523428769,0.027947868758425035,0.0611764705882353,0.4398051264852311,0.6332594735104853,0.6530612244897959,0.5863274823477179,0.9415485829959515,-0.03332900693771142,0.624431998381474
thyroid_sick,thyroid_sick(6.1%),6,48,logreg_C10.0,2,0.4153846153846154,0.6259677035826089,0.11968174584071098,0.01942597185966724,0.06575627655689387,0.026326311578322114,0.0611764705882353,0.4291059846451619,0.6493990045738878,0.6666666666666666,0.590946510791773,0.940114709851552,-0.03280382220983647,0.6478944331186437
thyroid_sick,thyroid_sick(6.1%),6,48,hgb_d3,3,0.2320941558441606,0.8346580946814728,0.05202425438491972,0.00830605288831014,0.053867583097742026,0.03531387220857597,0.0611764705882353,0.7203374558627803,0.8450223925802558,0.8543689320388349,0.9219807804594279,0.9917341430499326,-0.014855909490109792,0.8025347478226881
thyroid_sick,thyroid_sick(6.1%),6,48,hgb_d6,4,0.25103148481658016,0.8374166331788611,0.04718577345860146,0.010938061602749691,0.05541786883092134,0.03645740796916738,0.0611764705882353,0.7330256601898807,0.8863639969139279,0.8932038834951457,0.9349242168791017,0.9946139386928861,-0.013538901608967677,0.8146688109321563
thyroid_sick,thyroid_sick(6.1%),7,49,logreg_C0.1,0,0.30048175405616206,0.6325037537684833,0.1416864431095337,0.020937527210633057,0.06073672159399898,0.03166650585269371,0.061248527679623084,0.4332810055070205,0.5349250335854884,0.5631067961165048,0.5375787516484395,0.9237645980117749,-0.03953415810981454,0.5164198102784988
thyroid_sick,thyroid_sick(6.1%),7,49,logreg_C1.0,1,0.4720588235294119,0.6435629924183656,0.18699947503521633,0.022139183386682797,0.06143924961824956,0.033276692762784145,0.061248527679623084,0.46925726753027514,0.5682408631294401,0.5894736842105263,0.5554305561979632,0.9187578419071518,-0.03673350751681916,0.5759969242040968
thyroid_sick,thyroid_sick(6.1%),7,49,logreg_C10.0,2,0.4935064935064935,0.6485407448130879,0.1811846035102849,0.02194594682063092,0.06015967648326242,0.03167347358203335,0.061248527679623084,0.46682155356213284,0.5828971809840147,0.6041666666666666,0.5748617624603558,0.9271667792684104,-0.03593845185171735,0.5759969242040968
thyroid_sick,thyroid_sick(6.1%),7,49,hgb_d3,3,0.2919266232867224,0.8014934531910689,0.1021075006001401,0.016343856921700872,0.06006384061712579,0.04284189372123161,0.061248527679623084,0.6985507981412241,0.7729262524974996,0.7857142857142857,0.8566910207569353,0.9657127690377376,-0.020741580703196243,0.7209763869300518
thyroid_sick,thyroid_sick(6.1%),7,49,hgb_d6,4,0.16666666666666666,0.7825457756308374,0.07672961507672785,0.010537532483142613,0.060732950638386726,0.0434548482794892,0.061248527679623084,0.7001880967551084,0.7568167110910666,0.7678571428571429,0.8418889763026421,0.958546472348229,-0.02075221766520831,0.7416487595238922
thyroid_sick,thyroid_sick(6.1%),8,50,logreg_C0.1,0,0.35158730158730156,0.685183055693162,0.08381499333995707,0.014491381924399027,0.06795941606121898,0.03191827412169251,0.061248527679623084,0.542397099088648,0.7278424497231362,0.7433628318584071,0.7827626624843573,0.9812638741434224,-0.023994919838004,0.7372032700854034
thyroid_sick,thyroid_sick(6.1%),8,50,logreg_C1.0,1,0.5238095238095237,0.7041003023262467,0.07794770779003363,0.015685556893553373,0.0689582023819221,0.034941471150304895,0.061248527679623084,0.5813581516895259,0.7541743074992762,0.7692307692307693,0.7787409151554411,0.9838215423221697,-0.02185418955627254,0.750991187595182
thyroid_sick,thyroid_sick(6.1%),8,50,logreg_C10.0,2,0.3485714285714282,0.6967741942863294,0.08026322879571383,0.01192313323625337,0.0682643206985546,0.03359791859378781,0.061248527679623084,0.5651024132921018,0.7729262524974996,0.7857142857142857,0.7685721463427311,0.9820360003860631,-0.022796641341853125,0.7289726025022704
thyroid_sick,thyroid_sick(6.1%),8,50,hgb_d3,3,0.19260766660930942,0.8239170627403642,0.03428565387235356,0.01076464258957752,0.06289711066313358,0.04732471276424624,0.061248527679623084,0.8077066987478523,0.8879305266598511,0.8928571428571429,0.9631218871642535,0.9975750410192067,-0.01078388571765751,0.8541626246567632
thyroid_sick,thyroid_sick(6.1%),8,50,hgb_d6,4,0.20744186046511612,0.8367178724662658,0.03166036703379318,0.01122142190080769,0.06271161524182489,0.04875207037073333,0.061248527679623084,0.8285127293699392,0.9070979056869096,0.9107142857142857,0.9628085053709833,0.9977077502171605,-0.009921051764971565,0.8656829950869346
thyroid_sick,thyroid_sick(6.1%),9,51,logreg_C0.1,0,0.42487425290023867,0.6022815152515709,0.09473093871939398,0.020633129004817122,0.0650209388650389,0.026770143683665083,0.0611764705882353,0.500591293941183,0.7209975795792398,0.7378640776699029,0.7787179436129542,0.9610564873722769,-0.025059259348742164,0.6099039170119337
thyroid_sick,thyroid_sick(6.1%),9,51,logreg_C1.0,1,0.3825164432341852,0.6217960654468098,0.09632886372052674,0.014762846367947294,0.06632559313133812,0.027925707224336672,0.0611764705882353,0.5078517917532436,0.7416683817460759,0.7572815533980582,0.7889080995036302,0.9556824754193176,-0.02481168136862683,0.6756944929806522
thyroid_sick,thyroid_sick(6.1%),9,51,logreg_C10.0,2,0.43607954545454547,0.5921207582404951,0.1025841803180579,0.013960061579707016,0.06652803587186701,0.025791337113692296,0.0611764705882353,0.4733687195845432,0.7069711979527322,0.7216494845360825,0.7306989495886471,0.9524532485058801,-0.026712463448837067,0.6532042748651761
thyroid_sick,thyroid_sick(6.1%),9,51,hgb_d3,3,0.49279241481427766,0.7864245845615804,0.04725749992604811,0.009563068718536655,0.06504298185631636,0.04695835368464192,0.0611764705882353,0.7797102732717015,0.8656931947470918,0.8737864077669902,0.9285906412352026,0.9875771158665896,-0.012246996699479831,0.8656931947470918
thyroid_sick,thyroid_sick(6.1%),9,51,hgb_d6,4,0.34592857142857797,0.799921838014876,0.039097147134977875,0.005662211577996828,0.06485700444628244,0.046514497867674344,0.0611764705882353,0.7918945360434422,0.8863639969139279,0.8932038834951457,0.9509240257880973,0.9956501831501832,-0.01048619754033266,0.8846574314676426
thyroid_sick,thyroid_sick(6.1%),10,52,logreg_C0.1,0,0.49292960662525886,0.6052623984341154,0.12250838879179031,0.011532202096638047,0.06392024000652335,0.027850127317842314,0.061248527679623084,0.43523384627172046,0.6130436577799689,0.631578947368421,0.5662244410827265,0.9481227680725799,-0.03429786561627636,0.6213018518165924
thyroid_sick,thyroid_sick(6.1%),10,52,logreg_C1.0,1,0.25987764550264786,0.6665712602584332,0.15265976164036082,0.015651536187469145,0.0654259330024183,0.02741942973394544,0.061248527679623084,0.4147562053875746,0.5942035324269577,0.6166666666666667,0.5538332107915896,0.9455530354212913,-0.035749571873998603,0.5229181749482834
thyroid_sick,thyroid_sick(6.1%),10,52,logreg_C10.0,2,0.2648221343873518,0.685183055693162,0.1605217601690747,0.0074840186552191735,0.06524490389466808,0.02624121036927201,0.061248527679623084,0.39495930832027315,0.5702139690442588,0.5964912280701754,0.5342428270924082,0.936046231058778,-0.036977828314422104,0.5305517109661434
thyroid_sick,thyroid_sick(6.1%),10,52,hgb_d3,3,0.34600733634311515,0.8403521211664182,0.06123175792583464,0.013482717563545934,0.06486931505585541,0.04439120873777622,0.061248527679623084,0.7156231392730905,0.8156492539807491,0.8245614035087719,0.8868374978512601,0.9847505067078468,-0.017374879437834487,0.7758974911138226
thyroid_sick,thyroid_sick(6.1%),10,52,hgb_d6,4,0.28713235294117645,0.826370368887134,0.05591427913073013,0.0103328580684017,0.06345580514443855,0.044128208983359604,0.061248527679623084,0.7240968556091573,0.834528891283556,0.8421052631578947,0.9006748555267841,0.9915548692211177,-0.01697581077683915,0.7793305889453689
thyroid_sick,thyroid_sick(6.1%),11,53,logreg_C0.1,0,0.6240081626661793,0.5764355522738376,0.11590433327918806,0.014860378274754395,0.059211690831075026,0.024738595093003822,0.061248527679623084,0.4525667964193929,0.6493106718842688,0.660377358490566,0.6162519817675107,0.939556992568285,-0.031014471075724612,0.6354450551052334
thyroid_sick,thyroid_sick(6.1%),11,53,logreg_C1.0,1,0.4018502024291498,0.6336027138792236,0.1051726815340552,0.015087707448364603,0.0600463978802976,0.024600870516565555,0.061248527679623084,0.46934362480284825,0.7003040143362115,0.7184466019417476,0.6719844080314415,0.9557475147186565,-0.028625697890985926,0.6713357092815851
thyroid_sick,thyroid_sick(6.1%),11,53,logreg_C10.0,2,0.36851851851851847,0.6621097138901602,0.10695586497176755,0.019596540586145746,0.05994304706353606,0.022178694363891492,0.061248527679623084,0.43885266076537366,0.6722324099990349,0.6923076923076923,0.6649643953512243,0.9577019592703406,-0.029718011828787753,0.6947997090008254
thyroid_sick,thyroid_sick(6.1%),11,53,hgb_d3,3,0.37051952001788224,0.8711853228415234,0.03556830016251943,0.010594725351077593,0.06300704659733808,0.04572439327650316,0.061248527679623084,0.7948679562447347,0.8879305266598511,0.8928571428571429,0.955657958135072,0.996947688447061,-0.010603335685164193,0.8593079096648721
thyroid_sick,thyroid_sick(6.1%),11,53,hgb_d6,4,0.3439217012631208,0.8703922761936224,0.03638761739057656,0.0162561983692544,0.06314419948167602,0.0451514346287628,0.061248527679623084,0.7850558064224398,0.8879305266598511,0.8928571428571429,0.9579179975815448,0.9969959463372262,-0.011081423169563539,0.8308173503255722
us_crime,us_crime(7.5%),0,42,logreg_C0.1,0,0.21010638297872342,0.4564537052907822,0.1375478583064182,0.03370429103918996,0.07396662681036721,0.030350683186411317,0.0757238307349666,0.4060541924728159,0.6067218997206392,0.627906976744186,0.6426731661450537,0.9524805102763996,-0.04411424076951986,0.4278872082384191
us_crime,us_crime(7.5%),0,42,logreg_C1.0,1,0.20962301587301604,0.4694844568198267,0.19403588041886732,0.024717588666939714,0.07437656218730694,0.03212639805407592,0.0757238307349666,0.4126621065009868,0.5929660178985892,0.6136363636363636,0.6115097535268609,0.9531537916371369,-0.04482818918042059,0.4284066915221934
us_crime,us_crime(7.5%),0,42,logreg_C10.0,2,0.21245974235104634,0.4269159352932594,0.1376963634412347,0.029536097279260404,0.07332330669607828,0.023097613904827112,0.0757238307349666,0.36647385353185813,0.5772892133508711,0.6075949367088608,0.6415127054585424,0.9538979447200566,-0.042548446495100783,0.47251460358214864
us_crime,us_crime(7.5%),0,42,hgb_d3,3,0.11276625500137274,0.4285200526753173,0.15672025758584746,0.04002129753814916,0.07515422347225673,0.02688734622553746,0.0757238307349666,0.3397147820918186,0.544413394383652,0.5391304347826087,0.557545485364491,0.9428065201984409,-0.04948890297877561,0.41356949795496556
us_crime,us_crime(7.5%),0,42,hgb_d6,4,0.2095701770122663,0.44050842877463753,0.21676887405764672,0.028183615629517794,0.07398153660202873,0.025907106678260464,0.0757238307349666,0.33722878890368746,0.5522238291551064,0.5866666666666667,0.5218309299045812,0.9375974486180014,-0.04919703336030345,0.4284066915221934
us_crime,us_crime(7.5%),1,43,logreg_C0.1,0,0.43527272727272903,0.4995023413268579,0.2661095163296236,0.028386289624334416,0.06804011530101894,0.022513282747620312,0.0757238307349666,0.32712510708648346,0.49939926665465567,0.5094339622641509,0.533551228092622,0.9011339475549256,-0.048976540690789855,0.4065915530486215
us_crime,us_crime(7.5%),1,43,logreg_C1.0,1,0.09613289760348584,0.4882796209924133,0.25927298483615635,0.014467359551646975,0.07633033837961586,0.0278228679923578,0.0757238307349666,0.3600347313809209,0.5103046211261195,0.5161290322580645,0.5447448853750592,0.9060595322466335,-0.04723067738679357,0.46211671677188554
us_crime,us_crime(7.5%),1,43,logreg_C10.0,2,0.15229722064662507,0.4817006576668598,0.17022277981938821,0.019001719935441964,0.07426605968519961,0.023789038758735566,0.0757238307349666,0.31479474813804414,0.48989524422546654,0.5176470588235295,0.4926050463869682,0.9089298369950389,-0.050107906249730695,0.3998401054656513
us_crime,us_crime(7.5%),1,43,hgb_d3,3,0.1123991935483871,0.4126472875960835,0.2223807077825059,0.027929139942734518,0.06826785265176202,0.017191247043049945,0.0757238307349666,0.27528352297902164,0.4867911696544606,0.5,0.5101154923914104,0.9006024096385543,-0.05050148657953683,0.37953185748076645
us_crime,us_crime(7.5%),1,43,hgb_d6,4,0.13844086021505375,0.4057348647925218,0.27706601709856765,0.01833772665767389,0.06502764996632948,0.015921273579942122,0.0757238307349666,0.2559979487970048,0.48036409261030116,0.5,0.45890519011766234,0.8889440113394755,-0.05262652197213582,0.35614539296760805
us_crime,us_crime(7.5%),2,44,logreg_C0.1,0,0.4473684210526315,0.39450288635865133,0.25339315727193756,0.020344039078250546,0.07613720612597838,0.034145590502436436,0.0757238307349666,0.449770473925419,0.649905384217489,0.6666666666666666,0.6413060559370647,0.9419206236711551,-0.041019371096276735,0.46211671677188554
us_crime,us_crime(7.5%),2,44,logreg_C1.0,1,0.3055555555555555,0.41607981270149086,0.19204936611739007,0.02481221659176286,0.07435973771107209,0.027654998890235236,0.0757238307349666,0.41338212721971795,0.6489821076663218,0.676056338028169,0.6574265180954534,0.9476257973068746,-0.04026284520293956,0.4152685781783934
us_crime,us_crime(7.5%),2,44,logreg_C10.0,2,0.20993116566147962,0.3931945562841253,0.13815278055996494,0.03472757260462455,0.07101155817949534,0.019602220856083413,0.0757238307349666,0.3560225504689795,0.639900101888714,0.6666666666666666,0.6839625169179689,0.958681785967399,-0.04123098569480236,0.390291537738692
us_crime,us_crime(7.5%),2,44,hgb_d3,3,0.41055900621118013,0.4167854183770218,0.1498576528404521,0.02035053982621957,0.06830318773869544,0.019481330784487334,0.0757238307349666,0.3519701503484511,0.5913464281879034,0.6133333333333333,0.6362243362601864,0.9336640680368533,-0.04254636971879812,0.5353458589184932
us_crime,us_crime(7.5%),2,44,hgb_d6,4,0.45707070707070707,0.41950098987615914,0.15848813902689662,0.02308160367144885,0.0698034282801743,0.01956700444373511,0.0757238307349666,0.3328978911363181,0.6056640562341877,0.6206896551724138,0.5684021659544104,0.9173635719347981,-0.04470857371563134,0.4899329946346459
us_crime,us_crime(7.5%),3,45,logreg_C0.1,0,0.18205128205128207,0.47545739734930675,0.26456758355778537,0.025858780166925416,0.0689710202712529,0.024623881457032894,0.0757238307349666,0.35602338400999806,0.5267775803619743,0.5384615384615384,0.538206328061437,0.9138199858256555,-0.04692380924635451,0.49939926665465567
us_crime,us_crime(7.5%),3,45,logreg_C1.0,1,0.14078160919540234,0.44206394694197076,0.26718463837994016,0.015603130624120685,0.0725817886148747,0.025410310976168908,0.0757238307349666,0.3520108834330527,0.4896527362210627,0.5161290322580645,0.5362780731557493,0.9084691708008505,-0.04708680352542042,0.48347775156585043
us_crime,us_crime(7.5%),3,45,logreg_C10.0,2,0.34978397212543555,0.4491376576747815,0.2121086698403924,0.010818113757236734,0.0784937612854742,0.022819756942949524,0.0757238307349666,0.32536655841588075,0.529595641872313,0.5573770491803278,0.5734918594725122,0.9080439404677534,-0.04651654394172486,0.4899329946346459
us_crime,us_crime(7.5%),3,45,hgb_d3,3,0.36132063492063493,0.4420813233052067,0.15236823071665323,0.016454814744894044,0.07036947592658448,0.019730591736763694,0.0757238307349666,0.33360183878587507,0.6004187076059447,0.6229508196721312,0.5730987212781519,0.9312544294826364,-0.04460261195685106,0.4330172673279964
us_crime,us_crime(7.5%),3,45,hgb_d6,4,0.35701081773100973,0.4361805052352018,0.16542564981778388,0.02404357641942065,0.06527044370418202,0.018954061127497552,0.0757238307349666,0.31708899472085655,0.5444818976449635,0.5671641791044776,0.548208650171036,0.9171863926293409,-0.04761212633932502,0.42234810456697547
us_crime,us_crime(7.5%),4,46,logreg_C0.1,0,0.40625,0.46512421023056777,0.1439012011673102,0.014041572484448287,0.0758622890185899,0.02530283154753017,0.0757238307349666,0.37553553256555783,0.5671153976660496,0.5660377358490566,0.6162698699152473,0.9397944720056698,-0.04268122456702988,0.4745458196648483
us_crime,us_crime(7.5%),4,46,logreg_C1.0,1,0.22349308300395254,0.42761605824040655,0.1462771663065764,0.014421404464974195,0.07110411445679801,0.02112408729256305,0.0757238307349666,0.3490383497539619,0.5492551600527378,0.5822784810126582,0.6180240610033508,0.93756201275691,-0.043672597479471914,0.4330172673279964
us_crime,us_crime(7.5%),4,46,logreg_C10.0,2,0.18472824011817102,0.42761605824040655,0.16162618996855133,0.024915385426366662,0.06918645842557013,0.020458801015287582,0.0757238307349666,0.30827020917819864,0.535485872263835,0.5714285714285714,0.5374883701975828,0.9263642806520199,-0.04909886978907313,0.32157230099140915
us_crime,us_crime(7.5%),4,46,hgb_d3,3,0.1907894736842105,0.4500629773506488,0.158474501094559,0.02548132719446513,0.07232026292877623,0.01620669843111596,0.0757238307349666,0.28850185368644554,0.5606739004776823,0.5842696629213483,0.5516581296822065,0.9291991495393338,-0.04666909485154731,0.45264953250299267
us_crime,us_crime(7.5%),4,46,hgb_d6,4,0.18054054054054056,0.45838953789566617,0.15832332596378723,0.025878326787067536,0.07389072313470506,0.01662578095716978,0.0757238307349666,0.28641272766892467,0.5423696608756399,0.5652173913043478,0.5680696128096738,0.9321048901488306,-0.046975961238081475,0.41319472633987203
us_crime,us_crime(7.5%),5,47,logreg_C0.1,0,0.16529605263157893,0.5455022939447302,0.2747717680018939,0.027066783358684017,0.06985446803172086,0.02000003211221007,0.0757238307349666,0.30192341571595377,0.5549936742849397,0.5714285714285714,0.509034384832889,0.9117647058823529,-0.049303394686048274,0.352234690559394
us_crime,us_crime(7.5%),5,47,logreg_C1.0,1,0.2542016806722689,0.5907605358918177,0.23283672937197045,0.02862086598745998,0.07292700471563664,0.018238011939491455,0.0757238307349666,0.2710311798202223,0.5569196326969148,0.5897435897435898,0.5030809979446358,0.9081856839121191,-0.05094769680632638,0.2357999951235675
us_crime,us_crime(7.5%),5,47,logreg_C10.0,2,0.19259927596769696,0.5802202276232457,0.1840794215136647,0.03152055653473691,0.07207707506948058,0.012843183653787628,0.0757238307349666,0.23063273330972778,0.5365557156262265,0.5617977528089888,0.49142923179456804,0.8867824238128986,-0.05128725801826755,0.18664021892954794
us_crime,us_crime(7.5%),5,47,hgb_d3,3,0.2251658524952603,0.5032526366530383,0.1694343505702012,0.0202661333622624,0.07886568393382401,0.019449868656019487,0.0757238307349666,0.2782701371329855,0.5153218819882752,0.55,0.4780341641646475,0.907689581856839,-0.0497651211591456,0.3361439474324954
us_crime,us_crime(7.5%),5,47,hgb_d6,4,0.24777777777777776,0.5907763035775695,0.1750421769960068,0.007951863037811669,0.07320140699090091,0.016733779431349065,0.0757238307349666,0.2594709121399527,0.49318705345647107,0.5316455696202531,0.46148208456807466,0.8984762579730687,-0.050970637766903006,0.33583507395849543
us_crime,us_crime(7.5%),6,48,logreg_C0.1,0,0.2251172047766477,0.532332554221781,0.15776279228538626,0.027552758393784287,0.08885570320115375,0.03147594871723962,0.0757238307349666,0.36002911219331246,0.5601037334107414,0.5686274509803921,0.5543745845007385,0.9463146704464919,-0.047435415112790424,0.4549140153525236
us_crime,us_crime(7.5%),6,48,logreg_C1.0,1,0.155158724340176,0.5246104173629053,0.15155522883048209,0.028931340777609657,0.0855068562378657,0.02536024944232957,0.0757238307349666,0.3255978607663059,0.544413394383652,0.5591397849462365,0.5360570156660801,0.9463855421686747,-0.0472709468375786,0.38429877946223817
us_crime,us_crime(7.5%),6,48,logreg_C10.0,2,0.2161305677610406,0.5262273815742361,0.16128698215367432,0.029970703346539965,0.0841555997879597,0.019577447275371584,0.0757238307349666,0.2764033680178661,0.5365557156262265,0.5591397849462365,0.5167429204173548,0.9339475549255847,-0.049036702161202976,0.352234690559394
us_crime,us_crime(7.5%),6,48,hgb_d3,3,0.10766045548654243,0.5048087775641505,0.16967075182338057,0.04254788349840794,0.09344658136835468,0.030617111685926724,0.0757238307349666,0.32351141604619355,0.5258384197407139,0.547945205479452,0.48978849574434247,0.9388022678951098,-0.051099625364071144,0.4150435502162201
us_crime,us_crime(7.5%),6,48,hgb_d6,4,0.1989113014644929,0.4836905574159453,0.1531191679504825,0.03835459354202083,0.0894537661626586,0.0284007625592639,0.0757238307349666,0.3379939244221338,0.5873020852259385,0.6067415730337079,0.51323780112133,0.9459603118355776,-0.04753951056257372,0.34367642497296397
us_crime,us_crime(7.5%),7,49,logreg_C0.1,0,0.22692307692307692,0.4677594319857652,0.2721968064144054,0.021414963101027553,0.07302131422546013,0.031165872568690835,0.0757238307349666,0.3704665429701465,0.5277982494141494,0.5581395348837209,0.5094427680901944,0.9378100637845499,-0.05016459055324518,0.38429877946223817
us_crime,us_crime(7.5%),7,49,logreg_C1.0,1,0.24761526232114467,0.45138015413767246,0.2200074785893895,0.02468051595571485,0.0716171416874164,0.028044391295475375,0.0757238307349666,0.3412361262931032,0.5151799038596897,0.5526315789473685,0.49739513225151305,0.9324592487597448,-0.051495143427091196,0.3361439474324954
us_crime,us_crime(7.5%),7,49,logreg_C10.0,2,0.2224502487562189,0.36285584256627007,0.22841861894797458,0.01836640558759828,0.07687546267020058,0.024655283282532293,0.0757238307349666,0.3028729461593816,0.4751824825431563,0.5116279069767442,0.4590768850500434,0.9164776754075125,-0.0519558003434906,0.37065461360512053
us_crime,us_crime(7.5%),7,49,hgb_d3,3,0.48684210526315785,0.44134040600286834,0.1720718585565968,0.018626531374852987,0.0730524075398615,0.022100943129233927,0.0757238307349666,0.315121295571219,0.49478448048882717,0.5294117647058824,0.543923514915693,0.8982282069454288,-0.048709797796051425,0.4814539272757469
us_crime,us_crime(7.5%),7,49,hgb_d6,4,0.38871297194864,0.4995023413268579,0.17036250504423814,0.023552494568348816,0.06976624992032078,0.0196035606070967,0.0757238307349666,0.31133103446200744,0.5062950229116632,0.5263157894736842,0.5783787855232948,0.9008858965272857,-0.04766368076908649,0.5089648553653776
us_crime,us_crime(7.5%),8,50,logreg_C0.1,0,0.21963636363636407,0.46297889048269736,0.17553877413903052,0.029420110230699164,0.08176662134487643,0.032701955687848276,0.0757238307349666,0.3446301009026089,0.4896527362210627,0.5098039215686274,0.4841316775795645,0.9162296243798724,-0.052763313504466794,0.352234690559394
us_crime,us_crime(7.5%),8,50,logreg_C1.0,1,0.1483412684465457,0.46297889048269736,0.17583057001174676,0.02114714831665967,0.0784051420036889,0.028367930664989934,0.0757238307349666,0.31960248906242317,0.49436821855767793,0.5176470588235295,0.46066774161443286,0.9153437278525869,-0.0529079738747908,0.34019086740228294
us_crime,us_crime(7.5%),8,50,logreg_C10.0,2,0.2052469135802469,0.4949568155711333,0.1738568239345586,0.02331426434716314,0.08051655174835362,0.0245646118332592,0.0757238307349666,0.28877699700743936,0.5093875271364566,0.5393258426966292,0.448263232671326,0.9177179305457123,-0.053003076104695214,0.3020272695875947
us_crime,us_crime(7.5%),8,50,hgb_d3,3,0.20070588235294112,0.4841604207944953,0.1796184187530181,0.027303489943910415,0.07920346779502119,0.02122595407559917,0.0757238307349666,0.2739343485216915,0.4903451457033918,0.5161290322580645,0.4619131650592106,0.8995393338058115,-0.05208538166437599,0.33583507395849543
us_crime,us_crime(7.5%),8,50,hgb_d6,4,0.26200000000000045,0.5144634342565877,0.17859783075236274,0.028663040573877824,0.081396905701376,0.023646425605948488,0.0757238307349666,0.284832403092122,0.46066832361719584,0.5,0.45600307941647167,0.8977675407512402,-0.0524581669119627,0.3361439474324954
us_crime,us_crime(7.5%),9,51,logreg_C0.1,0,0.19153225806451613,0.3957008261449865,0.13634395453377596,0.039474702207786136,0.07858069097537874,0.03025275671418429,0.0757238307349666,0.41619107809244027,0.6593376665916323,0.6744186046511628,0.666321994066064,0.966938341601701,-0.04099544573278827,0.46211671677188554
us_crime,us_crime(7.5%),9,51,logreg_C1.0,1,0.23484848484848486,0.43714857319090156,0.13622070641524817,0.03748197184390095,0.08121121631279068,0.025511010681140475,0.0757238307349666,0.3785851215836503,0.652871700633276,0.675,0.6651910052646092,0.9652374202693126,-0.04081331559116957,0.47251460358214864
us_crime,us_crime(7.5%),9,51,logreg_C10.0,2,0.17628205128205127,0.4096547739285261,0.15123749843531353,0.032085563494579084,0.08243062786963158,0.016860217146439125,0.0757238307349666,0.29385283647491084,0.5803592592331179,0.5957446808510638,0.6102768170700061,0.9541814316087882,-0.044134624216658244,0.45264953250299267
us_crime,us_crime(7.5%),9,51,hgb_d3,3,0.4765194805194808,0.46238789705669664,0.1424463348333134,0.02870469186478206,0.0815454960996031,0.02330589314561041,0.0757238307349666,0.35247409381180317,0.5826687723782638,0.6,0.606074153322899,0.9570871722182849,-0.04229039711763109,0.5590198773997285
us_crime,us_crime(7.5%),9,51,hgb_d6,4,0.15059554904748884,0.45138015413767246,0.1953087454240783,0.03609684505512735,0.07860746845381707,0.022374570858966086,0.0757238307349666,0.3599830739267769,0.6362303189841808,0.6451612903225806,0.6157893377701857,0.9638199858256555,-0.04111204128139838,0.5607304277020592
us_crime,us_crime(7.5%),10,52,logreg_C0.1,0,0.30147058823529416,0.5819805694828275,0.143006075240824,0.01597954944505823,0.06053952622480277,0.017509221243427284,0.0757238307349666,0.35768904577070354,0.5913464281879034,0.6101694915254238,0.6632440155218078,0.9455705173635719,-0.042594711915457314,0.43959876055051056
us_crime,us_crime(7.5%),10,52,logreg_C1.0,1,0.19886363636363635,0.5353285941591438,0.1520099187071434,0.023992128006269608,0.06199300102267969,0.0169428649308165,0.0757238307349666,0.3305577635554699,0.5545003543586109,0.5882352941176471,0.620749337126472,0.9390857547838413,-0.04494479249296346,0.4899329946346459
us_crime,us_crime(7.5%),10,52,logreg_C10.0,2,0.2160433604336045,0.4635254943544155,0.1621029231063933,0.015568602439886526,0.06514614760881836,0.014824063931894775,0.0757238307349666,0.2935367217248192,0.535485872263835,0.5714285714285714,0.5893608012206747,0.9228561304039687,-0.046596829747019584,0.43959876055051056
us_crime,us_crime(7.5%),10,52,hgb_d3,3,0.22005807628954982,0.45061876424452313,0.16842951815550666,0.018980494647758358,0.058594472304048406,0.010551195185875484,0.0757238307349666,0.2515533779759082,0.5424272454325576,0.5757575757575758,0.5634711768326113,0.9200921332388378,-0.04957397972712586,0.37171039025897423
us_crime,us_crime(7.5%),10,52,hgb_d6,4,0.21254406580493537,0.43259972014657644,0.16390353467807012,0.022266008522492248,0.05797677007449815,0.010471889083267601,0.0757238307349666,0.26237811027534125,0.5481357143137418,0.5833333333333334,0.589999865264054,0.9252303330970942,-0.04833271515664307,0.3312337489310712
us_crime,us_crime(7.5%),11,53,logreg_C0.1,0,0.1862928938272687,0.5087918555756265,0.20328007298854783,0.017173110686932877,0.07434736633757442,0.027551509828098925,0.0757238307349666,0.37972557742467355,0.5409529958791136,0.5714285714285714,0.5916396775859285,0.9189936215450035,-0.04483546552307274,0.5166225156421039
us_crime,us_crime(7.5%),11,53,logreg_C1.0,1,0.2788888888888889,0.5385957585196371,0.20716550211010423,0.015344534522162528,0.07762282674953319,0.026949179390158,0.0757238307349666,0.37934496831703124,0.5569196326969148,0.5897435897435898,0.6226496295855499,0.9070871722182849,-0.04323556774640718,0.4899329946346459
us_crime,us_crime(7.5%),11,53,logreg_C10.0,2,0.2791666666666667,0.4954722870366163,0.2698991002412069,0.023816651033196343,0.08185900457947273,0.02500703435342804,0.0757238307349666,0.34240844420314026,0.58775223451184,0.6197183098591549,0.6035317412189156,0.8809000708717221,-0.045366078138917444,0.49478448048882717
us_crime,us_crime(7.5%),11,53,hgb_d3,3,0.2907706093189964,0.4956911390636884,0.16286684695710874,0.030264732182946445,0.08406963079370956,0.028096817757210072,0.0757238307349666,0.3661073842644802,0.5695855768760052,0.6027397260273972,0.6156544729393407,0.9108433734939759,-0.044402739169605035,0.5346549456251307
us_crime,us_crime(7.5%),11,53,hgb_d6,4,0.3666666666666667,0.48810543200786977,0.30921008449649645,0.025472790364795068,0.07889546438450748,0.025347326668150292,0.0757238307349666,0.3620854592480587,0.6224776938636913,0.6451612903225806,0.6163249412133732,0.8958894401133948,-0.04370087623168852,0.39910726606695146
wine_quality,wine_quality(3.7%),0,42,logreg_C0.1,0,0.22312824314306895,0.20144164357398012,0.14111353879527316,0.018281403152578524,0.04582891946821219,0.0049594231143850484,0.03676470588235294,0.09084714356353105,0.2554677476948972,0.2823529411764706,0.1696866131659077,0.7498210877862596,-0.0333046469158691,0.0
wine_quality,wine_quality(3.7%),0,42,logreg_C1.0,1,0.18992248062015504,0.23563810162200352,0.14488277663539964,0.020229830847693475,0.045211343432468576,0.005710779719758948,0.03676470588235294,0.08672078904243471,0.3047923892648435,0.32989690721649484,0.17165820242777718,0.7550214694656489,-0.03441389812467484,-0.01027294853970566
wine_quality,wine_quality(3.7%),0,42,logreg_C10.0,2,0.1680936073059361,0.21415867161947755,0.14662397602882968,0.014831170147982967,0.044565976714983406,0.005508994137356168,0.03676470588235294,0.08184138702853419,0.27458298146336524,0.2956521739130435,0.16302326240535342,0.7484017175572518,-0.034626873869130985,-0.011867649433123613
wine_quality,wine_quality(3.7%),0,42,hgb_d3,3,0.11913696060037524,0.22391142604562164,0.12960201533452023,0.004368910765508869,0.039470878381823685,0.0036707895135661694,0.03676470588235294,0.09411070207819643,0.3118043352792409,0.31654676258992803,0.20703856701999773,0.8246183206106871,-0.03219442626382021,-0.008383964670342433
wine_quality,wine_quality(3.7%),0,42,hgb_d6,4,0.15301902398676592,0.2529105721472284,0.13248316861116577,0.005994527049343633,0.03920388755690226,0.0039199804894784075,0.03676470588235294,0.08956249171550107,0.2959502300072091,0.3076923076923077,0.19479115603239605,0.8096970419847328,-0.03279687863337402,-0.01027294853970566
wine_quality,wine_quality(3.7%),1,43,logreg_C0.1,0,0.15580056179775803,0.20155764294511694,0.1416404192653401,0.00928384916234875,0.046165117360342935,0.008046906784639679,0.037366548042704624,0.12568834693993913,0.29449533260611105,0.3140495867768595,0.1939935910838454,0.7421221723439838,-0.03409022227022796,0.1507253846456784
wine_quality,wine_quality(3.7%),1,43,logreg_C1.0,1,0.22962962962962963,0.27083405271579647,0.13285382296570286,0.008936758131764462,0.042307772997571,0.007980648610493506,0.037366548042704624,0.16325919708474204,0.34278040064136434,0.36363636363636365,0.2816314671459712,0.7671749845964264,-0.03151005501565843,0.3181318395288232
wine_quality,wine_quality(3.7%),1,43,logreg_C10.0,2,0.30904058611639895,0.26787388401804135,0.15259795079470667,0.007344506677727989,0.04271658681759274,0.008579928915828332,0.037366548042704624,0.17662187675764895,0.3691287282007042,0.36923076923076925,0.28619658981585405,0.7894001408326732,-0.031031158956221383,0.2990422058718188
wine_quality,wine_quality(3.7%),1,43,hgb_d3,3,0.1057774914089347,0.2674633840958686,0.1367029643217982,0.006846197684263656,0.040700543876640474,0.006039529764465697,0.037366548042704624,0.10891521915751864,0.2812665344737396,0.2909090909090909,0.18665213947976617,0.7910945339318722,-0.033857597240361026,0.1507253846456784
wine_quality,wine_quality(3.7%),1,43,hgb_d6,4,0.10238095238095238,0.2603349442188828,0.1382313315098415,0.007744699704121701,0.03841042038338273,0.004724356812563727,0.037366548042704624,0.08450786866214328,0.2473265330126904,0.26666666666666666,0.16165875306562436,0.7861103776076048,-0.0345351994236771,0.04994381145252756
wine_quality,wine_quality(3.7%),2,44,logreg_C0.1,0,0.1189107142857144,0.15620589286498282,0.13923401665939303,0.007636416548201157,0.04267871377969725,0.006141769125321853,0.03680430879712747,0.09734965921963179,0.2569646401394988,0.2748091603053435,0.18636471343161226,0.7804764394335463,-0.03421624539983118,0.0963028754438303
wine_quality,wine_quality(3.7%),2,44,logreg_C1.0,1,0.27978880702605946,0.20024468179252256,0.1346235851175985,0.005567516810520041,0.037425048402709174,0.004434545426601091,0.03680430879712747,0.1043835036104264,0.3069052634329391,0.3125,0.20388868469891733,0.7776350783079126,-0.032424199699934014,0.10433271680850284
wine_quality,wine_quality(3.7%),2,44,logreg_C10.0,2,0.21162457364799597,0.19592011052230054,0.13602555702162128,0.008670566660781129,0.035950154325382594,0.003909962456654992,0.03680430879712747,0.10382157797122357,0.3069052634329391,0.3125,0.2075020105407281,0.7628827313436228,-0.0320822376836064,0.08183973384426245
wine_quality,wine_quality(3.7%),2,44,hgb_d3,3,0.14396787423103213,0.21896739977547752,0.12832162204568018,0.004970758894983796,0.0381043834605812,0.003882619079709842,0.03680430879712747,0.11400003533244799,0.34421346607082837,0.358974358974359,0.2498683777158802,0.8214375014206806,-0.03111555216450142,0.1738371743109712
wine_quality,wine_quality(3.7%),2,44,hgb_d6,4,0.2013014721570301,0.2373968491359467,0.12610442690464585,0.009844010237042958,0.038811897501788685,0.0033780014305830794,0.03680430879712747,0.10635063513921084,0.35331873898475397,0.37777777777777777,0.26500716394451423,0.8201873025254017,-0.03109673014815858,0.0
wine_quality,wine_quality(3.7%),3,45,logreg_C0.1,0,0.13474025974025974,0.2065616108065522,0.23478329384414137,0.009464961673146033,0.03823741813205214,0.003655241188989748,0.03768382352941176,0.06656355846431458,0.20836280573203925,0.24,0.12743670168558782,0.6909870244834253,-0.03505767940952035,0.17367934945191146
wine_quality,wine_quality(3.7%),3,45,logreg_C1.0,1,0.13079202586206895,0.2288279733918656,0.23135549761128768,0.010871779565524235,0.035711511593985605,0.0032934137983438344,0.03768382352941176,0.06584459698147373,0.20592282989980756,0.2376237623762376,0.12533967420051917,0.7057096932000838,-0.03490740245611836,-0.006002108134928189
wine_quality,wine_quality(3.7%),3,45,logreg_C10.0,2,0.07457729468599034,0.21401676287499455,0.17323706094995656,0.010244372810153357,0.0352509177755847,0.003256062405848892,0.03768382352941176,0.06399044461462233,0.18709117795068014,0.20915032679738563,0.1301107383044902,0.6972651245137093,-0.035031311883860314,-0.006002108134928189
wine_quality,wine_quality(3.7%),3,45,hgb_d3,3,0.08525852585258525,0.27545664590751023,0.13783889495619103,0.009737113806911342,0.033014234824651066,0.0026657041362018164,0.03768382352941176,0.0700896588320223,0.30917148273443806,0.3252032520325203,0.18205743704691665,0.7972721131222773,-0.034181672982597035,-0.010405533357323483
wine_quality,wine_quality(3.7%),3,45,hgb_d6,4,0.09235209235209235,0.3167489030005747,0.13903255684152094,0.008667908993770828,0.03465610684710031,0.003091059371591429,0.03768382352941176,0.07832666886027626,0.3049773072730985,0.32727272727272727,0.18373090448479004,0.7877093670650174,-0.03390757011774707,-0.008492169867948093
wine_quality,wine_quality(3.7%),4,46,logreg_C0.1,0,0.2937184758171647,0.11219338773916937,0.1659302676105924,0.007781235589306805,0.04161957669662838,0.006469104361516264,0.03930530164533821,0.12065282360960772,0.26250793932808686,0.26666666666666666,0.2037782085451815,0.7678290885756643,-0.034869946478831744,0.26250793932808686
wine_quality,wine_quality(3.7%),4,46,logreg_C1.0,1,0.3214938574938534,0.1941055376936715,0.13987686275260852,0.0031038092559691954,0.038622956551105946,0.004225599752644996,0.03930530164533821,0.1071189535595459,0.3096567959402896,0.3111111111111111,0.2297851376869272,0.7731507091806253,-0.03396443153685084,0.10146088105783628
wine_quality,wine_quality(3.7%),4,46,logreg_C10.0,2,0.1163563829787234,0.26408899748782866,0.1428772088349922,0.004091529044896379,0.03692758191539994,0.003495180241307003,0.03930530164533821,0.0936380731174118,0.2611864843749849,0.2912621359223301,0.2013058134553311,0.7596862345938532,-0.03439836086569921,0.10146088105783628
wine_quality,wine_quality(3.7%),4,46,hgb_d3,3,0.13187285223367698,0.23174059571793565,0.14066607943508364,0.009338320756678559,0.03622520965118736,0.003417259506225028,0.03930530164533821,0.0852547310949999,0.2764806228802201,0.30357142857142855,0.19201926615555562,0.7990064833049366,-0.034996153080639435,-0.010606720427397524
wine_quality,wine_quality(3.7%),4,46,hgb_d6,4,0.05281792608400426,0.2724139783927205,0.1406042407050756,0.003997246384073352,0.03736311904220326,0.0033014166173527602,0.03930530164533821,0.08819203719231421,0.2900235952091626,0.3064516129032258,0.21555853080114645,0.797656716748169,-0.03456532784660614,0.14953988738353097
wine_quality,wine_quality(3.7%),5,47,logreg_C0.1,0,0.14855952794168692,0.1464715423379128,0.1915324293020502,0.0086091691931328,0.0382760227098993,0.004672696098431899,0.03923357664233577,0.07634864825273872,0.27112978015961336,0.3010752688172043,0.16442478157414853,0.7892400450539985,-0.03667993912322847,0.06570255265930587
wine_quality,wine_quality(3.7%),5,47,logreg_C1.0,1,0.07293187347931873,0.16419110652171637,0.1628981304073814,0.007680036768473787,0.03654064038992214,0.0036493727882623023,0.03923357664233577,0.07747759406098928,0.27179775105087756,0.2898550724637681,0.1883880517046999,0.8046555798493783,-0.035706125214647215,0.056057034287739484
wine_quality,wine_quality(3.7%),5,47,logreg_C10.0,2,0.08024802300503235,0.16527540547101643,0.14647939323874767,0.009332046726736045,0.037071514844882934,0.0032864556152995827,0.03923357664233577,0.06521194090154875,0.2707636396472368,0.29508196721311475,0.16624014671523363,0.7974447315532587,-0.03620120196957227,0.056057034287739484
wine_quality,wine_quality(3.7%),5,47,hgb_d3,3,0.17894736842105263,0.22912311214196518,0.125863429197088,0.008464779115851051,0.03804289775445453,0.004475729222766514,0.03923357664233577,0.13293452354205845,0.36081320122986626,0.38636363636363635,0.2929268114222696,0.856379336999492,-0.032296832453552284,0.16930902402838113
wine_quality,wine_quality(3.7%),5,47,hgb_d6,4,0.11663879598662208,0.27788840341727633,0.1274104993783778,0.010361196542515093,0.038511096830174375,0.0036036219898241853,0.03923357664233577,0.11942186871318142,0.37004684366143564,0.3787878787878788,0.27190461256950144,0.8444532785618057,-0.03237532571265493,0.0
wine_quality,wine_quality(3.7%),6,48,logreg_C0.1,0,0.14772727272727273,0.19112255723306235,0.15002924584173838,0.008821702194532845,0.04213093824382437,0.005614012360256819,0.038391224862888484,0.09150966234117819,0.2956685579887852,0.32323232323232326,0.15488541332385672,0.7368278109722977,-0.03548109108946075,0.09452540811577247
wine_quality,wine_quality(3.7%),6,48,logreg_C1.0,1,0.15316901408450703,0.19914615440317807,0.16445116073907423,0.007569941104957323,0.04100364660834303,0.005508792032206338,0.038391224862888484,0.0963784030904727,0.28871541092815606,0.3089430894308943,0.18519873003055565,0.7752919608908202,-0.03508875315393281,0.17146802404720676
wine_quality,wine_quality(3.7%),6,48,logreg_C10.0,2,0.14735632183908046,0.18193644454332264,0.16232468751163914,0.007118924114505805,0.040264367772006725,0.005450448676851369,0.038391224862888484,0.09909675410093202,0.29232050519207586,0.3157894736842105,0.19531169510822685,0.7792753032772043,-0.03488545037712748,0.10329603880231904
wine_quality,wine_quality(3.7%),6,48,hgb_d3,3,0.10780885780885781,0.2801047564584111,0.18417184154510552,0.005643748358398458,0.04016530672402318,0.003903749698292758,0.038391224862888484,0.0721163119875303,0.2445909511519174,0.25301204819277107,0.15866528763753338,0.7856124388919066,-0.03538293838208085,0.06671680296200345
wine_quality,wine_quality(3.7%),6,48,hgb_d6,4,0.08888888888888889,0.24318911527337808,0.1616744150510843,0.002668013896913156,0.03865305171953691,0.002912596815167637,0.038391224862888484,0.06755169957770889,0.2481266393949859,0.2535211267605634,0.15154719636326822,0.7842657975737823,-0.03482604858460904,0.0
wine_quality,wine_quality(3.7%),7,49,logreg_C0.1,0,0.11602564102564103,0.33006906103792105,0.13157883181911215,0.008130888635065999,0.038910354859439056,0.003565295710223515,0.03856749311294766,0.10068397042308525,0.3142279083702462,0.3333333333333333,0.2365476815656001,0.8259426024469004,-0.033146944762192154,0.15136806108280038
wine_quality,wine_quality(3.7%),7,49,logreg_C1.0,1,0.09750050454703915,0.27500276633508836,0.13539230995987694,0.010228306958429224,0.037778985651028864,0.0039452483930435605,0.03856749311294766,0.09806692758748511,0.31454602027058276,0.31788079470198677,0.20179668214050323,0.8046800382043935,-0.03382503731654253,0.17836082682406135
wine_quality,wine_quality(3.7%),7,49,logreg_C10.0,2,0.08172289551261055,0.2713557085312924,0.13629651116096594,0.0034937501152405466,0.03813536318646458,0.0038492956899510763,0.03856749311294766,0.09220763977095031,0.305173427718398,0.30303030303030304,0.2007288392772661,0.7891140219220448,-0.034128286682671614,0.06666790062697574
wine_quality,wine_quality(3.7%),7,49,hgb_d3,3,0.10186905038309728,0.30749407179145155,0.13158807456778868,0.010878357778942926,0.03609471064156912,0.001944098287964866,0.03856749311294766,0.08322754663512774,0.3116782724716193,0.3305785123966942,0.2742973246416706,0.8370628098421795,-0.033051562832287114,0.15136806108280038
wine_quality,wine_quality(3.7%),7,49,hgb_d6,4,0.09007187780772687,0.29352609322269524,0.1349402541599753,0.005397141827195478,0.03848954405006742,0.002550606147552906,0.03856749311294766,0.08420125771120043,0.3016004669743966,0.31496062992125984,0.23150895730834437,0.8109337335698367,-0.03339234212954717,0.0
wine_quality,wine_quality(3.7%),8,50,logreg_C0.1,0,0.10639880952380952,0.1622246830607537,0.14059822457215007,0.009571940688056599,0.04114164235314774,0.0043476931522787796,0.03683241252302026,0.0703664892058995,0.2511619410634395,0.25862068965517243,0.12521540675701778,0.784835086042065,-0.034577272101597396,-0.008399714212985344
wine_quality,wine_quality(3.7%),8,50,logreg_C1.0,1,0.2355882352941167,0.17072504211616227,0.13652039300267335,0.011348548110952225,0.03820689091481554,0.004106313700907073,0.03683241252302026,0.08341341810649888,0.24949498033108802,0.25806451612903225,0.16067511215192035,0.7991395793499043,-0.033560562428993974,-0.0059367571546584865
wine_quality,wine_quality(3.7%),8,50,logreg_C10.0,2,0.35377358490566035,0.1401371270996393,0.13826057019906995,0.016670675852764667,0.03721840868275504,0.0041508570244165295,0.03683241252302026,0.08473013670988847,0.2481956977431039,0.22641509433962265,0.1622593401769665,0.7927342256214149,-0.03358484780414665,-0.008399714212985344
wine_quality,wine_quality(3.7%),8,50,hgb_d3,3,0.05229584160799182,0.20309150901168457,0.129371459401507,0.00729238498835772,0.040942534384363474,0.0034465821453752666,0.03683241252302026,0.08239950167296345,0.28311456737144014,0.2619047619047619,0.19588940959132511,0.8434273422562143,-0.03278848007536458,0.0
wine_quality,wine_quality(3.7%),8,50,hgb_d6,4,0.040202388009145565,0.1921130534740333,0.12774718332706042,0.0036264912707276407,0.040254279279731124,0.003627564209488756,0.03683241252302026,0.08735705840150933,0.2754328632605851,0.2608695652173913,0.18463872370916473,0.854911567877629,-0.03264693838198746,0.0
wine_quality,wine_quality(3.7%),9,51,logreg_C0.1,0,0.10037878787878787,0.11293685815510904,0.14553563320924473,0.012386973241624178,0.04644326355074979,0.006255504276167251,0.035845588235294115,0.0819227823325689,0.19500531788165226,0.21875,0.1488694709120706,0.724010657280438,-0.03451846092997212,0.15701438204586685
wine_quality,wine_quality(3.7%),9,51,logreg_C1.0,1,0.2005146314850103,0.255628354220446,0.13661651799634708,0.01365728169241336,0.042357772411950524,0.00518893901731187,0.035845588235294115,0.0971662645172094,0.28301448755889236,0.3055555555555556,0.1784596404149862,0.768705238199995,-0.03251582579173848,0.13309605940644512
wine_quality,wine_quality(3.7%),9,51,logreg_C10.0,2,0.22735191637630664,0.2209716037206911,0.13338027935374855,0.009538613814924036,0.04035023736630065,0.004949306606855679,0.035845588235294115,0.09820172153494315,0.24504200495322104,0.2702702702702703,0.17765416062747966,0.7870254943658185,-0.03234539790943301,0.1573043268304831
wine_quality,wine_quality(3.7%),9,51,hgb_d3,3,0.1914191419141914,0.30811851336062435,0.12731147186170896,0.007295557835476468,0.039737867916942914,0.004405428201301778,0.035845588235294115,0.09909254441008229,0.27516867333025535,0.3023255813953488,0.21864119216463107,0.8252425997897875,-0.03178413069605454,0.1573043268304831
wine_quality,wine_quality(3.7%),9,51,hgb_d6,4,0.20645645645645647,0.34641824710856833,0.12851542572033864,0.007640429857570666,0.03778147168833767,0.004064659533843046,0.035845588235294115,0.09750987181909691,0.26387596640191524,0.2894736842105263,0.19820414689089386,0.8096477719928626,-0.03171641600747354,-0.00827455495448802
wine_quality,wine_quality(3.7%),10,52,logreg_C0.1,0,0.16346153846153846,0.19575705564938264,0.1434169244088381,0.008458115029568442,0.04311622944495106,0.0028349312328066452,0.03764921946740129,0.06460165568644345,0.2659325186574684,0.29473684210526313,0.1548178744891376,0.744332991994042,-0.03410119764313315,-0.0059964862110414045
wine_quality,wine_quality(3.7%),10,52,logreg_C1.0,1,0.074907759817909,0.23755716706514063,0.1373604683486724,0.007594460497727341,0.04413154044696937,0.004780210204906897,0.03764921946740129,0.10230660878968578,0.25291501726691507,0.27906976744186046,0.19091358811419767,0.7783234034630423,-0.03305468644034825,0.0
wine_quality,wine_quality(3.7%),10,52,logreg_C10.0,2,0.11515837104072399,0.28922780348729915,0.140006744650095,0.009482917374960168,0.042913262863675604,0.004046028935018326,0.03764921946740129,0.0891042300099918,0.2787643455971094,0.3047619047619048,0.18067318500351526,0.76785049339043,-0.033430942460021144,0.0
wine_quality,wine_quality(3.7%),10,52,hgb_d3,3,0.07443064182194617,0.27453176106424104,0.13791544677905318,0.009424633490061979,0.04489711550647394,0.005087134516717707,0.03764921946740129,0.09543774955951617,0.2520047554848473,0.2535211267605634,0.19897392478285508,0.806460621858127,-0.03384776203473572,0.17368556131721608
wine_quality,wine_quality(3.7%),10,52,hgb_d6,4,0.044702418310908876,0.23522680097044832,0.1413509276936902,0.011777255399047127,0.044488547983794105,0.005297019650056792,0.03764921946740129,0.08209865633176183,0.22394647026604292,0.21052631578947367,0.17967200223426816,0.7971862781604915,-0.035131592355014535,0.2006471398504147
wine_quality,wine_quality(3.7%),11,53,logreg_C0.1,0,0.24767388799934764,0.1869713225119881,0.15517471769809726,0.020223569363436014,0.047358299975267956,0.00675005136571523,0.03825136612021858,0.08244846130021745,0.22556534949046653,0.2558139534883721,0.1376410879301277,0.7428977272727273,-0.03690334664382327,0.08052708413404665
wine_quality,wine_quality(3.7%),11,53,logreg_C1.0,1,0.23617208077260757,0.21887978886853113,0.15367210861843975,0.020589703703112493,0.043514555229808995,0.006185379793210538,0.03825136612021858,0.08081913356676099,0.22223470938386902,0.25287356321839083,0.13059568890904988,0.7411503427128427,-0.036676361948533645,0.057037604614894925
wine_quality,wine_quality(3.7%),11,53,logreg_C10.0,2,0.12651821862348178,0.21372979173406342,0.15370340744516936,0.012200782162692514,0.040328185340352825,0.005125757944671304,0.03825136612021858,0.06445720748225231,0.18411147152193638,0.21782178217821782,0.10889240646914894,0.734025523088023,-0.03705395786023331,0.04368557427333249
wine_quality,wine_quality(3.7%),11,53,hgb_d3,3,0.02950440018527096,0.21183504086692556,0.13766444726425545,0.011139894768572158,0.04205009441111186,0.005403910509645125,0.03825136612021858,0.08270885742711008,0.2624446610332249,0.2558139534883721,0.15737617320353386,0.8373692279942281,-0.03583871424332906,0.08084848933440066
wine_quality,wine_quality(3.7%),11,53,hgb_d6,4,0.032172131147540986,0.18099577717415788,0.13478704510262,0.009148019730862048,0.03928901280642287,0.004651206935914463,0.03825136612021858,0.10008336874385027,0.2582814859587903,0.27956989247311825,0.20532696210219928,0.8273471320346321,-0.033981525611303465,0.17844963378956244
yeast_ml8,yeast_ml8(7.4%),0,42,logreg_C0.1,0,0.06885239537231153,0.06429306248420497,0.26546379590208297,0.015043152904817501,0.07260356725351177,0.0022657020166409123,0.07352941176470588,0.008548398572109673,0.12998048952693533,0.18233618233618235,0.09589101180538329,0.6093501984126983,-0.06923149188431471,-0.012089680192413788
yeast_ml8,yeast_ml8(7.4%),0,42,logreg_C1.0,1,0.06018518518518518,0.06628869349296156,0.26126505061910166,0.022141770831170263,0.07340367600904779,0.0013192612452909772,0.07352941176470588,0.006076405662916499,0.13280534267668026,0.17330210772833723,0.08853326835596184,0.5894841269841271,-0.0686148824536539,0.0
yeast_ml8,yeast_ml8(7.4%),0,42,logreg_C10.0,2,0.05572041219138987,0.016021982681661443,0.2649612009246187,0.013758645229583321,0.07486206624323082,0.0017197427226486863,0.07352941176470588,0.001424100322802805,0.08448861387019284,0.15483870967741936,0.08335780875439472,0.5538938492063492,-0.06964871901601113,-0.020978610623395812
yeast_ml8,yeast_ml8(7.4%),0,42,hgb_d3,3,0.062136627906976744,0.0727539348055638,0.2546043898231367,0.003078644543080183,0.0748122324702743,0.0006921137422188108,0.07352941176470588,0.011072626696949753,0.1301273214596483,0.1890547263681592,0.10283932628937659,0.635813492063492,-0.06729595024180969,0.0
yeast_ml8,yeast_ml8(7.4%),0,42,hgb_d6,4,0.056561996779388085,0.04548140190915127,0.25798083370562724,0.0037432604380396492,0.07553305307936109,0.0005256838376573085,0.07352941176470588,0.007189627631093261,0.11178451794960366,0.16853932584269662,0.09495587105368843,0.592609126984127,-0.06766079774719357,0.0
yeast_ml8,yeast_ml8(7.4%),1,43,logreg_C0.1,0,0.0612332531776022,0.11037328882538107,0.26433758891257886,0.025129652978693205,0.07232223629921694,0.001371605365774738,0.07352941176470588,0.005949736364767206,0.09876583293168621,0.1642512077294686,0.08312963891851416,0.5517361111111112,-0.06869143236899353,0.0
yeast_ml8,yeast_ml8(7.4%),1,43,logreg_C1.0,1,0.04054054054054054,0.1164968273324415,0.30981702607783923,0.022243623618291734,0.07221088406806535,0.0007700279721124719,0.07352941176470588,0.00048645506663745906,0.0707329151659267,0.15040650406504066,0.07300884536715892,0.5107142857142857,-0.0688288766686732,0.0
yeast_ml8,yeast_ml8(7.4%),1,43,logreg_C10.0,2,0.06458543983822043,0.013576776528070019,0.2643811781615144,0.010885907217018122,0.07196227408678603,0.0003949778982446097,0.07352941176470588,0.00012684140351892085,0.04561654028458772,0.14678899082568808,0.07519666676647574,0.5251488095238096,-0.06850316029683996,0.0
yeast_ml8,yeast_ml8(7.4%),1,43,hgb_d3,3,0.10798054919908467,0.023704745029528095,0.2602714534287873,0.004254089698704839,0.07425900662834271,0.0009994285740486538,0.07352941176470588,0.008085208529569897,0.08293678479321133,0.16161616161616163,0.09684228920305538,0.5575892857142857,-0.06801620784667992,0.0
yeast_ml8,yeast_ml8(7.4%),1,43,hgb_d6,4,0.05407658864868084,0.039797077860504376,0.26478800329952795,0.014191183950558904,0.07446805223955828,0.001443959909635438,0.07352941176470588,0.0068776851391150196,0.07613852604188341,0.1504950495049505,0.09224511573631808,0.5283730158730158,-0.06862513927147486,0.0
yeast_ml8,yeast_ml8(7.4%),2,44,logreg_C0.1,0,0.0811912225705329,-0.0006260367536532981,0.2540053466422639,0.009199399779562408,0.07289663607901267,0.0008200589573394053,0.07352941176470588,0.012259725232445276,0.14501763728891323,0.19480519480519481,0.0993165075013008,0.6337797619047619,-0.06727959710696031,0.0
yeast_ml8,yeast_ml8(7.4%),2,44,logreg_C1.0,1,0.07537991104521868,0.02228253339920749,0.257994182870781,0.0007855164167849442,0.07274389534792096,0.000325987506740157,0.07352941176470588,0.006943012872830988,0.1137801217048172,0.182648401826484,0.10021350475909685,0.6236359126984127,-0.06750815405293004,0.0
yeast_ml8,yeast_ml8(7.4%),2,44,logreg_C10.0,2,0.07151126891015747,0.010785215351874166,0.2589532158990182,0.0021341605935638,0.07361160448461937,0.00014167977255167066,0.07352941176470588,0.0045864204483237496,0.14080533571110118,0.19636363636363635,0.1059187581710203,0.6599454365079365,-0.06763932252990837,0.0
yeast_ml8,yeast_ml8(7.4%),2,44,hgb_d3,3,0.06004149553287886,0.0752659123852577,0.25511026002832937,0.003054782990021747,0.07497254845430666,0.0005678215023235516,0.07352941176470588,0.011042136353065635,0.12168274446353593,0.1926605504587156,0.11404261126520297,0.6204861111111112,-0.06717478995561474,0.0
yeast_ml8,yeast_ml8(7.4%),2,44,hgb_d6,4,0.06352941176470589,0.048169034412652946,0.25598663434658186,0.0052734593142561795,0.0752793989944337,0.0007310217380872857,0.07352941176470588,0.011382744562449962,0.10734967565486359,0.1834862385321101,0.10623098241304599,0.6153025793650794,-0.06728920810043795,0.0
yeast_ml8,yeast_ml8(7.4%),3,45,logreg_C0.1,0,0.03571428571428571,0.1228521621863284,0.3140402310245712,0.03081160718603661,0.07075005467896657,0.0017643076464218406,0.07352941176470588,0.0009811599570247475,0.07991458341708611,0.15602836879432624,0.07184699535672201,0.5123263888888889,-0.06976354531784716,0.0
yeast_ml8,yeast_ml8(7.4%),3,45,logreg_C1.0,1,0.04142416980486135,0.1140805299297017,0.3659301415406288,0.037722548115526035,0.07087311961490332,0.0016514268715148643,0.07352941176470588,-0.0062116603956826645,0.035613765252111074,0.14285714285714285,0.07057379812730179,0.4645089285714286,-0.07061339489451364,0.0
yeast_ml8,yeast_ml8(7.4%),3,45,logreg_C10.0,2,0.2202797202797203,-0.043629729537236255,0.27749958218700227,0.024029227295790902,0.07249835250650376,0.0014492010973675157,0.07352941176470588,-0.002498394165334061,0.024092139328961697,0.136,0.07558929617232711,0.4889136904761905,-0.06991128996904161,0.0
yeast_ml8,yeast_ml8(7.4%),3,45,hgb_d3,3,0.046982429335370515,0.07090983039574628,0.26759794214041993,0.020533447278101663,0.0712558724057279,0.0005248569541651511,0.07352941176470588,-0.0030319487085920887,0.06280752980037115,0.1455223880597015,0.06466067862866544,0.4591517857142857,-0.06906001531374162,0.0
yeast_ml8,yeast_ml8(7.4%),3,45,hgb_d6,4,0.047602445827075734,0.08736263189284768,0.27093988500315275,0.030694135347792816,0.07122295222438432,0.0010708481263729712,0.07352941176470588,-0.0032505924170381497,0.06304072384595336,0.15130023640661938,0.06673866353676608,0.48033234126984126,-0.06963542520773165,0.0
yeast_ml8,yeast_ml8(7.4%),4,46,logreg_C0.1,0,0.04536969131275419,0.06402085238032781,0.2594047332425818,0.010244829757219671,0.07720476674767666,0.0033465434793141183,0.07352941176470588,0.02458102183083112,0.11659805435037526,0.19444444444444445,0.11317508190167132,0.6214285714285714,-0.06805796443410428,0.05819143739626464
yeast_ml8,yeast_ml8(7.4%),4,46,logreg_C1.0,1,0.09816176470588237,-0.027731596901655074,0.26527987570827116,0.007255748695075002,0.07484737172044295,0.0016770861110831994,0.07352941176470588,0.013258935493396764,0.09574936813769877,0.18072289156626506,0.10159381414290578,0.5812499999999999,-0.06798036678713357,0.0
yeast_ml8,yeast_ml8(7.4%),4,46,logreg_C10.0,2,0.08380729340916694,0.03168675791401409,0.26189901841097,0.011990777815800538,0.07506361728723565,0.0015521546935951516,0.07352941176470588,0.013855859762331809,0.06296516275734756,0.15841584158415842,0.11269089137738642,0.5429563492063492,-0.06777153184146871,0.09925629856005272
yeast_ml8,yeast_ml8(7.4%),4,46,hgb_d3,3,0.08547308231740208,0.049258486179410324,0.26490416044425436,0.010520469475053758,0.07630816677544784,0.0011746972084571853,0.07352941176470588,0.006218462354778339,0.08506738608116611,0.17194570135746606,0.09807126621002892,0.5555555555555556,-0.06844345220510535,0.0
yeast_ml8,yeast_ml8(7.4%),4,46,hgb_d6,4,0.04003115264797508,0.056352692220259376,0.262637423168247,0.005482217393665258,0.07565543958450933,0.0008917050351120644,0.07352941176470588,0.006124631186763641,0.06438005420030285,0.14814814814814814,0.0868026297484785,0.5368055555555555,-0.06817360189260949,0.0
yeast_ml8,yeast_ml8(7.4%),5,47,logreg_C0.1,0,0.04949532944642969,0.12086036878792605,0.2639151146180907,0.008458999174071544,0.07256516987426187,0.0012532930369220676,0.07352941176470588,0.005573532345830522,0.08724265588447212,0.15566037735849056,0.08700974718783315,0.565625,-0.06862229353244965,0.0
yeast_ml8,yeast_ml8(7.4%),5,47,logreg_C1.0,1,0.05898852528686783,0.04287028356404017,0.2665288343038894,0.01092406227425266,0.07184335203570218,0.0010327322765935976,0.07352941176470588,0.0034384360389293814,0.057159644316457814,0.15058823529411763,0.08480666216003745,0.5356894841269841,-0.06869492151050162,0.0
yeast_ml8,yeast_ml8(7.4%),5,47,logreg_C10.0,2,0.11033072916666674,0.02735789127875142,0.26814875339087846,0.005645516058973039,0.0731126248542424,0.001054695148445781,0.07352941176470588,0.0037737241967697307,0.08551579430331752,0.1693121693121693,0.09622110093147818,0.5212053571428571,-0.06866489658158346,0.0
yeast_ml8,yeast_ml8(7.4%),5,47,hgb_d3,3,0.07180059523809523,-0.012710974955631435,0.2600876016370826,0.006255794023686934,0.07162352801345782,0.0004566965681742259,0.07352941176470588,0.005233207357731673,0.09507064077756873,0.1791044776119403,0.09226577149692232,0.5841517857142857,-0.0678787422070545,0.0
yeast_ml8,yeast_ml8(7.4%),5,47,hgb_d6,4,0.18068306010929083,-0.0328148233973852,0.2533836602546262,0.004139569484839962,0.07251652712416425,0.0011211787520249807,0.07352941176470588,0.02355220230810333,0.17255486503730894,0.18181818181818182,0.16185445957621306,0.6081845238095238,-0.06605659308218693,0.0
yeast_ml8,yeast_ml8(7.4%),6,48,logreg_C0.1,0,0.05988835725677831,0.07534439302522254,0.25069041560150457,0.010380862645793423,0.07249666096748714,0.0010474015641450166,0.07352941176470588,0.017663518525579968,0.14733361792484617,0.20833333333333334,0.11024666198834653,0.6521825396825397,-0.06678035646140443,0.0
yeast_ml8,yeast_ml8(7.4%),6,48,logreg_C1.0,1,0.059178743961352656,0.08500758650031993,0.25246514664544883,0.006768548660910403,0.07274190425881795,0.0010251798243248644,0.07352941176470588,0.017964794891650215,0.12915531998758967,0.18666666666666668,0.11581642879751027,0.6425099206349206,-0.06671311975960367,0.0
yeast_ml8,yeast_ml8(7.4%),6,48,logreg_C10.0,2,0.06966340468721069,0.0029303614778624087,0.2581399562527147,0.0026036934606272996,0.07303236483434863,0.0007049040526537006,0.07352941176470588,0.009749217303520408,0.09328318718124143,0.1681159420289855,0.10214054607435777,0.5863095238095238,-0.06750384185379558,0.0
yeast_ml8,yeast_ml8(7.4%),6,48,hgb_d3,3,0.045454545454545456,0.041977245341556856,0.26294520479167505,0.011115024054275394,0.07419307823314672,0.0008891071430107463,0.07352941176470588,0.0027338812727180023,0.09061004703659373,0.150093808630394,0.0785734957974625,0.5338789682539682,-0.06863836230458414,0.0
yeast_ml8,yeast_ml8(7.4%),6,48,hgb_d6,4,0.06021756021756022,0.06416648776980224,0.26112961922599415,0.004938785955815652,0.0737195806196077,0.0008154673277219772,0.07352941176470588,0.008459124373008213,0.09298828045936486,0.1619047619047619,0.11750236871160712,0.5693948412698413,-0.06778445078152232,0.0
yeast_ml8,yeast_ml8(7.4%),7,49,logreg_C0.1,0,0.0701225580800182,0.06508372951663277,0.2522352173203173,0.010037780560999167,0.07465901008076195,0.0020496887863386826,0.07352941176470588,0.027308177173836195,0.1367309151581182,0.20095693779904306,0.13524306284758453,0.6354910714285714,-0.06642699719630141,0.15232997042441374
yeast_ml8,yeast_ml8(7.4%),7,49,logreg_C1.0,1,0.0834587902406549,0.028519491861669022,0.2547728017054944,0.00994555265821795,0.07591186343748398,0.0028922062175320944,0.07352941176470588,0.03287045603268286,0.15036300915063072,0.20634920634920634,0.14390137509409834,0.6207837301587301,-0.06647614112960226,0.1692274590287262
yeast_ml8,yeast_ml8(7.4%),7,49,logreg_C10.0,2,0.11830357142857142,0.04540112916264115,0.2583135808048902,0.007315923280439757,0.07648768289337583,0.0035268783227303466,0.07352941176470588,0.0258873391587469,0.1459927913755937,0.22033898305084745,0.12914751456267445,0.6198412698412699,-0.0680669257034142,0.0466695694072803
yeast_ml8,yeast_ml8(7.4%),7,49,hgb_d3,3,0.09646739130434782,0.051630684013802566,0.26395703817185845,0.009463123191895205,0.08070696265203733,0.0040253303432382535,0.07352941176470588,0.014078501577147975,0.14912352943266116,0.21951219512195122,0.10731396185663461,0.625,-0.07019790985971405,-0.027133470585628084
yeast_ml8,yeast_ml8(7.4%),7,49,hgb_d6,4,0.07478665041145992,0.036613421465144826,0.2623218080970866,0.010168985048932136,0.08010585443335443,0.0032028468992539487,0.07352941176470588,0.01366909331454457,0.12433468879599459,0.19607843137254902,0.10838821382583579,0.6147321428571428,-0.06943198960283722,-0.01711315492414702
yeast_ml8,yeast_ml8(7.4%),8,50,logreg_C0.1,0,0.06298605524269241,0.06324441248890657,0.2527794621647469,0.0071427534104071475,0.07115917633592689,0.0009489839912463073,0.07352941176470588,0.014459545411571849,0.12419398743115982,0.18699186991869918,0.10659187790828832,0.6354166666666666,-0.06713692393530035,0.0
yeast_ml8,yeast_ml8(7.4%),8,50,logreg_C1.0,1,0.06570240643615238,0.06975818944426969,0.26076997056537576,0.01055662246771159,0.07276416323878461,0.0009063188671446836,0.07352941176470588,0.0064125614025810395,0.10747391811709023,0.17391304347826086,0.08550062441255761,0.5768353174603175,-0.0681602574907681,0.0
yeast_ml8,yeast_ml8(7.4%),8,50,logreg_C10.0,2,0.10450954575378538,0.09523962740832612,0.26525982480784455,0.0019426176452426187,0.07541546570109615,0.0007496385360232599,0.07352941176470588,0.004059847796665841,0.05227464057006732,0.14646464646464646,0.09380316940144555,0.5304315476190475,-0.0683164177370135,0.0
yeast_ml8,yeast_ml8(7.4%),8,50,hgb_d3,3,0.04507150153217569,0.033474075070525744,0.2632651331821684,0.0058204099940739155,0.07418598778057846,0.0008793809975285641,0.07352941176470588,0.003055833930943686,0.09543305571897803,0.15151515151515152,0.08098875589689523,0.5315972222222223,-0.06858459878839017,0.0
yeast_ml8,yeast_ml8(7.4%),8,50,hgb_d6,4,0.04156197395931516,0.003177713441333049,0.2617819798081885,0.011218643953987773,0.07432000351755697,0.00116118591435085,0.07352941176470588,0.00481329990828127,0.1091473840640955,0.15694164989939638,0.08414972355828497,0.5563244047619047,-0.0686256222683993,0.0
yeast_ml8,yeast_ml8(7.4%),9,51,logreg_C0.1,0,0.026635333905739716,0.07146196545850117,0.2584937548348327,0.015414521729689367,0.07569907216288803,0.0019083989569328122,0.07352941176470588,0.012055861438508276,0.1091473840640955,0.174496644295302,0.09320078957964908,0.5953621031746031,-0.06837127978088428,0.0
yeast_ml8,yeast_ml8(7.4%),9,51,logreg_C1.0,1,0.06915708812260536,0.05061519425595235,0.2662500497294859,0.011448380179892456,0.07621721740193978,0.0028101768523965407,0.07352941176470588,0.007035001149023438,0.0883037449600438,0.16770186335403728,0.09340524450972332,0.5760664682539682,-0.0699658054641963,-0.01711315492414702
yeast_ml8,yeast_ml8(7.4%),9,51,logreg_C10.0,2,0.11053519768563164,0.033702345540721185,0.2652141698631765,0.003167544251961016,0.0751562823944657,0.0013668580225082928,0.07352941176470588,0.005909032785372422,0.08956391893197164,0.17518248175182483,0.09046625740046083,0.5517361111111111,-0.06867911923833055,0.0
yeast_ml8,yeast_ml8(7.4%),9,51,hgb_d3,3,0.0780448717948718,0.053967947230247684,0.260540359938408,0.011116021962370297,0.07429094090600724,0.0007699469963157876,0.07352941176470588,0.006433374041156649,0.09549995382051624,0.17142857142857143,0.09430719833199497,0.5859375,-0.06801267980203723,0.0
yeast_ml8,yeast_ml8(7.4%),9,51,hgb_d6,4,0.07821460536347664,0.07353554475242195,0.303868711745557,0.0015896538735440588,0.07511906563824997,0.0008259473270278576,0.07352941176470588,0.008004203244297903,0.08531768393631184,0.16230366492146597,0.11539912174591033,0.5713293650793649,-0.06784999437537086,0.0
yeast_ml8,yeast_ml8(7.4%),10,52,logreg_C0.1,0,0.12089416058394159,-0.03082968759809679,0.25832049591293244,0.007765181162446811,0.07118091213530371,0.0013148611442716205,0.07352941176470588,0.013506417468073786,0.12059438395358597,0.19607843137254902,0.11260275051837315,0.6110119047619048,-0.06763035562291708,0.0
yeast_ml8,yeast_ml8(7.4%),10,52,logreg_C1.0,1,0.1006508311569871,-0.04408411837208076,0.25872621591544215,0.003023693239090949,0.07285127339642582,0.0009709145598810813,0.07352941176470588,0.010505209703537917,0.10965466480550141,0.1910828025477707,0.10243779145872803,0.5910218253968254,-0.06766901656310065,0.0
yeast_ml8,yeast_ml8(7.4%),10,52,logreg_C10.0,2,0.07348484848484849,-0.0028635133062045472,0.2644439254279779,0.009154884741766137,0.07568128276946208,0.0005278934049930855,0.07352941176470588,0.0018386367152733358,0.05289956166774152,0.15272727272727274,0.08119639035725347,0.5153025793650794,-0.0684015111859183,0.0
yeast_ml8,yeast_ml8(7.4%),10,52,hgb_d3,3,0.14881422924901186,-0.04519931645757982,0.26567207250012737,0.029576019614341347,0.07397821100836327,0.0008555762646707294,0.07352941176470588,0.0032393570251062695,0.07389039185223348,0.15342465753424658,0.09520528837409525,0.5311507936507935,-0.06853602903605649,0.0
yeast_ml8,yeast_ml8(7.4%),10,52,hgb_d6,4,0.0572717806317251,0.06686533378913745,0.26060978577130833,0.009118046863587081,0.07271335948052567,0.0005476144971676563,0.07352941176470588,0.005110710571393214,0.12483489358434373,0.16740088105726872,0.09648451318458175,0.5842509920634921,-0.06797837543531941,0.0
yeast_ml8,yeast_ml8(7.4%),11,53,logreg_C0.1,0,0.06902777777777777,0.09519195055663014,0.3078039945792972,0.026222484828778585,0.07561099833798524,0.0017548227632796704,0.07352941176470588,0.007956224187429445,0.07828682220279633,0.16111111111111112,0.08508009315811776,0.5500496031746032,-0.06878399085385357,0.0
yeast_ml8,yeast_ml8(7.4%),11,53,logreg_C1.0,1,0.031201531274802463,0.0500741303257793,0.25924765831445096,0.01401112470444094,0.07601639102003824,0.0015229686536488282,0.07352941176470588,0.010839378961591182,0.08863600391305174,0.16358839050131926,0.09592225461692286,0.5766121031746032,-0.06815242187129673,0.0
yeast_ml8,yeast_ml8(7.4%),11,53,logreg_C10.0,2,0.07396440207360329,0.02951462294531637,0.26384967481034965,0.010011779847451888,0.07607719424514582,0.0009772726630902673,0.07352941176470588,0.002853014359737399,0.06603899356498426,0.15942028985507245,0.08766926148363934,0.5591517857142857,-0.06871175735461425,0.0
yeast_ml8,yeast_ml8(7.4%),11,53,hgb_d3,3,0.04,0.09908448273065099,0.31485630129718584,0.03169016245108216,0.0789339924235409,0.003325890376589512,0.07352941176470588,0.0025827850806087248,0.06304072384595336,0.14829659318637275,0.08333206546716712,0.5261656746031746,-0.07111440574507215,-0.024246432248443597
yeast_ml8,yeast_ml8(7.4%),11,53,hgb_d6,4,0.08640350877192982,0.039251416696469574,0.2753474781295689,0.026894296646049875,0.08286173244631602,0.004592268656057596,0.07352941176470588,-0.0011784643836134157,0.06715196841531428,0.16113744075829384,0.08396153801509212,0.549330357142857,-0.07297178315655316,-0.03653920476209348
