dataset_key,dataset,repeat,seed,metric,candidate_order_json,validation_scores_json,midranks_json,tie_correction_T,tied_group_count,largest_tie_size,deterministic_selection_order,selected_candidate,selection_tie_break
bc,breast_cancer(37%),0,42,SoftMCC,"[""logreg_C0.1"", ""logreg_C1.0"", ""logreg_C10.0"", ""hgb_d3"", ""hgb_d6""]","[0.8197432159196457, 0.8493561225970473, 0.844352799267014, 0.8499666056638787, 0.8500789113749191]","[5.0, 3.0, 4.0, 2.0, 1.0]",0.0,0,1,hgb_d6>hgb_d3>logreg_C1.0>logreg_C10.0>logreg_C0.1,hgb_d6,candidate_declaration_order_only_for_exact_score_ties
bc,breast_cancer(37%),0,42,MCC_best,"[""logreg_C0.1"", ""logreg_C1.0"", ""logreg_C10.0"", ""hgb_d3"", ""hgb_d6""]","[0.8996680586556846, 0.9333333333333333, 0.9333005094465512, 0.916787749092078, 0.9164463522048965]","[5.0, 1.0, 2.0, 3.0, 4.0]",0.0,0,1,logreg_C1.0>logreg_C10.0>hgb_d3>hgb_d6>logreg_C0.1,logreg_C1.0,candidate_declaration_order_only_for_exact_score_ties
bc,breast_cancer(37%),0,42,F1_best,"[""logreg_C0.1"", ""logreg_C1.0"", ""logreg_C10.0"", ""hgb_d3"", ""hgb_d6""]","[0.9361702127659575, 0.9583333333333334, 0.9574468085106383, 0.9473684210526315, 0.9473684210526315]","[5.0, 1.0, 2.0, 3.5, 3.5]",6.0,1,2,logreg_C1.0>logreg_C10.0>hgb_d3>hgb_d6>logreg_C0.1,logreg_C1.0,candidate_declaration_order_only_for_exact_score_ties
bc,breast_cancer(37%),0,42,AUPRC,"[""logreg_C0.1"", ""logreg_C1.0"", ""logreg_C10.0"", ""hgb_d3"", ""hgb_d6""]","[0.9839097532738011, 0.9798439608404168, 0.9901338472943301, 0.9787965038386168, 0.9728199567728641]","[2.0, 3.0, 1.0, 4.0, 5.0]",0.0,0,1,logreg_C10.0>logreg_C0.1>logreg_C1.0>hgb_d3>hgb_d6,logreg_C10.0,candidate_declaration_order_only_for_exact_score_ties
bc,breast_cancer(37%),0,42,AUROC,"[""logreg_C0.1"", ""logreg_C1.0"", ""logreg_C10.0"", ""hgb_d3"", ""hgb_d6""]","[0.9894531249999999, 0.9835937499999998, 0.99375, 0.9821614583333333, 0.9790364583333334]","[2.0, 3.0, 1.0, 4.0, 5.0]",0.0,0,1,logreg_C10.0>logreg_C0.1>logreg_C1.0>hgb_d3>hgb_d6,logreg_C10.0,candidate_declaration_order_only_for_exact_score_ties
bc,breast_cancer(37%),0,42,Brier_neg,"[""logreg_C0.1"", ""logreg_C1.0"", ""logreg_C10.0"", ""hgb_d3"", ""hgb_d6""]","[-0.04159266023553933, -0.03423371751685317, -0.037665299285912196, -0.04041615735362418, -0.04230647113351321]","[4.0, 1.0, 2.0, 3.0, 5.0]",0.0,0,1,logreg_C1.0>logreg_C10.0>hgb_d3>logreg_C0.1>hgb_d6,logreg_C1.0,candidate_declaration_order_only_for_exact_score_ties
bc,breast_cancer(37%),0,42,MCC_05,"[""logreg_C0.1"", ""logreg_C1.0"", ""logreg_C10.0"", ""hgb_d3"", ""hgb_d6""]","[0.8840585430410928, 0.9333005094465512, 0.8840585430410928, 0.8682431421244592, 0.8682431421244592]","[2.5, 1.0, 2.5, 4.5, 4.5]",12.0,2,2,logreg_C1.0>logreg_C0.1>logreg_C10.0>hgb_d3>hgb_d6,logreg_C1.0,candidate_declaration_order_only_for_exact_score_ties
bc,breast_cancer(37%),1,43,SoftMCC,"[""logreg_C0.1"", ""logreg_C1.0"", ""logreg_C10.0"", ""hgb_d3"", ""hgb_d6""]","[0.7858121593987102, 0.8201759596561233, 0.8287688026845207, 0.8509508223143901, 0.8534593532782176]","[5.0, 4.0, 3.0, 2.0, 1.0]",0.0,0,1,hgb_d6>hgb_d3>logreg_C10.0>logreg_C1.0>logreg_C0.1,hgb_d6,candidate_declaration_order_only_for_exact_score_ties
bc,breast_cancer(37%),1,43,MCC_best,"[""logreg_C0.1"", ""logreg_C1.0"", ""logreg_C10.0"", ""hgb_d3"", ""hgb_d6""]","[0.8507395944549714, 0.8783100656536799, 0.8740884951559715, 0.9343531843023135, 0.934395000572037]","[5.0, 3.0, 4.0, 2.0, 1.0]",0.0,0,1,hgb_d6>hgb_d3>logreg_C1.0>logreg_C10.0>logreg_C0.1,hgb_d6,candidate_declaration_order_only_for_exact_score_ties
bc,breast_cancer(37%),1,43,F1_best,"[""logreg_C0.1"", ""logreg_C1.0"", ""logreg_C10.0"", ""hgb_d3"", ""hgb_d6""]","[0.9072164948453608, 0.9230769230769231, 0.9215686274509803, 0.9583333333333334, 0.9591836734693877]","[5.0, 3.0, 4.0, 2.0, 1.0]",0.0,0,1,hgb_d6>hgb_d3>logreg_C1.0>logreg_C10.0>logreg_C0.1,hgb_d6,candidate_declaration_order_only_for_exact_score_ties
bc,breast_cancer(37%),1,43,AUPRC,"[""logreg_C0.1"", ""logreg_C1.0"", ""logreg_C10.0"", ""hgb_d3"", ""hgb_d6""]","[0.9673356617595228, 0.9759785144174318, 0.9714138951017913, 0.9937555852814047, 0.9934296372222052]","[5.0, 3.0, 4.0, 1.0, 2.0]",0.0,0,1,hgb_d3>hgb_d6>logreg_C1.0>logreg_C10.0>logreg_C0.1,hgb_d3,candidate_declaration_order_only_for_exact_score_ties
bc,breast_cancer(37%),1,43,AUROC,"[""logreg_C0.1"", ""logreg_C1.0"", ""logreg_C10.0"", ""hgb_d3"", ""hgb_d6""]","[0.980859375, 0.9872395833333334, 0.9864583333333333, 0.99609375, 0.99609375]","[5.0, 3.0, 4.0, 1.5, 1.5]",6.0,1,2,hgb_d3>hgb_d6>logreg_C1.0>logreg_C10.0>logreg_C0.1,hgb_d3,candidate_declaration_order_only_for_exact_score_ties
bc,breast_cancer(37%),1,43,Brier_neg,"[""logreg_C0.1"", ""logreg_C1.0"", ""logreg_C10.0"", ""hgb_d3"", ""hgb_d6""]","[-0.05803692726366361, -0.04981183470105445, -0.04985112730190029, -0.028942812520339468, -0.02893289402145012]","[5.0, 3.0, 4.0, 2.0, 1.0]",0.0,0,1,hgb_d6>hgb_d3>logreg_C1.0>logreg_C10.0>logreg_C0.1,hgb_d6,candidate_declaration_order_only_for_exact_score_ties
bc,breast_cancer(37%),1,43,MCC_05,"[""logreg_C0.1"", ""logreg_C1.0"", ""logreg_C10.0"", ""hgb_d3"", ""hgb_d6""]","[0.8378688987532451, 0.8528924408510195, 0.8740884951559715, 0.9013190713482481, 0.9035841064985977]","[5.0, 4.0, 3.0, 2.0, 1.0]",0.0,0,1,hgb_d6>hgb_d3>logreg_C10.0>logreg_C1.0>logreg_C0.1,hgb_d6,candidate_declaration_order_only_for_exact_score_ties
bc,breast_cancer(37%),2,44,SoftMCC,"[""logreg_C0.1"", ""logreg_C1.0"", ""logreg_C10.0"", ""hgb_d3"", ""hgb_d6""]","[0.8434515505731502, 0.8522361908489918, 0.8976740087000971, 0.8805068584984782, 0.8787973805944275]","[5.0, 4.0, 1.0, 2.0, 3.0]",0.0,0,1,logreg_C10.0>hgb_d3>hgb_d6>logreg_C1.0>logreg_C0.1,logreg_C10.0,candidate_declaration_order_only_for_exact_score_ties
bc,breast_cancer(37%),2,44,MCC_best,"[""logreg_C0.1"", ""logreg_C1.0"", ""logreg_C10.0"", ""hgb_d3"", ""hgb_d6""]","[0.8996680586556846, 0.9188164942501321, 0.9343531843023135, 0.9505863757867169, 0.9505863757867169]","[5.0, 4.0, 3.0, 1.5, 1.5]",6.0,1,2,hgb_d3>hgb_d6>logreg_C10.0>logreg_C1.0>logreg_C0.1,hgb_d3,candidate_declaration_order_only_for_exact_score_ties
bc,breast_cancer(37%),2,44,F1_best,"[""logreg_C0.1"", ""logreg_C1.0"", ""logreg_C10.0"", ""hgb_d3"", ""hgb_d6""]","[0.9361702127659575, 0.9494949494949495, 0.9565217391304348, 0.967741935483871, 0.967741935483871]","[5.0, 4.0, 3.0, 1.5, 1.5]",6.0,1,2,hgb_d3>hgb_d6>logreg_C10.0>logreg_C1.0>logreg_C0.1,hgb_d3,candidate_declaration_order_only_for_exact_score_ties
bc,breast_cancer(37%),2,44,AUPRC,"[""logreg_C0.1"", ""logreg_C1.0"", ""logreg_C10.0"", ""hgb_d3"", ""hgb_d6""]","[0.9834376372419851, 0.9822466969003376, 0.9779341862233811, 0.9833451658965473, 0.9833451658965473]","[1.0, 4.0, 5.0, 2.5, 2.5]",6.0,1,2,logreg_C0.1>hgb_d3>hgb_d6>logreg_C1.0>logreg_C10.0,logreg_C0.1,candidate_declaration_order_only_for_exact_score_ties
bc,breast_cancer(37%),2,44,AUROC,"[""logreg_C0.1"", ""logreg_C1.0"", ""logreg_C10.0"", ""hgb_d3"", ""hgb_d6""]","[0.9911458333333334, 0.9839843749999999, 0.9834635416666666, 0.9859374999999999, 0.9855468749999999]","[1.0, 4.0, 5.0, 2.0, 3.0]",0.0,0,1,logreg_C0.1>hgb_d3>hgb_d6>logreg_C1.0>logreg_C10.0,logreg_C0.1,candidate_declaration_order_only_for_exact_score_ties
bc,breast_cancer(37%),2,44,Brier_neg,"[""logreg_C0.1"", ""logreg_C1.0"", ""logreg_C10.0"", ""hgb_d3"", ""hgb_d6""]","[-0.0365935172431816, -0.0330028202092974, -0.034130972914781475, -0.028198584087719844, -0.0278644465800148]","[5.0, 3.0, 4.0, 2.0, 1.0]",0.0,0,1,hgb_d6>hgb_d3>logreg_C1.0>logreg_C10.0>logreg_C0.1,hgb_d6,candidate_declaration_order_only_for_exact_score_ties
bc,breast_cancer(37%),2,44,MCC_05,"[""logreg_C0.1"", ""logreg_C1.0"", ""logreg_C10.0"", ""hgb_d3"", ""hgb_d6""]","[0.8664002254439634, 0.916787749092078, 0.8996680586556846, 0.9171387823148716, 0.9171387823148716]","[5.0, 3.0, 4.0, 1.5, 1.5]",6.0,1,2,hgb_d3>hgb_d6>logreg_C1.0>logreg_C10.0>logreg_C0.1,hgb_d3,candidate_declaration_order_only_for_exact_score_ties
bc,breast_cancer(37%),3,45,SoftMCC,"[""logreg_C0.1"", ""logreg_C1.0"", ""logreg_C10.0"", ""hgb_d3"", ""hgb_d6""]","[0.8335743955620872, 0.8591291686144936, 0.8798611236539196, 0.9473498406212916, 0.9524463064053664]","[5.0, 4.0, 3.0, 2.0, 1.0]",0.0,0,1,hgb_d6>hgb_d3>logreg_C10.0>logreg_C1.0>logreg_C0.1,hgb_d6,candidate_declaration_order_only_for_exact_score_ties
bc,breast_cancer(37%),3,45,MCC_best,"[""logreg_C0.1"", ""logreg_C1.0"", ""logreg_C10.0"", ""hgb_d3"", ""hgb_d6""]","[0.9021937088963173, 0.9333005094465512, 0.9503383762448216, 0.9835379701747717, 0.9835379701747717]","[5.0, 4.0, 3.0, 1.5, 1.5]",6.0,1,2,hgb_d3>hgb_d6>logreg_C10.0>logreg_C1.0>logreg_C0.1,hgb_d3,candidate_declaration_order_only_for_exact_score_ties
bc,breast_cancer(37%),3,45,F1_best,"[""logreg_C0.1"", ""logreg_C1.0"", ""logreg_C10.0"", ""hgb_d3"", ""hgb_d6""]","[0.9333333333333333, 0.9574468085106383, 0.9690721649484536, 0.9896907216494846, 0.9896907216494846]","[5.0, 4.0, 3.0, 1.5, 1.5]",6.0,1,2,hgb_d3>hgb_d6>logreg_C10.0>logreg_C1.0>logreg_C0.1,hgb_d3,candidate_declaration_order_only_for_exact_score_ties
bc,breast_cancer(37%),3,45,AUPRC,"[""logreg_C0.1"", ""logreg_C1.0"", ""logreg_C10.0"", ""hgb_d3"", ""hgb_d6""]","[0.9772707127950289, 0.9822551391844869, 0.9913762057600454, 0.9995748299319728, 0.9995748299319728]","[5.0, 4.0, 3.0, 1.5, 1.5]",6.0,1,2,hgb_d3>hgb_d6>logreg_C10.0>logreg_C1.0>logreg_C0.1,hgb_d3,candidate_declaration_order_only_for_exact_score_ties
bc,breast_cancer(37%),3,45,AUROC,"[""logreg_C0.1"", ""logreg_C1.0"", ""logreg_C10.0"", ""hgb_d3"", ""hgb_d6""]","[0.9820312499999999, 0.9850260416666665, 0.9947916666666667, 0.9997395833333332, 0.9998697916666667]","[5.0, 4.0, 3.0, 2.0, 1.0]",0.0,0,1,hgb_d6>hgb_d3>logreg_C10.0>logreg_C1.0>logreg_C0.1,hgb_d6,candidate_declaration_order_only_for_exact_score_ties
bc,breast_cancer(37%),3,45,Brier_neg,"[""logreg_C0.1"", ""logreg_C1.0"", ""logreg_C10.0"", ""hgb_d3"", ""hgb_d6""]","[-0.04129200737876253, -0.03261985953303106, -0.026983955055340847, -0.007998272204957014, -0.0067475066620416]","[5.0, 4.0, 3.0, 2.0, 1.0]",0.0,0,1,hgb_d6>hgb_d3>logreg_C10.0>logreg_C1.0>logreg_C0.1,hgb_d6,candidate_declaration_order_only_for_exact_score_ties
bc,breast_cancer(37%),3,45,MCC_05,"[""logreg_C0.1"", ""logreg_C1.0"", ""logreg_C10.0"", ""hgb_d3"", ""hgb_d6""]","[0.8840585430410928, 0.9003767048731385, 0.916787749092078, 0.9669329602374179, 0.9669329602374179]","[5.0, 4.0, 3.0, 1.5, 1.5]",6.0,1,2,hgb_d3>hgb_d6>logreg_C10.0>logreg_C1.0>logreg_C0.1,hgb_d3,candidate_declaration_order_only_for_exact_score_ties
bc,breast_cancer(37%),4,46,SoftMCC,"[""logreg_C0.1"", ""logreg_C1.0"", ""logreg_C10.0"", ""hgb_d3"", ""hgb_d6""]","[0.7446466634873661, 0.7716937599337743, 0.8122111959754075, 0.8242898022220195, 0.8331792790534556]","[5.0, 4.0, 3.0, 2.0, 1.0]",0.0,0,1,hgb_d6>hgb_d3>logreg_C10.0>logreg_C1.0>logreg_C0.1,hgb_d6,candidate_declaration_order_only_for_exact_score_ties
bc,breast_cancer(37%),4,46,MCC_best,"[""logreg_C0.1"", ""logreg_C1.0"", ""logreg_C10.0"", ""hgb_d3"", ""hgb_d6""]","[0.8829688598869094, 0.9333005094465512, 0.9343531843023135, 0.9333005094465512, 0.9499238445228836]","[5.0, 3.5, 2.0, 3.5, 1.0]",6.0,1,2,hgb_d6>logreg_C10.0>logreg_C1.0>hgb_d3>logreg_C0.1,hgb_d6,candidate_declaration_order_only_for_exact_score_ties
bc,breast_cancer(37%),4,46,F1_best,"[""logreg_C0.1"", ""logreg_C1.0"", ""logreg_C10.0"", ""hgb_d3"", ""hgb_d6""]","[0.9263157894736842, 0.9574468085106383, 0.9574468085106383, 0.9574468085106383, 0.968421052631579]","[5.0, 3.0, 3.0, 3.0, 1.0]",24.0,1,3,hgb_d6>logreg_C1.0>logreg_C10.0>hgb_d3>logreg_C0.1,hgb_d6,candidate_declaration_order_only_for_exact_score_ties
bc,breast_cancer(37%),4,46,AUPRC,"[""logreg_C0.1"", ""logreg_C1.0"", ""logreg_C10.0"", ""hgb_d3"", ""hgb_d6""]","[0.9706517175350373, 0.9858459038822893, 0.9914466508170451, 0.9852864490285962, 0.987520746204835]","[5.0, 3.0, 1.0, 4.0, 2.0]",0.0,0,1,logreg_C10.0>hgb_d6>logreg_C1.0>hgb_d3>logreg_C0.1,logreg_C10.0,candidate_declaration_order_only_for_exact_score_ties
bc,breast_cancer(37%),4,46,AUROC,"[""logreg_C0.1"", ""logreg_C1.0"", ""logreg_C10.0"", ""hgb_d3"", ""hgb_d6""]","[0.9768229166666667, 0.990234375, 0.9942708333333333, 0.991796875, 0.99296875]","[5.0, 4.0, 1.0, 3.0, 2.0]",0.0,0,1,logreg_C10.0>hgb_d6>hgb_d3>logreg_C1.0>logreg_C0.1,logreg_C10.0,candidate_declaration_order_only_for_exact_score_ties
bc,breast_cancer(37%),4,46,Brier_neg,"[""logreg_C0.1"", ""logreg_C1.0"", ""logreg_C10.0"", ""hgb_d3"", ""hgb_d6""]","[-0.05397601144227013, -0.039930330977684066, -0.03330932219239247, -0.03525987765010166, -0.0343649778896287]","[5.0, 4.0, 1.0, 3.0, 2.0]",0.0,0,1,logreg_C10.0>hgb_d6>hgb_d3>logreg_C1.0>logreg_C0.1,logreg_C10.0,candidate_declaration_order_only_for_exact_score_ties
bc,breast_cancer(37%),4,46,MCC_05,"[""logreg_C0.1"", ""logreg_C1.0"", ""logreg_C10.0"", ""hgb_d3"", ""hgb_d6""]","[0.8660356078648178, 0.9333005094465512, 0.9013190713482481, 0.9, 0.8858544675505758]","[5.0, 1.0, 2.0, 3.0, 4.0]",0.0,0,1,logreg_C1.0>logreg_C10.0>hgb_d3>hgb_d6>logreg_C0.1,logreg_C1.0,candidate_declaration_order_only_for_exact_score_ties
bc,breast_cancer(37%),5,47,SoftMCC,"[""logreg_C0.1"", ""logreg_C1.0"", ""logreg_C10.0"", ""hgb_d3"", ""hgb_d6""]","[0.8149209781779765, 0.855649004101642, 0.8959851110124497, 0.882357164653334, 0.8667934105599459]","[5.0, 4.0, 1.0, 2.0, 3.0]",0.0,0,1,logreg_C10.0>hgb_d3>hgb_d6>logreg_C1.0>logreg_C0.1,logreg_C10.0,candidate_declaration_order_only_for_exact_score_ties
bc,breast_cancer(37%),5,47,MCC_best,"[""logreg_C0.1"", ""logreg_C1.0"", ""logreg_C10.0"", ""hgb_d3"", ""hgb_d6""]","[0.8703882797784892, 0.9164463522048965, 0.9666666666666667, 0.9333005094465512, 0.934395000572037]","[5.0, 4.0, 1.0, 3.0, 2.0]",0.0,0,1,logreg_C10.0>hgb_d6>hgb_d3>logreg_C1.0>logreg_C0.1,logreg_C10.0,candidate_declaration_order_only_for_exact_score_ties
bc,breast_cancer(37%),5,47,F1_best,"[""logreg_C0.1"", ""logreg_C1.0"", ""logreg_C10.0"", ""hgb_d3"", ""hgb_d6""]","[0.9183673469387755, 0.9473684210526315, 0.9791666666666666, 0.9574468085106383, 0.9591836734693877]","[5.0, 4.0, 1.0, 3.0, 2.0]",0.0,0,1,logreg_C10.0>hgb_d6>hgb_d3>logreg_C1.0>logreg_C0.1,logreg_C10.0,candidate_declaration_order_only_for_exact_score_ties
bc,breast_cancer(37%),5,47,AUPRC,"[""logreg_C0.1"", ""logreg_C1.0"", ""logreg_C10.0"", ""hgb_d3"", ""hgb_d6""]","[0.9707084849389956, 0.9674061364447105, 0.9932777496547179, 0.9923662697148722, 0.9927898007488684]","[4.0, 5.0, 1.0, 3.0, 2.0]",0.0,0,1,logreg_C10.0>hgb_d6>hgb_d3>logreg_C0.1>logreg_C1.0,logreg_C10.0,candidate_declaration_order_only_for_exact_score_ties
bc,breast_cancer(37%),5,47,AUROC,"[""logreg_C0.1"", ""logreg_C1.0"", ""logreg_C10.0"", ""hgb_d3"", ""hgb_d6""]","[0.9777343749999998, 0.9733072916666667, 0.99609375, 0.9959635416666666, 0.995703125]","[4.0, 5.0, 1.0, 2.0, 3.0]",0.0,0,1,logreg_C10.0>hgb_d3>hgb_d6>logreg_C0.1>logreg_C1.0,logreg_C10.0,candidate_declaration_order_only_for_exact_score_ties
bc,breast_cancer(37%),5,47,Brier_neg,"[""logreg_C0.1"", ""logreg_C1.0"", ""logreg_C10.0"", ""hgb_d3"", ""hgb_d6""]","[-0.04989406826155036, -0.04077722739495222, -0.024742109828810678, -0.025994681844556607, -0.027480533909643865]","[5.0, 4.0, 1.0, 2.0, 3.0]",0.0,0,1,logreg_C10.0>hgb_d3>hgb_d6>logreg_C1.0>logreg_C0.1,logreg_C10.0,candidate_declaration_order_only_for_exact_score_ties
bc,breast_cancer(37%),5,47,MCC_05,"[""logreg_C0.1"", ""logreg_C1.0"", ""logreg_C10.0"", ""hgb_d3"", ""hgb_d6""]","[0.8334551405994551, 0.8996680586556846, 0.916787749092078, 0.9164463522048965, 0.9]","[5.0, 4.0, 1.0, 2.0, 3.0]",0.0,0,1,logreg_C10.0>hgb_d3>hgb_d6>logreg_C1.0>logreg_C0.1,logreg_C10.0,candidate_declaration_order_only_for_exact_score_ties
bc,breast_cancer(37%),6,48,SoftMCC,"[""logreg_C0.1"", ""logreg_C1.0"", ""logreg_C10.0"", ""hgb_d3"", ""hgb_d6""]","[0.8034655903615029, 0.8429135043851038, 0.8482541224132054, 0.8226329562606994, 0.8215881353689224]","[5.0, 2.0, 1.0, 3.0, 4.0]",0.0,0,1,logreg_C10.0>logreg_C1.0>hgb_d3>hgb_d6>logreg_C0.1,logreg_C10.0,candidate_declaration_order_only_for_exact_score_ties
bc,breast_cancer(37%),6,48,MCC_best,"[""logreg_C0.1"", ""logreg_C1.0"", ""logreg_C10.0"", ""hgb_d3"", ""hgb_d6""]","[0.8703882797784892, 0.9, 0.9171387823148716, 0.9013190713482481, 0.9164463522048965]","[5.0, 4.0, 1.0, 3.0, 2.0]",0.0,0,1,logreg_C10.0>hgb_d6>hgb_d3>logreg_C1.0>logreg_C0.1,logreg_C10.0,candidate_declaration_order_only_for_exact_score_ties
bc,breast_cancer(37%),6,48,F1_best,"[""logreg_C0.1"", ""logreg_C1.0"", ""logreg_C10.0"", ""hgb_d3"", ""hgb_d6""]","[0.9130434782608695, 0.9375, 0.9484536082474226, 0.9387755102040817, 0.9473684210526315]","[5.0, 4.0, 1.0, 3.0, 2.0]",0.0,0,1,logreg_C10.0>hgb_d6>hgb_d3>logreg_C1.0>logreg_C0.1,logreg_C10.0,candidate_declaration_order_only_for_exact_score_ties
bc,breast_cancer(37%),6,48,AUPRC,"[""logreg_C0.1"", ""logreg_C1.0"", ""logreg_C10.0"", ""hgb_d3"", ""hgb_d6""]","[0.9769961544725736, 0.9846869887950732, 0.984184121187232, 0.9828106049818984, 0.9847207638694697]","[5.0, 2.0, 3.0, 4.0, 1.0]",0.0,0,1,hgb_d6>logreg_C1.0>logreg_C10.0>hgb_d3>logreg_C0.1,hgb_d6,candidate_declaration_order_only_for_exact_score_ties
bc,breast_cancer(37%),6,48,AUROC,"[""logreg_C0.1"", ""logreg_C1.0"", ""logreg_C10.0"", ""hgb_d3"", ""hgb_d6""]","[0.9850260416666667, 0.990234375, 0.9891927083333333, 0.9897135416666667, 0.9906250000000001]","[5.0, 2.0, 4.0, 3.0, 1.0]",0.0,0,1,hgb_d6>logreg_C1.0>hgb_d3>logreg_C10.0>logreg_C0.1,hgb_d6,candidate_declaration_order_only_for_exact_score_ties
bc,breast_cancer(37%),6,48,Brier_neg,"[""logreg_C0.1"", ""logreg_C1.0"", ""logreg_C10.0"", ""hgb_d3"", ""hgb_d6""]","[-0.04776347490498506, -0.03709053752570561, -0.03580415089780734, -0.040598408408861364, -0.040456771720129944]","[5.0, 2.0, 1.0, 4.0, 3.0]",0.0,0,1,logreg_C10.0>logreg_C1.0>hgb_d6>hgb_d3>logreg_C0.1,logreg_C10.0,candidate_declaration_order_only_for_exact_score_ties
bc,breast_cancer(37%),6,48,MCC_05,"[""logreg_C0.1"", ""logreg_C1.0"", ""logreg_C10.0"", ""hgb_d3"", ""hgb_d6""]","[0.8491904957028004, 0.9, 0.9, 0.8829891223974392, 0.8829891223974392]","[5.0, 1.5, 1.5, 3.5, 3.5]",12.0,2,2,logreg_C1.0>logreg_C10.0>hgb_d3>hgb_d6>logreg_C0.1,logreg_C1.0,candidate_declaration_order_only_for_exact_score_ties
bc,breast_cancer(37%),7,49,SoftMCC,"[""logreg_C0.1"", ""logreg_C1.0"", ""logreg_C10.0"", ""hgb_d3"", ""hgb_d6""]","[0.7360106952691152, 0.7346302654244601, 0.7736098839313036, 0.8511640820481885, 0.8423517305718184]","[4.0, 5.0, 3.0, 1.0, 2.0]",0.0,0,1,hgb_d3>hgb_d6>logreg_C10.0>logreg_C0.1>logreg_C1.0,hgb_d3,candidate_declaration_order_only_for_exact_score_ties
bc,breast_cancer(37%),7,49,MCC_best,"[""logreg_C0.1"", ""logreg_C1.0"", ""logreg_C10.0"", ""hgb_d3"", ""hgb_d6""]","[0.8498920293003742, 0.8491904957028004, 0.9, 0.9503383762448216, 0.9343531843023135]","[4.0, 5.0, 3.0, 1.0, 2.0]",0.0,0,1,hgb_d3>hgb_d6>logreg_C10.0>logreg_C0.1>logreg_C1.0,hgb_d3,candidate_declaration_order_only_for_exact_score_ties
bc,breast_cancer(37%),7,49,F1_best,"[""logreg_C0.1"", ""logreg_C1.0"", ""logreg_C10.0"", ""hgb_d3"", ""hgb_d6""]","[0.9010989010989011, 0.9032258064516129, 0.9375, 0.9690721649484536, 0.9583333333333334]","[5.0, 4.0, 3.0, 1.0, 2.0]",0.0,0,1,hgb_d3>hgb_d6>logreg_C10.0>logreg_C1.0>logreg_C0.1,hgb_d3,candidate_declaration_order_only_for_exact_score_ties
bc,breast_cancer(37%),7,49,AUPRC,"[""logreg_C0.1"", ""logreg_C1.0"", ""logreg_C10.0"", ""hgb_d3"", ""hgb_d6""]","[0.9606897806606491, 0.9640072602243654, 0.9674859439019229, 0.9857263084419239, 0.9867380414217556]","[5.0, 4.0, 3.0, 2.0, 1.0]",0.0,0,1,hgb_d6>hgb_d3>logreg_C10.0>logreg_C1.0>logreg_C0.1,hgb_d6,candidate_declaration_order_only_for_exact_score_ties
bc,breast_cancer(37%),7,49,AUROC,"[""logreg_C0.1"", ""logreg_C1.0"", ""logreg_C10.0"", ""hgb_d3"", ""hgb_d6""]","[0.976953125, 0.9821614583333333, 0.9837239583333333, 0.9893229166666666, 0.9904947916666665]","[5.0, 4.0, 3.0, 2.0, 1.0]",0.0,0,1,hgb_d6>hgb_d3>logreg_C10.0>logreg_C1.0>logreg_C0.1,hgb_d6,candidate_declaration_order_only_for_exact_score_ties
bc,breast_cancer(37%),7,49,Brier_neg,"[""logreg_C0.1"", ""logreg_C1.0"", ""logreg_C10.0"", ""hgb_d3"", ""hgb_d6""]","[-0.06413929825392467, -0.06325534935096475, -0.04930560509198273, -0.035224012785584076, -0.035447562112545496]","[5.0, 4.0, 3.0, 1.0, 2.0]",0.0,0,1,hgb_d3>hgb_d6>logreg_C10.0>logreg_C1.0>logreg_C0.1,hgb_d3,candidate_declaration_order_only_for_exact_score_ties
bc,breast_cancer(37%),7,49,MCC_05,"[""logreg_C0.1"", ""logreg_C1.0"", ""logreg_C10.0"", ""hgb_d3"", ""hgb_d6""]","[0.8035496299527932, 0.7844767824132178, 0.8660356078648178, 0.9021937088963173, 0.8862508747678729]","[4.0, 5.0, 3.0, 1.0, 2.0]",0.0,0,1,hgb_d3>hgb_d6>logreg_C10.0>logreg_C0.1>logreg_C1.0,hgb_d3,candidate_declaration_order_only_for_exact_score_ties
bc,breast_cancer(37%),8,50,SoftMCC,"[""logreg_C0.1"", ""logreg_C1.0"", ""logreg_C10.0"", ""hgb_d3"", ""hgb_d6""]","[0.7928842978964868, 0.8156474986548509, 0.8123046686919503, 0.8759224780457759, 0.8823508261519095]","[5.0, 3.0, 4.0, 2.0, 1.0]",0.0,0,1,hgb_d6>hgb_d3>logreg_C1.0>logreg_C10.0>logreg_C0.1,hgb_d6,candidate_declaration_order_only_for_exact_score_ties
bc,breast_cancer(37%),8,50,MCC_best,"[""logreg_C0.1"", ""logreg_C1.0"", ""logreg_C10.0"", ""hgb_d3"", ""hgb_d6""]","[0.8829688598869094, 0.9164463522048965, 0.9171387823148716, 0.9505863757867169, 0.9669329602374179]","[5.0, 4.0, 3.0, 2.0, 1.0]",0.0,0,1,hgb_d6>hgb_d3>logreg_C10.0>logreg_C1.0>logreg_C0.1,hgb_d6,candidate_declaration_order_only_for_exact_score_ties
bc,breast_cancer(37%),8,50,F1_best,"[""logreg_C0.1"", ""logreg_C1.0"", ""logreg_C10.0"", ""hgb_d3"", ""hgb_d6""]","[0.9263157894736842, 0.9473684210526315, 0.9484536082474226, 0.967741935483871, 0.9787234042553191]","[5.0, 4.0, 3.0, 2.0, 1.0]",0.0,0,1,hgb_d6>hgb_d3>logreg_C10.0>logreg_C1.0>logreg_C0.1,hgb_d6,candidate_declaration_order_only_for_exact_score_ties
bc,breast_cancer(37%),8,50,AUPRC,"[""logreg_C0.1"", ""logreg_C1.0"", ""logreg_C10.0"", ""hgb_d3"", ""hgb_d6""]","[0.9762390777414741, 0.9811316985851357, 0.9826634832358472, 0.9942899904214559, 0.9957144979203802]","[5.0, 4.0, 3.0, 2.0, 1.0]",0.0,0,1,hgb_d6>hgb_d3>logreg_C10.0>logreg_C1.0>logreg_C0.1,hgb_d6,candidate_declaration_order_only_for_exact_score_ties
bc,breast_cancer(37%),8,50,AUROC,"[""logreg_C0.1"", ""logreg_C1.0"", ""logreg_C10.0"", ""hgb_d3"", ""hgb_d6""]","[0.987109375, 0.9904947916666667, 0.9911458333333334, 0.996484375, 0.9973958333333333]","[5.0, 4.0, 3.0, 2.0, 1.0]",0.0,0,1,hgb_d6>hgb_d3>logreg_C10.0>logreg_C1.0>logreg_C0.1,hgb_d6,candidate_declaration_order_only_for_exact_score_ties
bc,breast_cancer(37%),8,50,Brier_neg,"[""logreg_C0.1"", ""logreg_C1.0"", ""logreg_C10.0"", ""hgb_d3"", ""hgb_d6""]","[-0.04408778376917467, -0.040251395326161454, -0.039194985278477645, -0.024358965050484134, -0.02174196562226979]","[5.0, 4.0, 3.0, 2.0, 1.0]",0.0,0,1,hgb_d6>hgb_d3>logreg_C10.0>logreg_C1.0>logreg_C0.1,hgb_d6,candidate_declaration_order_only_for_exact_score_ties
bc,breast_cancer(37%),8,50,MCC_05,"[""logreg_C0.1"", ""logreg_C1.0"", ""logreg_C10.0"", ""hgb_d3"", ""hgb_d6""]","[0.8829688598869094, 0.8996680586556846, 0.9, 0.934395000572037, 0.9333333333333333]","[5.0, 4.0, 3.0, 1.0, 2.0]",0.0,0,1,hgb_d3>hgb_d6>logreg_C10.0>logreg_C1.0>logreg_C0.1,hgb_d3,candidate_declaration_order_only_for_exact_score_ties
bc,breast_cancer(37%),9,51,SoftMCC,"[""logreg_C0.1"", ""logreg_C1.0"", ""logreg_C10.0"", ""hgb_d3"", ""hgb_d6""]","[0.8304994857780168, 0.8206966723703599, 0.8360527771317203, 0.9174954751407579, 0.9176408749273968]","[4.0, 5.0, 3.0, 2.0, 1.0]",0.0,0,1,hgb_d6>hgb_d3>logreg_C10.0>logreg_C0.1>logreg_C1.0,hgb_d6,candidate_declaration_order_only_for_exact_score_ties
bc,breast_cancer(37%),9,51,MCC_best,"[""logreg_C0.1"", ""logreg_C1.0"", ""logreg_C10.0"", ""hgb_d3"", ""hgb_d6""]","[0.9182250567818113, 0.8840585430410928, 0.9171387823148716, 0.9505863757867169, 0.9669329602374179]","[3.0, 5.0, 4.0, 2.0, 1.0]",0.0,0,1,hgb_d6>hgb_d3>logreg_C0.1>logreg_C10.0>logreg_C1.0,hgb_d6,candidate_declaration_order_only_for_exact_score_ties
bc,breast_cancer(37%),9,51,F1_best,"[""logreg_C0.1"", ""logreg_C1.0"", ""logreg_C10.0"", ""hgb_d3"", ""hgb_d6""]","[0.945054945054945, 0.9247311827956989, 0.9484536082474226, 0.9690721649484536, 0.9787234042553191]","[4.0, 5.0, 3.0, 2.0, 1.0]",0.0,0,1,hgb_d6>hgb_d3>logreg_C10.0>logreg_C0.1>logreg_C1.0,hgb_d6,candidate_declaration_order_only_for_exact_score_ties
bc,breast_cancer(37%),9,51,AUPRC,"[""logreg_C0.1"", ""logreg_C1.0"", ""logreg_C10.0"", ""hgb_d3"", ""hgb_d6""]","[0.958589480874317, 0.9657826850920358, 0.9855515077265791, 0.9880932980461687, 0.9861288265306123]","[5.0, 4.0, 3.0, 1.0, 2.0]",0.0,0,1,hgb_d3>hgb_d6>logreg_C10.0>logreg_C1.0>logreg_C0.1,hgb_d3,candidate_declaration_order_only_for_exact_score_ties
bc,breast_cancer(37%),9,51,AUROC,"[""logreg_C0.1"", ""logreg_C1.0"", ""logreg_C10.0"", ""hgb_d3"", ""hgb_d6""]","[0.9641927083333334, 0.9730468750000001, 0.9906249999999999, 0.9854166666666666, 0.9826822916666667]","[5.0, 4.0, 1.0, 2.0, 3.0]",0.0,0,1,logreg_C10.0>hgb_d3>hgb_d6>logreg_C1.0>logreg_C0.1,logreg_C10.0,candidate_declaration_order_only_for_exact_score_ties
bc,breast_cancer(37%),9,51,Brier_neg,"[""logreg_C0.1"", ""logreg_C1.0"", ""logreg_C10.0"", ""hgb_d3"", ""hgb_d6""]","[-0.049708667949650634, -0.04847022223335096, -0.03580242966769372, -0.01666662326966663, -0.016743404564440064]","[5.0, 4.0, 3.0, 1.0, 2.0]",0.0,0,1,hgb_d3>hgb_d6>logreg_C10.0>logreg_C1.0>logreg_C0.1,hgb_d3,candidate_declaration_order_only_for_exact_score_ties
bc,breast_cancer(37%),9,51,MCC_05,"[""logreg_C0.1"", ""logreg_C1.0"", ""logreg_C10.0"", ""hgb_d3"", ""hgb_d6""]","[0.8660356078648178, 0.8660356078648178, 0.8829891223974392, 0.9505863757867169, 0.9499238445228836]","[4.5, 4.5, 3.0, 1.0, 2.0]",6.0,1,2,hgb_d3>hgb_d6>logreg_C10.0>logreg_C0.1>logreg_C1.0,hgb_d3,candidate_declaration_order_only_for_exact_score_ties
bc,breast_cancer(37%),10,52,SoftMCC,"[""logreg_C0.1"", ""logreg_C1.0"", ""logreg_C10.0"", ""hgb_d3"", ""hgb_d6""]","[0.8128420137626841, 0.8178573509619489, 0.8207053571619153, 0.8098014649519536, 0.8150168753334402]","[4.0, 2.0, 1.0, 5.0, 3.0]",0.0,0,1,logreg_C10.0>logreg_C1.0>hgb_d6>logreg_C0.1>hgb_d3,logreg_C10.0,candidate_declaration_order_only_for_exact_score_ties
bc,breast_cancer(37%),10,52,MCC_best,"[""logreg_C0.1"", ""logreg_C1.0"", ""logreg_C10.0"", ""hgb_d3"", ""hgb_d6""]","[0.8703882797784892, 0.916787749092078, 0.9021937088963173, 0.8862508747678729, 0.9003767048731385]","[5.0, 1.0, 2.0, 4.0, 3.0]",0.0,0,1,logreg_C1.0>logreg_C10.0>hgb_d6>hgb_d3>logreg_C0.1,logreg_C1.0,candidate_declaration_order_only_for_exact_score_ties
bc,breast_cancer(37%),10,52,F1_best,"[""logreg_C0.1"", ""logreg_C1.0"", ""logreg_C10.0"", ""hgb_d3"", ""hgb_d6""]","[0.9111111111111111, 0.946236559139785, 0.9361702127659575, 0.9213483146067416, 0.9347826086956522]","[5.0, 1.0, 2.0, 4.0, 3.0]",0.0,0,1,logreg_C1.0>logreg_C10.0>hgb_d6>hgb_d3>logreg_C0.1,logreg_C1.0,candidate_declaration_order_only_for_exact_score_ties
bc,breast_cancer(37%),10,52,AUPRC,"[""logreg_C0.1"", ""logreg_C1.0"", ""logreg_C10.0"", ""hgb_d3"", ""hgb_d6""]","[0.9622819295204235, 0.977027654133173, 0.9845261355474505, 0.9745982771373962, 0.980131693265343]","[5.0, 3.0, 1.0, 4.0, 2.0]",0.0,0,1,logreg_C10.0>hgb_d6>logreg_C1.0>hgb_d3>logreg_C0.1,logreg_C10.0,candidate_declaration_order_only_for_exact_score_ties
bc,breast_cancer(37%),10,52,AUROC,"[""logreg_C0.1"", ""logreg_C1.0"", ""logreg_C10.0"", ""hgb_d3"", ""hgb_d6""]","[0.9694010416666665, 0.9783854166666666, 0.98984375, 0.9826822916666667, 0.9852864583333333]","[5.0, 4.0, 1.0, 3.0, 2.0]",0.0,0,1,logreg_C10.0>hgb_d6>hgb_d3>logreg_C1.0>logreg_C0.1,logreg_C10.0,candidate_declaration_order_only_for_exact_score_ties
bc,breast_cancer(37%),10,52,Brier_neg,"[""logreg_C0.1"", ""logreg_C1.0"", ""logreg_C10.0"", ""hgb_d3"", ""hgb_d6""]","[-0.05266813890226149, -0.0382803267484733, -0.04040653043212927, -0.05248185189467902, -0.04770199030779002]","[5.0, 1.0, 2.0, 4.0, 3.0]",0.0,0,1,logreg_C1.0>logreg_C10.0>hgb_d6>hgb_d3>logreg_C0.1,logreg_C1.0,candidate_declaration_order_only_for_exact_score_ties
bc,breast_cancer(37%),10,52,MCC_05,"[""logreg_C0.1"", ""logreg_C1.0"", ""logreg_C10.0"", ""hgb_d3"", ""hgb_d6""]","[0.8678244247478862, 0.9182250567818113, 0.9021937088963173, 0.8545976121261312, 0.8545976121261312]","[3.0, 1.0, 2.0, 4.5, 4.5]",6.0,1,2,logreg_C1.0>logreg_C10.0>logreg_C0.1>hgb_d3>hgb_d6,logreg_C1.0,candidate_declaration_order_only_for_exact_score_ties
bc,breast_cancer(37%),11,53,SoftMCC,"[""logreg_C0.1"", ""logreg_C1.0"", ""logreg_C10.0"", ""hgb_d3"", ""hgb_d6""]","[0.78136988869351, 0.8124460663674454, 0.8386020279421635, 0.8681237717314522, 0.8760814522568606]","[5.0, 4.0, 3.0, 2.0, 1.0]",0.0,0,1,hgb_d6>hgb_d3>logreg_C10.0>logreg_C1.0>logreg_C0.1,hgb_d6,candidate_declaration_order_only_for_exact_score_ties
bc,breast_cancer(37%),11,53,MCC_best,"[""logreg_C0.1"", ""logreg_C1.0"", ""logreg_C10.0"", ""hgb_d3"", ""hgb_d6""]","[0.8862508747678729, 0.916787749092078, 0.9164463522048965, 0.9505863757867169, 0.9505863757867169]","[5.0, 3.0, 4.0, 1.5, 1.5]",6.0,1,2,hgb_d3>hgb_d6>logreg_C1.0>logreg_C10.0>logreg_C0.1,hgb_d3,candidate_declaration_order_only_for_exact_score_ties
bc,breast_cancer(37%),11,53,F1_best,"[""logreg_C0.1"", ""logreg_C1.0"", ""logreg_C10.0"", ""hgb_d3"", ""hgb_d6""]","[0.9213483146067416, 0.946236559139785, 0.9473684210526315, 0.967741935483871, 0.967741935483871]","[5.0, 4.0, 3.0, 1.5, 1.5]",6.0,1,2,hgb_d3>hgb_d6>logreg_C10.0>logreg_C1.0>logreg_C0.1,hgb_d3,candidate_declaration_order_only_for_exact_score_ties
bc,breast_cancer(37%),11,53,AUPRC,"[""logreg_C0.1"", ""logreg_C1.0"", ""logreg_C10.0"", ""hgb_d3"", ""hgb_d6""]","[0.9795085160111756, 0.986346294232497, 0.9805950693696116, 0.9794028288398693, 0.9797786458333333]","[4.0, 1.0, 2.0, 5.0, 3.0]",0.0,0,1,logreg_C1.0>logreg_C10.0>hgb_d6>logreg_C0.1>hgb_d3,logreg_C1.0,candidate_declaration_order_only_for_exact_score_ties
bc,breast_cancer(37%),11,53,AUROC,"[""logreg_C0.1"", ""logreg_C1.0"", ""logreg_C10.0"", ""hgb_d3"", ""hgb_d6""]","[0.9880208333333333, 0.9924479166666667, 0.9890625, 0.9829427083333332, 0.9826822916666667]","[3.0, 1.0, 2.0, 4.0, 5.0]",0.0,0,1,logreg_C1.0>logreg_C10.0>logreg_C0.1>hgb_d3>hgb_d6,logreg_C1.0,candidate_declaration_order_only_for_exact_score_ties
bc,breast_cancer(37%),11,53,Brier_neg,"[""logreg_C0.1"", ""logreg_C1.0"", ""logreg_C10.0"", ""hgb_d3"", ""hgb_d6""]","[-0.05616115216663521, -0.046146264716208606, -0.04373736181403219, -0.033081273315042486, -0.033189998797477055]","[5.0, 4.0, 3.0, 1.0, 2.0]",0.0,0,1,hgb_d3>hgb_d6>logreg_C10.0>logreg_C1.0>logreg_C0.1,hgb_d3,candidate_declaration_order_only_for_exact_score_ties
bc,breast_cancer(37%),11,53,MCC_05,"[""logreg_C0.1"", ""logreg_C1.0"", ""logreg_C10.0"", ""hgb_d3"", ""hgb_d6""]","[0.8388704928078611, 0.8678244247478862, 0.8840585430410928, 0.9333005094465512, 0.9333005094465512]","[5.0, 4.0, 3.0, 1.5, 1.5]",6.0,1,2,hgb_d3>hgb_d6>logreg_C10.0>logreg_C1.0>logreg_C0.1,hgb_d3,candidate_declaration_order_only_for_exact_score_ties
synth5,synth(5%),0,42,SoftMCC,"[""logreg_C0.1"", ""logreg_C1.0"", ""logreg_C10.0"", ""hgb_d3"", ""hgb_d6""]","[0.13697629441514317, 0.13750397552922422, 0.13850491065344522, 0.20482797611807985, 0.22913030048136274]","[5.0, 4.0, 3.0, 2.0, 1.0]",0.0,0,1,hgb_d6>hgb_d3>logreg_C10.0>logreg_C1.0>logreg_C0.1,hgb_d6,candidate_declaration_order_only_for_exact_score_ties
synth5,synth(5%),0,42,MCC_best,"[""logreg_C0.1"", ""logreg_C1.0"", ""logreg_C10.0"", ""hgb_d3"", ""hgb_d6""]","[0.327006873089089, 0.30125617754483736, 0.2982244452512185, 0.45704526507945664, 0.41438770700537403]","[3.0, 4.0, 5.0, 1.0, 2.0]",0.0,0,1,hgb_d3>hgb_d6>logreg_C0.1>logreg_C1.0>logreg_C10.0,hgb_d3,candidate_declaration_order_only_for_exact_score_ties
synth5,synth(5%),0,42,F1_best,"[""logreg_C0.1"", ""logreg_C1.0"", ""logreg_C10.0"", ""hgb_d3"", ""hgb_d6""]","[0.3541666666666667, 0.34234234234234234, 0.3392857142857143, 0.42857142857142855, 0.40350877192982454]","[3.0, 4.0, 5.0, 1.0, 2.0]",0.0,0,1,hgb_d3>hgb_d6>logreg_C0.1>logreg_C1.0>logreg_C10.0,hgb_d3,candidate_declaration_order_only_for_exact_score_ties
synth5,synth(5%),0,42,AUPRC,"[""logreg_C0.1"", ""logreg_C1.0"", ""logreg_C10.0"", ""hgb_d3"", ""hgb_d6""]","[0.29645011663065035, 0.28898830473482134, 0.28348823302779136, 0.4093323401082354, 0.4026786378425943]","[3.0, 4.0, 5.0, 1.0, 2.0]",0.0,0,1,hgb_d3>hgb_d6>logreg_C0.1>logreg_C1.0>logreg_C10.0,hgb_d3,candidate_declaration_order_only_for_exact_score_ties
synth5,synth(5%),0,42,AUROC,"[""logreg_C0.1"", ""logreg_C1.0"", ""logreg_C10.0"", ""hgb_d3"", ""hgb_d6""]","[0.791470588235294, 0.7982588235294117, 0.7973176470588235, 0.7673058823529412, 0.7801176470588236]","[3.0, 1.0, 2.0, 5.0, 4.0]",0.0,0,1,logreg_C1.0>logreg_C10.0>logreg_C0.1>hgb_d6>hgb_d3,logreg_C1.0,candidate_declaration_order_only_for_exact_score_ties
synth5,synth(5%),0,42,Brier_neg,"[""logreg_C0.1"", ""logreg_C1.0"", ""logreg_C10.0"", ""hgb_d3"", ""hgb_d6""]","[-0.045394802703298515, -0.045485074231357704, -0.0454081844595613, -0.04130589204697562, -0.04116761180854763]","[3.0, 5.0, 4.0, 2.0, 1.0]",0.0,0,1,hgb_d6>hgb_d3>logreg_C0.1>logreg_C10.0>logreg_C1.0,hgb_d6,candidate_declaration_order_only_for_exact_score_ties
synth5,synth(5%),0,42,MCC_05,"[""logreg_C0.1"", ""logreg_C1.0"", ""logreg_C10.0"", ""hgb_d3"", ""hgb_d6""]","[0.20256366361005135, 0.24291471410887155, 0.24291471410887155, 0.4370100026868157, 0.4006936717190379]","[5.0, 3.5, 3.5, 1.0, 2.0]",6.0,1,2,hgb_d3>hgb_d6>logreg_C1.0>logreg_C10.0>logreg_C0.1,hgb_d3,candidate_declaration_order_only_for_exact_score_ties
synth5,synth(5%),1,43,SoftMCC,"[""logreg_C0.1"", ""logreg_C1.0"", ""logreg_C10.0"", ""hgb_d3"", ""hgb_d6""]","[0.10591633110187752, 0.11271408016537654, 0.11210177618370841, 0.22000369350594792, 0.22447730515676279]","[5.0, 3.0, 4.0, 2.0, 1.0]",0.0,0,1,hgb_d6>hgb_d3>logreg_C1.0>logreg_C10.0>logreg_C0.1,hgb_d6,candidate_declaration_order_only_for_exact_score_ties
synth5,synth(5%),1,43,MCC_best,"[""logreg_C0.1"", ""logreg_C1.0"", ""logreg_C10.0"", ""hgb_d3"", ""hgb_d6""]","[0.3217979514674192, 0.30942459359557956, 0.30942459359557956, 0.45042330363890415, 0.44556639433950346]","[3.0, 4.5, 4.5, 1.0, 2.0]",6.0,1,2,hgb_d3>hgb_d6>logreg_C0.1>logreg_C1.0>logreg_C10.0,hgb_d3,candidate_declaration_order_only_for_exact_score_ties
synth5,synth(5%),1,43,F1_best,"[""logreg_C0.1"", ""logreg_C1.0"", ""logreg_C10.0"", ""hgb_d3"", ""hgb_d6""]","[0.3488372093023256, 0.3469387755102041, 0.3469387755102041, 0.4117647058823529, 0.46511627906976744]","[3.0, 4.5, 4.5, 2.0, 1.0]",6.0,1,2,hgb_d6>hgb_d3>logreg_C0.1>logreg_C1.0>logreg_C10.0,hgb_d6,candidate_declaration_order_only_for_exact_score_ties
synth5,synth(5%),1,43,AUPRC,"[""logreg_C0.1"", ""logreg_C1.0"", ""logreg_C10.0"", ""hgb_d3"", ""hgb_d6""]","[0.24963347985956313, 0.2737927655503988, 0.2729403947333014, 0.4386222021059515, 0.46298203233414326]","[5.0, 3.0, 4.0, 2.0, 1.0]",0.0,0,1,hgb_d6>hgb_d3>logreg_C1.0>logreg_C10.0>logreg_C0.1,hgb_d6,candidate_declaration_order_only_for_exact_score_ties
synth5,synth(5%),1,43,AUROC,"[""logreg_C0.1"", ""logreg_C1.0"", ""logreg_C10.0"", ""hgb_d3"", ""hgb_d6""]","[0.8021764705882353, 0.8028470588235295, 0.8021176470588234, 0.8050235294117646, 0.8238941176470589]","[4.0, 3.0, 5.0, 2.0, 1.0]",0.0,0,1,hgb_d6>hgb_d3>logreg_C1.0>logreg_C0.1>logreg_C10.0,hgb_d6,candidate_declaration_order_only_for_exact_score_ties
synth5,synth(5%),1,43,Brier_neg,"[""logreg_C0.1"", ""logreg_C1.0"", ""logreg_C10.0"", ""hgb_d3"", ""hgb_d6""]","[-0.046804471300570624, -0.04625173218295829, -0.046301318736746734, -0.04033520420853118, -0.03955913285797188]","[5.0, 3.0, 4.0, 2.0, 1.0]",0.0,0,1,hgb_d6>hgb_d3>logreg_C1.0>logreg_C10.0>logreg_C0.1,hgb_d6,candidate_declaration_order_only_for_exact_score_ties
synth5,synth(5%),1,43,MCC_05,"[""logreg_C0.1"", ""logreg_C1.0"", ""logreg_C10.0"", ""hgb_d3"", ""hgb_d6""]","[0.09156771056279918, 0.12964074471043288, 0.12964074471043288, 0.39077261751408615, 0.41438770700537403]","[5.0, 3.5, 3.5, 2.0, 1.0]",6.0,1,2,hgb_d6>hgb_d3>logreg_C1.0>logreg_C10.0>logreg_C0.1,hgb_d6,candidate_declaration_order_only_for_exact_score_ties
synth5,synth(5%),2,44,SoftMCC,"[""logreg_C0.1"", ""logreg_C1.0"", ""logreg_C10.0"", ""hgb_d3"", ""hgb_d6""]","[0.1710556474354056, 0.1709486183742807, 0.17115299307123946, 0.30136886751371667, 0.3175827515861122]","[4.0, 5.0, 3.0, 2.0, 1.0]",0.0,0,1,hgb_d6>hgb_d3>logreg_C10.0>logreg_C0.1>logreg_C1.0,hgb_d6,candidate_declaration_order_only_for_exact_score_ties
synth5,synth(5%),2,44,MCC_best,"[""logreg_C0.1"", ""logreg_C1.0"", ""logreg_C10.0"", ""hgb_d3"", ""hgb_d6""]","[0.4570251959096605, 0.44970023847854607, 0.4491686719598139, 0.5445811486371709, 0.5544899152380204]","[3.0, 4.0, 5.0, 2.0, 1.0]",0.0,0,1,hgb_d6>hgb_d3>logreg_C0.1>logreg_C1.0>logreg_C10.0,hgb_d6,candidate_declaration_order_only_for_exact_score_ties
synth5,synth(5%),2,44,F1_best,"[""logreg_C0.1"", ""logreg_C1.0"", ""logreg_C10.0"", ""hgb_d3"", ""hgb_d6""]","[0.48695652173913045, 0.47619047619047616, 0.47863247863247865, 0.5581395348837209, 0.5454545454545454]","[3.0, 5.0, 4.0, 1.0, 2.0]",0.0,0,1,hgb_d3>hgb_d6>logreg_C0.1>logreg_C10.0>logreg_C1.0,hgb_d3,candidate_declaration_order_only_for_exact_score_ties
synth5,synth(5%),2,44,AUPRC,"[""logreg_C0.1"", ""logreg_C1.0"", ""logreg_C10.0"", ""hgb_d3"", ""hgb_d6""]","[0.3916576617234995, 0.41097385952164456, 0.41104955677598876, 0.538231987762526, 0.5900794820116764]","[5.0, 4.0, 3.0, 2.0, 1.0]",0.0,0,1,hgb_d6>hgb_d3>logreg_C10.0>logreg_C1.0>logreg_C0.1,hgb_d6,candidate_declaration_order_only_for_exact_score_ties
synth5,synth(5%),2,44,AUROC,"[""logreg_C0.1"", ""logreg_C1.0"", ""logreg_C10.0"", ""hgb_d3"", ""hgb_d6""]","[0.8547176470588235, 0.8554705882352942, 0.8559529411764706, 0.8908, 0.895]","[5.0, 4.0, 3.0, 2.0, 1.0]",0.0,0,1,hgb_d6>hgb_d3>logreg_C10.0>logreg_C1.0>logreg_C0.1,hgb_d6,candidate_declaration_order_only_for_exact_score_ties
synth5,synth(5%),2,44,Brier_neg,"[""logreg_C0.1"", ""logreg_C1.0"", ""logreg_C10.0"", ""hgb_d3"", ""hgb_d6""]","[-0.04171272485555499, -0.04163156636283522, -0.04159088627036332, -0.03577950718432373, -0.03393877259830057]","[5.0, 4.0, 3.0, 2.0, 1.0]",0.0,0,1,hgb_d6>hgb_d3>logreg_C10.0>logreg_C1.0>logreg_C0.1,hgb_d6,candidate_declaration_order_only_for_exact_score_ties
synth5,synth(5%),2,44,MCC_05,"[""logreg_C0.1"", ""logreg_C1.0"", ""logreg_C10.0"", ""hgb_d3"", ""hgb_d6""]","[0.31013613093903053, 0.31013613093903053, 0.31013613093903053, 0.4705269531335079, 0.5197191965064278]","[4.0, 4.0, 4.0, 2.0, 1.0]",24.0,1,3,hgb_d6>hgb_d3>logreg_C0.1>logreg_C1.0>logreg_C10.0,hgb_d6,candidate_declaration_order_only_for_exact_score_ties
synth5,synth(5%),3,45,SoftMCC,"[""logreg_C0.1"", ""logreg_C1.0"", ""logreg_C10.0"", ""hgb_d3"", ""hgb_d6""]","[0.13112080737334814, 0.13533587307943684, 0.13687049598495055, 0.252585200854877, 0.27310006215359706]","[5.0, 4.0, 3.0, 2.0, 1.0]",0.0,0,1,hgb_d6>hgb_d3>logreg_C10.0>logreg_C1.0>logreg_C0.1,hgb_d6,candidate_declaration_order_only_for_exact_score_ties
synth5,synth(5%),3,45,MCC_best,"[""logreg_C0.1"", ""logreg_C1.0"", ""logreg_C10.0"", ""hgb_d3"", ""hgb_d6""]","[0.3162461160355826, 0.3265705952592206, 0.30625659739551064, 0.5197191965064278, 0.5197191965064278]","[4.0, 3.0, 5.0, 1.5, 1.5]",6.0,1,2,hgb_d3>hgb_d6>logreg_C1.0>logreg_C0.1>logreg_C10.0,hgb_d3,candidate_declaration_order_only_for_exact_score_ties
synth5,synth(5%),3,45,F1_best,"[""logreg_C0.1"", ""logreg_C1.0"", ""logreg_C10.0"", ""hgb_d3"", ""hgb_d6""]","[0.3448275862068966, 0.345679012345679, 0.3434343434343434, 0.4935064935064935, 0.4772727272727273]","[4.0, 3.0, 5.0, 1.0, 2.0]",0.0,0,1,hgb_d3>hgb_d6>logreg_C1.0>logreg_C0.1>logreg_C10.0,hgb_d3,candidate_declaration_order_only_for_exact_score_ties
synth5,synth(5%),3,45,AUPRC,"[""logreg_C0.1"", ""logreg_C1.0"", ""logreg_C10.0"", ""hgb_d3"", ""hgb_d6""]","[0.24947139669604076, 0.25473533534148846, 0.25326224729912933, 0.5096311069814379, 0.5045109811243214]","[5.0, 3.0, 4.0, 1.0, 2.0]",0.0,0,1,hgb_d3>hgb_d6>logreg_C1.0>logreg_C10.0>logreg_C0.1,hgb_d3,candidate_declaration_order_only_for_exact_score_ties
synth5,synth(5%),3,45,AUROC,"[""logreg_C0.1"", ""logreg_C1.0"", ""logreg_C10.0"", ""hgb_d3"", ""hgb_d6""]","[0.8175411764705882, 0.8152823529411765, 0.8103764705882353, 0.8713647058823529, 0.8635999999999999]","[3.0, 4.0, 5.0, 1.0, 2.0]",0.0,0,1,hgb_d3>hgb_d6>logreg_C0.1>logreg_C1.0>logreg_C10.0,hgb_d3,candidate_declaration_order_only_for_exact_score_ties
synth5,synth(5%),3,45,Brier_neg,"[""logreg_C0.1"", ""logreg_C1.0"", ""logreg_C10.0"", ""hgb_d3"", ""hgb_d6""]","[-0.04775862806622458, -0.0475793837657332, -0.04767801910445723, -0.03734052172580029, -0.037004045534589254]","[5.0, 3.0, 4.0, 2.0, 1.0]",0.0,0,1,hgb_d6>hgb_d3>logreg_C1.0>logreg_C10.0>logreg_C0.1,hgb_d6,candidate_declaration_order_only_for_exact_score_ties
synth5,synth(5%),3,45,MCC_05,"[""logreg_C0.1"", ""logreg_C1.0"", ""logreg_C10.0"", ""hgb_d3"", ""hgb_d6""]","[0.07013098674613823, 0.12964074471043288, 0.14417788413390725, 0.45863788157074264, 0.43989196569155253]","[5.0, 4.0, 3.0, 1.0, 2.0]",0.0,0,1,hgb_d3>hgb_d6>logreg_C10.0>logreg_C1.0>logreg_C0.1,hgb_d3,candidate_declaration_order_only_for_exact_score_ties
synth5,synth(5%),4,46,SoftMCC,"[""logreg_C0.1"", ""logreg_C1.0"", ""logreg_C10.0"", ""hgb_d3"", ""hgb_d6""]","[0.12532958659500587, 0.12261581541493706, 0.12385004579993296, 0.2565374089110216, 0.2823237451212656]","[3.0, 5.0, 4.0, 2.0, 1.0]",0.0,0,1,hgb_d6>hgb_d3>logreg_C0.1>logreg_C10.0>logreg_C1.0,hgb_d6,candidate_declaration_order_only_for_exact_score_ties
synth5,synth(5%),4,46,MCC_best,"[""logreg_C0.1"", ""logreg_C1.0"", ""logreg_C10.0"", ""hgb_d3"", ""hgb_d6""]","[0.32839478871459266, 0.32809700771445, 0.32809700771445, 0.45042330363890415, 0.47576427000162835]","[3.0, 4.5, 4.5, 2.0, 1.0]",6.0,1,2,hgb_d6>hgb_d3>logreg_C0.1>logreg_C1.0>logreg_C10.0,hgb_d6,candidate_declaration_order_only_for_exact_score_ties
synth5,synth(5%),4,46,F1_best,"[""logreg_C0.1"", ""logreg_C1.0"", ""logreg_C10.0"", ""hgb_d3"", ""hgb_d6""]","[0.35443037974683544, 0.35526315789473684, 0.35294117647058826, 0.45977011494252873, 0.5043478260869565]","[4.0, 3.0, 5.0, 2.0, 1.0]",0.0,0,1,hgb_d6>hgb_d3>logreg_C1.0>logreg_C0.1>logreg_C10.0,hgb_d6,candidate_declaration_order_only_for_exact_score_ties
synth5,synth(5%),4,46,AUPRC,"[""logreg_C0.1"", ""logreg_C1.0"", ""logreg_C10.0"", ""hgb_d3"", ""hgb_d6""]","[0.27329511932837597, 0.27571199983361033, 0.2815624969836246, 0.46695989993733295, 0.4988635544466437]","[5.0, 4.0, 3.0, 2.0, 1.0]",0.0,0,1,hgb_d6>hgb_d3>logreg_C10.0>logreg_C1.0>logreg_C0.1,hgb_d6,candidate_declaration_order_only_for_exact_score_ties
synth5,synth(5%),4,46,AUROC,"[""logreg_C0.1"", ""logreg_C1.0"", ""logreg_C10.0"", ""hgb_d3"", ""hgb_d6""]","[0.8032235294117647, 0.7931764705882353, 0.7934117647058823, 0.8275999999999999, 0.8338941176470587]","[3.0, 5.0, 4.0, 2.0, 1.0]",0.0,0,1,hgb_d6>hgb_d3>logreg_C0.1>logreg_C10.0>logreg_C1.0,hgb_d6,candidate_declaration_order_only_for_exact_score_ties
synth5,synth(5%),4,46,Brier_neg,"[""logreg_C0.1"", ""logreg_C1.0"", ""logreg_C10.0"", ""hgb_d3"", ""hgb_d6""]","[-0.04639364732330971, -0.046486566974279456, -0.04643528322715224, -0.038868806190721465, -0.037686688223335034]","[3.0, 5.0, 4.0, 2.0, 1.0]",0.0,0,1,hgb_d6>hgb_d3>logreg_C0.1>logreg_C10.0>logreg_C1.0,hgb_d6,candidate_declaration_order_only_for_exact_score_ties
synth5,synth(5%),4,46,MCC_05,"[""logreg_C0.1"", ""logreg_C1.0"", ""logreg_C10.0"", ""hgb_d3"", ""hgb_d6""]","[0.17765404464678666, 0.17765404464678666, 0.17765404464678666, 0.4651988035646329, 0.45704526507945664]","[4.0, 4.0, 4.0, 1.0, 2.0]",24.0,1,3,hgb_d3>hgb_d6>logreg_C0.1>logreg_C1.0>logreg_C10.0,hgb_d3,candidate_declaration_order_only_for_exact_score_ties
synth5,synth(5%),5,47,SoftMCC,"[""logreg_C0.1"", ""logreg_C1.0"", ""logreg_C10.0"", ""hgb_d3"", ""hgb_d6""]","[0.16485280611253564, 0.15991212100977067, 0.16332772877700144, 0.2892627324909909, 0.33060184857441194]","[3.0, 5.0, 4.0, 2.0, 1.0]",0.0,0,1,hgb_d6>hgb_d3>logreg_C0.1>logreg_C10.0>logreg_C1.0,hgb_d6,candidate_declaration_order_only_for_exact_score_ties
synth5,synth(5%),5,47,MCC_best,"[""logreg_C0.1"", ""logreg_C1.0"", ""logreg_C10.0"", ""hgb_d3"", ""hgb_d6""]","[0.40458741255472497, 0.4087459858216021, 0.4087459858216021, 0.5940885257860047, 0.6435959029348384]","[5.0, 3.5, 3.5, 2.0, 1.0]",6.0,1,2,hgb_d6>hgb_d3>logreg_C1.0>logreg_C10.0>logreg_C0.1,hgb_d6,candidate_declaration_order_only_for_exact_score_ties
synth5,synth(5%),5,47,F1_best,"[""logreg_C0.1"", ""logreg_C1.0"", ""logreg_C10.0"", ""hgb_d3"", ""hgb_d6""]","[0.42748091603053434, 0.4424778761061947, 0.4424778761061947, 0.6105263157894737, 0.6511627906976745]","[5.0, 3.5, 3.5, 2.0, 1.0]",6.0,1,2,hgb_d6>hgb_d3>logreg_C1.0>logreg_C10.0>logreg_C0.1,hgb_d6,candidate_declaration_order_only_for_exact_score_ties
synth5,synth(5%),5,47,AUPRC,"[""logreg_C0.1"", ""logreg_C1.0"", ""logreg_C10.0"", ""hgb_d3"", ""hgb_d6""]","[0.34091920671521975, 0.3534230397773152, 0.35737782085370284, 0.6371288827898152, 0.6540323915774555]","[5.0, 4.0, 3.0, 2.0, 1.0]",0.0,0,1,hgb_d6>hgb_d3>logreg_C10.0>logreg_C1.0>logreg_C0.1,hgb_d6,candidate_declaration_order_only_for_exact_score_ties
synth5,synth(5%),5,47,AUROC,"[""logreg_C0.1"", ""logreg_C1.0"", ""logreg_C10.0"", ""hgb_d3"", ""hgb_d6""]","[0.8824000000000001, 0.8777647058823528, 0.8779411764705882, 0.890929411764706, 0.9050470588235294]","[3.0, 5.0, 4.0, 2.0, 1.0]",0.0,0,1,hgb_d6>hgb_d3>logreg_C0.1>logreg_C10.0>logreg_C1.0,hgb_d6,candidate_declaration_order_only_for_exact_score_ties
synth5,synth(5%),5,47,Brier_neg,"[""logreg_C0.1"", ""logreg_C1.0"", ""logreg_C10.0"", ""hgb_d3"", ""hgb_d6""]","[-0.04334651606821903, -0.04345599397387474, -0.04331391044373801, -0.03284117234141206, -0.031171153195017114]","[4.0, 5.0, 3.0, 2.0, 1.0]",0.0,0,1,hgb_d6>hgb_d3>logreg_C10.0>logreg_C0.1>logreg_C1.0,hgb_d6,candidate_declaration_order_only_for_exact_score_ties
synth5,synth(5%),5,47,MCC_05,"[""logreg_C0.1"", ""logreg_C1.0"", ""logreg_C10.0"", ""hgb_d3"", ""hgb_d6""]","[0.09934646294640047, 0.09934646294640047, 0.09934646294640047, 0.49889209258103134, 0.514017991392762]","[4.0, 4.0, 4.0, 2.0, 1.0]",24.0,1,3,hgb_d6>hgb_d3>logreg_C0.1>logreg_C1.0>logreg_C10.0,hgb_d6,candidate_declaration_order_only_for_exact_score_ties
synth5,synth(5%),6,48,SoftMCC,"[""logreg_C0.1"", ""logreg_C1.0"", ""logreg_C10.0"", ""hgb_d3"", ""hgb_d6""]","[0.16328553696669335, 0.1623602464003846, 0.1662573375571149, 0.26565735567434884, 0.27996989916631915]","[4.0, 5.0, 3.0, 2.0, 1.0]",0.0,0,1,hgb_d6>hgb_d3>logreg_C10.0>logreg_C0.1>logreg_C1.0,hgb_d6,candidate_declaration_order_only_for_exact_score_ties
synth5,synth(5%),6,48,MCC_best,"[""logreg_C0.1"", ""logreg_C1.0"", ""logreg_C10.0"", ""hgb_d3"", ""hgb_d6""]","[0.3672338234892738, 0.3557350501946541, 0.36424705041906597, 0.5544899152380204, 0.5452865863931641]","[3.0, 5.0, 4.0, 1.0, 2.0]",0.0,0,1,hgb_d3>hgb_d6>logreg_C0.1>logreg_C10.0>logreg_C1.0,hgb_d3,candidate_declaration_order_only_for_exact_score_ties
synth5,synth(5%),6,48,F1_best,"[""logreg_C0.1"", ""logreg_C1.0"", ""logreg_C10.0"", ""hgb_d3"", ""hgb_d6""]","[0.4, 0.39215686274509803, 0.4, 0.5454545454545454, 0.5684210526315789]","[3.5, 5.0, 3.5, 2.0, 1.0]",6.0,1,2,hgb_d6>hgb_d3>logreg_C0.1>logreg_C10.0>logreg_C1.0,hgb_d6,candidate_declaration_order_only_for_exact_score_ties
synth5,synth(5%),6,48,AUPRC,"[""logreg_C0.1"", ""logreg_C1.0"", ""logreg_C10.0"", ""hgb_d3"", ""hgb_d6""]","[0.3253742378989357, 0.3360234642241154, 0.33827060730833153, 0.5581268168493141, 0.5788490584175329]","[5.0, 4.0, 3.0, 2.0, 1.0]",0.0,0,1,hgb_d6>hgb_d3>logreg_C10.0>logreg_C1.0>logreg_C0.1,hgb_d6,candidate_declaration_order_only_for_exact_score_ties
synth5,synth(5%),6,48,AUROC,"[""logreg_C0.1"", ""logreg_C1.0"", ""logreg_C10.0"", ""hgb_d3"", ""hgb_d6""]","[0.842, 0.8405647058823529, 0.8419529411764706, 0.8700705882352942, 0.8868588235294117]","[3.0, 5.0, 4.0, 2.0, 1.0]",0.0,0,1,hgb_d6>hgb_d3>logreg_C0.1>logreg_C10.0>logreg_C1.0,hgb_d6,candidate_declaration_order_only_for_exact_score_ties
synth5,synth(5%),6,48,Brier_neg,"[""logreg_C0.1"", ""logreg_C1.0"", ""logreg_C10.0"", ""hgb_d3"", ""hgb_d6""]","[-0.04382559652018028, -0.043657370355418494, -0.043537374430378896, -0.03565274323155468, -0.03464548139033641]","[5.0, 4.0, 3.0, 2.0, 1.0]",0.0,0,1,hgb_d6>hgb_d3>logreg_C10.0>logreg_C1.0>logreg_C0.1,hgb_d6,candidate_declaration_order_only_for_exact_score_ties
synth5,synth(5%),6,48,MCC_05,"[""logreg_C0.1"", ""logreg_C1.0"", ""logreg_C10.0"", ""hgb_d3"", ""hgb_d6""]","[0.25194550339723976, 0.2681332221799479, 0.29822120810285524, 0.4793012932694108, 0.5182885536365817]","[5.0, 4.0, 3.0, 2.0, 1.0]",0.0,0,1,hgb_d6>hgb_d3>logreg_C10.0>logreg_C1.0>logreg_C0.1,hgb_d6,candidate_declaration_order_only_for_exact_score_ties
synth5,synth(5%),7,49,SoftMCC,"[""logreg_C0.1"", ""logreg_C1.0"", ""logreg_C10.0"", ""hgb_d3"", ""hgb_d6""]","[0.14222280599045087, 0.14334191446331704, 0.14275200652755918, 0.2740618019686313, 0.28501127015168315]","[5.0, 3.0, 4.0, 2.0, 1.0]",0.0,0,1,hgb_d6>hgb_d3>logreg_C1.0>logreg_C10.0>logreg_C0.1,hgb_d6,candidate_declaration_order_only_for_exact_score_ties
synth5,synth(5%),7,49,MCC_best,"[""logreg_C0.1"", ""logreg_C1.0"", ""logreg_C10.0"", ""hgb_d3"", ""hgb_d6""]","[0.3634675465794091, 0.363573935929823, 0.36567615106976414, 0.5544899152380204, 0.5829252955066369]","[5.0, 4.0, 3.0, 2.0, 1.0]",0.0,0,1,hgb_d6>hgb_d3>logreg_C10.0>logreg_C1.0>logreg_C0.1,hgb_d6,candidate_declaration_order_only_for_exact_score_ties
synth5,synth(5%),7,49,F1_best,"[""logreg_C0.1"", ""logreg_C1.0"", ""logreg_C10.0"", ""hgb_d3"", ""hgb_d6""]","[0.38095238095238093, 0.38666666666666666, 0.38926174496644295, 0.5794392523364486, 0.5833333333333334]","[5.0, 4.0, 3.0, 2.0, 1.0]",0.0,0,1,hgb_d6>hgb_d3>logreg_C10.0>logreg_C1.0>logreg_C0.1,hgb_d6,candidate_declaration_order_only_for_exact_score_ties
synth5,synth(5%),7,49,AUPRC,"[""logreg_C0.1"", ""logreg_C1.0"", ""logreg_C10.0"", ""hgb_d3"", ""hgb_d6""]","[0.27116779245711325, 0.2847790849191642, 0.2870472109797318, 0.5830687845405089, 0.6190518146947537]","[5.0, 4.0, 3.0, 2.0, 1.0]",0.0,0,1,hgb_d6>hgb_d3>logreg_C10.0>logreg_C1.0>logreg_C0.1,hgb_d6,candidate_declaration_order_only_for_exact_score_ties
synth5,synth(5%),7,49,AUROC,"[""logreg_C0.1"", ""logreg_C1.0"", ""logreg_C10.0"", ""hgb_d3"", ""hgb_d6""]","[0.8516235294117647, 0.8526941176470588, 0.8519882352941177, 0.8868117647058822, 0.8738470588235293]","[5.0, 3.0, 4.0, 1.0, 2.0]",0.0,0,1,hgb_d3>hgb_d6>logreg_C1.0>logreg_C10.0>logreg_C0.1,hgb_d3,candidate_declaration_order_only_for_exact_score_ties
synth5,synth(5%),7,49,Brier_neg,"[""logreg_C0.1"", ""logreg_C1.0"", ""logreg_C10.0"", ""hgb_d3"", ""hgb_d6""]","[-0.04510377880907801, -0.045045172129159865, -0.045060955850558096, -0.03498157902512502, -0.03429336254966823]","[5.0, 3.0, 4.0, 2.0, 1.0]",0.0,0,1,hgb_d6>hgb_d3>logreg_C1.0>logreg_C10.0>logreg_C0.1,hgb_d6,candidate_declaration_order_only_for_exact_score_ties
synth5,synth(5%),7,49,MCC_05,"[""logreg_C0.1"", ""logreg_C1.0"", ""logreg_C10.0"", ""hgb_d3"", ""hgb_d6""]","[0.09934646294640047, 0.14417788413390725, 0.14417788413390725, 0.4370100026868157, 0.45863788157074264]","[5.0, 3.5, 3.5, 2.0, 1.0]",6.0,1,2,hgb_d6>hgb_d3>logreg_C1.0>logreg_C10.0>logreg_C0.1,hgb_d6,candidate_declaration_order_only_for_exact_score_ties
synth5,synth(5%),8,50,SoftMCC,"[""logreg_C0.1"", ""logreg_C1.0"", ""logreg_C10.0"", ""hgb_d3"", ""hgb_d6""]","[0.10439888436605205, 0.10539848515944092, 0.1079641763128324, 0.23915517919998486, 0.25395027287258415]","[5.0, 4.0, 3.0, 2.0, 1.0]",0.0,0,1,hgb_d6>hgb_d3>logreg_C10.0>logreg_C1.0>logreg_C0.1,hgb_d6,candidate_declaration_order_only_for_exact_score_ties
synth5,synth(5%),8,50,MCC_best,"[""logreg_C0.1"", ""logreg_C1.0"", ""logreg_C10.0"", ""hgb_d3"", ""hgb_d6""]","[0.2667891875399663, 0.264823182270752, 0.2764495658826387, 0.5051210375690285, 0.526054534969404]","[4.0, 5.0, 3.0, 2.0, 1.0]",0.0,0,1,hgb_d6>hgb_d3>logreg_C10.0>logreg_C0.1>logreg_C1.0,hgb_d6,candidate_declaration_order_only_for_exact_score_ties
synth5,synth(5%),8,50,F1_best,"[""logreg_C0.1"", ""logreg_C1.0"", ""logreg_C10.0"", ""hgb_d3"", ""hgb_d6""]","[0.2782608695652174, 0.2698412698412698, 0.27848101265822783, 0.5063291139240507, 0.5194805194805194]","[4.0, 5.0, 3.0, 2.0, 1.0]",0.0,0,1,hgb_d6>hgb_d3>logreg_C10.0>logreg_C0.1>logreg_C1.0,hgb_d6,candidate_declaration_order_only_for_exact_score_ties
synth5,synth(5%),8,50,AUPRC,"[""logreg_C0.1"", ""logreg_C1.0"", ""logreg_C10.0"", ""hgb_d3"", ""hgb_d6""]","[0.18473640685958467, 0.18385567100873512, 0.1936621131184868, 0.5217057609030343, 0.5391827066322163]","[4.0, 5.0, 3.0, 2.0, 1.0]",0.0,0,1,hgb_d6>hgb_d3>logreg_C10.0>logreg_C0.1>logreg_C1.0,hgb_d6,candidate_declaration_order_only_for_exact_score_ties
synth5,synth(5%),8,50,AUROC,"[""logreg_C0.1"", ""logreg_C1.0"", ""logreg_C10.0"", ""hgb_d3"", ""hgb_d6""]","[0.7889294117647059, 0.7865058823529412, 0.7881764705882354, 0.8584470588235293, 0.8725764705882353]","[3.0, 5.0, 4.0, 2.0, 1.0]",0.0,0,1,hgb_d6>hgb_d3>logreg_C0.1>logreg_C10.0>logreg_C1.0,hgb_d6,candidate_declaration_order_only_for_exact_score_ties
synth5,synth(5%),8,50,Brier_neg,"[""logreg_C0.1"", ""logreg_C1.0"", ""logreg_C10.0"", ""hgb_d3"", ""hgb_d6""]","[-0.05076912240088744, -0.05062423289215264, -0.05047013644974611, -0.03830044505662275, -0.03703648012927685]","[5.0, 4.0, 3.0, 2.0, 1.0]",0.0,0,1,hgb_d6>hgb_d3>logreg_C10.0>logreg_C1.0>logreg_C0.1,hgb_d6,candidate_declaration_order_only_for_exact_score_ties
synth5,synth(5%),8,50,MCC_05,"[""logreg_C0.1"", ""logreg_C1.0"", ""logreg_C10.0"", ""hgb_d3"", ""hgb_d6""]","[0.11311838928039336, 0.09867967802605516, 0.10546218667134724, 0.45863788157074264, 0.4793012932694108]","[3.0, 5.0, 4.0, 2.0, 1.0]",0.0,0,1,hgb_d6>hgb_d3>logreg_C0.1>logreg_C10.0>logreg_C1.0,hgb_d6,candidate_declaration_order_only_for_exact_score_ties
synth5,synth(5%),9,51,SoftMCC,"[""logreg_C0.1"", ""logreg_C1.0"", ""logreg_C10.0"", ""hgb_d3"", ""hgb_d6""]","[0.10777473148485134, 0.110196306712237, 0.11005320143072089, 0.2007544149673765, 0.2030445529196223]","[5.0, 3.0, 4.0, 2.0, 1.0]",0.0,0,1,hgb_d6>hgb_d3>logreg_C1.0>logreg_C10.0>logreg_C0.1,hgb_d6,candidate_declaration_order_only_for_exact_score_ties
synth5,synth(5%),9,51,MCC_best,"[""logreg_C0.1"", ""logreg_C1.0"", ""logreg_C10.0"", ""hgb_d3"", ""hgb_d6""]","[0.3366012569996364, 0.3669868121509415, 0.3528056395108994, 0.4329646353436726, 0.4467688682236116]","[5.0, 3.0, 4.0, 2.0, 1.0]",0.0,0,1,hgb_d6>hgb_d3>logreg_C1.0>logreg_C10.0>logreg_C0.1,hgb_d6,candidate_declaration_order_only_for_exact_score_ties
synth5,synth(5%),9,51,F1_best,"[""logreg_C0.1"", ""logreg_C1.0"", ""logreg_C10.0"", ""hgb_d3"", ""hgb_d6""]","[0.37398373983739835, 0.40350877192982454, 0.3898305084745763, 0.45161290322580644, 0.4778761061946903]","[5.0, 3.0, 4.0, 2.0, 1.0]",0.0,0,1,hgb_d6>hgb_d3>logreg_C1.0>logreg_C10.0>logreg_C0.1,hgb_d6,candidate_declaration_order_only_for_exact_score_ties
synth5,synth(5%),9,51,AUPRC,"[""logreg_C0.1"", ""logreg_C1.0"", ""logreg_C10.0"", ""hgb_d3"", ""hgb_d6""]","[0.2799884635078752, 0.28926135395841807, 0.2907222738758512, 0.43880334510237917, 0.40716318887617664]","[5.0, 4.0, 3.0, 1.0, 2.0]",0.0,0,1,hgb_d3>hgb_d6>logreg_C10.0>logreg_C1.0>logreg_C0.1,hgb_d3,candidate_declaration_order_only_for_exact_score_ties
synth5,synth(5%),9,51,AUROC,"[""logreg_C0.1"", ""logreg_C1.0"", ""logreg_C10.0"", ""hgb_d3"", ""hgb_d6""]","[0.7947764705882352, 0.8022352941176472, 0.8037764705882353, 0.8335882352941176, 0.8443647058823529]","[5.0, 4.0, 3.0, 2.0, 1.0]",0.0,0,1,hgb_d6>hgb_d3>logreg_C10.0>logreg_C1.0>logreg_C0.1,hgb_d6,candidate_declaration_order_only_for_exact_score_ties
synth5,synth(5%),9,51,Brier_neg,"[""logreg_C0.1"", ""logreg_C1.0"", ""logreg_C10.0"", ""hgb_d3"", ""hgb_d6""]","[-0.04614493144140674, -0.0459204497600517, -0.04586979458213564, -0.04096061825985518, -0.04115137190978277]","[5.0, 4.0, 3.0, 1.0, 2.0]",0.0,0,1,hgb_d3>hgb_d6>logreg_C10.0>logreg_C1.0>logreg_C0.1,hgb_d3,candidate_declaration_order_only_for_exact_score_ties
synth5,synth(5%),9,51,MCC_05,"[""logreg_C0.1"", ""logreg_C1.0"", ""logreg_C10.0"", ""hgb_d3"", ""hgb_d6""]","[0.09156771056279918, 0.07013098674613823, 0.07013098674613823, 0.31688471712175664, 0.31013613093903053]","[3.0, 4.5, 4.5, 1.0, 2.0]",6.0,1,2,hgb_d3>hgb_d6>logreg_C0.1>logreg_C1.0>logreg_C10.0,hgb_d3,candidate_declaration_order_only_for_exact_score_ties
synth5,synth(5%),10,52,SoftMCC,"[""logreg_C0.1"", ""logreg_C1.0"", ""logreg_C10.0"", ""hgb_d3"", ""hgb_d6""]","[0.12297483914895242, 0.12569479382486026, 0.12720541980773672, 0.24832983329319672, 0.25012585752657995]","[5.0, 4.0, 3.0, 2.0, 1.0]",0.0,0,1,hgb_d6>hgb_d3>logreg_C10.0>logreg_C1.0>logreg_C0.1,hgb_d6,candidate_declaration_order_only_for_exact_score_ties
synth5,synth(5%),10,52,MCC_best,"[""logreg_C0.1"", ""logreg_C1.0"", ""logreg_C10.0"", ""hgb_d3"", ""hgb_d6""]","[0.327006873089089, 0.327006873089089, 0.327006873089089, 0.47032008291392036, 0.4277574270226069]","[4.0, 4.0, 4.0, 1.0, 2.0]",24.0,1,3,hgb_d3>hgb_d6>logreg_C0.1>logreg_C1.0>logreg_C10.0,hgb_d3,candidate_declaration_order_only_for_exact_score_ties
synth5,synth(5%),10,52,F1_best,"[""logreg_C0.1"", ""logreg_C1.0"", ""logreg_C10.0"", ""hgb_d3"", ""hgb_d6""]","[0.34328358208955223, 0.3548387096774194, 0.3548387096774194, 0.4883720930232558, 0.46017699115044247]","[5.0, 3.5, 3.5, 1.0, 2.0]",6.0,1,2,hgb_d3>hgb_d6>logreg_C1.0>logreg_C10.0>logreg_C0.1,hgb_d3,candidate_declaration_order_only_for_exact_score_ties
synth5,synth(5%),10,52,AUPRC,"[""logreg_C0.1"", ""logreg_C1.0"", ""logreg_C10.0"", ""hgb_d3"", ""hgb_d6""]","[0.2935104988700344, 0.2987608690216522, 0.3132071243251132, 0.48113098503434365, 0.45843607019772714]","[5.0, 4.0, 3.0, 1.0, 2.0]",0.0,0,1,hgb_d3>hgb_d6>logreg_C10.0>logreg_C1.0>logreg_C0.1,hgb_d3,candidate_declaration_order_only_for_exact_score_ties
synth5,synth(5%),10,52,AUROC,"[""logreg_C0.1"", ""logreg_C1.0"", ""logreg_C10.0"", ""hgb_d3"", ""hgb_d6""]","[0.8094823529411765, 0.796129411764706, 0.7968470588235294, 0.845964705882353, 0.8570000000000001]","[3.0, 5.0, 4.0, 2.0, 1.0]",0.0,0,1,hgb_d6>hgb_d3>logreg_C0.1>logreg_C10.0>logreg_C1.0,hgb_d6,candidate_declaration_order_only_for_exact_score_ties
synth5,synth(5%),10,52,Brier_neg,"[""logreg_C0.1"", ""logreg_C1.0"", ""logreg_C10.0"", ""hgb_d3"", ""hgb_d6""]","[-0.04546490848553186, -0.0453156108889904, -0.04516509970525852, -0.038649153837706285, -0.03933520990854649]","[5.0, 4.0, 3.0, 1.0, 2.0]",0.0,0,1,hgb_d3>hgb_d6>logreg_C10.0>logreg_C1.0>logreg_C0.1,hgb_d3,candidate_declaration_order_only_for_exact_score_ties
synth5,synth(5%),10,52,MCC_05,"[""logreg_C0.1"", ""logreg_C1.0"", ""logreg_C10.0"", ""hgb_d3"", ""hgb_d6""]","[0.14417788413390725, 0.1993949461426377, 0.1993949461426377, 0.4006936717190379, 0.43989196569155253]","[5.0, 3.5, 3.5, 2.0, 1.0]",6.0,1,2,hgb_d6>hgb_d3>logreg_C1.0>logreg_C10.0>logreg_C0.1,hgb_d6,candidate_declaration_order_only_for_exact_score_ties
synth5,synth(5%),11,53,SoftMCC,"[""logreg_C0.1"", ""logreg_C1.0"", ""logreg_C10.0"", ""hgb_d3"", ""hgb_d6""]","[0.16257549791697506, 0.16852142233354583, 0.1692182422512153, 0.23296903036110495, 0.297055207776428]","[5.0, 4.0, 3.0, 2.0, 1.0]",0.0,0,1,hgb_d6>hgb_d3>logreg_C10.0>logreg_C1.0>logreg_C0.1,hgb_d6,candidate_declaration_order_only_for_exact_score_ties
synth5,synth(5%),11,53,MCC_best,"[""logreg_C0.1"", ""logreg_C1.0"", ""logreg_C10.0"", ""hgb_d3"", ""hgb_d6""]","[0.35308370732960964, 0.37480552397847217, 0.37982213744811644, 0.46566953183662835, 0.5719051591439668]","[5.0, 4.0, 3.0, 2.0, 1.0]",0.0,0,1,hgb_d6>hgb_d3>logreg_C10.0>logreg_C1.0>logreg_C0.1,hgb_d6,candidate_declaration_order_only_for_exact_score_ties
synth5,synth(5%),11,53,F1_best,"[""logreg_C0.1"", ""logreg_C1.0"", ""logreg_C10.0"", ""hgb_d3"", ""hgb_d6""]","[0.3829787234042553, 0.3973509933774834, 0.40268456375838924, 0.4852941176470588, 0.5961538461538461]","[5.0, 4.0, 3.0, 2.0, 1.0]",0.0,0,1,hgb_d6>hgb_d3>logreg_C10.0>logreg_C1.0>logreg_C0.1,hgb_d6,candidate_declaration_order_only_for_exact_score_ties
synth5,synth(5%),11,53,AUPRC,"[""logreg_C0.1"", ""logreg_C1.0"", ""logreg_C10.0"", ""hgb_d3"", ""hgb_d6""]","[0.34555567924280983, 0.37002442432634963, 0.3710547240138857, 0.48470757457771185, 0.5855434237179837]","[5.0, 4.0, 3.0, 2.0, 1.0]",0.0,0,1,hgb_d6>hgb_d3>logreg_C10.0>logreg_C1.0>logreg_C0.1,hgb_d6,candidate_declaration_order_only_for_exact_score_ties
synth5,synth(5%),11,53,AUROC,"[""logreg_C0.1"", ""logreg_C1.0"", ""logreg_C10.0"", ""hgb_d3"", ""hgb_d6""]","[0.8423647058823529, 0.8441411764705883, 0.8453882352941177, 0.8992941176470588, 0.915329411764706]","[5.0, 4.0, 3.0, 2.0, 1.0]",0.0,0,1,hgb_d6>hgb_d3>logreg_C10.0>logreg_C1.0>logreg_C0.1,hgb_d6,candidate_declaration_order_only_for_exact_score_ties
synth5,synth(5%),11,53,Brier_neg,"[""logreg_C0.1"", ""logreg_C1.0"", ""logreg_C10.0"", ""hgb_d3"", ""hgb_d6""]","[-0.04298148913705938, -0.042442905184333246, -0.042368387951510586, -0.03884690210170441, -0.034314016842542025]","[5.0, 4.0, 3.0, 2.0, 1.0]",0.0,0,1,hgb_d6>hgb_d3>logreg_C10.0>logreg_C1.0>logreg_C0.1,hgb_d6,candidate_declaration_order_only_for_exact_score_ties
synth5,synth(5%),11,53,MCC_05,"[""logreg_C0.1"", ""logreg_C1.0"", ""logreg_C10.0"", ""hgb_d3"", ""hgb_d6""]","[0.31688471712175664, 0.3444969128084707, 0.3444969128084707, 0.37115969012129296, 0.4705269531335079]","[5.0, 3.5, 3.5, 2.0, 1.0]",6.0,1,2,hgb_d6>hgb_d3>logreg_C1.0>logreg_C10.0>logreg_C0.1,hgb_d6,candidate_declaration_order_only_for_exact_score_ties
synth1,synth(1%),0,42,SoftMCC,"[""logreg_C0.1"", ""logreg_C1.0"", ""logreg_C10.0"", ""hgb_d3"", ""hgb_d6""]","[0.008011010259591212, 0.004678871768611916, 0.00441365554437796, 0.025831092973195986, 0.03656231799392246]","[3.0, 4.0, 5.0, 2.0, 1.0]",0.0,0,1,hgb_d6>hgb_d3>logreg_C0.1>logreg_C1.0>logreg_C10.0,hgb_d6,candidate_declaration_order_only_for_exact_score_ties
synth1,synth(1%),0,42,MCC_best,"[""logreg_C0.1"", ""logreg_C1.0"", ""logreg_C10.0"", ""hgb_d3"", ""hgb_d6""]","[0.11537717468231311, 0.08255840351892282, 0.0757960615298339, 0.13593640417013383, 0.19555763406931534]","[3.0, 4.0, 5.0, 2.0, 1.0]",0.0,0,1,hgb_d6>hgb_d3>logreg_C0.1>logreg_C1.0>logreg_C10.0,hgb_d6,candidate_declaration_order_only_for_exact_score_ties
synth1,synth(1%),0,42,F1_best,"[""logreg_C0.1"", ""logreg_C1.0"", ""logreg_C10.0"", ""hgb_d3"", ""hgb_d6""]","[0.09523809523809523, 0.08695652173913043, 0.07228915662650602, 0.12121212121212122, 0.17391304347826086]","[3.0, 4.0, 5.0, 2.0, 1.0]",0.0,0,1,hgb_d6>hgb_d3>logreg_C0.1>logreg_C1.0>logreg_C10.0,hgb_d6,candidate_declaration_order_only_for_exact_score_ties
synth1,synth(1%),0,42,AUPRC,"[""logreg_C0.1"", ""logreg_C1.0"", ""logreg_C10.0"", ""hgb_d3"", ""hgb_d6""]","[0.041486515746666244, 0.029514341469032417, 0.027108010272060203, 0.050808569438916255, 0.10565778106887927]","[3.0, 4.0, 5.0, 2.0, 1.0]",0.0,0,1,hgb_d6>hgb_d3>logreg_C0.1>logreg_C1.0>logreg_C10.0,hgb_d6,candidate_declaration_order_only_for_exact_score_ties
synth1,synth(1%),0,42,AUROC,"[""logreg_C0.1"", ""logreg_C1.0"", ""logreg_C10.0"", ""hgb_d3"", ""hgb_d6""]","[0.6591591591591591, 0.6080611861861861, 0.5952045795795796, 0.7556306306306306, 0.828734984984985]","[3.0, 4.0, 5.0, 2.0, 1.0]",0.0,0,1,hgb_d6>hgb_d3>logreg_C0.1>logreg_C1.0>logreg_C10.0,hgb_d6,candidate_declaration_order_only_for_exact_score_ties
synth1,synth(1%),0,42,Brier_neg,"[""logreg_C0.1"", ""logreg_C1.0"", ""logreg_C10.0"", ""hgb_d3"", ""hgb_d6""]","[-0.013156277542943363, -0.01317797202767024, -0.013184140643914601, -0.014499692272104901, -0.012776783178239806]","[2.0, 3.0, 4.0, 5.0, 1.0]",0.0,0,1,hgb_d6>logreg_C0.1>logreg_C1.0>logreg_C10.0>hgb_d3,hgb_d6,candidate_declaration_order_only_for_exact_score_ties
synth1,synth(1%),0,42,MCC_05,"[""logreg_C0.1"", ""logreg_C1.0"", ""logreg_C10.0"", ""hgb_d3"", ""hgb_d6""]","[0.0, 0.0, 0.0, -0.007767122075015001, 0.0]","[2.5, 2.5, 2.5, 5.0, 2.5]",60.0,1,4,logreg_C0.1>logreg_C1.0>logreg_C10.0>hgb_d6>hgb_d3,logreg_C0.1,candidate_declaration_order_only_for_exact_score_ties
synth1,synth(1%),1,43,SoftMCC,"[""logreg_C0.1"", ""logreg_C1.0"", ""logreg_C10.0"", ""hgb_d3"", ""hgb_d6""]","[0.01985361511058218, 0.017170636853892397, 0.015156170063513922, 0.05685792766089471, 0.03650595667134138]","[3.0, 4.0, 5.0, 1.0, 2.0]",0.0,0,1,hgb_d3>hgb_d6>logreg_C0.1>logreg_C1.0>logreg_C10.0,hgb_d3,candidate_declaration_order_only_for_exact_score_ties
synth1,synth(1%),1,43,MCC_best,"[""logreg_C0.1"", ""logreg_C1.0"", ""logreg_C10.0"", ""hgb_d3"", ""hgb_d6""]","[0.1293954790720906, 0.11206421176445028, 0.09867967802605516, 0.2649278388420163, 0.18693218502569456]","[3.0, 4.0, 5.0, 1.0, 2.0]",0.0,0,1,hgb_d3>hgb_d6>logreg_C0.1>logreg_C1.0>logreg_C10.0,hgb_d3,candidate_declaration_order_only_for_exact_score_ties
synth1,synth(1%),1,43,F1_best,"[""logreg_C0.1"", ""logreg_C1.0"", ""logreg_C10.0"", ""hgb_d3"", ""hgb_d6""]","[0.13043478260869565, 0.1111111111111111, 0.0967741935483871, 0.2727272727272727, 0.19047619047619047]","[3.0, 4.0, 5.0, 1.0, 2.0]",0.0,0,1,hgb_d3>hgb_d6>logreg_C0.1>logreg_C1.0>logreg_C10.0,hgb_d3,candidate_declaration_order_only_for_exact_score_ties
synth1,synth(1%),1,43,AUPRC,"[""logreg_C0.1"", ""logreg_C1.0"", ""logreg_C10.0"", ""hgb_d3"", ""hgb_d6""]","[0.037968721007441426, 0.036302418504369396, 0.031178545664829853, 0.17680590391200596, 0.07393870840230374]","[3.0, 4.0, 5.0, 1.0, 2.0]",0.0,0,1,hgb_d3>hgb_d6>logreg_C0.1>logreg_C1.0>logreg_C10.0,hgb_d3,candidate_declaration_order_only_for_exact_score_ties
synth1,synth(1%),1,43,AUROC,"[""logreg_C0.1"", ""logreg_C1.0"", ""logreg_C10.0"", ""hgb_d3"", ""hgb_d6""]","[0.6257507507507508, 0.5834271771771773, 0.5785472972972973, 0.6693412162162161, 0.6497747747747749]","[3.0, 4.0, 5.0, 1.0, 2.0]",0.0,0,1,hgb_d3>hgb_d6>logreg_C0.1>logreg_C1.0>logreg_C10.0,hgb_d3,candidate_declaration_order_only_for_exact_score_ties
synth1,synth(1%),1,43,Brier_neg,"[""logreg_C0.1"", ""logreg_C1.0"", ""logreg_C10.0"", ""hgb_d3"", ""hgb_d6""]","[-0.014160264109569118, -0.013395409848808118, -0.013300262502119476, -0.01238818847044008, -0.013018330267039701]","[5.0, 4.0, 3.0, 1.0, 2.0]",0.0,0,1,hgb_d3>hgb_d6>logreg_C10.0>logreg_C1.0>logreg_C0.1,hgb_d3,candidate_declaration_order_only_for_exact_score_ties
synth1,synth(1%),1,43,MCC_05,"[""logreg_C0.1"", ""logreg_C1.0"", ""logreg_C10.0"", ""hgb_d3"", ""hgb_d6""]","[-0.0067227745291367925, 0.0, 0.0, 0.0, 0.0]","[5.0, 2.5, 2.5, 2.5, 2.5]",60.0,1,4,logreg_C1.0>logreg_C10.0>hgb_d3>hgb_d6>logreg_C0.1,logreg_C1.0,candidate_declaration_order_only_for_exact_score_ties
synth1,synth(1%),2,44,SoftMCC,"[""logreg_C0.1"", ""logreg_C1.0"", ""logreg_C10.0"", ""hgb_d3"", ""hgb_d6""]","[0.0037366511815705335, 0.005099158501291658, 0.00493250475266817, 0.008473443826420584, 0.028460057466781413]","[5.0, 3.0, 4.0, 2.0, 1.0]",0.0,0,1,hgb_d6>hgb_d3>logreg_C1.0>logreg_C10.0>logreg_C0.1,hgb_d6,candidate_declaration_order_only_for_exact_score_ties
synth1,synth(1%),2,44,MCC_best,"[""logreg_C0.1"", ""logreg_C1.0"", ""logreg_C10.0"", ""hgb_d3"", ""hgb_d6""]","[0.10346327368936933, 0.0961036440209731, 0.0961036440209731, 0.10101759187853089, 0.22344761150006748]","[2.0, 4.5, 4.5, 3.0, 1.0]",6.0,1,2,hgb_d6>logreg_C0.1>hgb_d3>logreg_C1.0>logreg_C10.0,hgb_d6,candidate_declaration_order_only_for_exact_score_ties
synth1,synth(1%),2,44,F1_best,"[""logreg_C0.1"", ""logreg_C1.0"", ""logreg_C10.0"", ""hgb_d3"", ""hgb_d6""]","[0.06896551724137931, 0.09523809523809523, 0.09523809523809523, 0.1111111111111111, 0.20833333333333334]","[5.0, 3.5, 3.5, 2.0, 1.0]",6.0,1,2,hgb_d6>hgb_d3>logreg_C1.0>logreg_C10.0>logreg_C0.1,hgb_d6,candidate_declaration_order_only_for_exact_score_ties
synth1,synth(1%),2,44,AUPRC,"[""logreg_C0.1"", ""logreg_C1.0"", ""logreg_C10.0"", ""hgb_d3"", ""hgb_d6""]","[0.02887484521802394, 0.03752044861726269, 0.03441991381830863, 0.0431522384858793, 0.07234746976733722]","[5.0, 3.0, 4.0, 2.0, 1.0]",0.0,0,1,hgb_d6>hgb_d3>logreg_C1.0>logreg_C10.0>logreg_C0.1,hgb_d6,candidate_declaration_order_only_for_exact_score_ties
synth1,synth(1%),2,44,AUROC,"[""logreg_C0.1"", ""logreg_C1.0"", ""logreg_C10.0"", ""hgb_d3"", ""hgb_d6""]","[0.7196884384384384, 0.7053772522522523, 0.7051426426426426, 0.7274774774774775, 0.7639358108108107]","[3.0, 4.0, 5.0, 2.0, 1.0]",0.0,0,1,hgb_d6>hgb_d3>logreg_C0.1>logreg_C1.0>logreg_C10.0,hgb_d6,candidate_declaration_order_only_for_exact_score_ties
synth1,synth(1%),2,44,Brier_neg,"[""logreg_C0.1"", ""logreg_C1.0"", ""logreg_C10.0"", ""hgb_d3"", ""hgb_d6""]","[-0.013239470225757468, -0.013173211118761538, -0.01317478130878058, -0.013495171282187673, -0.012806416840949979]","[4.0, 2.0, 3.0, 5.0, 1.0]",0.0,0,1,hgb_d6>logreg_C1.0>logreg_C10.0>logreg_C0.1>hgb_d3,hgb_d6,candidate_declaration_order_only_for_exact_score_ties
synth1,synth(1%),2,44,MCC_05,"[""logreg_C0.1"", ""logreg_C1.0"", ""logreg_C10.0"", ""hgb_d3"", ""hgb_d6""]","[0.0, 0.0, 0.0, -0.003877075821119173, 0.0]","[2.5, 2.5, 2.5, 5.0, 2.5]",60.0,1,4,logreg_C0.1>logreg_C1.0>logreg_C10.0>hgb_d6>hgb_d3,logreg_C0.1,candidate_declaration_order_only_for_exact_score_ties
synth1,synth(1%),3,45,SoftMCC,"[""logreg_C0.1"", ""logreg_C1.0"", ""logreg_C10.0"", ""hgb_d3"", ""hgb_d6""]","[0.007711826888095519, 0.006703524149276491, 0.006132666031578073, 0.025279687149304276, 0.03747890011564732]","[3.0, 4.0, 5.0, 2.0, 1.0]",0.0,0,1,hgb_d6>hgb_d3>logreg_C0.1>logreg_C1.0>logreg_C10.0,hgb_d6,candidate_declaration_order_only_for_exact_score_ties
synth1,synth(1%),3,45,MCC_best,"[""logreg_C0.1"", ""logreg_C1.0"", ""logreg_C10.0"", ""hgb_d3"", ""hgb_d6""]","[0.1725111508738711, 0.16134959896024517, 0.16979370292209667, 0.24364182704125784, 0.21988448186120865]","[3.0, 5.0, 4.0, 1.0, 2.0]",0.0,0,1,hgb_d3>hgb_d6>logreg_C0.1>logreg_C10.0>logreg_C1.0,hgb_d3,candidate_declaration_order_only_for_exact_score_ties
synth1,synth(1%),3,45,F1_best,"[""logreg_C0.1"", ""logreg_C1.0"", ""logreg_C10.0"", ""hgb_d3"", ""hgb_d6""]","[0.18181818181818182, 0.136986301369863, 0.17647058823529413, 0.23255813953488372, 0.20408163265306123]","[3.0, 5.0, 4.0, 1.0, 2.0]",0.0,0,1,hgb_d3>hgb_d6>logreg_C0.1>logreg_C10.0>logreg_C1.0,hgb_d3,candidate_declaration_order_only_for_exact_score_ties
synth1,synth(1%),3,45,AUPRC,"[""logreg_C0.1"", ""logreg_C1.0"", ""logreg_C10.0"", ""hgb_d3"", ""hgb_d6""]","[0.09897455258544793, 0.11920538994085102, 0.11833777909193256, 0.10106468580747097, 0.1261250371608297]","[5.0, 2.0, 3.0, 4.0, 1.0]",0.0,0,1,hgb_d6>logreg_C1.0>logreg_C10.0>hgb_d3>logreg_C0.1,hgb_d6,candidate_declaration_order_only_for_exact_score_ties
synth1,synth(1%),3,45,AUROC,"[""logreg_C0.1"", ""logreg_C1.0"", ""logreg_C10.0"", ""hgb_d3"", ""hgb_d6""]","[0.734984984984985, 0.7058933933933934, 0.7050487987987987, 0.8107169669669669, 0.808933933933934]","[3.0, 4.0, 5.0, 1.0, 2.0]",0.0,0,1,hgb_d3>hgb_d6>logreg_C0.1>logreg_C1.0>logreg_C10.0,hgb_d3,candidate_declaration_order_only_for_exact_score_ties
synth1,synth(1%),3,45,Brier_neg,"[""logreg_C0.1"", ""logreg_C1.0"", ""logreg_C10.0"", ""hgb_d3"", ""hgb_d6""]","[-0.013007368644957216, -0.013024966150456124, -0.013038098493173117, -0.01269301815973484, -0.012528111931286131]","[3.0, 4.0, 5.0, 2.0, 1.0]",0.0,0,1,hgb_d6>hgb_d3>logreg_C0.1>logreg_C1.0>logreg_C10.0,hgb_d6,candidate_declaration_order_only_for_exact_score_ties
synth1,synth(1%),3,45,MCC_05,"[""logreg_C0.1"", ""logreg_C1.0"", ""logreg_C10.0"", ""hgb_d3"", ""hgb_d6""]","[0.0, 0.0, 0.0, 0.0, 0.0]","[3.0, 3.0, 3.0, 3.0, 3.0]",120.0,1,5,logreg_C0.1>logreg_C1.0>logreg_C10.0>hgb_d3>hgb_d6,logreg_C0.1,candidate_declaration_order_only_for_exact_score_ties
synth1,synth(1%),4,46,SoftMCC,"[""logreg_C0.1"", ""logreg_C1.0"", ""logreg_C10.0"", ""hgb_d3"", ""hgb_d6""]","[0.023271997989877585, 0.019704133159032616, 0.018709096705199824, 0.04669351143099137, 0.05822799917247867]","[3.0, 4.0, 5.0, 2.0, 1.0]",0.0,0,1,hgb_d6>hgb_d3>logreg_C0.1>logreg_C1.0>logreg_C10.0,hgb_d6,candidate_declaration_order_only_for_exact_score_ties
synth1,synth(1%),4,46,MCC_best,"[""logreg_C0.1"", ""logreg_C1.0"", ""logreg_C10.0"", ""hgb_d3"", ""hgb_d6""]","[0.2649278388420163, 0.2212766298291629, 0.23986486486486486, 0.20235586020400628, 0.31013613093903053]","[2.0, 4.0, 3.0, 5.0, 1.0]",0.0,0,1,hgb_d6>logreg_C0.1>logreg_C10.0>logreg_C1.0>hgb_d3,hgb_d6,candidate_declaration_order_only_for_exact_score_ties
synth1,synth(1%),4,46,F1_best,"[""logreg_C0.1"", ""logreg_C1.0"", ""logreg_C10.0"", ""hgb_d3"", ""hgb_d6""]","[0.2727272727272727, 0.23076923076923078, 0.25, 0.2, 0.25806451612903225]","[1.0, 4.0, 3.0, 5.0, 2.0]",0.0,0,1,logreg_C0.1>hgb_d6>logreg_C10.0>logreg_C1.0>hgb_d3,logreg_C0.1,candidate_declaration_order_only_for_exact_score_ties
synth1,synth(1%),4,46,AUPRC,"[""logreg_C0.1"", ""logreg_C1.0"", ""logreg_C10.0"", ""hgb_d3"", ""hgb_d6""]","[0.1313214059737714, 0.08817201528597365, 0.09403512685045981, 0.12181356941005, 0.1498175316943064]","[2.0, 5.0, 4.0, 3.0, 1.0]",0.0,0,1,hgb_d6>logreg_C0.1>hgb_d3>logreg_C10.0>logreg_C1.0,hgb_d6,candidate_declaration_order_only_for_exact_score_ties
synth1,synth(1%),4,46,AUROC,"[""logreg_C0.1"", ""logreg_C1.0"", ""logreg_C10.0"", ""hgb_d3"", ""hgb_d6""]","[0.7472785285285285, 0.7866460210210211, 0.7817661411411411, 0.7827045795795795, 0.8960210210210211]","[5.0, 2.0, 4.0, 3.0, 1.0]",0.0,0,1,hgb_d6>logreg_C1.0>hgb_d3>logreg_C10.0>logreg_C0.1,hgb_d6,candidate_declaration_order_only_for_exact_score_ties
synth1,synth(1%),4,46,Brier_neg,"[""logreg_C0.1"", ""logreg_C1.0"", ""logreg_C10.0"", ""hgb_d3"", ""hgb_d6""]","[-0.013019557949629097, -0.013071087875859935, -0.013091036573317722, -0.012632262674909786, -0.012256300896527239]","[3.0, 4.0, 5.0, 2.0, 1.0]",0.0,0,1,hgb_d6>hgb_d3>logreg_C0.1>logreg_C1.0>logreg_C10.0,hgb_d6,candidate_declaration_order_only_for_exact_score_ties
synth1,synth(1%),4,46,MCC_05,"[""logreg_C0.1"", ""logreg_C1.0"", ""logreg_C10.0"", ""hgb_d3"", ""hgb_d6""]","[-0.003877075821119173, -0.003877075821119173, -0.003877075821119173, -0.003877075821119173, 0.0]","[3.5, 3.5, 3.5, 3.5, 1.0]",60.0,1,4,hgb_d6>logreg_C0.1>logreg_C1.0>logreg_C10.0>hgb_d3,hgb_d6,candidate_declaration_order_only_for_exact_score_ties
synth1,synth(1%),5,47,SoftMCC,"[""logreg_C0.1"", ""logreg_C1.0"", ""logreg_C10.0"", ""hgb_d3"", ""hgb_d6""]","[0.0037395925889771335, 0.0030667207125396993, 0.002703589148589868, 0.014581325939855234, 0.022816736049227737]","[3.0, 4.0, 5.0, 2.0, 1.0]",0.0,0,1,hgb_d6>hgb_d3>logreg_C0.1>logreg_C1.0>logreg_C10.0,hgb_d6,candidate_declaration_order_only_for_exact_score_ties
synth1,synth(1%),5,47,MCC_best,"[""logreg_C0.1"", ""logreg_C1.0"", ""logreg_C10.0"", ""hgb_d3"", ""hgb_d6""]","[0.07157677389393446, 0.058527181736631344, 0.052588217526965866, 0.1740122992212915, 0.17880804898414526]","[3.0, 4.0, 5.0, 2.0, 1.0]",0.0,0,1,hgb_d6>hgb_d3>logreg_C0.1>logreg_C1.0>logreg_C10.0,hgb_d6,candidate_declaration_order_only_for_exact_score_ties
synth1,synth(1%),5,47,F1_best,"[""logreg_C0.1"", ""logreg_C1.0"", ""logreg_C10.0"", ""hgb_d3"", ""hgb_d6""]","[0.06299212598425197, 0.06666666666666667, 0.06666666666666667, 0.16666666666666666, 0.15625]","[5.0, 3.5, 3.5, 1.0, 2.0]",6.0,1,2,hgb_d3>hgb_d6>logreg_C1.0>logreg_C10.0>logreg_C0.1,hgb_d3,candidate_declaration_order_only_for_exact_score_ties
synth1,synth(1%),5,47,AUPRC,"[""logreg_C0.1"", ""logreg_C1.0"", ""logreg_C10.0"", ""hgb_d3"", ""hgb_d6""]","[0.023098369618513814, 0.020996770750989987, 0.020526053005057696, 0.048367238272663524, 0.06105774500525542]","[3.0, 4.0, 5.0, 2.0, 1.0]",0.0,0,1,hgb_d6>hgb_d3>logreg_C0.1>logreg_C1.0>logreg_C10.0,hgb_d6,candidate_declaration_order_only_for_exact_score_ties
synth1,synth(1%),5,47,AUROC,"[""logreg_C0.1"", ""logreg_C1.0"", ""logreg_C10.0"", ""hgb_d3"", ""hgb_d6""]","[0.6515578078078079, 0.5976445195195196, 0.5779842342342343, 0.6840746996996997, 0.7850506756756757]","[3.0, 4.0, 5.0, 2.0, 1.0]",0.0,0,1,hgb_d6>hgb_d3>logreg_C0.1>logreg_C1.0>logreg_C10.0,hgb_d6,candidate_declaration_order_only_for_exact_score_ties
synth1,synth(1%),5,47,Brier_neg,"[""logreg_C0.1"", ""logreg_C1.0"", ""logreg_C10.0"", ""hgb_d3"", ""hgb_d6""]","[-0.013251239578702086, -0.013326119166294184, -0.013332010708007873, -0.013156054595015836, -0.013714805920301684]","[2.0, 3.0, 4.0, 1.0, 5.0]",0.0,0,1,hgb_d3>logreg_C0.1>logreg_C1.0>logreg_C10.0>hgb_d6,hgb_d3,candidate_declaration_order_only_for_exact_score_ties
synth1,synth(1%),5,47,MCC_05,"[""logreg_C0.1"", ""logreg_C1.0"", ""logreg_C10.0"", ""hgb_d3"", ""hgb_d6""]","[0.0, 0.0, 0.0, 0.0, -0.0067227745291367925]","[2.5, 2.5, 2.5, 2.5, 5.0]",60.0,1,4,logreg_C0.1>logreg_C1.0>logreg_C10.0>hgb_d3>hgb_d6,logreg_C0.1,candidate_declaration_order_only_for_exact_score_ties
synth1,synth(1%),6,48,SoftMCC,"[""logreg_C0.1"", ""logreg_C1.0"", ""logreg_C10.0"", ""hgb_d3"", ""hgb_d6""]","[0.011217550782718251, 0.009333270021865193, 0.00894352665075712, 0.024548479142384515, 0.020457033288219077]","[3.0, 4.0, 5.0, 1.0, 2.0]",0.0,0,1,hgb_d3>hgb_d6>logreg_C0.1>logreg_C1.0>logreg_C10.0,hgb_d3,candidate_declaration_order_only_for_exact_score_ties
synth1,synth(1%),6,48,MCC_best,"[""logreg_C0.1"", ""logreg_C1.0"", ""logreg_C10.0"", ""hgb_d3"", ""hgb_d6""]","[0.23871750049096221, 0.1740122992212915, 0.17109354653697595, 0.18693218502569456, 0.18303879416633742]","[1.0, 4.0, 5.0, 2.0, 3.0]",0.0,0,1,logreg_C0.1>hgb_d3>hgb_d6>logreg_C1.0>logreg_C10.0,logreg_C0.1,candidate_declaration_order_only_for_exact_score_ties
synth1,synth(1%),6,48,F1_best,"[""logreg_C0.1"", ""logreg_C1.0"", ""logreg_C10.0"", ""hgb_d3"", ""hgb_d6""]","[0.24242424242424243, 0.17391304347826086, 0.17391304347826086, 0.18181818181818182, 0.19047619047619047]","[1.0, 4.5, 4.5, 3.0, 2.0]",6.0,1,2,logreg_C0.1>hgb_d6>hgb_d3>logreg_C1.0>logreg_C10.0,logreg_C0.1,candidate_declaration_order_only_for_exact_score_ties
synth1,synth(1%),6,48,AUPRC,"[""logreg_C0.1"", ""logreg_C1.0"", ""logreg_C10.0"", ""hgb_d3"", ""hgb_d6""]","[0.09855923348378082, 0.09386853153214353, 0.09298194411257843, 0.0951697261072261, 0.10020937597700791]","[2.0, 4.0, 5.0, 3.0, 1.0]",0.0,0,1,hgb_d6>logreg_C0.1>hgb_d3>logreg_C1.0>logreg_C10.0,hgb_d6,candidate_declaration_order_only_for_exact_score_ties
synth1,synth(1%),6,48,AUROC,"[""logreg_C0.1"", ""logreg_C1.0"", ""logreg_C10.0"", ""hgb_d3"", ""hgb_d6""]","[0.745167042042042, 0.7179992492492493, 0.7141516516516516, 0.7233014264264264, 0.6990427927927928]","[1.0, 3.0, 4.0, 2.0, 5.0]",0.0,0,1,logreg_C0.1>hgb_d3>logreg_C1.0>logreg_C10.0>hgb_d6,logreg_C0.1,candidate_declaration_order_only_for_exact_score_ties
synth1,synth(1%),6,48,Brier_neg,"[""logreg_C0.1"", ""logreg_C1.0"", ""logreg_C10.0"", ""hgb_d3"", ""hgb_d6""]","[-0.012933188312386192, -0.012968631275456121, -0.012976407426522004, -0.012694558062253431, -0.012845646279103305]","[3.0, 4.0, 5.0, 1.0, 2.0]",0.0,0,1,hgb_d3>hgb_d6>logreg_C0.1>logreg_C1.0>logreg_C10.0,hgb_d3,candidate_declaration_order_only_for_exact_score_ties
synth1,synth(1%),6,48,MCC_05,"[""logreg_C0.1"", ""logreg_C1.0"", ""logreg_C10.0"", ""hgb_d3"", ""hgb_d6""]","[0.0, 0.0, 0.0, 0.0, 0.0]","[3.0, 3.0, 3.0, 3.0, 3.0]",120.0,1,5,logreg_C0.1>logreg_C1.0>logreg_C10.0>hgb_d3>hgb_d6,logreg_C0.1,candidate_declaration_order_only_for_exact_score_ties
synth1,synth(1%),7,49,SoftMCC,"[""logreg_C0.1"", ""logreg_C1.0"", ""logreg_C10.0"", ""hgb_d3"", ""hgb_d6""]","[0.0038466082526552163, 0.0030483635327430776, 0.00301693879089914, 0.03596548281901464, 0.023392496799879318]","[3.0, 4.0, 5.0, 1.0, 2.0]",0.0,0,1,hgb_d3>hgb_d6>logreg_C0.1>logreg_C1.0>logreg_C10.0,hgb_d3,candidate_declaration_order_only_for_exact_score_ties
synth1,synth(1%),7,49,MCC_best,"[""logreg_C0.1"", ""logreg_C1.0"", ""logreg_C10.0"", ""hgb_d3"", ""hgb_d6""]","[0.08324660098518057, 0.05650030863553887, 0.07351167588851058, 0.18303879416633742, 0.18100485220239534]","[3.0, 5.0, 4.0, 1.0, 2.0]",0.0,0,1,hgb_d3>hgb_d6>logreg_C0.1>logreg_C10.0>logreg_C1.0,hgb_d3,candidate_declaration_order_only_for_exact_score_ties
synth1,synth(1%),7,49,F1_best,"[""logreg_C0.1"", ""logreg_C1.0"", ""logreg_C10.0"", ""hgb_d3"", ""hgb_d6""]","[0.06451612903225806, 0.058823529411764705, 0.08163265306122448, 0.19047619047619047, 0.15873015873015872]","[4.0, 5.0, 3.0, 1.0, 2.0]",0.0,0,1,hgb_d3>hgb_d6>logreg_C10.0>logreg_C0.1>logreg_C1.0,hgb_d3,candidate_declaration_order_only_for_exact_score_ties
synth1,synth(1%),7,49,AUPRC,"[""logreg_C0.1"", ""logreg_C1.0"", ""logreg_C10.0"", ""hgb_d3"", ""hgb_d6""]","[0.024189731182042346, 0.020044314579651612, 0.02264997601691528, 0.10064096117131599, 0.06876965884732032]","[3.0, 5.0, 4.0, 1.0, 2.0]",0.0,0,1,hgb_d3>hgb_d6>logreg_C0.1>logreg_C10.0>logreg_C1.0,hgb_d3,candidate_declaration_order_only_for_exact_score_ties
synth1,synth(1%),7,49,AUROC,"[""logreg_C0.1"", ""logreg_C1.0"", ""logreg_C10.0"", ""hgb_d3"", ""hgb_d6""]","[0.583521021021021, 0.548658033033033, 0.6067473723723723, 0.6254222972972973, 0.6701388888888888]","[4.0, 5.0, 3.0, 2.0, 1.0]",0.0,0,1,hgb_d6>hgb_d3>logreg_C10.0>logreg_C0.1>logreg_C1.0,hgb_d6,candidate_declaration_order_only_for_exact_score_ties
synth1,synth(1%),7,49,Brier_neg,"[""logreg_C0.1"", ""logreg_C1.0"", ""logreg_C10.0"", ""hgb_d3"", ""hgb_d6""]","[-0.013260567537880413, -0.01318778950347751, -0.013176874564350393, -0.012992084760290118, -0.01306370670751932]","[5.0, 4.0, 3.0, 1.0, 2.0]",0.0,0,1,hgb_d3>hgb_d6>logreg_C10.0>logreg_C1.0>logreg_C0.1,hgb_d3,candidate_declaration_order_only_for_exact_score_ties
synth1,synth(1%),7,49,MCC_05,"[""logreg_C0.1"", ""logreg_C1.0"", ""logreg_C10.0"", ""hgb_d3"", ""hgb_d6""]","[0.0, 0.0, 0.0, -0.003877075821119173, 0.0]","[2.5, 2.5, 2.5, 5.0, 2.5]",60.0,1,4,logreg_C0.1>logreg_C1.0>logreg_C10.0>hgb_d6>hgb_d3,logreg_C0.1,candidate_declaration_order_only_for_exact_score_ties
synth1,synth(1%),8,50,SoftMCC,"[""logreg_C0.1"", ""logreg_C1.0"", ""logreg_C10.0"", ""hgb_d3"", ""hgb_d6""]","[0.015531491343223444, 0.011732941559275383, 0.011391199382026219, 0.014839316456741983, 0.015434151967471981]","[1.0, 4.0, 5.0, 3.0, 2.0]",0.0,0,1,logreg_C0.1>hgb_d6>hgb_d3>logreg_C1.0>logreg_C10.0,logreg_C0.1,candidate_declaration_order_only_for_exact_score_ties
synth1,synth(1%),8,50,MCC_best,"[""logreg_C0.1"", ""logreg_C1.0"", ""logreg_C10.0"", ""hgb_d3"", ""hgb_d6""]","[0.13195287289087654, 0.1374026582732675, 0.1374026582732675, 0.1288662523218597, 0.18303879416633742]","[4.0, 2.5, 2.5, 5.0, 1.0]",6.0,1,2,hgb_d6>logreg_C1.0>logreg_C10.0>logreg_C0.1>hgb_d3,hgb_d6,candidate_declaration_order_only_for_exact_score_ties
synth1,synth(1%),8,50,F1_best,"[""logreg_C0.1"", ""logreg_C1.0"", ""logreg_C10.0"", ""hgb_d3"", ""hgb_d6""]","[0.13333333333333333, 0.13953488372093023, 0.13953488372093023, 0.12, 0.19047619047619047]","[4.0, 2.5, 2.5, 5.0, 1.0]",6.0,1,2,hgb_d6>logreg_C1.0>logreg_C10.0>logreg_C0.1>hgb_d3,hgb_d6,candidate_declaration_order_only_for_exact_score_ties
synth1,synth(1%),8,50,AUPRC,"[""logreg_C0.1"", ""logreg_C1.0"", ""logreg_C10.0"", ""hgb_d3"", ""hgb_d6""]","[0.12640831550662807, 0.11800496950033562, 0.11890246069589464, 0.07404048767816257, 0.09207027551499786]","[1.0, 3.0, 2.0, 5.0, 4.0]",0.0,0,1,logreg_C0.1>logreg_C10.0>logreg_C1.0>hgb_d6>hgb_d3,logreg_C0.1,candidate_declaration_order_only_for_exact_score_ties
synth1,synth(1%),8,50,AUROC,"[""logreg_C0.1"", ""logreg_C1.0"", ""logreg_C10.0"", ""hgb_d3"", ""hgb_d6""]","[0.6426895645645645, 0.6468186936936937, 0.6471002252252251, 0.6474286786786788, 0.6842623873873874]","[5.0, 4.0, 3.0, 2.0, 1.0]",0.0,0,1,hgb_d6>hgb_d3>logreg_C10.0>logreg_C1.0>logreg_C0.1,hgb_d6,candidate_declaration_order_only_for_exact_score_ties
synth1,synth(1%),8,50,Brier_neg,"[""logreg_C0.1"", ""logreg_C1.0"", ""logreg_C10.0"", ""hgb_d3"", ""hgb_d6""]","[-0.012897195006419792, -0.012969813580255106, -0.012976525387315993, -0.013010948799101047, -0.012955782738605369]","[1.0, 3.0, 4.0, 5.0, 2.0]",0.0,0,1,logreg_C0.1>hgb_d6>logreg_C1.0>logreg_C10.0>hgb_d3,logreg_C0.1,candidate_declaration_order_only_for_exact_score_ties
synth1,synth(1%),8,50,MCC_05,"[""logreg_C0.1"", ""logreg_C1.0"", ""logreg_C10.0"", ""hgb_d3"", ""hgb_d6""]","[0.0, 0.0, 0.0, 0.0, 0.0]","[3.0, 3.0, 3.0, 3.0, 3.0]",120.0,1,5,logreg_C0.1>logreg_C1.0>logreg_C10.0>hgb_d3>hgb_d6,logreg_C0.1,candidate_declaration_order_only_for_exact_score_ties
synth1,synth(1%),9,51,SoftMCC,"[""logreg_C0.1"", ""logreg_C1.0"", ""logreg_C10.0"", ""hgb_d3"", ""hgb_d6""]","[0.018186191340759314, 0.015298407418909702, 0.014812352307330892, 0.05299456871053878, 0.07082881728828133]","[3.0, 4.0, 5.0, 2.0, 1.0]",0.0,0,1,hgb_d6>hgb_d3>logreg_C0.1>logreg_C1.0>logreg_C10.0,hgb_d6,candidate_declaration_order_only_for_exact_score_ties
synth1,synth(1%),9,51,MCC_best,"[""logreg_C0.1"", ""logreg_C1.0"", ""logreg_C10.0"", ""hgb_d3"", ""hgb_d6""]","[0.15794494481232024, 0.15481433659130614, 0.1538867539982992, 0.18303879416633742, 0.16339987400699876]","[3.0, 4.0, 5.0, 1.0, 2.0]",0.0,0,1,hgb_d3>hgb_d6>logreg_C0.1>logreg_C1.0>logreg_C10.0,hgb_d3,candidate_declaration_order_only_for_exact_score_ties
synth1,synth(1%),9,51,F1_best,"[""logreg_C0.1"", ""logreg_C1.0"", ""logreg_C10.0"", ""hgb_d3"", ""hgb_d6""]","[0.15, 0.14285714285714285, 0.13333333333333333, 0.19047619047619047, 0.17391304347826086]","[3.0, 4.0, 5.0, 1.0, 2.0]",0.0,0,1,hgb_d3>hgb_d6>logreg_C0.1>logreg_C1.0>logreg_C10.0,hgb_d3,candidate_declaration_order_only_for_exact_score_ties
synth1,synth(1%),9,51,AUPRC,"[""logreg_C0.1"", ""logreg_C1.0"", ""logreg_C10.0"", ""hgb_d3"", ""hgb_d6""]","[0.05884121202316884, 0.05135086058086141, 0.049247941065475746, 0.1953506589647995, 0.14603479604646188]","[3.0, 4.0, 5.0, 1.0, 2.0]",0.0,0,1,hgb_d3>hgb_d6>logreg_C0.1>logreg_C1.0>logreg_C10.0,hgb_d3,candidate_declaration_order_only_for_exact_score_ties
synth1,synth(1%),9,51,AUROC,"[""logreg_C0.1"", ""logreg_C1.0"", ""logreg_C10.0"", ""hgb_d3"", ""hgb_d6""]","[0.7242867867867868, 0.7048611111111113, 0.7022804054054055, 0.7460585585585586, 0.7574136636636637]","[3.0, 4.0, 5.0, 2.0, 1.0]",0.0,0,1,hgb_d6>hgb_d3>logreg_C0.1>logreg_C1.0>logreg_C10.0,hgb_d6,candidate_declaration_order_only_for_exact_score_ties
synth1,synth(1%),9,51,Brier_neg,"[""logreg_C0.1"", ""logreg_C1.0"", ""logreg_C10.0"", ""hgb_d3"", ""hgb_d6""]","[-0.013102308629305403, -0.013088558665832025, -0.013093287074131762, -0.012558436493453345, -0.012793656268350394]","[5.0, 3.0, 4.0, 1.0, 2.0]",0.0,0,1,hgb_d3>hgb_d6>logreg_C1.0>logreg_C10.0>logreg_C0.1,hgb_d3,candidate_declaration_order_only_for_exact_score_ties
synth1,synth(1%),9,51,MCC_05,"[""logreg_C0.1"", ""logreg_C1.0"", ""logreg_C10.0"", ""hgb_d3"", ""hgb_d6""]","[0.0, 0.0, 0.0, 0.0, 0.161346588699283]","[3.5, 3.5, 3.5, 3.5, 1.0]",60.0,1,4,hgb_d6>logreg_C0.1>logreg_C1.0>logreg_C10.0>hgb_d3,hgb_d6,candidate_declaration_order_only_for_exact_score_ties
synth1,synth(1%),10,52,SoftMCC,"[""logreg_C0.1"", ""logreg_C1.0"", ""logreg_C10.0"", ""hgb_d3"", ""hgb_d6""]","[0.053487470623264116, 0.04758953708432795, 0.047024615659931095, 0.03589166652672122, 0.03491956647131667]","[1.0, 2.0, 3.0, 4.0, 5.0]",0.0,0,1,logreg_C0.1>logreg_C1.0>logreg_C10.0>hgb_d3>hgb_d6,logreg_C0.1,candidate_declaration_order_only_for_exact_score_ties
synth1,synth(1%),10,52,MCC_best,"[""logreg_C0.1"", ""logreg_C1.0"", ""logreg_C10.0"", ""hgb_d3"", ""hgb_d6""]","[0.31106858902204687, 0.23986486486486486, 0.23986486486486486, 0.19097826365056025, 0.18349696386387518]","[1.0, 2.5, 2.5, 4.0, 5.0]",6.0,1,2,logreg_C0.1>logreg_C1.0>logreg_C10.0>hgb_d3>hgb_d6,logreg_C0.1,candidate_declaration_order_only_for_exact_score_ties
synth1,synth(1%),10,52,F1_best,"[""logreg_C0.1"", ""logreg_C1.0"", ""logreg_C10.0"", ""hgb_d3"", ""hgb_d6""]","[0.3125, 0.25, 0.25, 0.2, 0.18181818181818182]","[1.0, 2.5, 2.5, 4.0, 5.0]",6.0,1,2,logreg_C0.1>logreg_C1.0>logreg_C10.0>hgb_d3>hgb_d6,logreg_C0.1,candidate_declaration_order_only_for_exact_score_ties
synth1,synth(1%),10,52,AUPRC,"[""logreg_C0.1"", ""logreg_C1.0"", ""logreg_C10.0"", ""hgb_d3"", ""hgb_d6""]","[0.23468310697914002, 0.1633033441402556, 0.16271218210532373, 0.17846603483269796, 0.11735166637438216]","[1.0, 3.0, 4.0, 2.0, 5.0]",0.0,0,1,logreg_C0.1>hgb_d3>logreg_C1.0>logreg_C10.0>hgb_d6,logreg_C0.1,candidate_declaration_order_only_for_exact_score_ties
synth1,synth(1%),10,52,AUROC,"[""logreg_C0.1"", ""logreg_C1.0"", ""logreg_C10.0"", ""hgb_d3"", ""hgb_d6""]","[0.8284534534534533, 0.8060716966966965, 0.8054147897897899, 0.7417886636636637, 0.8062593843843844]","[1.0, 3.0, 4.0, 5.0, 2.0]",0.0,0,1,logreg_C0.1>hgb_d6>logreg_C1.0>logreg_C10.0>hgb_d3,logreg_C0.1,candidate_declaration_order_only_for_exact_score_ties
synth1,synth(1%),10,52,Brier_neg,"[""logreg_C0.1"", ""logreg_C1.0"", ""logreg_C10.0"", ""hgb_d3"", ""hgb_d6""]","[-0.012097616530456599, -0.012304635212580989, -0.012340401763053838, -0.012415338062999373, -0.012823889854601265]","[1.0, 2.0, 3.0, 4.0, 5.0]",0.0,0,1,logreg_C0.1>logreg_C1.0>logreg_C10.0>hgb_d3>hgb_d6,logreg_C0.1,candidate_declaration_order_only_for_exact_score_ties
synth1,synth(1%),10,52,MCC_05,"[""logreg_C0.1"", ""logreg_C1.0"", ""logreg_C10.0"", ""hgb_d3"", ""hgb_d6""]","[0.0, 0.0, 0.0, 0.0, -0.003877075821119173]","[2.5, 2.5, 2.5, 2.5, 5.0]",60.0,1,4,logreg_C0.1>logreg_C1.0>logreg_C10.0>hgb_d3>hgb_d6,logreg_C0.1,candidate_declaration_order_only_for_exact_score_ties
synth1,synth(1%),11,53,SoftMCC,"[""logreg_C0.1"", ""logreg_C1.0"", ""logreg_C10.0"", ""hgb_d3"", ""hgb_d6""]","[-0.0006155872524578848, -0.0014145447751932442, -0.0014379593673294457, 0.013665474638377374, 0.008081396135879448]","[3.0, 4.0, 5.0, 1.0, 2.0]",0.0,0,1,hgb_d3>hgb_d6>logreg_C0.1>logreg_C1.0>logreg_C10.0,hgb_d3,candidate_declaration_order_only_for_exact_score_ties
synth1,synth(1%),11,53,MCC_best,"[""logreg_C0.1"", ""logreg_C1.0"", ""logreg_C10.0"", ""hgb_d3"", ""hgb_d6""]","[0.03364603523251786, 0.025706362384963516, 0.03496590231466285, 0.08364702377553088, 0.12588628306125707]","[4.0, 5.0, 3.0, 2.0, 1.0]",0.0,0,1,hgb_d6>hgb_d3>logreg_C10.0>logreg_C0.1>logreg_C1.0,hgb_d6,candidate_declaration_order_only_for_exact_score_ties
synth1,synth(1%),11,53,F1_best,"[""logreg_C0.1"", ""logreg_C1.0"", ""logreg_C10.0"", ""hgb_d3"", ""hgb_d6""]","[0.04878048780487805, 0.041666666666666664, 0.05, 0.08, 0.125]","[4.0, 5.0, 3.0, 2.0, 1.0]",0.0,0,1,hgb_d6>hgb_d3>logreg_C10.0>logreg_C0.1>logreg_C1.0,hgb_d6,candidate_declaration_order_only_for_exact_score_ties
synth1,synth(1%),11,53,AUPRC,"[""logreg_C0.1"", ""logreg_C1.0"", ""logreg_C10.0"", ""hgb_d3"", ""hgb_d6""]","[0.01621101497260521, 0.014287189461482358, 0.014810940690165005, 0.06226290865141183, 0.045433849765196224]","[3.0, 5.0, 4.0, 1.0, 2.0]",0.0,0,1,hgb_d3>hgb_d6>logreg_C0.1>logreg_C10.0>logreg_C1.0,hgb_d3,candidate_declaration_order_only_for_exact_score_ties
synth1,synth(1%),11,53,AUROC,"[""logreg_C0.1"", ""logreg_C1.0"", ""logreg_C10.0"", ""hgb_d3"", ""hgb_d6""]","[0.5134196696696697, 0.46448010510510507, 0.4679054054054054, 0.5966122372372372, 0.6815409159159159]","[3.0, 5.0, 4.0, 2.0, 1.0]",0.0,0,1,hgb_d6>hgb_d3>logreg_C0.1>logreg_C10.0>logreg_C1.0,hgb_d6,candidate_declaration_order_only_for_exact_score_ties
synth1,synth(1%),11,53,Brier_neg,"[""logreg_C0.1"", ""logreg_C1.0"", ""logreg_C10.0"", ""hgb_d3"", ""hgb_d6""]","[-0.013464195043697972, -0.013564951409532398, -0.013574038275080197, -0.012996168715918209, -0.014205735121750756]","[2.0, 3.0, 4.0, 1.0, 5.0]",0.0,0,1,hgb_d3>logreg_C0.1>logreg_C1.0>logreg_C10.0>hgb_d6,hgb_d3,candidate_declaration_order_only_for_exact_score_ties
synth1,synth(1%),11,53,MCC_05,"[""logreg_C0.1"", ""logreg_C1.0"", ""logreg_C10.0"", ""hgb_d3"", ""hgb_d6""]","[0.0, 0.0, 0.0, 0.0, -0.007767122075015001]","[2.5, 2.5, 2.5, 2.5, 5.0]",60.0,1,4,logreg_C0.1>logreg_C1.0>logreg_C10.0>hgb_d3>hgb_d6,logreg_C0.1,candidate_declaration_order_only_for_exact_score_ties
cc10,creditcard(1%),0,42,SoftMCC,"[""logreg_C0.1"", ""logreg_C1.0"", ""logreg_C10.0"", ""hgb_d3"", ""hgb_d6""]","[0.7898043393128471, 0.8110793539653193, 0.8120476351524891, 0.8093351392507648, 0.8218264297402762]","[5.0, 3.0, 2.0, 4.0, 1.0]",0.0,0,1,hgb_d6>logreg_C10.0>logreg_C1.0>hgb_d3>logreg_C0.1,hgb_d6,candidate_declaration_order_only_for_exact_score_ties
cc10,creditcard(1%),0,42,MCC_best,"[""logreg_C0.1"", ""logreg_C1.0"", ""logreg_C10.0"", ""hgb_d3"", ""hgb_d6""]","[0.8766050905185895, 0.8857462278871755, 0.8857462278871755, 0.8948873652557614, 0.8948873652557614]","[5.0, 3.5, 3.5, 1.5, 1.5]",12.0,2,2,hgb_d3>hgb_d6>logreg_C1.0>logreg_C10.0>logreg_C0.1,hgb_d3,candidate_declaration_order_only_for_exact_score_ties
cc10,creditcard(1%),0,42,F1_best,"[""logreg_C0.1"", ""logreg_C1.0"", ""logreg_C10.0"", ""hgb_d3"", ""hgb_d6""]","[0.8778280542986425, 0.8868778280542986, 0.8868778280542986, 0.8959276018099548, 0.8959276018099548]","[5.0, 3.5, 3.5, 1.5, 1.5]",12.0,2,2,hgb_d3>hgb_d6>logreg_C1.0>logreg_C10.0>logreg_C0.1,hgb_d3,candidate_declaration_order_only_for_exact_score_ties
cc10,creditcard(1%),0,42,AUPRC,"[""logreg_C0.1"", ""logreg_C1.0"", ""logreg_C10.0"", ""hgb_d3"", ""hgb_d6""]","[0.9008769480048417, 0.9011340876115679, 0.9013420169842155, 0.9227851480636017, 0.9196235461701757]","[5.0, 4.0, 3.0, 1.0, 2.0]",0.0,0,1,hgb_d3>hgb_d6>logreg_C10.0>logreg_C1.0>logreg_C0.1,hgb_d3,candidate_declaration_order_only_for_exact_score_ties
cc10,creditcard(1%),0,42,AUROC,"[""logreg_C0.1"", ""logreg_C1.0"", ""logreg_C10.0"", ""hgb_d3"", ""hgb_d6""]","[0.988342860935724, 0.9848079683390444, 0.9846034498494114, 0.9859935947961868, 0.9817323089432244]","[1.0, 3.0, 4.0, 2.0, 5.0]",0.0,0,1,logreg_C0.1>hgb_d3>logreg_C1.0>logreg_C10.0>hgb_d6,logreg_C0.1,candidate_declaration_order_only_for_exact_score_ties
cc10,creditcard(1%),0,42,Brier_neg,"[""logreg_C0.1"", ""logreg_C1.0"", ""logreg_C10.0"", ""hgb_d3"", ""hgb_d6""]","[-0.0016181622291804455, -0.0014776161477344167, -0.0014845304072084978, -0.0013696720848399998, -0.001331955793598477]","[5.0, 3.0, 4.0, 2.0, 1.0]",0.0,0,1,hgb_d6>hgb_d3>logreg_C1.0>logreg_C10.0>logreg_C0.1,hgb_d6,candidate_declaration_order_only_for_exact_score_ties
cc10,creditcard(1%),0,42,MCC_05,"[""logreg_C0.1"", ""logreg_C1.0"", ""logreg_C10.0"", ""hgb_d3"", ""hgb_d6""]","[0.9139571656652224, 0.9188111448723522, 0.9188111448723522, 0.929405761019568, 0.934002713570288]","[5.0, 3.5, 3.5, 2.0, 1.0]",6.0,1,2,hgb_d6>hgb_d3>logreg_C1.0>logreg_C10.0>logreg_C0.1,hgb_d6,candidate_declaration_order_only_for_exact_score_ties
cc10,creditcard(1%),1,43,SoftMCC,"[""logreg_C0.1"", ""logreg_C1.0"", ""logreg_C10.0"", ""hgb_d3"", ""hgb_d6""]","[0.7441736545590769, 0.7639381301872574, 0.7725604452376912, 0.7785468763215428, 0.7873533279678259]","[5.0, 4.0, 3.0, 2.0, 1.0]",0.0,0,1,hgb_d6>hgb_d3>logreg_C10.0>logreg_C1.0>logreg_C0.1,hgb_d6,candidate_declaration_order_only_for_exact_score_ties
cc10,creditcard(1%),1,43,MCC_best,"[""logreg_C0.1"", ""logreg_C1.0"", ""logreg_C10.0"", ""hgb_d3"", ""hgb_d6""]","[0.8126147353492743, 0.8126147353492743, 0.7998244855647183, 0.8308972436333802, 0.8308972436333802]","[3.5, 3.5, 5.0, 1.5, 1.5]",12.0,2,2,hgb_d3>hgb_d6>logreg_C0.1>logreg_C1.0>logreg_C10.0,hgb_d3,candidate_declaration_order_only_for_exact_score_ties
cc10,creditcard(1%),1,43,F1_best,"[""logreg_C0.1"", ""logreg_C1.0"", ""logreg_C10.0"", ""hgb_d3"", ""hgb_d6""]","[0.8144796380090498, 0.8144796380090498, 0.8018018018018018, 0.832579185520362, 0.832579185520362]","[3.5, 3.5, 5.0, 1.5, 1.5]",12.0,2,2,hgb_d3>hgb_d6>logreg_C0.1>logreg_C1.0>logreg_C10.0,hgb_d3,candidate_declaration_order_only_for_exact_score_ties
cc10,creditcard(1%),1,43,AUPRC,"[""logreg_C0.1"", ""logreg_C1.0"", ""logreg_C10.0"", ""hgb_d3"", ""hgb_d6""]","[0.8287648834863613, 0.8143009759862067, 0.8137873258251459, 0.8611520808088978, 0.8302818861121237]","[3.0, 4.0, 5.0, 1.0, 2.0]",0.0,0,1,hgb_d3>hgb_d6>logreg_C0.1>logreg_C1.0>logreg_C10.0,hgb_d3,candidate_declaration_order_only_for_exact_score_ties
cc10,creditcard(1%),1,43,AUROC,"[""logreg_C0.1"", ""logreg_C1.0"", ""logreg_C10.0"", ""hgb_d3"", ""hgb_d6""]","[0.9680019605725537, 0.9651653610028826, 0.961784619474467, 0.9670760884916052, 0.9629971006787237]","[1.0, 3.0, 5.0, 2.0, 4.0]",0.0,0,1,logreg_C0.1>hgb_d3>logreg_C1.0>hgb_d6>logreg_C10.0,logreg_C0.1,candidate_declaration_order_only_for_exact_score_ties
cc10,creditcard(1%),1,43,Brier_neg,"[""logreg_C0.1"", ""logreg_C1.0"", ""logreg_C10.0"", ""hgb_d3"", ""hgb_d6""]","[-0.0027699000592897195, -0.0026182956779211087, -0.0025038340987127198, -0.002505218328637903, -0.0023938137318545395]","[5.0, 4.0, 2.0, 3.0, 1.0]",0.0,0,1,hgb_d6>logreg_C10.0>hgb_d3>logreg_C1.0>logreg_C0.1,hgb_d6,candidate_declaration_order_only_for_exact_score_ties
cc10,creditcard(1%),1,43,MCC_05,"[""logreg_C0.1"", ""logreg_C1.0"", ""logreg_C10.0"", ""hgb_d3"", ""hgb_d6""]","[0.8461335775971827, 0.8558564905816816, 0.8595668904704341, 0.8524581451399207, 0.8611397263127589]","[5.0, 3.0, 2.0, 4.0, 1.0]",0.0,0,1,hgb_d6>logreg_C10.0>logreg_C1.0>hgb_d3>logreg_C0.1,hgb_d6,candidate_declaration_order_only_for_exact_score_ties
cc10,creditcard(1%),2,44,SoftMCC,"[""logreg_C0.1"", ""logreg_C1.0"", ""logreg_C10.0"", ""hgb_d3"", ""hgb_d6""]","[0.766250800355257, 0.7904978767789591, 0.796040455876162, 0.8027326830458259, 0.8070845217997138]","[5.0, 4.0, 3.0, 2.0, 1.0]",0.0,0,1,hgb_d6>hgb_d3>logreg_C10.0>logreg_C1.0>logreg_C0.1,hgb_d6,candidate_declaration_order_only_for_exact_score_ties
cc10,creditcard(1%),2,44,MCC_best,"[""logreg_C0.1"", ""logreg_C1.0"", ""logreg_C10.0"", ""hgb_d3"", ""hgb_d6""]","[0.9017945329395551, 0.9107368405764166, 0.9286214558501392, 0.9196791482132779, 0.9196791482132779]","[5.0, 4.0, 1.0, 2.5, 2.5]",6.0,1,2,logreg_C10.0>hgb_d3>hgb_d6>logreg_C1.0>logreg_C0.1,logreg_C10.0,candidate_declaration_order_only_for_exact_score_ties
cc10,creditcard(1%),2,44,F1_best,"[""logreg_C0.1"", ""logreg_C1.0"", ""logreg_C10.0"", ""hgb_d3"", ""hgb_d6""]","[0.9026548672566371, 0.911504424778761, 0.9292035398230089, 0.9203539823008849, 0.9203539823008849]","[5.0, 4.0, 1.0, 2.5, 2.5]",6.0,1,2,logreg_C10.0>hgb_d3>hgb_d6>logreg_C1.0>logreg_C0.1,logreg_C10.0,candidate_declaration_order_only_for_exact_score_ties
cc10,creditcard(1%),2,44,AUPRC,"[""logreg_C0.1"", ""logreg_C1.0"", ""logreg_C10.0"", ""hgb_d3"", ""hgb_d6""]","[0.9194627097199791, 0.9172336186449684, 0.9175864591508132, 0.9164769290661221, 0.9307112487691307]","[2.0, 4.0, 3.0, 5.0, 1.0]",0.0,0,1,hgb_d6>logreg_C0.1>logreg_C10.0>logreg_C1.0>hgb_d3,hgb_d6,candidate_declaration_order_only_for_exact_score_ties
cc10,creditcard(1%),2,44,AUROC,"[""logreg_C0.1"", ""logreg_C1.0"", ""logreg_C10.0"", ""hgb_d3"", ""hgb_d6""]","[0.9873553538443205, 0.9840741255685542, 0.9834572069835343, 0.983398017756768, 0.9806780940274497]","[1.0, 2.0, 3.0, 4.0, 5.0]",0.0,0,1,logreg_C0.1>logreg_C1.0>logreg_C10.0>hgb_d3>hgb_d6,logreg_C0.1,candidate_declaration_order_only_for_exact_score_ties
cc10,creditcard(1%),2,44,Brier_neg,"[""logreg_C0.1"", ""logreg_C1.0"", ""logreg_C10.0"", ""hgb_d3"", ""hgb_d6""]","[-0.0018165241817884599, -0.001607976460993078, -0.0015756379712899304, -0.0014984027739662615, -0.001550634159553922]","[5.0, 4.0, 3.0, 1.0, 2.0]",0.0,0,1,hgb_d3>hgb_d6>logreg_C10.0>logreg_C1.0>logreg_C0.1,hgb_d3,candidate_declaration_order_only_for_exact_score_ties
cc10,creditcard(1%),2,44,MCC_05,"[""logreg_C0.1"", ""logreg_C1.0"", ""logreg_C10.0"", ""hgb_d3"", ""hgb_d6""]","[0.8790869743261535, 0.8838112633272205, 0.8990758536997504, 0.9039262799401191, 0.9080966760996285]","[5.0, 4.0, 3.0, 2.0, 1.0]",0.0,0,1,hgb_d6>hgb_d3>logreg_C10.0>logreg_C1.0>logreg_C0.1,hgb_d6,candidate_declaration_order_only_for_exact_score_ties
cc10,creditcard(1%),3,45,SoftMCC,"[""logreg_C0.1"", ""logreg_C1.0"", ""logreg_C10.0"", ""hgb_d3"", ""hgb_d6""]","[0.7617991921352127, 0.7613148809636142, 0.7669860696651208, 0.7612643799001413, 0.7733323694135159]","[3.0, 4.0, 2.0, 5.0, 1.0]",0.0,0,1,hgb_d6>logreg_C10.0>logreg_C0.1>logreg_C1.0>hgb_d3,hgb_d6,candidate_declaration_order_only_for_exact_score_ties
cc10,creditcard(1%),3,45,MCC_best,"[""logreg_C0.1"", ""logreg_C1.0"", ""logreg_C10.0"", ""hgb_d3"", ""hgb_d6""]","[0.8361983442591877, 0.8361983442591877, 0.8452984362447884, 0.8543985282303891, 0.8543985282303891]","[4.5, 4.5, 3.0, 1.5, 1.5]",12.0,2,2,hgb_d3>hgb_d6>logreg_C10.0>logreg_C0.1>logreg_C1.0,hgb_d3,candidate_declaration_order_only_for_exact_score_ties
cc10,creditcard(1%),3,45,F1_best,"[""logreg_C0.1"", ""logreg_C1.0"", ""logreg_C10.0"", ""hgb_d3"", ""hgb_d6""]","[0.8378378378378378, 0.8378378378378378, 0.8468468468468469, 0.8558558558558559, 0.8558558558558559]","[4.5, 4.5, 3.0, 1.5, 1.5]",12.0,2,2,hgb_d3>hgb_d6>logreg_C10.0>logreg_C0.1>logreg_C1.0,hgb_d3,candidate_declaration_order_only_for_exact_score_ties
cc10,creditcard(1%),3,45,AUPRC,"[""logreg_C0.1"", ""logreg_C1.0"", ""logreg_C10.0"", ""hgb_d3"", ""hgb_d6""]","[0.8620228969568606, 0.8551590913744722, 0.8562556722581527, 0.8490023201680078, 0.8494227856721273]","[1.0, 3.0, 2.0, 5.0, 4.0]",0.0,0,1,logreg_C0.1>logreg_C10.0>logreg_C1.0>hgb_d6>hgb_d3,logreg_C0.1,candidate_declaration_order_only_for_exact_score_ties
cc10,creditcard(1%),3,45,AUROC,"[""logreg_C0.1"", ""logreg_C1.0"", ""logreg_C10.0"", ""hgb_d3"", ""hgb_d6""]","[0.9757226941852135, 0.9748688938505862, 0.975613969010453, 0.9680856737965765, 0.9755676069548006]","[1.0, 4.0, 2.0, 5.0, 3.0]",0.0,0,1,logreg_C0.1>logreg_C10.0>hgb_d6>logreg_C1.0>hgb_d3,logreg_C0.1,candidate_declaration_order_only_for_exact_score_ties
cc10,creditcard(1%),3,45,Brier_neg,"[""logreg_C0.1"", ""logreg_C1.0"", ""logreg_C10.0"", ""hgb_d3"", ""hgb_d6""]","[-0.002339887324132627, -0.0024068802660007355, -0.0023914591780031347, -0.002191195319944532, -0.002103162742107769]","[3.0, 5.0, 4.0, 2.0, 1.0]",0.0,0,1,hgb_d6>hgb_d3>logreg_C0.1>logreg_C10.0>logreg_C1.0,hgb_d6,candidate_declaration_order_only_for_exact_score_ties
cc10,creditcard(1%),3,45,MCC_05,"[""logreg_C0.1"", ""logreg_C1.0"", ""logreg_C10.0"", ""hgb_d3"", ""hgb_d6""]","[0.8608965057450275, 0.8602443053703834, 0.8549833335135083, 0.8661174524047731, 0.8816036685492885]","[3.0, 4.0, 5.0, 2.0, 1.0]",0.0,0,1,hgb_d6>hgb_d3>logreg_C0.1>logreg_C1.0>logreg_C10.0,hgb_d6,candidate_declaration_order_only_for_exact_score_ties
cc10,creditcard(1%),4,46,SoftMCC,"[""logreg_C0.1"", ""logreg_C1.0"", ""logreg_C10.0"", ""hgb_d3"", ""hgb_d6""]","[0.7356807982189942, 0.7360544719263434, 0.7316078288169747, 0.7599026619616104, 0.7657903714199218]","[4.0, 3.0, 5.0, 2.0, 1.0]",0.0,0,1,hgb_d6>hgb_d3>logreg_C1.0>logreg_C0.1>logreg_C10.0,hgb_d6,candidate_declaration_order_only_for_exact_score_ties
cc10,creditcard(1%),4,46,MCC_best,"[""logreg_C0.1"", ""logreg_C1.0"", ""logreg_C10.0"", ""hgb_d3"", ""hgb_d6""]","[0.8318965101960777, 0.8419676476212691, 0.822172774197722, 0.8419676476212691, 0.8469624375925875]","[4.0, 2.5, 5.0, 2.5, 1.0]",6.0,1,2,hgb_d6>logreg_C1.0>hgb_d3>logreg_C0.1>logreg_C10.0,hgb_d6,candidate_declaration_order_only_for_exact_score_ties
cc10,creditcard(1%),4,46,F1_best,"[""logreg_C0.1"", ""logreg_C1.0"", ""logreg_C10.0"", ""hgb_d3"", ""hgb_d6""]","[0.8333333333333334, 0.8434782608695652, 0.8240343347639485, 0.8434782608695652, 0.8484848484848485]","[4.0, 2.5, 5.0, 2.5, 1.0]",6.0,1,2,hgb_d6>logreg_C1.0>hgb_d3>logreg_C0.1>logreg_C10.0,hgb_d6,candidate_declaration_order_only_for_exact_score_ties
cc10,creditcard(1%),4,46,AUPRC,"[""logreg_C0.1"", ""logreg_C1.0"", ""logreg_C10.0"", ""hgb_d3"", ""hgb_d6""]","[0.8383097331628575, 0.8323606192874253, 0.8315619157942331, 0.8564004977412344, 0.8609317685599859]","[3.0, 4.0, 5.0, 2.0, 1.0]",0.0,0,1,hgb_d6>hgb_d3>logreg_C0.1>logreg_C1.0>logreg_C10.0,hgb_d6,candidate_declaration_order_only_for_exact_score_ties
cc10,creditcard(1%),4,46,AUROC,"[""logreg_C0.1"", ""logreg_C1.0"", ""logreg_C10.0"", ""hgb_d3"", ""hgb_d6""]","[0.9755596552514298, 0.9693072293382343, 0.9681802026777404, 0.97342757957385, 0.9644670940950353]","[1.0, 3.0, 4.0, 2.0, 5.0]",0.0,0,1,logreg_C0.1>hgb_d3>logreg_C1.0>logreg_C10.0>hgb_d6,logreg_C0.1,candidate_declaration_order_only_for_exact_score_ties
cc10,creditcard(1%),4,46,Brier_neg,"[""logreg_C0.1"", ""logreg_C1.0"", ""logreg_C10.0"", ""hgb_d3"", ""hgb_d6""]","[-0.002868651011306505, -0.0028825286423940183, -0.0029848362956477505, -0.0024034209962223527, -0.002321095960421156]","[3.0, 4.0, 5.0, 2.0, 1.0]",0.0,0,1,hgb_d6>hgb_d3>logreg_C0.1>logreg_C1.0>logreg_C10.0,hgb_d6,candidate_declaration_order_only_for_exact_score_ties
cc10,creditcard(1%),4,46,MCC_05,"[""logreg_C0.1"", ""logreg_C1.0"", ""logreg_C10.0"", ""hgb_d3"", ""hgb_d6""]","[0.8263248579352584, 0.8263248579352584, 0.8158918862743229, 0.8815801268473591, 0.8710605134059918]","[3.5, 3.5, 5.0, 1.0, 2.0]",6.0,1,2,hgb_d3>hgb_d6>logreg_C0.1>logreg_C1.0>logreg_C10.0,hgb_d3,candidate_declaration_order_only_for_exact_score_ties
cc10,creditcard(1%),5,47,SoftMCC,"[""logreg_C0.1"", ""logreg_C1.0"", ""logreg_C10.0"", ""hgb_d3"", ""hgb_d6""]","[0.7706520547790586, 0.7739518911794125, 0.772932981552609, 0.8012859313999411, 0.7894238458301095]","[5.0, 3.0, 4.0, 1.0, 2.0]",0.0,0,1,hgb_d3>hgb_d6>logreg_C1.0>logreg_C10.0>logreg_C0.1,hgb_d3,candidate_declaration_order_only_for_exact_score_ties
cc10,creditcard(1%),5,47,MCC_best,"[""logreg_C0.1"", ""logreg_C1.0"", ""logreg_C10.0"", ""hgb_d3"", ""hgb_d6""]","[0.8519024642614568, 0.8519024642614568, 0.8519024642614568, 0.8788457868889226, 0.869864679346434]","[4.0, 4.0, 4.0, 1.0, 2.0]",24.0,1,3,hgb_d3>hgb_d6>logreg_C0.1>logreg_C1.0>logreg_C10.0,hgb_d3,candidate_declaration_order_only_for_exact_score_ties
cc10,creditcard(1%),5,47,F1_best,"[""logreg_C0.1"", ""logreg_C1.0"", ""logreg_C10.0"", ""hgb_d3"", ""hgb_d6""]","[0.8533333333333334, 0.8533333333333334, 0.8533333333333334, 0.88, 0.8711111111111111]","[4.0, 4.0, 4.0, 1.0, 2.0]",24.0,1,3,hgb_d3>hgb_d6>logreg_C0.1>logreg_C1.0>logreg_C10.0,hgb_d3,candidate_declaration_order_only_for_exact_score_ties
cc10,creditcard(1%),5,47,AUPRC,"[""logreg_C0.1"", ""logreg_C1.0"", ""logreg_C10.0"", ""hgb_d3"", ""hgb_d6""]","[0.8482982856368136, 0.8472295978699267, 0.8451302279254731, 0.8749210192862226, 0.8863685750458323]","[3.0, 4.0, 5.0, 2.0, 1.0]",0.0,0,1,hgb_d6>hgb_d3>logreg_C0.1>logreg_C1.0>logreg_C10.0,hgb_d6,candidate_declaration_order_only_for_exact_score_ties
cc10,creditcard(1%),5,47,AUROC,"[""logreg_C0.1"", ""logreg_C1.0"", ""logreg_C10.0"", ""hgb_d3"", ""hgb_d6""]","[0.9721150159846905, 0.9711461496385198, 0.9706276296941493, 0.9763674409577019, 0.9701107138331336]","[2.0, 3.0, 4.0, 1.0, 5.0]",0.0,0,1,hgb_d3>logreg_C0.1>logreg_C1.0>logreg_C10.0>hgb_d6,hgb_d3,candidate_declaration_order_only_for_exact_score_ties
cc10,creditcard(1%),5,47,Brier_neg,"[""logreg_C0.1"", ""logreg_C1.0"", ""logreg_C10.0"", ""hgb_d3"", ""hgb_d6""]","[-0.002244303400493282, -0.002216617964612107, -0.0022270035862127337, -0.001892868956703448, -0.002015628756813438]","[5.0, 3.0, 4.0, 1.0, 2.0]",0.0,0,1,hgb_d3>hgb_d6>logreg_C1.0>logreg_C10.0>logreg_C0.1,hgb_d3,candidate_declaration_order_only_for_exact_score_ties
cc10,creditcard(1%),5,47,MCC_05,"[""logreg_C0.1"", ""logreg_C1.0"", ""logreg_C10.0"", ""hgb_d3"", ""hgb_d6""]","[0.8879566646645239, 0.8729334751245343, 0.8678700364572661, 0.8978374759590798, 0.8879566646645239]","[2.5, 4.0, 5.0, 1.0, 2.5]",6.0,1,2,hgb_d3>logreg_C0.1>hgb_d6>logreg_C1.0>logreg_C10.0,hgb_d3,candidate_declaration_order_only_for_exact_score_ties
cc10,creditcard(1%),6,48,SoftMCC,"[""logreg_C0.1"", ""logreg_C1.0"", ""logreg_C10.0"", ""hgb_d3"", ""hgb_d6""]","[0.7362580082488204, 0.7632648008778837, 0.7760073247636842, 0.79021329856943, 0.7896496226974998]","[5.0, 4.0, 3.0, 1.0, 2.0]",0.0,0,1,hgb_d3>hgb_d6>logreg_C10.0>logreg_C1.0>logreg_C0.1,hgb_d3,candidate_declaration_order_only_for_exact_score_ties
cc10,creditcard(1%),6,48,MCC_best,"[""logreg_C0.1"", ""logreg_C1.0"", ""logreg_C10.0"", ""hgb_d3"", ""hgb_d6""]","[0.8400399577861769, 0.8583222991901197, 0.8766046405940624, 0.8766046405940624, 0.8687116018384436]","[5.0, 4.0, 1.5, 1.5, 3.0]",6.0,1,2,logreg_C10.0>hgb_d3>hgb_d6>logreg_C1.0>logreg_C0.1,logreg_C10.0,candidate_declaration_order_only_for_exact_score_ties
cc10,creditcard(1%),6,48,F1_best,"[""logreg_C0.1"", ""logreg_C1.0"", ""logreg_C10.0"", ""hgb_d3"", ""hgb_d6""]","[0.8416289592760181, 0.8597285067873304, 0.8778280542986425, 0.8778280542986425, 0.8699551569506726]","[5.0, 4.0, 1.5, 1.5, 3.0]",6.0,1,2,logreg_C10.0>hgb_d3>hgb_d6>logreg_C1.0>logreg_C0.1,logreg_C10.0,candidate_declaration_order_only_for_exact_score_ties
cc10,creditcard(1%),6,48,AUPRC,"[""logreg_C0.1"", ""logreg_C1.0"", ""logreg_C10.0"", ""hgb_d3"", ""hgb_d6""]","[0.8639396359280143, 0.8757851110958932, 0.8799298267257982, 0.8960830528561302, 0.9086540505769126]","[5.0, 4.0, 3.0, 2.0, 1.0]",0.0,0,1,hgb_d6>hgb_d3>logreg_C10.0>logreg_C1.0>logreg_C0.1,hgb_d6,candidate_declaration_order_only_for_exact_score_ties
cc10,creditcard(1%),6,48,AUROC,"[""logreg_C0.1"", ""logreg_C1.0"", ""logreg_C10.0"", ""hgb_d3"", ""hgb_d6""]","[0.9895649178722309, 0.9875750105824058, 0.9870102006092145, 0.9805117734452165, 0.9886477760347935]","[1.0, 3.0, 4.0, 5.0, 2.0]",0.0,0,1,logreg_C0.1>hgb_d6>logreg_C1.0>logreg_C10.0>hgb_d3,logreg_C0.1,candidate_declaration_order_only_for_exact_score_ties
cc10,creditcard(1%),6,48,Brier_neg,"[""logreg_C0.1"", ""logreg_C1.0"", ""logreg_C10.0"", ""hgb_d3"", ""hgb_d6""]","[-0.0023114959503272915, -0.0020439035732194286, -0.0019142991588458026, -0.001689101258963773, -0.0016920274550670585]","[5.0, 4.0, 3.0, 1.0, 2.0]",0.0,0,1,hgb_d3>hgb_d6>logreg_C10.0>logreg_C1.0>logreg_C0.1,hgb_d3,candidate_declaration_order_only_for_exact_score_ties
cc10,creditcard(1%),6,48,MCC_05,"[""logreg_C0.1"", ""logreg_C1.0"", ""logreg_C10.0"", ""hgb_d3"", ""hgb_d6""]","[0.8529990417153168, 0.8732831573329373, 0.8784975650088213, 0.9095111162378149, 0.9095111162378149]","[5.0, 4.0, 3.0, 1.5, 1.5]",6.0,1,2,hgb_d3>hgb_d6>logreg_C10.0>logreg_C1.0>logreg_C0.1,hgb_d3,candidate_declaration_order_only_for_exact_score_ties
cc10,creditcard(1%),7,49,SoftMCC,"[""logreg_C0.1"", ""logreg_C1.0"", ""logreg_C10.0"", ""hgb_d3"", ""hgb_d6""]","[0.7561846498120206, 0.7522081180350766, 0.7564110001469, 0.7820282516253003, 0.7957916638296606]","[4.0, 5.0, 3.0, 2.0, 1.0]",0.0,0,1,hgb_d6>hgb_d3>logreg_C10.0>logreg_C0.1>logreg_C1.0,hgb_d6,candidate_declaration_order_only_for_exact_score_ties
cc10,creditcard(1%),7,49,MCC_best,"[""logreg_C0.1"", ""logreg_C1.0"", ""logreg_C10.0"", ""hgb_d3"", ""hgb_d6""]","[0.8583246208843469, 0.8491835999911871, 0.8491835999911871, 0.8583246208843469, 0.8635333680145011]","[2.5, 4.5, 4.5, 2.5, 1.0]",12.0,2,2,hgb_d6>logreg_C0.1>hgb_d3>logreg_C1.0>logreg_C10.0,hgb_d6,candidate_declaration_order_only_for_exact_score_ties
cc10,creditcard(1%),7,49,F1_best,"[""logreg_C0.1"", ""logreg_C1.0"", ""logreg_C10.0"", ""hgb_d3"", ""hgb_d6""]","[0.8597285067873304, 0.8506787330316742, 0.8506787330316742, 0.8597285067873304, 0.8648648648648649]","[2.5, 4.5, 4.5, 2.5, 1.0]",12.0,2,2,hgb_d6>logreg_C0.1>hgb_d3>logreg_C1.0>logreg_C10.0,hgb_d6,candidate_declaration_order_only_for_exact_score_ties
cc10,creditcard(1%),7,49,AUPRC,"[""logreg_C0.1"", ""logreg_C1.0"", ""logreg_C10.0"", ""hgb_d3"", ""hgb_d6""]","[0.8602186700299536, 0.8572688865202323, 0.8616292879298119, 0.8828758030304756, 0.8860626530245694]","[4.0, 5.0, 3.0, 2.0, 1.0]",0.0,0,1,hgb_d6>hgb_d3>logreg_C10.0>logreg_C0.1>logreg_C1.0,hgb_d6,candidate_declaration_order_only_for_exact_score_ties
cc10,creditcard(1%),7,49,AUROC,"[""logreg_C0.1"", ""logreg_C1.0"", ""logreg_C10.0"", ""hgb_d3"", ""hgb_d6""]","[0.9684159063978588, 0.9700947125065255, 0.971473554246319, 0.979352176398936, 0.9747101863590788]","[5.0, 4.0, 3.0, 1.0, 2.0]",0.0,0,1,hgb_d3>hgb_d6>logreg_C10.0>logreg_C1.0>logreg_C0.1,hgb_d3,candidate_declaration_order_only_for_exact_score_ties
cc10,creditcard(1%),7,49,Brier_neg,"[""logreg_C0.1"", ""logreg_C1.0"", ""logreg_C10.0"", ""hgb_d3"", ""hgb_d6""]","[-0.002071923517431314, -0.0021092555109175487, -0.002080581826765328, -0.0017802247214391202, -0.0016323854864360083]","[3.0, 5.0, 4.0, 2.0, 1.0]",0.0,0,1,hgb_d6>hgb_d3>logreg_C0.1>logreg_C10.0>logreg_C1.0,hgb_d6,candidate_declaration_order_only_for_exact_score_ties
cc10,creditcard(1%),7,49,MCC_05,"[""logreg_C0.1"", ""logreg_C1.0"", ""logreg_C10.0"", ""hgb_d3"", ""hgb_d6""]","[0.8677721919441228, 0.8627650182208078, 0.8574583134170876, 0.9091792096060883, 0.9139581589891285]","[3.0, 4.0, 5.0, 2.0, 1.0]",0.0,0,1,hgb_d6>hgb_d3>logreg_C0.1>logreg_C1.0>logreg_C10.0,hgb_d6,candidate_declaration_order_only_for_exact_score_ties
cc10,creditcard(1%),8,50,SoftMCC,"[""logreg_C0.1"", ""logreg_C1.0"", ""logreg_C10.0"", ""hgb_d3"", ""hgb_d6""]","[0.7419535248519625, 0.7424100621621329, 0.7412579563988648, 0.786470638716898, 0.7841080991818988]","[4.0, 3.0, 5.0, 1.0, 2.0]",0.0,0,1,hgb_d3>hgb_d6>logreg_C1.0>logreg_C0.1>logreg_C10.0,hgb_d3,candidate_declaration_order_only_for_exact_score_ties
cc10,creditcard(1%),8,50,MCC_best,"[""logreg_C0.1"", ""logreg_C1.0"", ""logreg_C10.0"", ""hgb_d3"", ""hgb_d6""]","[0.8248978470308608, 0.8324034124963836, 0.8212189951746799, 0.8505230716871965, 0.8595829012826031]","[4.0, 3.0, 5.0, 2.0, 1.0]",0.0,0,1,hgb_d6>hgb_d3>logreg_C1.0>logreg_C0.1>logreg_C10.0,hgb_d6,candidate_declaration_order_only_for_exact_score_ties
cc10,creditcard(1%),8,50,F1_best,"[""logreg_C0.1"", ""logreg_C1.0"", ""logreg_C10.0"", ""hgb_d3"", ""hgb_d6""]","[0.8266666666666667, 0.8340807174887892, 0.8230088495575221, 0.852017937219731, 0.8609865470852018]","[4.0, 3.0, 5.0, 2.0, 1.0]",0.0,0,1,hgb_d6>hgb_d3>logreg_C1.0>logreg_C0.1>logreg_C10.0,hgb_d6,candidate_declaration_order_only_for_exact_score_ties
cc10,creditcard(1%),8,50,AUPRC,"[""logreg_C0.1"", ""logreg_C1.0"", ""logreg_C10.0"", ""hgb_d3"", ""hgb_d6""]","[0.8585760921035349, 0.8562208630345908, 0.8578951625101937, 0.8830519325137729, 0.8807280304769994]","[3.0, 5.0, 4.0, 1.0, 2.0]",0.0,0,1,hgb_d3>hgb_d6>logreg_C0.1>logreg_C10.0>logreg_C1.0,hgb_d3,candidate_declaration_order_only_for_exact_score_ties
cc10,creditcard(1%),8,50,AUROC,"[""logreg_C0.1"", ""logreg_C1.0"", ""logreg_C10.0"", ""hgb_d3"", ""hgb_d6""]","[0.9899448809415318, 0.9904066474853862, 0.9911214702321282, 0.9878821880980589, 0.9821920851180168]","[3.0, 2.0, 1.0, 4.0, 5.0]",0.0,0,1,logreg_C10.0>logreg_C1.0>logreg_C0.1>hgb_d3>hgb_d6,logreg_C10.0,candidate_declaration_order_only_for_exact_score_ties
cc10,creditcard(1%),8,50,Brier_neg,"[""logreg_C0.1"", ""logreg_C1.0"", ""logreg_C10.0"", ""hgb_d3"", ""hgb_d6""]","[-0.002413358955402885, -0.002438179056145532, -0.002387771000861051, -0.0020019404183003295, -0.0020613061936775407]","[4.0, 5.0, 3.0, 1.0, 2.0]",0.0,0,1,hgb_d3>hgb_d6>logreg_C10.0>logreg_C0.1>logreg_C1.0,hgb_d3,candidate_declaration_order_only_for_exact_score_ties
cc10,creditcard(1%),8,50,MCC_05,"[""logreg_C0.1"", ""logreg_C1.0"", ""logreg_C10.0"", ""hgb_d3"", ""hgb_d6""]","[0.870279286171734, 0.8553168597612053, 0.8500639194915925, 0.8916784824817391, 0.8871528766564429]","[3.0, 4.0, 5.0, 1.0, 2.0]",0.0,0,1,hgb_d3>hgb_d6>logreg_C0.1>logreg_C1.0>logreg_C10.0,hgb_d3,candidate_declaration_order_only_for_exact_score_ties
cc10,creditcard(1%),9,51,SoftMCC,"[""logreg_C0.1"", ""logreg_C1.0"", ""logreg_C10.0"", ""hgb_d3"", ""hgb_d6""]","[0.7421783948664666, 0.7396872881944443, 0.7396013479033626, 0.7723669798371049, 0.7744391899611648]","[3.0, 4.0, 5.0, 2.0, 1.0]",0.0,0,1,hgb_d6>hgb_d3>logreg_C0.1>logreg_C1.0>logreg_C10.0,hgb_d6,candidate_declaration_order_only_for_exact_score_ties
cc10,creditcard(1%),9,51,MCC_best,"[""logreg_C0.1"", ""logreg_C1.0"", ""logreg_C10.0"", ""hgb_d3"", ""hgb_d6""]","[0.8088954514529122, 0.807001226003941, 0.8088954514529122, 0.8361961012453534, 0.8361961012453534]","[3.5, 5.0, 3.5, 1.5, 1.5]",12.0,2,2,hgb_d3>hgb_d6>logreg_C0.1>logreg_C10.0>logreg_C1.0,hgb_d3,candidate_declaration_order_only_for_exact_score_ties
cc10,creditcard(1%),9,51,F1_best,"[""logreg_C0.1"", ""logreg_C1.0"", ""logreg_C10.0"", ""hgb_d3"", ""hgb_d6""]","[0.8108108108108109, 0.8088888888888889, 0.8108108108108109, 0.8378378378378378, 0.8378378378378378]","[3.5, 5.0, 3.5, 1.5, 1.5]",12.0,2,2,hgb_d3>hgb_d6>logreg_C0.1>logreg_C10.0>logreg_C1.0,hgb_d3,candidate_declaration_order_only_for_exact_score_ties
cc10,creditcard(1%),9,51,AUPRC,"[""logreg_C0.1"", ""logreg_C1.0"", ""logreg_C10.0"", ""hgb_d3"", ""hgb_d6""]","[0.8459247995292372, 0.8384015353995896, 0.8362059373204833, 0.8598263482903119, 0.8580203134166429]","[3.0, 4.0, 5.0, 1.0, 2.0]",0.0,0,1,hgb_d3>hgb_d6>logreg_C0.1>logreg_C1.0>logreg_C10.0,hgb_d3,candidate_declaration_order_only_for_exact_score_ties
cc10,creditcard(1%),9,51,AUROC,"[""logreg_C0.1"", ""logreg_C1.0"", ""logreg_C10.0"", ""hgb_d3"", ""hgb_d6""]","[0.9707125038208585, 0.9690066754094481, 0.9711447127536147, 0.9715436432419284, 0.9618949485786404]","[3.0, 4.0, 2.0, 1.0, 5.0]",0.0,0,1,hgb_d3>logreg_C10.0>logreg_C0.1>logreg_C1.0>hgb_d6,hgb_d3,candidate_declaration_order_only_for_exact_score_ties
cc10,creditcard(1%),9,51,Brier_neg,"[""logreg_C0.1"", ""logreg_C1.0"", ""logreg_C10.0"", ""hgb_d3"", ""hgb_d6""]","[-0.0024582287641242762, -0.002502573587958281, -0.002512208350085185, -0.00223791910898243, -0.0021461907555746034]","[3.0, 4.0, 5.0, 2.0, 1.0]",0.0,0,1,hgb_d6>hgb_d3>logreg_C0.1>logreg_C1.0>logreg_C10.0,hgb_d6,candidate_declaration_order_only_for_exact_score_ties
cc10,creditcard(1%),9,51,MCC_05,"[""logreg_C0.1"", ""logreg_C1.0"", ""logreg_C10.0"", ""hgb_d3"", ""hgb_d6""]","[0.859202711098979, 0.8588273016336059, 0.8588273016336059, 0.8758443632103076, 0.8748491658264612]","[3.0, 4.5, 4.5, 1.0, 2.0]",6.0,1,2,hgb_d3>hgb_d6>logreg_C0.1>logreg_C1.0>logreg_C10.0,hgb_d3,candidate_declaration_order_only_for_exact_score_ties
cc10,creditcard(1%),10,52,SoftMCC,"[""logreg_C0.1"", ""logreg_C1.0"", ""logreg_C10.0"", ""hgb_d3"", ""hgb_d6""]","[0.7521401572111265, 0.7559462380835786, 0.7570203277805941, 0.7780871620448159, 0.7868729024091583]","[5.0, 4.0, 3.0, 2.0, 1.0]",0.0,0,1,hgb_d6>hgb_d3>logreg_C10.0>logreg_C1.0>logreg_C0.1,hgb_d6,candidate_declaration_order_only_for_exact_score_ties
cc10,creditcard(1%),10,52,MCC_best,"[""logreg_C0.1"", ""logreg_C1.0"", ""logreg_C10.0"", ""hgb_d3"", ""hgb_d6""]","[0.8217535435719534, 0.8143814698966927, 0.8217535435719534, 0.858319061926023, 0.8467966699760779]","[3.5, 5.0, 3.5, 1.0, 2.0]",6.0,1,2,hgb_d3>hgb_d6>logreg_C0.1>logreg_C10.0>logreg_C1.0,hgb_d3,candidate_declaration_order_only_for_exact_score_ties
cc10,creditcard(1%),10,52,F1_best,"[""logreg_C0.1"", ""logreg_C1.0"", ""logreg_C10.0"", ""hgb_d3"", ""hgb_d6""]","[0.8235294117647058, 0.8157894736842105, 0.8235294117647058, 0.8597285067873304, 0.8482142857142857]","[3.5, 5.0, 3.5, 1.0, 2.0]",6.0,1,2,hgb_d3>hgb_d6>logreg_C0.1>logreg_C10.0>logreg_C1.0,hgb_d3,candidate_declaration_order_only_for_exact_score_ties
cc10,creditcard(1%),10,52,AUPRC,"[""logreg_C0.1"", ""logreg_C1.0"", ""logreg_C10.0"", ""hgb_d3"", ""hgb_d6""]","[0.8352689516805567, 0.8220396836860172, 0.8202506452150299, 0.8679923855822571, 0.872280851916571]","[3.0, 4.0, 5.0, 2.0, 1.0]",0.0,0,1,hgb_d6>hgb_d3>logreg_C0.1>logreg_C1.0>logreg_C10.0,hgb_d6,candidate_declaration_order_only_for_exact_score_ties
cc10,creditcard(1%),10,52,AUROC,"[""logreg_C0.1"", ""logreg_C1.0"", ""logreg_C10.0"", ""hgb_d3"", ""hgb_d6""]","[0.9603757653400773, 0.9549838613070678, 0.9540721083455345, 0.9576034872886997, 0.9610886962598163]","[2.0, 4.0, 5.0, 3.0, 1.0]",0.0,0,1,hgb_d6>logreg_C0.1>hgb_d3>logreg_C1.0>logreg_C10.0,hgb_d6,candidate_declaration_order_only_for_exact_score_ties
cc10,creditcard(1%),10,52,Brier_neg,"[""logreg_C0.1"", ""logreg_C1.0"", ""logreg_C10.0"", ""hgb_d3"", ""hgb_d6""]","[-0.002576982124013813, -0.0026071775460646492, -0.0025339789201248276, -0.0021279936184195164, -0.002028263211081767]","[4.0, 5.0, 3.0, 2.0, 1.0]",0.0,0,1,hgb_d6>hgb_d3>logreg_C10.0>logreg_C0.1>logreg_C1.0,hgb_d6,candidate_declaration_order_only_for_exact_score_ties
cc10,creditcard(1%),10,52,MCC_05,"[""logreg_C0.1"", ""logreg_C1.0"", ""logreg_C10.0"", ""hgb_d3"", ""hgb_d6""]","[0.8335182485758741, 0.8489207013892519, 0.8529961098582187, 0.8850237672816123, 0.8753007287878942]","[5.0, 4.0, 3.0, 1.0, 2.0]",0.0,0,1,hgb_d3>hgb_d6>logreg_C10.0>logreg_C1.0>logreg_C0.1,hgb_d3,candidate_declaration_order_only_for_exact_score_ties
cc10,creditcard(1%),11,53,SoftMCC,"[""logreg_C0.1"", ""logreg_C1.0"", ""logreg_C10.0"", ""hgb_d3"", ""hgb_d6""]","[0.758546767757658, 0.7594718130794127, 0.7684355022135, 0.799207830448275, 0.7880819071050841]","[5.0, 4.0, 3.0, 1.0, 2.0]",0.0,0,1,hgb_d3>hgb_d6>logreg_C10.0>logreg_C1.0>logreg_C0.1,hgb_d3,candidate_declaration_order_only_for_exact_score_ties
cc10,creditcard(1%),11,53,MCC_best,"[""logreg_C0.1"", ""logreg_C1.0"", ""logreg_C10.0"", ""hgb_d3"", ""hgb_d6""]","[0.8620988031688095, 0.8749690070465199, 0.8749690070465199, 0.9025404678234129, 0.8928534222351854]","[5.0, 3.5, 3.5, 1.0, 2.0]",6.0,1,2,hgb_d3>hgb_d6>logreg_C1.0>logreg_C10.0>logreg_C0.1,hgb_d3,candidate_declaration_order_only_for_exact_score_ties
cc10,creditcard(1%),11,53,F1_best,"[""logreg_C0.1"", ""logreg_C1.0"", ""logreg_C10.0"", ""hgb_d3"", ""hgb_d6""]","[0.8634361233480177, 0.8761061946902655, 0.8761061946902655, 0.9035087719298246, 0.8938053097345132]","[5.0, 3.5, 3.5, 1.0, 2.0]",6.0,1,2,hgb_d3>hgb_d6>logreg_C1.0>logreg_C10.0>logreg_C0.1,hgb_d3,candidate_declaration_order_only_for_exact_score_ties
cc10,creditcard(1%),11,53,AUPRC,"[""logreg_C0.1"", ""logreg_C1.0"", ""logreg_C10.0"", ""hgb_d3"", ""hgb_d6""]","[0.8853769826789654, 0.8926105164792635, 0.8856995791292992, 0.8897806823995825, 0.8960868088896028]","[5.0, 2.0, 4.0, 3.0, 1.0]",0.0,0,1,hgb_d6>logreg_C1.0>hgb_d3>logreg_C10.0>logreg_C0.1,hgb_d6,candidate_declaration_order_only_for_exact_score_ties
cc10,creditcard(1%),11,53,AUROC,"[""logreg_C0.1"", ""logreg_C1.0"", ""logreg_C10.0"", ""hgb_d3"", ""hgb_d6""]","[0.9744007206034657, 0.9764343619921352, 0.9739138370944126, 0.9663756740777188, 0.9656586418846796]","[2.0, 1.0, 3.0, 4.0, 5.0]",0.0,0,1,logreg_C1.0>logreg_C0.1>logreg_C10.0>hgb_d3>hgb_d6,logreg_C1.0,candidate_declaration_order_only_for_exact_score_ties
cc10,creditcard(1%),11,53,Brier_neg,"[""logreg_C0.1"", ""logreg_C1.0"", ""logreg_C10.0"", ""hgb_d3"", ""hgb_d6""]","[-0.002151700259068888, -0.002107141483653344, -0.0020367493917710497, -0.001770880189523997, -0.0017281481407814283]","[5.0, 4.0, 3.0, 2.0, 1.0]",0.0,0,1,hgb_d6>hgb_d3>logreg_C10.0>logreg_C1.0>logreg_C0.1,hgb_d6,candidate_declaration_order_only_for_exact_score_ties
cc10,creditcard(1%),11,53,MCC_05,"[""logreg_C0.1"", ""logreg_C1.0"", ""logreg_C10.0"", ""hgb_d3"", ""hgb_d6""]","[0.8798364576530325, 0.8843725223198406, 0.8741027118540652, 0.8901936133162132, 0.8994732120190544]","[4.0, 3.0, 5.0, 2.0, 1.0]",0.0,0,1,hgb_d6>hgb_d3>logreg_C1.0>logreg_C0.1>logreg_C10.0,hgb_d6,candidate_declaration_order_only_for_exact_score_ties
cc5,creditcard(0.5%),0,42,SoftMCC,"[""logreg_C0.1"", ""logreg_C1.0"", ""logreg_C10.0"", ""hgb_d3"", ""hgb_d6""]","[0.71243074757232, 0.735160688561702, 0.7414583137662255, 0.6910005113774392, 0.6508514412089629]","[3.0, 2.0, 1.0, 4.0, 5.0]",0.0,0,1,logreg_C10.0>logreg_C1.0>logreg_C0.1>hgb_d3>hgb_d6,logreg_C10.0,candidate_declaration_order_only_for_exact_score_ties
cc5,creditcard(0.5%),0,42,MCC_best,"[""logreg_C0.1"", ""logreg_C1.0"", ""logreg_C10.0"", ""hgb_d3"", ""hgb_d6""]","[0.6312019902229512, 0.6362007773780824, 0.6362007773780824, 0.49353500591856375, 0.6100110348833864]","[3.0, 1.5, 1.5, 5.0, 4.0]",6.0,1,2,logreg_C1.0>logreg_C10.0>logreg_C0.1>hgb_d6>hgb_d3,logreg_C1.0,candidate_declaration_order_only_for_exact_score_ties
cc5,creditcard(0.5%),0,42,F1_best,"[""logreg_C0.1"", ""logreg_C1.0"", ""logreg_C10.0"", ""hgb_d3"", ""hgb_d6""]","[0.5963855421686747, 0.6006006006006006, 0.6006006006006006, 0.41649484536082476, 0.5739644970414202]","[3.0, 1.5, 1.5, 5.0, 4.0]",6.0,1,2,logreg_C1.0>logreg_C10.0>logreg_C0.1>hgb_d6>hgb_d3,logreg_C1.0,candidate_declaration_order_only_for_exact_score_ties
cc5,creditcard(0.5%),0,42,AUPRC,"[""logreg_C0.1"", ""logreg_C1.0"", ""logreg_C10.0"", ""hgb_d3"", ""hgb_d6""]","[0.8805977041975741, 0.8843242979408621, 0.8753130587318859, 0.8723378248913356, 0.8299657941994258]","[2.0, 1.0, 3.0, 4.0, 5.0]",0.0,0,1,logreg_C1.0>logreg_C0.1>logreg_C10.0>hgb_d3>hgb_d6,logreg_C1.0,candidate_declaration_order_only_for_exact_score_ties
cc5,creditcard(0.5%),0,42,AUROC,"[""logreg_C0.1"", ""logreg_C1.0"", ""logreg_C10.0"", ""hgb_d3"", ""hgb_d6""]","[0.9903804538241174, 0.9918243647080645, 0.9805550174151398, 0.9770144885719586, 0.9640825621895674]","[2.0, 1.0, 3.0, 4.0, 5.0]",0.0,0,1,logreg_C1.0>logreg_C0.1>logreg_C10.0>hgb_d3>hgb_d6,logreg_C1.0,candidate_declaration_order_only_for_exact_score_ties
cc5,creditcard(0.5%),0,42,Brier_neg,"[""logreg_C0.1"", ""logreg_C1.0"", ""logreg_C10.0"", ""hgb_d3"", ""hgb_d6""]","[-0.0011335081436342714, -0.001036261047937949, -0.0010373089042588813, -0.0011500163804056556, -0.0014665776089949141]","[3.0, 1.0, 2.0, 4.0, 5.0]",0.0,0,1,logreg_C1.0>logreg_C10.0>logreg_C0.1>hgb_d3>hgb_d6,logreg_C1.0,candidate_declaration_order_only_for_exact_score_ties
cc5,creditcard(0.5%),0,42,MCC_05,"[""logreg_C0.1"", ""logreg_C1.0"", ""logreg_C10.0"", ""hgb_d3"", ""hgb_d6""]","[0.8774009486044919, 0.8706905669326245, 0.8706905669326245, 0.8197814909494552, 0.8037682258452484]","[1.0, 2.5, 2.5, 4.0, 5.0]",6.0,1,2,logreg_C0.1>logreg_C1.0>logreg_C10.0>hgb_d3>hgb_d6,logreg_C0.1,candidate_declaration_order_only_for_exact_score_ties
cc5,creditcard(0.5%),1,43,SoftMCC,"[""logreg_C0.1"", ""logreg_C1.0"", ""logreg_C10.0"", ""hgb_d3"", ""hgb_d6""]","[0.6838549698477824, 0.7151186199516268, 0.7445391400731176, 0.6767422161508202, 0.6532458570146267]","[3.0, 2.0, 1.0, 4.0, 5.0]",0.0,0,1,logreg_C10.0>logreg_C1.0>logreg_C0.1>hgb_d3>hgb_d6,logreg_C10.0,candidate_declaration_order_only_for_exact_score_ties
cc5,creditcard(0.5%),1,43,MCC_best,"[""logreg_C0.1"", ""logreg_C1.0"", ""logreg_C10.0"", ""hgb_d3"", ""hgb_d6""]","[0.5860231049131284, 0.60526785848413, 0.6079769173166767, 0.5967610581471067, 0.5471136104285118]","[4.0, 2.0, 1.0, 3.0, 5.0]",0.0,0,1,logreg_C10.0>logreg_C1.0>hgb_d3>logreg_C0.1>hgb_d6,logreg_C10.0,candidate_declaration_order_only_for_exact_score_ties
cc5,creditcard(0.5%),1,43,F1_best,"[""logreg_C0.1"", ""logreg_C1.0"", ""logreg_C10.0"", ""hgb_d3"", ""hgb_d6""]","[0.5490196078431373, 0.5730994152046783, 0.5764705882352941, 0.5663716814159292, 0.5081081081081081]","[4.0, 2.0, 1.0, 3.0, 5.0]",0.0,0,1,logreg_C10.0>logreg_C1.0>hgb_d3>logreg_C0.1>hgb_d6,logreg_C10.0,candidate_declaration_order_only_for_exact_score_ties
cc5,creditcard(0.5%),1,43,AUPRC,"[""logreg_C0.1"", ""logreg_C1.0"", ""logreg_C10.0"", ""hgb_d3"", ""hgb_d6""]","[0.7820497526843515, 0.7976892902854265, 0.8154062251097509, 0.8014600873297759, 0.7851092834657706]","[5.0, 3.0, 1.0, 2.0, 4.0]",0.0,0,1,logreg_C10.0>hgb_d3>logreg_C1.0>hgb_d6>logreg_C0.1,logreg_C10.0,candidate_declaration_order_only_for_exact_score_ties
cc5,creditcard(0.5%),1,43,AUROC,"[""logreg_C0.1"", ""logreg_C1.0"", ""logreg_C10.0"", ""hgb_d3"", ""hgb_d6""]","[0.9795918893778057, 0.9781939920376402, 0.9778646081363378, 0.9657714567816574, 0.9424786575105878]","[1.0, 2.0, 3.0, 4.0, 5.0]",0.0,0,1,logreg_C0.1>logreg_C1.0>logreg_C10.0>hgb_d3>hgb_d6,logreg_C0.1,candidate_declaration_order_only_for_exact_score_ties
cc5,creditcard(0.5%),1,43,Brier_neg,"[""logreg_C0.1"", ""logreg_C1.0"", ""logreg_C10.0"", ""hgb_d3"", ""hgb_d6""]","[-0.0015692404232178615, -0.001434324547867729, -0.0012924659243293147, -0.001503960562220593, -0.0016749580949888612]","[4.0, 2.0, 1.0, 3.0, 5.0]",0.0,0,1,logreg_C10.0>logreg_C1.0>hgb_d3>logreg_C0.1>hgb_d6,logreg_C10.0,candidate_declaration_order_only_for_exact_score_ties
cc5,creditcard(0.5%),1,43,MCC_05,"[""logreg_C0.1"", ""logreg_C1.0"", ""logreg_C10.0"", ""hgb_d3"", ""hgb_d6""]","[0.8299984894847384, 0.8494096430225441, 0.8596632481612821, 0.7969884587566439, 0.7969884587566439]","[3.0, 2.0, 1.0, 4.5, 4.5]",6.0,1,2,logreg_C10.0>logreg_C1.0>logreg_C0.1>hgb_d3>hgb_d6,logreg_C10.0,candidate_declaration_order_only_for_exact_score_ties
cc5,creditcard(0.5%),2,44,SoftMCC,"[""logreg_C0.1"", ""logreg_C1.0"", ""logreg_C10.0"", ""hgb_d3"", ""hgb_d6""]","[0.7061320296826115, 0.7381964489415829, 0.7438431085219915, 0.5450254076961114, 0.6948278598471742]","[3.0, 2.0, 1.0, 5.0, 4.0]",0.0,0,1,logreg_C10.0>logreg_C1.0>logreg_C0.1>hgb_d6>hgb_d3,logreg_C10.0,candidate_declaration_order_only_for_exact_score_ties
cc5,creditcard(0.5%),2,44,MCC_best,"[""logreg_C0.1"", ""logreg_C1.0"", ""logreg_C10.0"", ""hgb_d3"", ""hgb_d6""]","[0.5802570865159637, 0.589815244764211, 0.5931002876846815, 0.5794074912117819, 0.5970649309065765]","[4.0, 3.0, 2.0, 5.0, 1.0]",0.0,0,1,hgb_d6>logreg_C10.0>logreg_C1.0>logreg_C0.1>hgb_d3,hgb_d6,candidate_declaration_order_only_for_exact_score_ties
cc5,creditcard(0.5%),2,44,F1_best,"[""logreg_C0.1"", ""logreg_C1.0"", ""logreg_C10.0"", ""hgb_d3"", ""hgb_d6""]","[0.547945205479452, 0.5580110497237569, 0.5657142857142857, 0.550561797752809, 0.5706051873198847]","[5.0, 3.0, 2.0, 4.0, 1.0]",0.0,0,1,hgb_d6>logreg_C10.0>logreg_C1.0>hgb_d3>logreg_C0.1,hgb_d6,candidate_declaration_order_only_for_exact_score_ties
cc5,creditcard(0.5%),2,44,AUPRC,"[""logreg_C0.1"", ""logreg_C1.0"", ""logreg_C10.0"", ""hgb_d3"", ""hgb_d6""]","[0.7553539337272532, 0.7642515919980957, 0.7660461717144709, 0.7143188942768625, 0.7718165302228499]","[4.0, 3.0, 2.0, 5.0, 1.0]",0.0,0,1,hgb_d6>logreg_C10.0>logreg_C1.0>logreg_C0.1>hgb_d3,hgb_d6,candidate_declaration_order_only_for_exact_score_ties
cc5,creditcard(0.5%),2,44,AUROC,"[""logreg_C0.1"", ""logreg_C1.0"", ""logreg_C10.0"", ""hgb_d3"", ""hgb_d6""]","[0.97588385556009, 0.9726603712268929, 0.9705795885669372, 0.9488459620006349, 0.9650945071721156]","[1.0, 2.0, 3.0, 5.0, 4.0]",0.0,0,1,logreg_C0.1>logreg_C1.0>logreg_C10.0>hgb_d6>hgb_d3,logreg_C0.1,candidate_declaration_order_only_for_exact_score_ties
cc5,creditcard(0.5%),2,44,Brier_neg,"[""logreg_C0.1"", ""logreg_C1.0"", ""logreg_C10.0"", ""hgb_d3"", ""hgb_d6""]","[-0.0017182961363935852, -0.0016291850760742767, -0.0016142975863418286, -0.0022769783211268103, -0.0017310050639035705]","[3.0, 2.0, 1.0, 5.0, 4.0]",0.0,0,1,logreg_C10.0>logreg_C1.0>logreg_C0.1>hgb_d6>hgb_d3,logreg_C10.0,candidate_declaration_order_only_for_exact_score_ties
cc5,creditcard(0.5%),2,44,MCC_05,"[""logreg_C0.1"", ""logreg_C1.0"", ""logreg_C10.0"", ""hgb_d3"", ""hgb_d6""]","[0.8166110731452938, 0.8216517090977283, 0.8207150319438605, 0.7342069953373996, 0.7983532725202711]","[3.0, 1.0, 2.0, 5.0, 4.0]",0.0,0,1,logreg_C1.0>logreg_C10.0>logreg_C0.1>hgb_d6>hgb_d3,logreg_C1.0,candidate_declaration_order_only_for_exact_score_ties
cc5,creditcard(0.5%),3,45,SoftMCC,"[""logreg_C0.1"", ""logreg_C1.0"", ""logreg_C10.0"", ""hgb_d3"", ""hgb_d6""]","[0.7283480524175486, 0.7409457267456943, 0.7395276634133108, 0.6040053921860284, 0.6239447744778241]","[3.0, 1.0, 2.0, 5.0, 4.0]",0.0,0,1,logreg_C1.0>logreg_C10.0>logreg_C0.1>hgb_d6>hgb_d3,logreg_C1.0,candidate_declaration_order_only_for_exact_score_ties
cc5,creditcard(0.5%),3,45,MCC_best,"[""logreg_C0.1"", ""logreg_C1.0"", ""logreg_C10.0"", ""hgb_d3"", ""hgb_d6""]","[0.6254422151288491, 0.6226079026172469, 0.6037745414154587, 0.5265096003861377, 0.55153692681576]","[1.0, 2.0, 3.0, 5.0, 4.0]",0.0,0,1,logreg_C0.1>logreg_C1.0>logreg_C10.0>hgb_d6>hgb_d3,logreg_C0.1,candidate_declaration_order_only_for_exact_score_ties
cc5,creditcard(0.5%),3,45,F1_best,"[""logreg_C0.1"", ""logreg_C1.0"", ""logreg_C10.0"", ""hgb_d3"", ""hgb_d6""]","[0.592814371257485, 0.5892857142857143, 0.5657142857142857, 0.489010989010989, 0.52046783625731]","[1.0, 2.0, 3.0, 5.0, 4.0]",0.0,0,1,logreg_C0.1>logreg_C1.0>logreg_C10.0>hgb_d6>hgb_d3,logreg_C0.1,candidate_declaration_order_only_for_exact_score_ties
cc5,creditcard(0.5%),3,45,AUPRC,"[""logreg_C0.1"", ""logreg_C1.0"", ""logreg_C10.0"", ""hgb_d3"", ""hgb_d6""]","[0.8408728834876479, 0.838703364176194, 0.8379533179445019, 0.7307112045200881, 0.7412993225709348]","[1.0, 2.0, 3.0, 5.0, 4.0]",0.0,0,1,logreg_C0.1>logreg_C1.0>logreg_C10.0>hgb_d6>hgb_d3,logreg_C0.1,candidate_declaration_order_only_for_exact_score_ties
cc5,creditcard(0.5%),3,45,AUROC,"[""logreg_C0.1"", ""logreg_C1.0"", ""logreg_C10.0"", ""hgb_d3"", ""hgb_d6""]","[0.9755328327958869, 0.9784347601564424, 0.9761012390406257, 0.9236206890969606, 0.9318715843013845]","[3.0, 1.0, 2.0, 5.0, 4.0]",0.0,0,1,logreg_C1.0>logreg_C10.0>logreg_C0.1>hgb_d6>hgb_d3,logreg_C1.0,candidate_declaration_order_only_for_exact_score_ties
cc5,creditcard(0.5%),3,45,Brier_neg,"[""logreg_C0.1"", ""logreg_C1.0"", ""logreg_C10.0"", ""hgb_d3"", ""hgb_d6""]","[-0.0013053653603916952, -0.0012758278694316861, -0.0013049018957146143, -0.001728819303463473, -0.0017514185855393065]","[3.0, 1.0, 2.0, 4.0, 5.0]",0.0,0,1,logreg_C1.0>logreg_C10.0>logreg_C0.1>hgb_d3>hgb_d6,logreg_C1.0,candidate_declaration_order_only_for_exact_score_ties
cc5,creditcard(0.5%),3,45,MCC_05,"[""logreg_C0.1"", ""logreg_C1.0"", ""logreg_C10.0"", ""hgb_d3"", ""hgb_d6""]","[0.8540188464543658, 0.8531969913962455, 0.8472113999477622, 0.7628462508332857, 0.7686580956003987]","[1.0, 2.0, 3.0, 5.0, 4.0]",0.0,0,1,logreg_C0.1>logreg_C1.0>logreg_C10.0>hgb_d6>hgb_d3,logreg_C0.1,candidate_declaration_order_only_for_exact_score_ties
cc5,creditcard(0.5%),4,46,SoftMCC,"[""logreg_C0.1"", ""logreg_C1.0"", ""logreg_C10.0"", ""hgb_d3"", ""hgb_d6""]","[0.6875287501384599, 0.6954637728964805, 0.6961712809730515, 0.4991130042371771, 0.5616548762222583]","[3.0, 2.0, 1.0, 5.0, 4.0]",0.0,0,1,logreg_C10.0>logreg_C1.0>logreg_C0.1>hgb_d6>hgb_d3,logreg_C10.0,candidate_declaration_order_only_for_exact_score_ties
cc5,creditcard(0.5%),4,46,MCC_best,"[""logreg_C0.1"", ""logreg_C1.0"", ""logreg_C10.0"", ""hgb_d3"", ""hgb_d6""]","[0.5129801559728538, 0.5168537921059572, 0.507970179222057, 0.5224194575554972, 0.5208248608141001]","[4.0, 3.0, 5.0, 1.0, 2.0]",0.0,0,1,hgb_d3>hgb_d6>logreg_C1.0>logreg_C0.1>logreg_C10.0,hgb_d3,candidate_declaration_order_only_for_exact_score_ties
cc5,creditcard(0.5%),4,46,F1_best,"[""logreg_C0.1"", ""logreg_C1.0"", ""logreg_C10.0"", ""hgb_d3"", ""hgb_d6""]","[0.4756756756756757, 0.478494623655914, 0.4693333333333333, 0.49557522123893805, 0.4955223880597015]","[4.0, 3.0, 5.0, 1.0, 2.0]",0.0,0,1,hgb_d3>hgb_d6>logreg_C1.0>logreg_C0.1>logreg_C10.0,hgb_d3,candidate_declaration_order_only_for_exact_score_ties
cc5,creditcard(0.5%),4,46,AUPRC,"[""logreg_C0.1"", ""logreg_C1.0"", ""logreg_C10.0"", ""hgb_d3"", ""hgb_d6""]","[0.7381938914120566, 0.7439888911560865, 0.750390064602192, 0.6376828204401951, 0.6611295610529083]","[3.0, 2.0, 1.0, 5.0, 4.0]",0.0,0,1,logreg_C10.0>logreg_C1.0>logreg_C0.1>hgb_d6>hgb_d3,logreg_C10.0,candidate_declaration_order_only_for_exact_score_ties
cc5,creditcard(0.5%),4,46,AUROC,"[""logreg_C0.1"", ""logreg_C1.0"", ""logreg_C10.0"", ""hgb_d3"", ""hgb_d6""]","[0.9274731704337497, 0.9405206619607261, 0.9375140145453902, 0.9132060618384029, 0.911949474499756]","[3.0, 1.0, 2.0, 4.0, 5.0]",0.0,0,1,logreg_C1.0>logreg_C10.0>logreg_C0.1>hgb_d3>hgb_d6,logreg_C1.0,candidate_declaration_order_only_for_exact_score_ties
cc5,creditcard(0.5%),4,46,Brier_neg,"[""logreg_C0.1"", ""logreg_C1.0"", ""logreg_C10.0"", ""hgb_d3"", ""hgb_d6""]","[-0.0018304369005394936, -0.0017903462967942183, -0.0017483405123669214, -0.002396587103714348, -0.002228901594140768]","[3.0, 2.0, 1.0, 5.0, 4.0]",0.0,0,1,logreg_C10.0>logreg_C1.0>logreg_C0.1>hgb_d6>hgb_d3,logreg_C10.0,candidate_declaration_order_only_for_exact_score_ties
cc5,creditcard(0.5%),4,46,MCC_05,"[""logreg_C0.1"", ""logreg_C1.0"", ""logreg_C10.0"", ""hgb_d3"", ""hgb_d6""]","[0.78944787461389, 0.78944787461389, 0.7950051898080378, 0.6768929798948232, 0.7072631696639302]","[2.5, 2.5, 1.0, 5.0, 4.0]",6.0,1,2,logreg_C10.0>logreg_C0.1>logreg_C1.0>hgb_d6>hgb_d3,logreg_C10.0,candidate_declaration_order_only_for_exact_score_ties
cc5,creditcard(0.5%),5,47,SoftMCC,"[""logreg_C0.1"", ""logreg_C1.0"", ""logreg_C10.0"", ""hgb_d3"", ""hgb_d6""]","[0.6693598027124403, 0.6807810959805596, 0.687513674357375, 0.6223782032444116, 0.5827444175600354]","[3.0, 2.0, 1.0, 4.0, 5.0]",0.0,0,1,logreg_C10.0>logreg_C1.0>logreg_C0.1>hgb_d3>hgb_d6,logreg_C10.0,candidate_declaration_order_only_for_exact_score_ties
cc5,creditcard(0.5%),5,47,MCC_best,"[""logreg_C0.1"", ""logreg_C1.0"", ""logreg_C10.0"", ""hgb_d3"", ""hgb_d6""]","[0.5050830590273855, 0.5041699144159916, 0.5050830590273855, 0.42698363976647186, 0.5434590267857283]","[2.5, 4.0, 2.5, 5.0, 1.0]",6.0,1,2,hgb_d6>logreg_C0.1>logreg_C10.0>logreg_C1.0>hgb_d3,hgb_d6,candidate_declaration_order_only_for_exact_score_ties
cc5,creditcard(0.5%),5,47,F1_best,"[""logreg_C0.1"", ""logreg_C1.0"", ""logreg_C10.0"", ""hgb_d3"", ""hgb_d6""]","[0.4564102564102564, 0.45524296675191817, 0.4564102564102564, 0.3520309477756286, 0.513595166163142]","[2.5, 4.0, 2.5, 5.0, 1.0]",6.0,1,2,hgb_d6>logreg_C0.1>logreg_C10.0>logreg_C1.0>hgb_d3,hgb_d6,candidate_declaration_order_only_for_exact_score_ties
cc5,creditcard(0.5%),5,47,AUPRC,"[""logreg_C0.1"", ""logreg_C1.0"", ""logreg_C10.0"", ""hgb_d3"", ""hgb_d6""]","[0.7938137242900376, 0.7909136762125057, 0.7884141482418752, 0.7534688757056254, 0.7258693433989578]","[1.0, 2.0, 3.0, 4.0, 5.0]",0.0,0,1,logreg_C0.1>logreg_C1.0>logreg_C10.0>hgb_d3>hgb_d6,logreg_C0.1,candidate_declaration_order_only_for_exact_score_ties
cc5,creditcard(0.5%),5,47,AUROC,"[""logreg_C0.1"", ""logreg_C1.0"", ""logreg_C10.0"", ""hgb_d3"", ""hgb_d6""]","[0.9652398895231633, 0.9634815457254824, 0.9633077535084564, 0.9642586094872213, 0.9236197793047228]","[1.0, 3.0, 4.0, 2.0, 5.0]",0.0,0,1,logreg_C0.1>hgb_d3>logreg_C1.0>logreg_C10.0>hgb_d6,logreg_C0.1,candidate_declaration_order_only_for_exact_score_ties
cc5,creditcard(0.5%),5,47,Brier_neg,"[""logreg_C0.1"", ""logreg_C1.0"", ""logreg_C10.0"", ""hgb_d3"", ""hgb_d6""]","[-0.0016365998456390365, -0.0015905168398790577, -0.0015842076967866356, -0.0015838723713071786, -0.0019564945728056185]","[4.0, 3.0, 2.0, 1.0, 5.0]",0.0,0,1,hgb_d3>logreg_C10.0>logreg_C1.0>logreg_C0.1>hgb_d6,hgb_d3,candidate_declaration_order_only_for_exact_score_ties
cc5,creditcard(0.5%),5,47,MCC_05,"[""logreg_C0.1"", ""logreg_C1.0"", ""logreg_C10.0"", ""hgb_d3"", ""hgb_d6""]","[0.7936479494332478, 0.8114140809306846, 0.8160433815588947, 0.7808587439980772, 0.7389010529920986]","[3.0, 2.0, 1.0, 4.0, 5.0]",0.0,0,1,logreg_C10.0>logreg_C1.0>logreg_C0.1>hgb_d3>hgb_d6,logreg_C10.0,candidate_declaration_order_only_for_exact_score_ties
cc5,creditcard(0.5%),6,48,SoftMCC,"[""logreg_C0.1"", ""logreg_C1.0"", ""logreg_C10.0"", ""hgb_d3"", ""hgb_d6""]","[0.756001354124879, 0.7598695658854113, 0.7631097051716558, 0.6876654151941544, 0.6519585473439605]","[3.0, 2.0, 1.0, 4.0, 5.0]",0.0,0,1,logreg_C10.0>logreg_C1.0>logreg_C0.1>hgb_d3>hgb_d6,logreg_C10.0,candidate_declaration_order_only_for_exact_score_ties
cc5,creditcard(0.5%),6,48,MCC_best,"[""logreg_C0.1"", ""logreg_C1.0"", ""logreg_C10.0"", ""hgb_d3"", ""hgb_d6""]","[0.6440960396389729, 0.6475986563817464, 0.6389946019746582, 0.6155719443568222, 0.6525457396615332]","[3.0, 2.0, 4.0, 5.0, 1.0]",0.0,0,1,hgb_d6>logreg_C1.0>logreg_C0.1>logreg_C10.0>hgb_d3,hgb_d6,candidate_declaration_order_only_for_exact_score_ties
cc5,creditcard(0.5%),6,48,F1_best,"[""logreg_C0.1"", ""logreg_C1.0"", ""logreg_C10.0"", ""hgb_d3"", ""hgb_d6""]","[0.608433734939759, 0.6107784431137725, 0.6, 0.5747126436781609, 0.6149253731343284]","[3.0, 2.0, 4.0, 5.0, 1.0]",0.0,0,1,hgb_d6>logreg_C1.0>logreg_C0.1>logreg_C10.0>hgb_d3,hgb_d6,candidate_declaration_order_only_for_exact_score_ties
cc5,creditcard(0.5%),6,48,AUPRC,"[""logreg_C0.1"", ""logreg_C1.0"", ""logreg_C10.0"", ""hgb_d3"", ""hgb_d6""]","[0.8673324181463791, 0.8686034557298578, 0.8722241784993345, 0.857556161950494, 0.8647751511977636]","[3.0, 2.0, 1.0, 5.0, 4.0]",0.0,0,1,logreg_C10.0>logreg_C1.0>logreg_C0.1>hgb_d6>hgb_d3,logreg_C10.0,candidate_declaration_order_only_for_exact_score_ties
cc5,creditcard(0.5%),6,48,AUROC,"[""logreg_C0.1"", ""logreg_C1.0"", ""logreg_C10.0"", ""hgb_d3"", ""hgb_d6""]","[0.9811260025979918, 0.9838596672096332, 0.9835386296624673, 0.9671865399286582, 0.990035670838574]","[4.0, 2.0, 3.0, 5.0, 1.0]",0.0,0,1,hgb_d6>logreg_C1.0>logreg_C10.0>logreg_C0.1>hgb_d3,hgb_d6,candidate_declaration_order_only_for_exact_score_ties
cc5,creditcard(0.5%),6,48,Brier_neg,"[""logreg_C0.1"", ""logreg_C1.0"", ""logreg_C10.0"", ""hgb_d3"", ""hgb_d6""]","[-0.0009968077746439286, -0.0009820209889345383, -0.000940964400297815, -0.0012202055492420896, -0.0013117544516928464]","[3.0, 2.0, 1.0, 4.0, 5.0]",0.0,0,1,logreg_C10.0>logreg_C1.0>logreg_C0.1>hgb_d3>hgb_d6,logreg_C10.0,candidate_declaration_order_only_for_exact_score_ties
cc5,creditcard(0.5%),6,48,MCC_05,"[""logreg_C0.1"", ""logreg_C1.0"", ""logreg_C10.0"", ""hgb_d3"", ""hgb_d6""]","[0.8896932173092726, 0.8896932173092726, 0.8944418896624279, 0.8307264860534378, 0.7987075783930578]","[2.5, 2.5, 1.0, 4.0, 5.0]",6.0,1,2,logreg_C10.0>logreg_C0.1>logreg_C1.0>hgb_d3>hgb_d6,logreg_C10.0,candidate_declaration_order_only_for_exact_score_ties
cc5,creditcard(0.5%),7,49,SoftMCC,"[""logreg_C0.1"", ""logreg_C1.0"", ""logreg_C10.0"", ""hgb_d3"", ""hgb_d6""]","[0.7187019157960696, 0.7310744750945968, 0.7362114758011996, 0.591137227076732, 0.620406111566514]","[3.0, 2.0, 1.0, 5.0, 4.0]",0.0,0,1,logreg_C10.0>logreg_C1.0>logreg_C0.1>hgb_d6>hgb_d3,logreg_C10.0,candidate_declaration_order_only_for_exact_score_ties
cc5,creditcard(0.5%),7,49,MCC_best,"[""logreg_C0.1"", ""logreg_C1.0"", ""logreg_C10.0"", ""hgb_d3"", ""hgb_d6""]","[0.586926649910216, 0.5920361563795948, 0.5972789086369045, 0.5436719135627155, 0.5883048384535432]","[4.0, 2.0, 1.0, 5.0, 3.0]",0.0,0,1,logreg_C10.0>logreg_C1.0>hgb_d6>logreg_C0.1>hgb_d3,logreg_C10.0,candidate_declaration_order_only_for_exact_score_ties
cc5,creditcard(0.5%),7,49,F1_best,"[""logreg_C0.1"", ""logreg_C1.0"", ""logreg_C10.0"", ""hgb_d3"", ""hgb_d6""]","[0.5491329479768786, 0.5555555555555556, 0.5621301775147929, 0.49865951742627346, 0.5529411764705883]","[4.0, 2.0, 1.0, 5.0, 3.0]",0.0,0,1,logreg_C10.0>logreg_C1.0>hgb_d6>logreg_C0.1>hgb_d3,logreg_C10.0,candidate_declaration_order_only_for_exact_score_ties
cc5,creditcard(0.5%),7,49,AUPRC,"[""logreg_C0.1"", ""logreg_C1.0"", ""logreg_C10.0"", ""hgb_d3"", ""hgb_d6""]","[0.7973244513464353, 0.8190051721370588, 0.8166216771019287, 0.7633640355741282, 0.8031956508390901]","[4.0, 1.0, 2.0, 5.0, 3.0]",0.0,0,1,logreg_C1.0>logreg_C10.0>hgb_d6>logreg_C0.1>hgb_d3,logreg_C1.0,candidate_declaration_order_only_for_exact_score_ties
cc5,creditcard(0.5%),7,49,AUROC,"[""logreg_C0.1"", ""logreg_C1.0"", ""logreg_C10.0"", ""hgb_d3"", ""hgb_d6""]","[0.9704038292298984, 0.9708868212185943, 0.9731639900344168, 0.9442691699065828, 0.954708862014684]","[3.0, 2.0, 1.0, 5.0, 4.0]",0.0,0,1,logreg_C10.0>logreg_C1.0>logreg_C0.1>hgb_d6>hgb_d3,logreg_C10.0,candidate_declaration_order_only_for_exact_score_ties
cc5,creditcard(0.5%),7,49,Brier_neg,"[""logreg_C0.1"", ""logreg_C1.0"", ""logreg_C10.0"", ""hgb_d3"", ""hgb_d6""]","[-0.0014152925064825602, -0.0013808760291770515, -0.0013575288087142826, -0.0017747275952339043, -0.0015733809674362783]","[3.0, 2.0, 1.0, 5.0, 4.0]",0.0,0,1,logreg_C10.0>logreg_C1.0>logreg_C0.1>hgb_d6>hgb_d3,logreg_C10.0,candidate_declaration_order_only_for_exact_score_ties
cc5,creditcard(0.5%),7,49,MCC_05,"[""logreg_C0.1"", ""logreg_C1.0"", ""logreg_C10.0"", ""hgb_d3"", ""hgb_d6""]","[0.8442523162317375, 0.8396707153078947, 0.834266169528858, 0.7451686673122441, 0.7814740415003952]","[1.0, 2.0, 3.0, 5.0, 4.0]",0.0,0,1,logreg_C0.1>logreg_C1.0>logreg_C10.0>hgb_d6>hgb_d3,logreg_C0.1,candidate_declaration_order_only_for_exact_score_ties
cc5,creditcard(0.5%),8,50,SoftMCC,"[""logreg_C0.1"", ""logreg_C1.0"", ""logreg_C10.0"", ""hgb_d3"", ""hgb_d6""]","[0.7403560272155595, 0.7421197804287245, 0.7385987118309267, 0.6604553849944558, 0.5717249057984106]","[2.0, 1.0, 3.0, 4.0, 5.0]",0.0,0,1,logreg_C1.0>logreg_C0.1>logreg_C10.0>hgb_d3>hgb_d6,logreg_C1.0,candidate_declaration_order_only_for_exact_score_ties
cc5,creditcard(0.5%),8,50,MCC_best,"[""logreg_C0.1"", ""logreg_C1.0"", ""logreg_C10.0"", ""hgb_d3"", ""hgb_d6""]","[0.6012513161323355, 0.5948469052642408, 0.5628322467715873, 0.5349884856883944, 0.5871088751972869]","[1.0, 2.0, 4.0, 5.0, 3.0]",0.0,0,1,logreg_C0.1>logreg_C1.0>hgb_d6>logreg_C10.0>hgb_d3,logreg_C0.1,candidate_declaration_order_only_for_exact_score_ties
cc5,creditcard(0.5%),8,50,F1_best,"[""logreg_C0.1"", ""logreg_C1.0"", ""logreg_C10.0"", ""hgb_d3"", ""hgb_d6""]","[0.5688622754491018, 0.562874251497006, 0.5205479452054794, 0.48947368421052634, 0.5552238805970149]","[1.0, 2.0, 4.0, 5.0, 3.0]",0.0,0,1,logreg_C0.1>logreg_C1.0>hgb_d6>logreg_C10.0>hgb_d3,logreg_C0.1,candidate_declaration_order_only_for_exact_score_ties
cc5,creditcard(0.5%),8,50,AUPRC,"[""logreg_C0.1"", ""logreg_C1.0"", ""logreg_C10.0"", ""hgb_d3"", ""hgb_d6""]","[0.8183161576279643, 0.8154204946408659, 0.8128348215289939, 0.7511475849721092, 0.7298427413721917]","[1.0, 2.0, 3.0, 4.0, 5.0]",0.0,0,1,logreg_C0.1>logreg_C1.0>logreg_C10.0>hgb_d3>hgb_d6,logreg_C0.1,candidate_declaration_order_only_for_exact_score_ties
cc5,creditcard(0.5%),8,50,AUROC,"[""logreg_C0.1"", ""logreg_C1.0"", ""logreg_C10.0"", ""hgb_d3"", ""hgb_d6""]","[0.9722139662156022, 0.9721275851876598, 0.9600174563366419, 0.958945881262522, 0.9571466176710202]","[1.0, 2.0, 3.0, 4.0, 5.0]",0.0,0,1,logreg_C0.1>logreg_C1.0>logreg_C10.0>hgb_d3>hgb_d6,logreg_C0.1,candidate_declaration_order_only_for_exact_score_ties
cc5,creditcard(0.5%),8,50,Brier_neg,"[""logreg_C0.1"", ""logreg_C1.0"", ""logreg_C10.0"", ""hgb_d3"", ""hgb_d6""]","[-0.0012858893459166095, -0.0013031709397158739, -0.0012975468940066644, -0.0016007627314423075, -0.0020195793438034827]","[1.0, 3.0, 2.0, 4.0, 5.0]",0.0,0,1,logreg_C0.1>logreg_C10.0>logreg_C1.0>hgb_d3>hgb_d6,logreg_C0.1,candidate_declaration_order_only_for_exact_score_ties
cc5,creditcard(0.5%),8,50,MCC_05,"[""logreg_C0.1"", ""logreg_C1.0"", ""logreg_C10.0"", ""hgb_d3"", ""hgb_d6""]","[0.8550502188969269, 0.8450546927252229, 0.849767625227972, 0.8160815773949042, 0.6469231082186537]","[1.0, 3.0, 2.0, 4.0, 5.0]",0.0,0,1,logreg_C0.1>logreg_C10.0>logreg_C1.0>hgb_d3>hgb_d6,logreg_C0.1,candidate_declaration_order_only_for_exact_score_ties
cc5,creditcard(0.5%),9,51,SoftMCC,"[""logreg_C0.1"", ""logreg_C1.0"", ""logreg_C10.0"", ""hgb_d3"", ""hgb_d6""]","[0.7273669674799385, 0.739738846606012, 0.7388303916036999, 0.6960770482635685, 0.6684843326088262]","[3.0, 1.0, 2.0, 4.0, 5.0]",0.0,0,1,logreg_C1.0>logreg_C10.0>logreg_C0.1>hgb_d3>hgb_d6,logreg_C1.0,candidate_declaration_order_only_for_exact_score_ties
cc5,creditcard(0.5%),9,51,MCC_best,"[""logreg_C0.1"", ""logreg_C1.0"", ""logreg_C10.0"", ""hgb_d3"", ""hgb_d6""]","[0.6165749230667981, 0.6277069948332868, 0.6305007253627066, 0.5934046770171579, 0.6362000507181211]","[4.0, 3.0, 2.0, 5.0, 1.0]",0.0,0,1,hgb_d6>logreg_C10.0>logreg_C1.0>logreg_C0.1>hgb_d3,hgb_d6,candidate_declaration_order_only_for_exact_score_ties
cc5,creditcard(0.5%),9,51,F1_best,"[""logreg_C0.1"", ""logreg_C1.0"", ""logreg_C10.0"", ""hgb_d3"", ""hgb_d6""]","[0.5738636363636364, 0.5899705014749262, 0.5934718100890207, 0.5444743935309974, 0.6006006006006006]","[4.0, 3.0, 2.0, 5.0, 1.0]",0.0,0,1,hgb_d6>logreg_C10.0>logreg_C1.0>logreg_C0.1>hgb_d3,hgb_d6,candidate_declaration_order_only_for_exact_score_ties
cc5,creditcard(0.5%),9,51,AUPRC,"[""logreg_C0.1"", ""logreg_C1.0"", ""logreg_C10.0"", ""hgb_d3"", ""hgb_d6""]","[0.8792107791125655, 0.8787337513752698, 0.8772615052124213, 0.8594618850770673, 0.8560997668725638]","[1.0, 2.0, 3.0, 4.0, 5.0]",0.0,0,1,logreg_C0.1>logreg_C1.0>logreg_C10.0>hgb_d3>hgb_d6,logreg_C0.1,candidate_declaration_order_only_for_exact_score_ties
cc5,creditcard(0.5%),9,51,AUROC,"[""logreg_C0.1"", ""logreg_C1.0"", ""logreg_C10.0"", ""hgb_d3"", ""hgb_d6""]","[0.9832048258345428, 0.9830097968069668, 0.9816899492017416, 0.9777755558121126, 0.9552037290539649]","[1.0, 2.0, 3.0, 4.0, 5.0]",0.0,0,1,logreg_C0.1>logreg_C1.0>logreg_C10.0>hgb_d3>hgb_d6,logreg_C0.1,candidate_declaration_order_only_for_exact_score_ties
cc5,creditcard(0.5%),9,51,Brier_neg,"[""logreg_C0.1"", ""logreg_C1.0"", ""logreg_C10.0"", ""hgb_d3"", ""hgb_d6""]","[-0.0011045413449228818, -0.0010513897764136222, -0.001067447739985315, -0.0013233316372981531, -0.001278442722302419]","[3.0, 1.0, 2.0, 5.0, 4.0]",0.0,0,1,logreg_C1.0>logreg_C10.0>logreg_C0.1>hgb_d6>hgb_d3,logreg_C1.0,candidate_declaration_order_only_for_exact_score_ties
cc5,creditcard(0.5%),9,51,MCC_05,"[""logreg_C0.1"", ""logreg_C1.0"", ""logreg_C10.0"", ""hgb_d3"", ""hgb_d6""]","[0.8731040783073772, 0.8861862778903727, 0.8861862778903727, 0.8394564986257828, 0.7945346340711902]","[3.0, 1.5, 1.5, 4.0, 5.0]",6.0,1,2,logreg_C1.0>logreg_C10.0>logreg_C0.1>hgb_d3>hgb_d6,logreg_C1.0,candidate_declaration_order_only_for_exact_score_ties
cc5,creditcard(0.5%),10,52,SoftMCC,"[""logreg_C0.1"", ""logreg_C1.0"", ""logreg_C10.0"", ""hgb_d3"", ""hgb_d6""]","[0.6898280177966798, 0.7044653381309947, 0.7049795451176097, 0.5679883105690866, 0.6186745073012035]","[3.0, 2.0, 1.0, 5.0, 4.0]",0.0,0,1,logreg_C10.0>logreg_C1.0>logreg_C0.1>hgb_d6>hgb_d3,logreg_C10.0,candidate_declaration_order_only_for_exact_score_ties
cc5,creditcard(0.5%),10,52,MCC_best,"[""logreg_C0.1"", ""logreg_C1.0"", ""logreg_C10.0"", ""hgb_d3"", ""hgb_d6""]","[0.590449825745626, 0.6090394879505797, 0.6035530742721331, 0.5643275375968648, 0.5830499823060038]","[3.0, 1.0, 2.0, 5.0, 4.0]",0.0,0,1,logreg_C1.0>logreg_C10.0>logreg_C0.1>hgb_d6>hgb_d3,logreg_C1.0,candidate_declaration_order_only_for_exact_score_ties
cc5,creditcard(0.5%),10,52,F1_best,"[""logreg_C0.1"", ""logreg_C1.0"", ""logreg_C10.0"", ""hgb_d3"", ""hgb_d6""]","[0.553314121037464, 0.5765765765765766, 0.56973293768546, 0.5287356321839081, 0.5418994413407822]","[3.0, 1.0, 2.0, 5.0, 4.0]",0.0,0,1,logreg_C1.0>logreg_C10.0>logreg_C0.1>hgb_d6>hgb_d3,logreg_C1.0,candidate_declaration_order_only_for_exact_score_ties
cc5,creditcard(0.5%),10,52,AUPRC,"[""logreg_C0.1"", ""logreg_C1.0"", ""logreg_C10.0"", ""hgb_d3"", ""hgb_d6""]","[0.8238894800606966, 0.8343699252820861, 0.822370943882796, 0.7407693602264278, 0.822887484770308]","[2.0, 1.0, 4.0, 5.0, 3.0]",0.0,0,1,logreg_C1.0>logreg_C0.1>hgb_d6>logreg_C10.0>hgb_d3,logreg_C1.0,candidate_declaration_order_only_for_exact_score_ties
cc5,creditcard(0.5%),10,52,AUROC,"[""logreg_C0.1"", ""logreg_C1.0"", ""logreg_C10.0"", ""hgb_d3"", ""hgb_d6""]","[0.981890015697764, 0.9820583815900293, 0.9784335991138464, 0.9364582616446931, 0.9483927816503298]","[2.0, 1.0, 3.0, 5.0, 4.0]",0.0,0,1,logreg_C1.0>logreg_C0.1>logreg_C10.0>hgb_d6>hgb_d3,logreg_C1.0,candidate_declaration_order_only_for_exact_score_ties
cc5,creditcard(0.5%),10,52,Brier_neg,"[""logreg_C0.1"", ""logreg_C1.0"", ""logreg_C10.0"", ""hgb_d3"", ""hgb_d6""]","[-0.0014639019754282383, -0.0013956417525650708, -0.0013926859678643673, -0.001859521430502633, -0.001555869127048155]","[3.0, 2.0, 1.0, 5.0, 4.0]",0.0,0,1,logreg_C10.0>logreg_C1.0>logreg_C0.1>hgb_d6>hgb_d3,logreg_C10.0,candidate_declaration_order_only_for_exact_score_ties
cc5,creditcard(0.5%),10,52,MCC_05,"[""logreg_C0.1"", ""logreg_C1.0"", ""logreg_C10.0"", ""hgb_d3"", ""hgb_d6""]","[0.8337238245295641, 0.8391048214753432, 0.8337238245295641, 0.7364270706113855, 0.7928365156019481]","[2.5, 1.0, 2.5, 5.0, 4.0]",6.0,1,2,logreg_C1.0>logreg_C0.1>logreg_C10.0>hgb_d6>hgb_d3,logreg_C1.0,candidate_declaration_order_only_for_exact_score_ties
cc5,creditcard(0.5%),11,53,SoftMCC,"[""logreg_C0.1"", ""logreg_C1.0"", ""logreg_C10.0"", ""hgb_d3"", ""hgb_d6""]","[0.7443197356200942, 0.752322149035765, 0.7508818107807729, 0.5716259514529033, 0.5860232566782763]","[3.0, 1.0, 2.0, 5.0, 4.0]",0.0,0,1,logreg_C1.0>logreg_C10.0>logreg_C0.1>hgb_d6>hgb_d3,logreg_C1.0,candidate_declaration_order_only_for_exact_score_ties
cc5,creditcard(0.5%),11,53,MCC_best,"[""logreg_C0.1"", ""logreg_C1.0"", ""logreg_C10.0"", ""hgb_d3"", ""hgb_d6""]","[0.60854289329162, 0.5872308379852383, 0.6071519249099083, 0.5958461474101571, 0.5940701129815802]","[1.0, 5.0, 2.0, 3.0, 4.0]",0.0,0,1,logreg_C0.1>logreg_C10.0>hgb_d3>hgb_d6>logreg_C1.0,logreg_C0.1,candidate_declaration_order_only_for_exact_score_ties
cc5,creditcard(0.5%),11,53,F1_best,"[""logreg_C0.1"", ""logreg_C1.0"", ""logreg_C10.0"", ""hgb_d3"", ""hgb_d6""]","[0.5791044776119403, 0.550561797752809, 0.5773809523809523, 0.5671641791044776, 0.5630498533724341]","[1.0, 5.0, 2.0, 3.0, 4.0]",0.0,0,1,logreg_C0.1>logreg_C10.0>hgb_d3>hgb_d6>logreg_C1.0,logreg_C0.1,candidate_declaration_order_only_for_exact_score_ties
cc5,creditcard(0.5%),11,53,AUPRC,"[""logreg_C0.1"", ""logreg_C1.0"", ""logreg_C10.0"", ""hgb_d3"", ""hgb_d6""]","[0.8196880774831262, 0.8225033984140648, 0.8160953180531489, 0.733036179695935, 0.7742215511697198]","[2.0, 1.0, 3.0, 5.0, 4.0]",0.0,0,1,logreg_C1.0>logreg_C0.1>logreg_C10.0>hgb_d6>hgb_d3,logreg_C1.0,candidate_declaration_order_only_for_exact_score_ties
cc5,creditcard(0.5%),11,53,AUROC,"[""logreg_C0.1"", ""logreg_C1.0"", ""logreg_C10.0"", ""hgb_d3"", ""hgb_d6""]","[0.9788391030882595, 0.9820728754776824, 0.9828601870524414, 0.9444835435894853, 0.9535921789986835]","[3.0, 2.0, 1.0, 5.0, 4.0]",0.0,0,1,logreg_C10.0>logreg_C1.0>logreg_C0.1>hgb_d6>hgb_d3,logreg_C10.0,candidate_declaration_order_only_for_exact_score_ties
cc5,creditcard(0.5%),11,53,Brier_neg,"[""logreg_C0.1"", ""logreg_C1.0"", ""logreg_C10.0"", ""hgb_d3"", ""hgb_d6""]","[-0.0013480030639241723, -0.0013339895777844278, -0.0013796838434937623, -0.0018926568440906341, -0.001725662298024575]","[2.0, 1.0, 3.0, 5.0, 4.0]",0.0,0,1,logreg_C1.0>logreg_C0.1>logreg_C10.0>hgb_d6>hgb_d3,logreg_C1.0,candidate_declaration_order_only_for_exact_score_ties
cc5,creditcard(0.5%),11,53,MCC_05,"[""logreg_C0.1"", ""logreg_C1.0"", ""logreg_C10.0"", ""hgb_d3"", ""hgb_d6""]","[0.8482780081587517, 0.857552070049071, 0.8482780081587517, 0.7461203481206864, 0.800483463045161]","[2.5, 1.0, 2.5, 5.0, 4.0]",6.0,1,2,logreg_C1.0>logreg_C0.1>logreg_C10.0>hgb_d6>hgb_d3,logreg_C1.0,candidate_declaration_order_only_for_exact_score_ties
iot,iotid20(6.4%),0,42,SoftMCC,"[""logreg_C0.1"", ""logreg_C1.0"", ""logreg_C10.0"", ""hgb_d3"", ""hgb_d6""]","[0.5873557178677539, 0.5875833198488194, 0.5899702372915424, 0.9752791181040091, 0.9742139415715295]","[5.0, 4.0, 3.0, 1.0, 2.0]",0.0,0,1,hgb_d3>hgb_d6>logreg_C10.0>logreg_C1.0>logreg_C0.1,hgb_d3,candidate_declaration_order_only_for_exact_score_ties
iot,iotid20(6.4%),0,42,MCC_best,"[""logreg_C0.1"", ""logreg_C1.0"", ""logreg_C10.0"", ""hgb_d3"", ""hgb_d6""]","[0.7253135562058142, 0.7215997024990619, 0.7244082101700984, 0.986736244508, 0.9810324130121802]","[3.0, 5.0, 4.0, 1.0, 2.0]",0.0,0,1,hgb_d3>hgb_d6>logreg_C0.1>logreg_C10.0>logreg_C1.0,hgb_d3,candidate_declaration_order_only_for_exact_score_ties
iot,iotid20(6.4%),0,42,F1_best,"[""logreg_C0.1"", ""logreg_C1.0"", ""logreg_C10.0"", ""hgb_d3"", ""hgb_d6""]","[0.7415359207266722, 0.738831615120275, 0.7414383561643836, 0.9875, 0.9821428571428571]","[3.0, 5.0, 4.0, 1.0, 2.0]",0.0,0,1,hgb_d3>hgb_d6>logreg_C0.1>logreg_C10.0>logreg_C1.0,hgb_d3,candidate_declaration_order_only_for_exact_score_ties
iot,iotid20(6.4%),0,42,AUPRC,"[""logreg_C0.1"", ""logreg_C1.0"", ""logreg_C10.0"", ""hgb_d3"", ""hgb_d6""]","[0.779535399189226, 0.7871488670379669, 0.7861616652594648, 0.9860396979342338, 0.9902285846230829]","[5.0, 3.0, 4.0, 2.0, 1.0]",0.0,0,1,hgb_d6>hgb_d3>logreg_C1.0>logreg_C10.0>logreg_C0.1,hgb_d6,candidate_declaration_order_only_for_exact_score_ties
iot,iotid20(6.4%),0,42,AUROC,"[""logreg_C0.1"", ""logreg_C1.0"", ""logreg_C10.0"", ""hgb_d3"", ""hgb_d6""]","[0.9558034445169352, 0.9562525692758579, 0.9562251636667068, 0.9950389711852516, 0.9977684880489047]","[5.0, 3.0, 4.0, 2.0, 1.0]",0.0,0,1,hgb_d6>hgb_d3>logreg_C1.0>logreg_C10.0>logreg_C0.1,hgb_d6,candidate_declaration_order_only_for_exact_score_ties
iot,iotid20(6.4%),0,42,Brier_neg,"[""logreg_C0.1"", ""logreg_C1.0"", ""logreg_C10.0"", ""hgb_d3"", ""hgb_d6""]","[-0.023601601797077185, -0.023589547353533986, -0.02351520630708287, -0.0016521101052827066, -0.0017768529908726955]","[5.0, 4.0, 3.0, 1.0, 2.0]",0.0,0,1,hgb_d3>hgb_d6>logreg_C10.0>logreg_C1.0>logreg_C0.1,hgb_d3,candidate_declaration_order_only_for_exact_score_ties
iot,iotid20(6.4%),0,42,MCC_05,"[""logreg_C0.1"", ""logreg_C1.0"", ""logreg_C10.0"", ""hgb_d3"", ""hgb_d6""]","[0.6747066506506701, 0.6837799453819824, 0.6939012550149551, 0.9848273573820674, 0.9829180602133044]","[5.0, 4.0, 3.0, 1.0, 2.0]",0.0,0,1,hgb_d3>hgb_d6>logreg_C10.0>logreg_C1.0>logreg_C0.1,hgb_d3,candidate_declaration_order_only_for_exact_score_ties
iot,iotid20(6.4%),1,43,SoftMCC,"[""logreg_C0.1"", ""logreg_C1.0"", ""logreg_C10.0"", ""hgb_d3"", ""hgb_d6""]","[0.5615484697558679, 0.5603394218550924, 0.5612422220288785, 0.9701897788310061, 0.9708991213885475]","[3.0, 5.0, 4.0, 2.0, 1.0]",0.0,0,1,hgb_d6>hgb_d3>logreg_C0.1>logreg_C10.0>logreg_C1.0,hgb_d6,candidate_declaration_order_only_for_exact_score_ties
iot,iotid20(6.4%),1,43,MCC_best,"[""logreg_C0.1"", ""logreg_C1.0"", ""logreg_C10.0"", ""hgb_d3"", ""hgb_d6""]","[0.7101180412646474, 0.7084146818746355, 0.7078611208916341, 0.9525285282106998, 0.9821629215146924]","[3.0, 4.0, 5.0, 2.0, 1.0]",0.0,0,1,hgb_d6>hgb_d3>logreg_C0.1>logreg_C1.0>logreg_C10.0,hgb_d6,candidate_declaration_order_only_for_exact_score_ties
iot,iotid20(6.4%),1,43,F1_best,"[""logreg_C0.1"", ""logreg_C1.0"", ""logreg_C10.0"", ""hgb_d3"", ""hgb_d6""]","[0.7274155538098979, 0.7258444619010213, 0.7254130605822188, 0.9544626593806922, 0.983170947741364]","[3.0, 4.0, 5.0, 2.0, 1.0]",0.0,0,1,hgb_d6>hgb_d3>logreg_C0.1>logreg_C1.0>logreg_C10.0,hgb_d6,candidate_declaration_order_only_for_exact_score_ties
iot,iotid20(6.4%),1,43,AUPRC,"[""logreg_C0.1"", ""logreg_C1.0"", ""logreg_C10.0"", ""hgb_d3"", ""hgb_d6""]","[0.7543580844828539, 0.7478060189610997, 0.7473629629833827, 0.9942483285133351, 0.9939271956776163]","[3.0, 4.0, 5.0, 1.0, 2.0]",0.0,0,1,hgb_d3>hgb_d6>logreg_C0.1>logreg_C1.0>logreg_C10.0,hgb_d3,candidate_declaration_order_only_for_exact_score_ties
iot,iotid20(6.4%),1,43,AUROC,"[""logreg_C0.1"", ""logreg_C1.0"", ""logreg_C10.0"", ""hgb_d3"", ""hgb_d6""]","[0.958100809521523, 0.957390913502428, 0.9580306129797801, 0.9992319105119483, 0.9990709407322561]","[3.0, 5.0, 4.0, 1.0, 2.0]",0.0,0,1,hgb_d3>hgb_d6>logreg_C0.1>logreg_C10.0>logreg_C1.0,hgb_d3,candidate_declaration_order_only_for_exact_score_ties
iot,iotid20(6.4%),1,43,Brier_neg,"[""logreg_C0.1"", ""logreg_C1.0"", ""logreg_C10.0"", ""hgb_d3"", ""hgb_d6""]","[-0.027206187361763567, -0.02733137589676505, -0.027251805285773725, -0.001640963970175389, -0.0015736562704211962]","[3.0, 5.0, 4.0, 2.0, 1.0]",0.0,0,1,hgb_d6>hgb_d3>logreg_C0.1>logreg_C10.0>logreg_C1.0,hgb_d6,candidate_declaration_order_only_for_exact_score_ties
iot,iotid20(6.4%),1,43,MCC_05,"[""logreg_C0.1"", ""logreg_C1.0"", ""logreg_C10.0"", ""hgb_d3"", ""hgb_d6""]","[0.6557997520997577, 0.7065678373904344, 0.7012622194287443, 0.9840922203400154, 0.9859381848979533]","[5.0, 3.0, 4.0, 2.0, 1.0]",0.0,0,1,hgb_d6>hgb_d3>logreg_C1.0>logreg_C10.0>logreg_C0.1,hgb_d6,candidate_declaration_order_only_for_exact_score_ties
iot,iotid20(6.4%),2,44,SoftMCC,"[""logreg_C0.1"", ""logreg_C1.0"", ""logreg_C10.0"", ""hgb_d3"", ""hgb_d6""]","[0.5595486910803656, 0.560218614929504, 0.5603619998765051, 0.9740487394922762, 0.9739311467285113]","[5.0, 4.0, 3.0, 1.0, 2.0]",0.0,0,1,hgb_d3>hgb_d6>logreg_C10.0>logreg_C1.0>logreg_C0.1,hgb_d3,candidate_declaration_order_only_for_exact_score_ties
iot,iotid20(6.4%),2,44,MCC_best,"[""logreg_C0.1"", ""logreg_C1.0"", ""logreg_C10.0"", ""hgb_d3"", ""hgb_d6""]","[0.681682343397266, 0.6811505415023011, 0.681682343397266, 0.9885289212772431, 0.9837194862478593]","[3.5, 5.0, 3.5, 1.0, 2.0]",6.0,1,2,hgb_d3>hgb_d6>logreg_C0.1>logreg_C10.0>logreg_C1.0,hgb_d3,candidate_declaration_order_only_for_exact_score_ties
iot,iotid20(6.4%),2,44,F1_best,"[""logreg_C0.1"", ""logreg_C1.0"", ""logreg_C10.0"", ""hgb_d3"", ""hgb_d6""]","[0.6977466977466977, 0.6972049689440993, 0.6977466977466977, 0.9891696750902527, 0.9845874886672711]","[3.5, 5.0, 3.5, 1.0, 2.0]",6.0,1,2,hgb_d3>hgb_d6>logreg_C0.1>logreg_C10.0>logreg_C1.0,hgb_d3,candidate_declaration_order_only_for_exact_score_ties
iot,iotid20(6.4%),2,44,AUPRC,"[""logreg_C0.1"", ""logreg_C1.0"", ""logreg_C10.0"", ""hgb_d3"", ""hgb_d6""]","[0.7481817786109843, 0.7528375970190873, 0.7462670257439524, 0.9959203459883137, 0.9968544255311045]","[4.0, 3.0, 5.0, 2.0, 1.0]",0.0,0,1,hgb_d6>hgb_d3>logreg_C1.0>logreg_C0.1>logreg_C10.0,hgb_d6,candidate_declaration_order_only_for_exact_score_ties
iot,iotid20(6.4%),2,44,AUROC,"[""logreg_C0.1"", ""logreg_C1.0"", ""logreg_C10.0"", ""hgb_d3"", ""hgb_d6""]","[0.9628399907399613, 0.9634455762269551, 0.9629032325953363, 0.9994143025507198, 0.9996418048657294]","[5.0, 3.0, 4.0, 2.0, 1.0]",0.0,0,1,hgb_d6>hgb_d3>logreg_C1.0>logreg_C10.0>logreg_C0.1,hgb_d6,candidate_declaration_order_only_for_exact_score_ties
iot,iotid20(6.4%),2,44,Brier_neg,"[""logreg_C0.1"", ""logreg_C1.0"", ""logreg_C10.0"", ""hgb_d3"", ""hgb_d6""]","[-0.026634340865032188, -0.026533585446776517, -0.026603594820405755, -0.0011075390225598856, -0.0011414364411398354]","[5.0, 3.0, 4.0, 1.0, 2.0]",0.0,0,1,hgb_d3>hgb_d6>logreg_C1.0>logreg_C10.0>logreg_C0.1,hgb_d3,candidate_declaration_order_only_for_exact_score_ties
iot,iotid20(6.4%),2,44,MCC_05,"[""logreg_C0.1"", ""logreg_C1.0"", ""logreg_C10.0"", ""hgb_d3"", ""hgb_d6""]","[0.6706974505739278, 0.6778626977065686, 0.6789465266812267, 0.9885475701324237, 0.9914059030501312]","[5.0, 4.0, 3.0, 2.0, 1.0]",0.0,0,1,hgb_d6>hgb_d3>logreg_C10.0>logreg_C1.0>logreg_C0.1,hgb_d6,candidate_declaration_order_only_for_exact_score_ties
iot,iotid20(6.4%),3,45,SoftMCC,"[""logreg_C0.1"", ""logreg_C1.0"", ""logreg_C10.0"", ""hgb_d3"", ""hgb_d6""]","[0.5727292289113473, 0.5723751915931908, 0.568794813499409, 0.9668732911442076, 0.9705966809051035]","[3.0, 4.0, 5.0, 2.0, 1.0]",0.0,0,1,hgb_d6>hgb_d3>logreg_C0.1>logreg_C1.0>logreg_C10.0,hgb_d6,candidate_declaration_order_only_for_exact_score_ties
iot,iotid20(6.4%),3,45,MCC_best,"[""logreg_C0.1"", ""logreg_C1.0"", ""logreg_C10.0"", ""hgb_d3"", ""hgb_d6""]","[0.6997174063071472, 0.7015844607966749, 0.6980640664196032, 0.9743708479825397, 0.9705306453521473]","[4.0, 3.0, 5.0, 1.0, 2.0]",0.0,0,1,hgb_d3>hgb_d6>logreg_C1.0>logreg_C0.1>logreg_C10.0,hgb_d3,candidate_declaration_order_only_for_exact_score_ties
iot,iotid20(6.4%),3,45,F1_best,"[""logreg_C0.1"", ""logreg_C1.0"", ""logreg_C10.0"", ""hgb_d3"", ""hgb_d6""]","[0.7159533073929961, 0.7169230769230769, 0.7142857142857143, 0.975653742110009, 0.971945701357466]","[4.0, 3.0, 5.0, 1.0, 2.0]",0.0,0,1,hgb_d3>hgb_d6>logreg_C1.0>logreg_C0.1>logreg_C10.0,hgb_d3,candidate_declaration_order_only_for_exact_score_ties
iot,iotid20(6.4%),3,45,AUPRC,"[""logreg_C0.1"", ""logreg_C1.0"", ""logreg_C10.0"", ""hgb_d3"", ""hgb_d6""]","[0.7645055407607109, 0.7600490727166014, 0.7569897753496452, 0.9916177843255849, 0.9942743662884908]","[3.0, 4.0, 5.0, 2.0, 1.0]",0.0,0,1,hgb_d6>hgb_d3>logreg_C0.1>logreg_C1.0>logreg_C10.0,hgb_d6,candidate_declaration_order_only_for_exact_score_ties
iot,iotid20(6.4%),3,45,AUROC,"[""logreg_C0.1"", ""logreg_C1.0"", ""logreg_C10.0"", ""hgb_d3"", ""hgb_d6""]","[0.9588159790080194, 0.9587486943190242, 0.958535994676191, 0.9967944479075408, 0.9976707283172721]","[3.0, 4.0, 5.0, 2.0, 1.0]",0.0,0,1,hgb_d6>hgb_d3>logreg_C0.1>logreg_C1.0>logreg_C10.0,hgb_d6,candidate_declaration_order_only_for_exact_score_ties
iot,iotid20(6.4%),3,45,Brier_neg,"[""logreg_C0.1"", ""logreg_C1.0"", ""logreg_C10.0"", ""hgb_d3"", ""hgb_d6""]","[-0.025554942070779574, -0.025630160914809023, -0.025867869338553267, -0.0017918678457122385, -0.00147207499179645]","[3.0, 4.0, 5.0, 2.0, 1.0]",0.0,0,1,hgb_d6>hgb_d3>logreg_C0.1>logreg_C1.0>logreg_C10.0,hgb_d6,candidate_declaration_order_only_for_exact_score_ties
iot,iotid20(6.4%),3,45,MCC_05,"[""logreg_C0.1"", ""logreg_C1.0"", ""logreg_C10.0"", ""hgb_d3"", ""hgb_d6""]","[0.6686542676720151, 0.6922374991061532, 0.6915386298648496, 0.9791566352387314, 0.9867719124011586]","[5.0, 3.0, 4.0, 2.0, 1.0]",0.0,0,1,hgb_d6>hgb_d3>logreg_C1.0>logreg_C10.0>logreg_C0.1,hgb_d6,candidate_declaration_order_only_for_exact_score_ties
iot,iotid20(6.4%),4,46,SoftMCC,"[""logreg_C0.1"", ""logreg_C1.0"", ""logreg_C10.0"", ""hgb_d3"", ""hgb_d6""]","[0.5549344104644159, 0.5546625507775229, 0.5548473341839628, 0.9700728638892849, 0.9667132750869236]","[3.0, 5.0, 4.0, 1.0, 2.0]",0.0,0,1,hgb_d3>hgb_d6>logreg_C0.1>logreg_C10.0>logreg_C1.0,hgb_d3,candidate_declaration_order_only_for_exact_score_ties
iot,iotid20(6.4%),4,46,MCC_best,"[""logreg_C0.1"", ""logreg_C1.0"", ""logreg_C10.0"", ""hgb_d3"", ""hgb_d6""]","[0.6844702490884992, 0.680715971805552, 0.6767710882213533, 0.9798497016095596, 0.9808163319643849]","[3.0, 4.0, 5.0, 2.0, 1.0]",0.0,0,1,hgb_d6>hgb_d3>logreg_C0.1>logreg_C1.0>logreg_C10.0,hgb_d6,candidate_declaration_order_only_for_exact_score_ties
iot,iotid20(6.4%),4,46,F1_best,"[""logreg_C0.1"", ""logreg_C1.0"", ""logreg_C10.0"", ""hgb_d3"", ""hgb_d6""]","[0.70355078447564, 0.6974198592650508, 0.696443341604632, 0.9808917197452229, 0.9818181818181818]","[3.0, 4.0, 5.0, 2.0, 1.0]",0.0,0,1,hgb_d6>hgb_d3>logreg_C0.1>logreg_C1.0>logreg_C10.0,hgb_d6,candidate_declaration_order_only_for_exact_score_ties
iot,iotid20(6.4%),4,46,AUPRC,"[""logreg_C0.1"", ""logreg_C1.0"", ""logreg_C10.0"", ""hgb_d3"", ""hgb_d6""]","[0.7298518234911846, 0.7242092040541409, 0.7244963121556316, 0.9853312788019444, 0.986407566108513]","[3.0, 5.0, 4.0, 2.0, 1.0]",0.0,0,1,hgb_d6>hgb_d3>logreg_C0.1>logreg_C10.0>logreg_C1.0,hgb_d6,candidate_declaration_order_only_for_exact_score_ties
iot,iotid20(6.4%),4,46,AUROC,"[""logreg_C0.1"", ""logreg_C1.0"", ""logreg_C10.0"", ""hgb_d3"", ""hgb_d6""]","[0.9521384034611471, 0.951677023243977, 0.9517847599253478, 0.9933001781472685, 0.9941977010519172]","[3.0, 5.0, 4.0, 2.0, 1.0]",0.0,0,1,hgb_d6>hgb_d3>logreg_C0.1>logreg_C10.0>logreg_C1.0,hgb_d6,candidate_declaration_order_only_for_exact_score_ties
iot,iotid20(6.4%),4,46,Brier_neg,"[""logreg_C0.1"", ""logreg_C1.0"", ""logreg_C10.0"", ""hgb_d3"", ""hgb_d6""]","[-0.027459642078615457, -0.02754835918721422, -0.027591707084376554, -0.0018546482135980028, -0.002032159924951256]","[3.0, 4.0, 5.0, 1.0, 2.0]",0.0,0,1,hgb_d3>hgb_d6>logreg_C0.1>logreg_C1.0>logreg_C10.0,hgb_d3,candidate_declaration_order_only_for_exact_score_ties
iot,iotid20(6.4%),4,46,MCC_05,"[""logreg_C0.1"", ""logreg_C1.0"", ""logreg_C10.0"", ""hgb_d3"", ""hgb_d6""]","[0.6844702490884992, 0.675590322888508, 0.6779617000162099, 0.9817822393554773, 0.9788823460677268]","[3.0, 5.0, 4.0, 1.0, 2.0]",0.0,0,1,hgb_d3>hgb_d6>logreg_C0.1>logreg_C10.0>logreg_C1.0,hgb_d3,candidate_declaration_order_only_for_exact_score_ties
iot,iotid20(6.4%),5,47,SoftMCC,"[""logreg_C0.1"", ""logreg_C1.0"", ""logreg_C10.0"", ""hgb_d3"", ""hgb_d6""]","[0.5545800477721156, 0.5581349455542444, 0.5605782311893138, 0.9718306264321454, 0.9683196861580072]","[5.0, 4.0, 3.0, 1.0, 2.0]",0.0,0,1,hgb_d3>hgb_d6>logreg_C10.0>logreg_C1.0>logreg_C0.1,hgb_d3,candidate_declaration_order_only_for_exact_score_ties
iot,iotid20(6.4%),5,47,MCC_best,"[""logreg_C0.1"", ""logreg_C1.0"", ""logreg_C10.0"", ""hgb_d3"", ""hgb_d6""]","[0.700322058110025, 0.6987454517806941, 0.7039242285782609, 0.9828059956407177, 0.9789541745171242]","[4.0, 5.0, 3.0, 1.0, 2.0]",0.0,0,1,hgb_d3>hgb_d6>logreg_C10.0>logreg_C0.1>logreg_C1.0,hgb_d3,candidate_declaration_order_only_for_exact_score_ties
iot,iotid20(6.4%),5,47,F1_best,"[""logreg_C0.1"", ""logreg_C1.0"", ""logreg_C10.0"", ""hgb_d3"", ""hgb_d6""]","[0.7164461247637051, 0.7150943396226415, 0.7196969696969697, 0.9837251356238698, 0.9800362976406534]","[4.0, 5.0, 3.0, 1.0, 2.0]",0.0,0,1,hgb_d3>hgb_d6>logreg_C10.0>logreg_C0.1>logreg_C1.0,hgb_d3,candidate_declaration_order_only_for_exact_score_ties
iot,iotid20(6.4%),5,47,AUPRC,"[""logreg_C0.1"", ""logreg_C1.0"", ""logreg_C10.0"", ""hgb_d3"", ""hgb_d6""]","[0.7601153397722061, 0.7617845443616799, 0.7699139365808825, 0.9892526787171089, 0.9917248516812132]","[5.0, 4.0, 3.0, 2.0, 1.0]",0.0,0,1,hgb_d6>hgb_d3>logreg_C10.0>logreg_C1.0>logreg_C0.1,hgb_d6,candidate_declaration_order_only_for_exact_score_ties
iot,iotid20(6.4%),5,47,AUROC,"[""logreg_C0.1"", ""logreg_C1.0"", ""logreg_C10.0"", ""hgb_d3"", ""hgb_d6""]","[0.9638426094905926, 0.9638979504415448, 0.9636450084996941, 0.997864303988266, 0.9988110144545495]","[4.0, 3.0, 5.0, 2.0, 1.0]",0.0,0,1,hgb_d6>hgb_d3>logreg_C1.0>logreg_C0.1>logreg_C10.0,hgb_d6,candidate_declaration_order_only_for_exact_score_ties
iot,iotid20(6.4%),5,47,Brier_neg,"[""logreg_C0.1"", ""logreg_C1.0"", ""logreg_C10.0"", ""hgb_d3"", ""hgb_d6""]","[-0.026552940068269165, -0.026227746530538103, -0.025994032784485147, -0.0016218397763528407, -0.0017551324947080173]","[5.0, 4.0, 3.0, 1.0, 2.0]",0.0,0,1,hgb_d3>hgb_d6>logreg_C10.0>logreg_C1.0>logreg_C0.1,hgb_d3,candidate_declaration_order_only_for_exact_score_ties
iot,iotid20(6.4%),5,47,MCC_05,"[""logreg_C0.1"", ""logreg_C1.0"", ""logreg_C10.0"", ""hgb_d3"", ""hgb_d6""]","[0.700322058110025, 0.6987454517806941, 0.7051427078852966, 0.9856938082058667, 0.9856858186591462]","[4.0, 5.0, 3.0, 1.0, 2.0]",0.0,0,1,hgb_d3>hgb_d6>logreg_C10.0>logreg_C0.1>logreg_C1.0,hgb_d3,candidate_declaration_order_only_for_exact_score_ties
iot,iotid20(6.4%),6,48,SoftMCC,"[""logreg_C0.1"", ""logreg_C1.0"", ""logreg_C10.0"", ""hgb_d3"", ""hgb_d6""]","[0.5659800595716362, 0.5648408295118212, 0.5650384165270934, 0.9653731774551019, 0.9658763216693438]","[3.0, 5.0, 4.0, 2.0, 1.0]",0.0,0,1,hgb_d6>hgb_d3>logreg_C0.1>logreg_C10.0>logreg_C1.0,hgb_d6,candidate_declaration_order_only_for_exact_score_ties
iot,iotid20(6.4%),6,48,MCC_best,"[""logreg_C0.1"", ""logreg_C1.0"", ""logreg_C10.0"", ""hgb_d3"", ""hgb_d6""]","[0.7023737146248717, 0.7007106751085678, 0.7018182595546997, 0.9624099229928681, 0.968118606600582]","[3.0, 5.0, 4.0, 2.0, 1.0]",0.0,0,1,hgb_d6>hgb_d3>logreg_C0.1>logreg_C10.0>logreg_C1.0,hgb_d6,candidate_declaration_order_only_for_exact_score_ties
iot,iotid20(6.4%),6,48,F1_best,"[""logreg_C0.1"", ""logreg_C1.0"", ""logreg_C10.0"", ""hgb_d3"", ""hgb_d6""]","[0.7192575406032483, 0.7175925925925926, 0.719082719082719, 0.96415770609319, 0.9696969696969697]","[3.0, 5.0, 4.0, 2.0, 1.0]",0.0,0,1,hgb_d6>hgb_d3>logreg_C0.1>logreg_C10.0>logreg_C1.0,hgb_d6,candidate_declaration_order_only_for_exact_score_ties
iot,iotid20(6.4%),6,48,AUPRC,"[""logreg_C0.1"", ""logreg_C1.0"", ""logreg_C10.0"", ""hgb_d3"", ""hgb_d6""]","[0.758222009253014, 0.7575119554833504, 0.7553379144889694, 0.982605838215269, 0.9882282637017104]","[3.0, 4.0, 5.0, 2.0, 1.0]",0.0,0,1,hgb_d6>hgb_d3>logreg_C0.1>logreg_C1.0>logreg_C10.0,hgb_d6,candidate_declaration_order_only_for_exact_score_ties
iot,iotid20(6.4%),6,48,AUROC,"[""logreg_C0.1"", ""logreg_C1.0"", ""logreg_C10.0"", ""hgb_d3"", ""hgb_d6""]","[0.960877469774303, 0.9607488079094932, 0.9598970705081522, 0.9956188666775094, 0.9968283089252177]","[3.0, 4.0, 5.0, 2.0, 1.0]",0.0,0,1,hgb_d6>hgb_d3>logreg_C0.1>logreg_C1.0>logreg_C10.0,hgb_d6,candidate_declaration_order_only_for_exact_score_ties
iot,iotid20(6.4%),6,48,Brier_neg,"[""logreg_C0.1"", ""logreg_C1.0"", ""logreg_C10.0"", ""hgb_d3"", ""hgb_d6""]","[-0.02662249123845853, -0.02660861914519874, -0.026703858848666367, -0.002565504031540592, -0.0022939438767984486]","[4.0, 3.0, 5.0, 2.0, 1.0]",0.0,0,1,hgb_d6>hgb_d3>logreg_C1.0>logreg_C0.1>logreg_C10.0,hgb_d6,candidate_declaration_order_only_for_exact_score_ties
iot,iotid20(6.4%),6,48,MCC_05,"[""logreg_C0.1"", ""logreg_C1.0"", ""logreg_C10.0"", ""hgb_d3"", ""hgb_d6""]","[0.6692317550496459, 0.6701079842171771, 0.6655425925339973, 0.9766342023041135, 0.9785554942324026]","[4.0, 3.0, 5.0, 2.0, 1.0]",0.0,0,1,hgb_d6>hgb_d3>logreg_C1.0>logreg_C0.1>logreg_C10.0,hgb_d6,candidate_declaration_order_only_for_exact_score_ties
iot,iotid20(6.4%),7,49,SoftMCC,"[""logreg_C0.1"", ""logreg_C1.0"", ""logreg_C10.0"", ""hgb_d3"", ""hgb_d6""]","[0.5657093126050681, 0.5677362886842294, 0.5677555432290665, 0.968091694774291, 0.9729598828764713]","[5.0, 4.0, 3.0, 2.0, 1.0]",0.0,0,1,hgb_d6>hgb_d3>logreg_C10.0>logreg_C1.0>logreg_C0.1,hgb_d6,candidate_declaration_order_only_for_exact_score_ties
iot,iotid20(6.4%),7,49,MCC_best,"[""logreg_C0.1"", ""logreg_C1.0"", ""logreg_C10.0"", ""hgb_d3"", ""hgb_d6""]","[0.7118952480201731, 0.7113641255429837, 0.7130459821259078, 0.9820126298993053, 0.9820126298993053]","[4.0, 5.0, 3.0, 1.5, 1.5]",6.0,1,2,hgb_d3>hgb_d6>logreg_C10.0>logreg_C0.1>logreg_C1.0,hgb_d3,candidate_declaration_order_only_for_exact_score_ties
iot,iotid20(6.4%),7,49,F1_best,"[""logreg_C0.1"", ""logreg_C1.0"", ""logreg_C10.0"", ""hgb_d3"", ""hgb_d6""]","[0.7293729372937293, 0.7289256198347107, 0.7304204451772465, 0.9829596412556054, 0.9829596412556054]","[4.0, 5.0, 3.0, 1.5, 1.5]",6.0,1,2,hgb_d3>hgb_d6>logreg_C10.0>logreg_C0.1>logreg_C1.0,hgb_d3,candidate_declaration_order_only_for_exact_score_ties
iot,iotid20(6.4%),7,49,AUPRC,"[""logreg_C0.1"", ""logreg_C1.0"", ""logreg_C10.0"", ""hgb_d3"", ""hgb_d6""]","[0.758127942243559, 0.7694936424257366, 0.7689028276020935, 0.9907125931975943, 0.9931422398446188]","[5.0, 3.0, 4.0, 2.0, 1.0]",0.0,0,1,hgb_d6>hgb_d3>logreg_C1.0>logreg_C10.0>logreg_C0.1,hgb_d6,candidate_declaration_order_only_for_exact_score_ties
iot,iotid20(6.4%),7,49,AUROC,"[""logreg_C0.1"", ""logreg_C1.0"", ""logreg_C10.0"", ""hgb_d3"", ""hgb_d6""]","[0.9624286678985137, 0.9623689925817089, 0.962760850188776, 0.997059418888155, 0.9983432111957903]","[4.0, 5.0, 3.0, 2.0, 1.0]",0.0,0,1,hgb_d6>hgb_d3>logreg_C10.0>logreg_C0.1>logreg_C1.0,hgb_d6,candidate_declaration_order_only_for_exact_score_ties
iot,iotid20(6.4%),7,49,Brier_neg,"[""logreg_C0.1"", ""logreg_C1.0"", ""logreg_C10.0"", ""hgb_d3"", ""hgb_d6""]","[-0.02498499520660445, -0.02485332282111979, -0.024835326988409127, -0.001583773992163099, -0.0013657340105623487]","[5.0, 4.0, 3.0, 2.0, 1.0]",0.0,0,1,hgb_d6>hgb_d3>logreg_C10.0>logreg_C1.0>logreg_C0.1,hgb_d6,candidate_declaration_order_only_for_exact_score_ties
iot,iotid20(6.4%),7,49,MCC_05,"[""logreg_C0.1"", ""logreg_C1.0"", ""logreg_C10.0"", ""hgb_d3"", ""hgb_d6""]","[0.6340802031893341, 0.6726900952429419, 0.6743728954438456, 0.98582069577794, 0.9877185330789919]","[5.0, 4.0, 3.0, 2.0, 1.0]",0.0,0,1,hgb_d6>hgb_d3>logreg_C10.0>logreg_C1.0>logreg_C0.1,hgb_d6,candidate_declaration_order_only_for_exact_score_ties
iot,iotid20(6.4%),8,50,SoftMCC,"[""logreg_C0.1"", ""logreg_C1.0"", ""logreg_C10.0"", ""hgb_d3"", ""hgb_d6""]","[0.566958087785377, 0.5677239053497273, 0.5662845715513981, 0.9714169712328724, 0.9712459761663135]","[4.0, 3.0, 5.0, 1.0, 2.0]",0.0,0,1,hgb_d3>hgb_d6>logreg_C1.0>logreg_C0.1>logreg_C10.0,hgb_d3,candidate_declaration_order_only_for_exact_score_ties
iot,iotid20(6.4%),8,50,MCC_best,"[""logreg_C0.1"", ""logreg_C1.0"", ""logreg_C10.0"", ""hgb_d3"", ""hgb_d6""]","[0.7114909799956849, 0.7114909799956849, 0.7104362418415645, 0.9711532179952087, 0.9643293120298694]","[3.5, 3.5, 5.0, 1.0, 2.0]",6.0,1,2,hgb_d3>hgb_d6>logreg_C0.1>logreg_C1.0>logreg_C10.0,hgb_d3,candidate_declaration_order_only_for_exact_score_ties
iot,iotid20(6.4%),8,50,F1_best,"[""logreg_C0.1"", ""logreg_C1.0"", ""logreg_C10.0"", ""hgb_d3"", ""hgb_d6""]","[0.7300252312867956, 0.7300252312867956, 0.7291139240506329, 0.9725776965265083, 0.9659613615455381]","[3.5, 3.5, 5.0, 1.0, 2.0]",6.0,1,2,hgb_d3>hgb_d6>logreg_C0.1>logreg_C1.0>logreg_C10.0,hgb_d3,candidate_declaration_order_only_for_exact_score_ties
iot,iotid20(6.4%),8,50,AUPRC,"[""logreg_C0.1"", ""logreg_C1.0"", ""logreg_C10.0"", ""hgb_d3"", ""hgb_d6""]","[0.7589521420742386, 0.7593620835230769, 0.7611290484550347, 0.9930163138210422, 0.9921503087379219]","[5.0, 4.0, 3.0, 1.0, 2.0]",0.0,0,1,hgb_d3>hgb_d6>logreg_C10.0>logreg_C1.0>logreg_C0.1,hgb_d3,candidate_declaration_order_only_for_exact_score_ties
iot,iotid20(6.4%),8,50,AUROC,"[""logreg_C0.1"", ""logreg_C1.0"", ""logreg_C10.0"", ""hgb_d3"", ""hgb_d6""]","[0.9550642246094887, 0.9561175248407683, 0.9554293336672139, 0.9974852785313685, 0.9963510983259705]","[5.0, 3.0, 4.0, 1.0, 2.0]",0.0,0,1,hgb_d3>hgb_d6>logreg_C1.0>logreg_C10.0>logreg_C0.1,hgb_d3,candidate_declaration_order_only_for_exact_score_ties
iot,iotid20(6.4%),8,50,Brier_neg,"[""logreg_C0.1"", ""logreg_C1.0"", ""logreg_C10.0"", ""hgb_d3"", ""hgb_d6""]","[-0.026080499844440934, -0.025990986558535985, -0.02595443905497803, -0.0015476463398797205, -0.0014196999837936212]","[5.0, 4.0, 3.0, 2.0, 1.0]",0.0,0,1,hgb_d6>hgb_d3>logreg_C10.0>logreg_C1.0>logreg_C0.1,hgb_d6,candidate_declaration_order_only_for_exact_score_ties
iot,iotid20(6.4%),8,50,MCC_05,"[""logreg_C0.1"", ""logreg_C1.0"", ""logreg_C10.0"", ""hgb_d3"", ""hgb_d6""]","[0.6435581976864592, 0.6475919015809009, 0.6446153904608888, 0.9856559592341104, 0.9875771369897062]","[5.0, 3.0, 4.0, 2.0, 1.0]",0.0,0,1,hgb_d6>hgb_d3>logreg_C1.0>logreg_C10.0>logreg_C0.1,hgb_d6,candidate_declaration_order_only_for_exact_score_ties
iot,iotid20(6.4%),9,51,SoftMCC,"[""logreg_C0.1"", ""logreg_C1.0"", ""logreg_C10.0"", ""hgb_d3"", ""hgb_d6""]","[0.5791085354423996, 0.5765609935122679, 0.5745324265584714, 0.9659996021462578, 0.9667337907587953]","[3.0, 4.0, 5.0, 2.0, 1.0]",0.0,0,1,hgb_d6>hgb_d3>logreg_C0.1>logreg_C1.0>logreg_C10.0,hgb_d6,candidate_declaration_order_only_for_exact_score_ties
iot,iotid20(6.4%),9,51,MCC_best,"[""logreg_C0.1"", ""logreg_C1.0"", ""logreg_C10.0"", ""hgb_d3"", ""hgb_d6""]","[0.7237609870186609, 0.7141544588249336, 0.7153322262402181, 0.975477613693318, 0.975477613693318]","[3.0, 5.0, 4.0, 1.5, 1.5]",6.0,1,2,hgb_d3>hgb_d6>logreg_C0.1>logreg_C10.0>logreg_C1.0,hgb_d3,candidate_declaration_order_only_for_exact_score_ties
iot,iotid20(6.4%),9,51,F1_best,"[""logreg_C0.1"", ""logreg_C1.0"", ""logreg_C10.0"", ""hgb_d3"", ""hgb_d6""]","[0.741306191687871, 0.7317473338802297, 0.7322580645161291, 0.9767025089605734, 0.9767025089605734]","[3.0, 5.0, 4.0, 1.5, 1.5]",6.0,1,2,hgb_d3>hgb_d6>logreg_C0.1>logreg_C10.0>logreg_C1.0,hgb_d3,candidate_declaration_order_only_for_exact_score_ties
iot,iotid20(6.4%),9,51,AUPRC,"[""logreg_C0.1"", ""logreg_C1.0"", ""logreg_C10.0"", ""hgb_d3"", ""hgb_d6""]","[0.7850962006644738, 0.7825745684834409, 0.7820346723434685, 0.9937970416019903, 0.9924662896496326]","[3.0, 4.0, 5.0, 1.0, 2.0]",0.0,0,1,hgb_d3>hgb_d6>logreg_C0.1>logreg_C1.0>logreg_C10.0,hgb_d3,candidate_declaration_order_only_for_exact_score_ties
iot,iotid20(6.4%),9,51,AUROC,"[""logreg_C0.1"", ""logreg_C1.0"", ""logreg_C10.0"", ""hgb_d3"", ""hgb_d6""]","[0.9632730780446577, 0.9629908373189581, 0.9621298023141063, 0.999120636338025, 0.9976448705296611]","[3.0, 4.0, 5.0, 1.0, 2.0]",0.0,0,1,hgb_d3>hgb_d6>logreg_C0.1>logreg_C1.0>logreg_C10.0,hgb_d3,candidate_declaration_order_only_for_exact_score_ties
iot,iotid20(6.4%),9,51,Brier_neg,"[""logreg_C0.1"", ""logreg_C1.0"", ""logreg_C10.0"", ""hgb_d3"", ""hgb_d6""]","[-0.024542400616562064, -0.02461876231453716, -0.024784774199467573, -0.001662465036247914, -0.0016339527633754828]","[3.0, 4.0, 5.0, 2.0, 1.0]",0.0,0,1,hgb_d6>hgb_d3>logreg_C0.1>logreg_C1.0>logreg_C10.0,hgb_d6,candidate_declaration_order_only_for_exact_score_ties
iot,iotid20(6.4%),9,51,MCC_05,"[""logreg_C0.1"", ""logreg_C1.0"", ""logreg_C10.0"", ""hgb_d3"", ""hgb_d6""]","[0.693535518303452, 0.6903152226092105, 0.6811747362347863, 0.9859147854102556, 0.9849639098390063]","[3.0, 4.0, 5.0, 1.0, 2.0]",0.0,0,1,hgb_d3>hgb_d6>logreg_C0.1>logreg_C1.0>logreg_C10.0,hgb_d3,candidate_declaration_order_only_for_exact_score_ties
iot,iotid20(6.4%),10,52,SoftMCC,"[""logreg_C0.1"", ""logreg_C1.0"", ""logreg_C10.0"", ""hgb_d3"", ""hgb_d6""]","[0.5826116663553453, 0.5804752568739664, 0.5820023769537078, 0.9695222699206879, 0.9720591095291106]","[3.0, 5.0, 4.0, 2.0, 1.0]",0.0,0,1,hgb_d6>hgb_d3>logreg_C0.1>logreg_C10.0>logreg_C1.0,hgb_d6,candidate_declaration_order_only_for_exact_score_ties
iot,iotid20(6.4%),10,52,MCC_best,"[""logreg_C0.1"", ""logreg_C1.0"", ""logreg_C10.0"", ""hgb_d3"", ""hgb_d6""]","[0.6889205883490134, 0.6873706754299871, 0.6900140323393178, 0.9627261281791871, 0.9702667392027072]","[4.0, 5.0, 3.0, 2.0, 1.0]",0.0,0,1,hgb_d6>hgb_d3>logreg_C10.0>logreg_C0.1>logreg_C1.0,hgb_d6,candidate_declaration_order_only_for_exact_score_ties
iot,iotid20(6.4%),10,52,F1_best,"[""logreg_C0.1"", ""logreg_C1.0"", ""logreg_C10.0"", ""hgb_d3"", ""hgb_d6""]","[0.7071483474250576, 0.7075928917609047, 0.7082371054657429, 0.9644128113879004, 0.9717314487632509]","[5.0, 4.0, 3.0, 2.0, 1.0]",0.0,0,1,hgb_d6>hgb_d3>logreg_C10.0>logreg_C1.0>logreg_C0.1,hgb_d6,candidate_declaration_order_only_for_exact_score_ties
iot,iotid20(6.4%),10,52,AUPRC,"[""logreg_C0.1"", ""logreg_C1.0"", ""logreg_C10.0"", ""hgb_d3"", ""hgb_d6""]","[0.7611057246413743, 0.7637117391587417, 0.7701130114287914, 0.9910041383523241, 0.9910717389965923]","[5.0, 4.0, 3.0, 2.0, 1.0]",0.0,0,1,hgb_d6>hgb_d3>logreg_C10.0>logreg_C1.0>logreg_C0.1,hgb_d6,candidate_declaration_order_only_for_exact_score_ties
iot,iotid20(6.4%),10,52,AUROC,"[""logreg_C0.1"", ""logreg_C1.0"", ""logreg_C10.0"", ""hgb_d3"", ""hgb_d6""]","[0.9624306935388701, 0.962963978091295, 0.962516511803707, 0.9976650451531364, 0.9974631258625454]","[5.0, 3.0, 4.0, 1.0, 2.0]",0.0,0,1,hgb_d3>hgb_d6>logreg_C1.0>logreg_C10.0>logreg_C0.1,hgb_d3,candidate_declaration_order_only_for_exact_score_ties
iot,iotid20(6.4%),10,52,Brier_neg,"[""logreg_C0.1"", ""logreg_C1.0"", ""logreg_C10.0"", ""hgb_d3"", ""hgb_d6""]","[-0.026710951385114236, -0.02688640843233294, -0.026662868698807927, -0.0014942641560389482, -0.001328518588034634]","[4.0, 5.0, 3.0, 2.0, 1.0]",0.0,0,1,hgb_d6>hgb_d3>logreg_C10.0>logreg_C0.1>logreg_C1.0,hgb_d6,candidate_declaration_order_only_for_exact_score_ties
iot,iotid20(6.4%),10,52,MCC_05,"[""logreg_C0.1"", ""logreg_C1.0"", ""logreg_C10.0"", ""hgb_d3"", ""hgb_d6""]","[0.6884241318100955, 0.6873706754299871, 0.6896546564742188, 0.98708030849131, 0.9880083920179729]","[4.0, 5.0, 3.0, 2.0, 1.0]",0.0,0,1,hgb_d6>hgb_d3>logreg_C10.0>logreg_C0.1>logreg_C1.0,hgb_d6,candidate_declaration_order_only_for_exact_score_ties
iot,iotid20(6.4%),11,53,SoftMCC,"[""logreg_C0.1"", ""logreg_C1.0"", ""logreg_C10.0"", ""hgb_d3"", ""hgb_d6""]","[0.5600724786221261, 0.559818829033558, 0.56041309976557, 0.9681095751560589, 0.9705846045148465]","[4.0, 5.0, 3.0, 2.0, 1.0]",0.0,0,1,hgb_d6>hgb_d3>logreg_C10.0>logreg_C0.1>logreg_C1.0,hgb_d6,candidate_declaration_order_only_for_exact_score_ties
iot,iotid20(6.4%),11,53,MCC_best,"[""logreg_C0.1"", ""logreg_C1.0"", ""logreg_C10.0"", ""hgb_d3"", ""hgb_d6""]","[0.715285476501412, 0.714732511887086, 0.7124598140645609, 0.9600719170730239, 0.9744728404356116]","[3.0, 4.0, 5.0, 2.0, 1.0]",0.0,0,1,hgb_d6>hgb_d3>logreg_C0.1>logreg_C1.0>logreg_C10.0,hgb_d6,candidate_declaration_order_only_for_exact_score_ties
iot,iotid20(6.4%),11,53,F1_best,"[""logreg_C0.1"", ""logreg_C1.0"", ""logreg_C10.0"", ""hgb_d3"", ""hgb_d6""]","[0.7314017227877838, 0.7309803921568627, 0.7288401253918495, 0.9618181818181818, 0.9757847533632287]","[3.0, 4.0, 5.0, 2.0, 1.0]",0.0,0,1,hgb_d6>hgb_d3>logreg_C0.1>logreg_C1.0>logreg_C10.0,hgb_d6,candidate_declaration_order_only_for_exact_score_ties
iot,iotid20(6.4%),11,53,AUPRC,"[""logreg_C0.1"", ""logreg_C1.0"", ""logreg_C10.0"", ""hgb_d3"", ""hgb_d6""]","[0.7499180924932108, 0.7465530365264657, 0.7464201063836197, 0.9939625226769904, 0.9961914811808503]","[3.0, 4.0, 5.0, 2.0, 1.0]",0.0,0,1,hgb_d6>hgb_d3>logreg_C0.1>logreg_C1.0>logreg_C10.0,hgb_d6,candidate_declaration_order_only_for_exact_score_ties
iot,iotid20(6.4%),11,53,AUROC,"[""logreg_C0.1"", ""logreg_C1.0"", ""logreg_C10.0"", ""hgb_d3"", ""hgb_d6""]","[0.9656925672978138, 0.9659882145651792, 0.96521018423392, 0.9977015740528801, 0.9994736477890334]","[4.0, 3.0, 5.0, 2.0, 1.0]",0.0,0,1,hgb_d6>hgb_d3>logreg_C1.0>logreg_C0.1>logreg_C10.0,hgb_d6,candidate_declaration_order_only_for_exact_score_ties
iot,iotid20(6.4%),11,53,Brier_neg,"[""logreg_C0.1"", ""logreg_C1.0"", ""logreg_C10.0"", ""hgb_d3"", ""hgb_d6""]","[-0.02699152615321083, -0.026898328321995797, -0.026947845618480924, -0.0013875848226100817, -0.0012244347011592493]","[5.0, 3.0, 4.0, 2.0, 1.0]",0.0,0,1,hgb_d6>hgb_d3>logreg_C1.0>logreg_C10.0>logreg_C0.1,hgb_d6,candidate_declaration_order_only_for_exact_score_ties
iot,iotid20(6.4%),11,53,MCC_05,"[""logreg_C0.1"", ""logreg_C1.0"", ""logreg_C10.0"", ""hgb_d3"", ""hgb_d6""]","[0.6417685325734662, 0.6426109169638526, 0.6399662157057612, 0.9887231848118552, 0.9896614962723096]","[4.0, 3.0, 5.0, 2.0, 1.0]",0.0,0,1,hgb_d6>hgb_d3>logreg_C1.0>logreg_C0.1>logreg_C10.0,hgb_d6,candidate_declaration_order_only_for_exact_score_ties
abalone,abalone(9.4%),0,42,SoftMCC,"[""logreg_C0.1"", ""logreg_C1.0"", ""logreg_C10.0"", ""hgb_d3"", ""hgb_d6""]","[0.1388846237714038, 0.14312958045084015, 0.14746540456175752, 0.14687964983103916, 0.1395127455386959]","[5.0, 3.0, 1.0, 2.0, 4.0]",0.0,0,1,logreg_C10.0>hgb_d3>logreg_C1.0>hgb_d6>logreg_C0.1,logreg_C10.0,candidate_declaration_order_only_for_exact_score_ties
abalone,abalone(9.4%),0,42,MCC_best,"[""logreg_C0.1"", ""logreg_C1.0"", ""logreg_C10.0"", ""hgb_d3"", ""hgb_d6""]","[0.4175739248423208, 0.39658119678906445, 0.3968600212323036, 0.40170765812319276, 0.3940649651723212]","[1.0, 4.0, 3.0, 2.0, 5.0]",0.0,0,1,logreg_C0.1>hgb_d3>logreg_C10.0>logreg_C1.0>hgb_d6,logreg_C0.1,candidate_declaration_order_only_for_exact_score_ties
abalone,abalone(9.4%),0,42,F1_best,"[""logreg_C0.1"", ""logreg_C1.0"", ""logreg_C10.0"", ""hgb_d3"", ""hgb_d6""]","[0.44224422442244227, 0.41904761904761906, 0.4183381088825215, 0.4364820846905538, 0.44545454545454544]","[2.0, 4.0, 5.0, 3.0, 1.0]",0.0,0,1,hgb_d6>logreg_C0.1>hgb_d3>logreg_C1.0>logreg_C10.0,hgb_d6,candidate_declaration_order_only_for_exact_score_ties
abalone,abalone(9.4%),0,42,AUPRC,"[""logreg_C0.1"", ""logreg_C1.0"", ""logreg_C10.0"", ""hgb_d3"", ""hgb_d6""]","[0.27923607026511105, 0.2718816810159175, 0.2753109116703673, 0.32517267574846254, 0.3280032948106975]","[3.0, 5.0, 4.0, 2.0, 1.0]",0.0,0,1,hgb_d6>hgb_d3>logreg_C0.1>logreg_C10.0>logreg_C1.0,hgb_d6,candidate_declaration_order_only_for_exact_score_ties
abalone,abalone(9.4%),0,42,AUROC,"[""logreg_C0.1"", ""logreg_C1.0"", ""logreg_C10.0"", ""hgb_d3"", ""hgb_d6""]","[0.8499586534357662, 0.8499919974391806, 0.8520993384549722, 0.8708319995731968, 0.8677643512590696]","[5.0, 4.0, 3.0, 1.0, 2.0]",0.0,0,1,hgb_d3>hgb_d6>logreg_C10.0>logreg_C1.0>logreg_C0.1,hgb_d3,candidate_declaration_order_only_for_exact_score_ties
abalone,abalone(9.4%),0,42,Brier_neg,"[""logreg_C0.1"", ""logreg_C1.0"", ""logreg_C10.0"", ""hgb_d3"", ""hgb_d6""]","[-0.07150400710517094, -0.07155934655283867, -0.07177772775256999, -0.07029737277617996, -0.0716452649514246]","[2.0, 3.0, 5.0, 1.0, 4.0]",0.0,0,1,hgb_d3>logreg_C0.1>logreg_C1.0>hgb_d6>logreg_C10.0,hgb_d3,candidate_declaration_order_only_for_exact_score_ties
abalone,abalone(9.4%),0,42,MCC_05,"[""logreg_C0.1"", ""logreg_C1.0"", ""logreg_C10.0"", ""hgb_d3"", ""hgb_d6""]","[0.0, 0.0, 0.06441927133718126, 0.0, 0.07691491262686433]","[4.0, 4.0, 2.0, 4.0, 1.0]",24.0,1,3,hgb_d6>logreg_C10.0>logreg_C0.1>logreg_C1.0>hgb_d3,hgb_d6,candidate_declaration_order_only_for_exact_score_ties
abalone,abalone(9.4%),1,43,SoftMCC,"[""logreg_C0.1"", ""logreg_C1.0"", ""logreg_C10.0"", ""hgb_d3"", ""hgb_d6""]","[0.11836946042797061, 0.12190816095935947, 0.13097563583059543, 0.15193818821452007, 0.13841643405001458]","[5.0, 4.0, 3.0, 1.0, 2.0]",0.0,0,1,hgb_d3>hgb_d6>logreg_C10.0>logreg_C1.0>logreg_C0.1,hgb_d3,candidate_declaration_order_only_for_exact_score_ties
abalone,abalone(9.4%),1,43,MCC_best,"[""logreg_C0.1"", ""logreg_C1.0"", ""logreg_C10.0"", ""hgb_d3"", ""hgb_d6""]","[0.3393870238712596, 0.34039851021965806, 0.35062611468560406, 0.40049192520029553, 0.3616583819501313]","[5.0, 4.0, 3.0, 1.0, 2.0]",0.0,0,1,hgb_d3>hgb_d6>logreg_C10.0>logreg_C1.0>logreg_C0.1,hgb_d3,candidate_declaration_order_only_for_exact_score_ties
abalone,abalone(9.4%),1,43,F1_best,"[""logreg_C0.1"", ""logreg_C1.0"", ""logreg_C10.0"", ""hgb_d3"", ""hgb_d6""]","[0.37462235649546827, 0.38323353293413176, 0.38333333333333336, 0.448, 0.42574257425742573]","[5.0, 4.0, 3.0, 1.0, 2.0]",0.0,0,1,hgb_d3>hgb_d6>logreg_C10.0>logreg_C1.0>logreg_C0.1,hgb_d3,candidate_declaration_order_only_for_exact_score_ties
abalone,abalone(9.4%),1,43,AUPRC,"[""logreg_C0.1"", ""logreg_C1.0"", ""logreg_C10.0"", ""hgb_d3"", ""hgb_d6""]","[0.2523799681798792, 0.243371391016084, 0.2674662103369363, 0.3328686940628082, 0.319722320488103]","[4.0, 5.0, 3.0, 1.0, 2.0]",0.0,0,1,hgb_d3>hgb_d6>logreg_C10.0>logreg_C0.1>logreg_C1.0,hgb_d3,candidate_declaration_order_only_for_exact_score_ties
abalone,abalone(9.4%),1,43,AUROC,"[""logreg_C0.1"", ""logreg_C1.0"", ""logreg_C10.0"", ""hgb_d3"", ""hgb_d6""]","[0.8196289479300043, 0.8196956359368331, 0.8398487516005122, 0.8455305697823304, 0.8408090588988476]","[5.0, 4.0, 3.0, 1.0, 2.0]",0.0,0,1,hgb_d3>hgb_d6>logreg_C10.0>logreg_C1.0>logreg_C0.1,hgb_d3,candidate_declaration_order_only_for_exact_score_ties
abalone,abalone(9.4%),1,43,Brier_neg,"[""logreg_C0.1"", ""logreg_C1.0"", ""logreg_C10.0"", ""hgb_d3"", ""hgb_d6""]","[-0.07447831959484394, -0.07465617651853744, -0.07344312125283722, -0.07099951303548595, -0.072216119759038]","[4.0, 5.0, 3.0, 1.0, 2.0]",0.0,0,1,hgb_d3>hgb_d6>logreg_C10.0>logreg_C0.1>logreg_C1.0,hgb_d3,candidate_declaration_order_only_for_exact_score_ties
abalone,abalone(9.4%),1,43,MCC_05,"[""logreg_C0.1"", ""logreg_C1.0"", ""logreg_C10.0"", ""hgb_d3"", ""hgb_d6""]","[0.0, 0.0, 0.0, 0.11131400282977398, 0.04656452098572228]","[4.0, 4.0, 4.0, 1.0, 2.0]",24.0,1,3,hgb_d3>hgb_d6>logreg_C0.1>logreg_C1.0>logreg_C10.0,hgb_d3,candidate_declaration_order_only_for_exact_score_ties
abalone,abalone(9.4%),2,44,SoftMCC,"[""logreg_C0.1"", ""logreg_C1.0"", ""logreg_C10.0"", ""hgb_d3"", ""hgb_d6""]","[0.11913524350107677, 0.12611236390835726, 0.12484088707630038, 0.13886667053369345, 0.1314485188436888]","[5.0, 3.0, 4.0, 1.0, 2.0]",0.0,0,1,hgb_d3>hgb_d6>logreg_C1.0>logreg_C10.0>logreg_C0.1,hgb_d3,candidate_declaration_order_only_for_exact_score_ties
abalone,abalone(9.4%),2,44,MCC_best,"[""logreg_C0.1"", ""logreg_C1.0"", ""logreg_C10.0"", ""hgb_d3"", ""hgb_d6""]","[0.31087944231034736, 0.3056929903968716, 0.31346751771054737, 0.3610516356061552, 0.3403460304576388]","[4.0, 5.0, 3.0, 1.0, 2.0]",0.0,0,1,hgb_d3>hgb_d6>logreg_C10.0>logreg_C0.1>logreg_C1.0,hgb_d3,candidate_declaration_order_only_for_exact_score_ties
abalone,abalone(9.4%),2,44,F1_best,"[""logreg_C0.1"", ""logreg_C1.0"", ""logreg_C10.0"", ""hgb_d3"", ""hgb_d6""]","[0.35942028985507246, 0.35365853658536583, 0.3630769230769231, 0.39316239316239315, 0.38405797101449274]","[4.0, 5.0, 3.0, 1.0, 2.0]",0.0,0,1,hgb_d3>hgb_d6>logreg_C10.0>logreg_C0.1>logreg_C1.0,hgb_d3,candidate_declaration_order_only_for_exact_score_ties
abalone,abalone(9.4%),2,44,AUPRC,"[""logreg_C0.1"", ""logreg_C1.0"", ""logreg_C10.0"", ""hgb_d3"", ""hgb_d6""]","[0.22275619576328992, 0.22916429597058524, 0.21943773777511555, 0.26695878897746195, 0.2503198199416836]","[4.0, 3.0, 5.0, 1.0, 2.0]",0.0,0,1,hgb_d3>hgb_d6>logreg_C1.0>logreg_C0.1>logreg_C10.0,hgb_d3,candidate_declaration_order_only_for_exact_score_ties
abalone,abalone(9.4%),2,44,AUROC,"[""logreg_C0.1"", ""logreg_C1.0"", ""logreg_C10.0"", ""hgb_d3"", ""hgb_d6""]","[0.7959413679043961, 0.8027902262057192, 0.7964415279556124, 0.827318075117371, 0.8201891271873667]","[5.0, 3.0, 4.0, 1.0, 2.0]",0.0,0,1,hgb_d3>hgb_d6>logreg_C1.0>logreg_C10.0>logreg_C0.1,hgb_d3,candidate_declaration_order_only_for_exact_score_ties
abalone,abalone(9.4%),2,44,Brier_neg,"[""logreg_C0.1"", ""logreg_C1.0"", ""logreg_C10.0"", ""hgb_d3"", ""hgb_d6""]","[-0.07691486021155565, -0.07615069141130014, -0.07681661412329309, -0.07401480146187199, -0.07471729964640739]","[5.0, 3.0, 4.0, 1.0, 2.0]",0.0,0,1,hgb_d3>hgb_d6>logreg_C1.0>logreg_C10.0>logreg_C0.1,hgb_d3,candidate_declaration_order_only_for_exact_score_ties
abalone,abalone(9.4%),2,44,MCC_05,"[""logreg_C0.1"", ""logreg_C1.0"", ""logreg_C10.0"", ""hgb_d3"", ""hgb_d6""]","[0.0, 0.0, 0.0, -0.01484004156458626, -0.010487904944970912]","[2.0, 2.0, 2.0, 5.0, 4.0]",24.0,1,3,logreg_C0.1>logreg_C1.0>logreg_C10.0>hgb_d6>hgb_d3,logreg_C0.1,candidate_declaration_order_only_for_exact_score_ties
abalone,abalone(9.4%),3,45,SoftMCC,"[""logreg_C0.1"", ""logreg_C1.0"", ""logreg_C10.0"", ""hgb_d3"", ""hgb_d6""]","[0.1307129886873563, 0.13760387674451632, 0.13973434631909057, 0.1565388741039926, 0.13743847183390095]","[5.0, 3.0, 2.0, 1.0, 4.0]",0.0,0,1,hgb_d3>logreg_C10.0>logreg_C1.0>hgb_d6>logreg_C0.1,hgb_d3,candidate_declaration_order_only_for_exact_score_ties
abalone,abalone(9.4%),3,45,MCC_best,"[""logreg_C0.1"", ""logreg_C1.0"", ""logreg_C10.0"", ""hgb_d3"", ""hgb_d6""]","[0.3308793788670685, 0.346033923088665, 0.3625657458905067, 0.4432079868287306, 0.4075633526379934]","[5.0, 4.0, 3.0, 1.0, 2.0]",0.0,0,1,hgb_d3>hgb_d6>logreg_C10.0>logreg_C1.0>logreg_C0.1,hgb_d3,candidate_declaration_order_only_for_exact_score_ties
abalone,abalone(9.4%),3,45,F1_best,"[""logreg_C0.1"", ""logreg_C1.0"", ""logreg_C10.0"", ""hgb_d3"", ""hgb_d6""]","[0.379746835443038, 0.3848396501457726, 0.3878116343490305, 0.488, 0.44224422442244227]","[5.0, 4.0, 3.0, 1.0, 2.0]",0.0,0,1,hgb_d3>hgb_d6>logreg_C10.0>logreg_C1.0>logreg_C0.1,hgb_d3,candidate_declaration_order_only_for_exact_score_ties
abalone,abalone(9.4%),3,45,AUPRC,"[""logreg_C0.1"", ""logreg_C1.0"", ""logreg_C10.0"", ""hgb_d3"", ""hgb_d6""]","[0.24440724416513837, 0.2505404971327261, 0.2575384598117363, 0.36146993303419295, 0.3102616717773313]","[5.0, 4.0, 3.0, 1.0, 2.0]",0.0,0,1,hgb_d3>hgb_d6>logreg_C10.0>logreg_C1.0>logreg_C0.1,hgb_d3,candidate_declaration_order_only_for_exact_score_ties
abalone,abalone(9.4%),3,45,AUROC,"[""logreg_C0.1"", ""logreg_C1.0"", ""logreg_C10.0"", ""hgb_d3"", ""hgb_d6""]","[0.809305644472898, 0.8182618437900128, 0.8241837387964148, 0.8643832693128468, 0.8496785638070848]","[5.0, 4.0, 3.0, 1.0, 2.0]",0.0,0,1,hgb_d3>hgb_d6>logreg_C10.0>logreg_C1.0>logreg_C0.1,hgb_d3,candidate_declaration_order_only_for_exact_score_ties
abalone,abalone(9.4%),3,45,Brier_neg,"[""logreg_C0.1"", ""logreg_C1.0"", ""logreg_C10.0"", ""hgb_d3"", ""hgb_d6""]","[-0.07448228255636269, -0.07399027624891977, -0.074685486296011, -0.06991704711429123, -0.07231652489357385]","[4.0, 3.0, 5.0, 1.0, 2.0]",0.0,0,1,hgb_d3>hgb_d6>logreg_C1.0>logreg_C0.1>logreg_C10.0,hgb_d3,candidate_declaration_order_only_for_exact_score_ties
abalone,abalone(9.4%),3,45,MCC_05,"[""logreg_C0.1"", ""logreg_C1.0"", ""logreg_C10.0"", ""hgb_d3"", ""hgb_d6""]","[0.0, 0.0, -0.01484004156458626, 0.09960029273073646, -0.01818496085832941]","[2.5, 2.5, 4.0, 1.0, 5.0]",6.0,1,2,hgb_d3>logreg_C0.1>logreg_C1.0>logreg_C10.0>hgb_d6,hgb_d3,candidate_declaration_order_only_for_exact_score_ties
abalone,abalone(9.4%),4,46,SoftMCC,"[""logreg_C0.1"", ""logreg_C1.0"", ""logreg_C10.0"", ""hgb_d3"", ""hgb_d6""]","[0.11541459357452148, 0.12185885616757497, 0.1331996273577039, 0.15547079953591347, 0.14303930270958362]","[5.0, 4.0, 3.0, 1.0, 2.0]",0.0,0,1,hgb_d3>hgb_d6>logreg_C10.0>logreg_C1.0>logreg_C0.1,hgb_d3,candidate_declaration_order_only_for_exact_score_ties
abalone,abalone(9.4%),4,46,MCC_best,"[""logreg_C0.1"", ""logreg_C1.0"", ""logreg_C10.0"", ""hgb_d3"", ""hgb_d6""]","[0.3010934549985954, 0.317921592092442, 0.3483670813728264, 0.3948587727795468, 0.3884919871977493]","[5.0, 4.0, 3.0, 1.0, 2.0]",0.0,0,1,hgb_d3>hgb_d6>logreg_C10.0>logreg_C1.0>logreg_C0.1,hgb_d3,candidate_declaration_order_only_for_exact_score_ties
abalone,abalone(9.4%),4,46,F1_best,"[""logreg_C0.1"", ""logreg_C1.0"", ""logreg_C10.0"", ""hgb_d3"", ""hgb_d6""]","[0.3624161073825503, 0.36419753086419754, 0.368, 0.451063829787234, 0.4061302681992337]","[5.0, 4.0, 3.0, 1.0, 2.0]",0.0,0,1,hgb_d3>hgb_d6>logreg_C10.0>logreg_C1.0>logreg_C0.1,hgb_d3,candidate_declaration_order_only_for_exact_score_ties
abalone,abalone(9.4%),4,46,AUPRC,"[""logreg_C0.1"", ""logreg_C1.0"", ""logreg_C10.0"", ""hgb_d3"", ""hgb_d6""]","[0.2351526841356646, 0.2385975734851965, 0.2572554494948322, 0.30913420138531933, 0.295985429042928]","[5.0, 4.0, 3.0, 1.0, 2.0]",0.0,0,1,hgb_d3>hgb_d6>logreg_C10.0>logreg_C1.0>logreg_C0.1,hgb_d3,candidate_declaration_order_only_for_exact_score_ties
abalone,abalone(9.4%),4,46,AUROC,"[""logreg_C0.1"", ""logreg_C1.0"", ""logreg_C10.0"", ""hgb_d3"", ""hgb_d6""]","[0.7978953265044815, 0.8123466175842937, 0.8269312846777636, 0.847411171574904, 0.8489116517285532]","[5.0, 4.0, 3.0, 2.0, 1.0]",0.0,0,1,hgb_d6>hgb_d3>logreg_C10.0>logreg_C1.0>logreg_C0.1,hgb_d6,candidate_declaration_order_only_for_exact_score_ties
abalone,abalone(9.4%),4,46,Brier_neg,"[""logreg_C0.1"", ""logreg_C1.0"", ""logreg_C10.0"", ""hgb_d3"", ""hgb_d6""]","[-0.07574062318601475, -0.07514205169351258, -0.07433786436182142, -0.07110951257283725, -0.07323384829836838]","[5.0, 4.0, 3.0, 1.0, 2.0]",0.0,0,1,hgb_d3>hgb_d6>logreg_C10.0>logreg_C1.0>logreg_C0.1,hgb_d3,candidate_declaration_order_only_for_exact_score_ties
abalone,abalone(9.4%),4,46,MCC_05,"[""logreg_C0.1"", ""logreg_C1.0"", ""logreg_C10.0"", ""hgb_d3"", ""hgb_d6""]","[0.0, 0.0, 0.10154198878540019, 0.0, 0.014641785319763435]","[4.0, 4.0, 1.0, 4.0, 2.0]",24.0,1,3,logreg_C10.0>hgb_d6>logreg_C0.1>logreg_C1.0>hgb_d3,logreg_C10.0,candidate_declaration_order_only_for_exact_score_ties
abalone,abalone(9.4%),5,47,SoftMCC,"[""logreg_C0.1"", ""logreg_C1.0"", ""logreg_C10.0"", ""hgb_d3"", ""hgb_d6""]","[0.1360617103326908, 0.13828476592863498, 0.16236666352901197, 0.16944567056565746, 0.1651438416187513]","[5.0, 4.0, 3.0, 1.0, 2.0]",0.0,0,1,hgb_d3>hgb_d6>logreg_C10.0>logreg_C1.0>logreg_C0.1,hgb_d3,candidate_declaration_order_only_for_exact_score_ties
abalone,abalone(9.4%),5,47,MCC_best,"[""logreg_C0.1"", ""logreg_C1.0"", ""logreg_C10.0"", ""hgb_d3"", ""hgb_d6""]","[0.3504746653235213, 0.36984421707412496, 0.38711921800111654, 0.38976969319302945, 0.38971713794990215]","[5.0, 4.0, 3.0, 1.0, 2.0]",0.0,0,1,hgb_d3>hgb_d6>logreg_C10.0>logreg_C1.0>logreg_C0.1,hgb_d3,candidate_declaration_order_only_for_exact_score_ties
abalone,abalone(9.4%),5,47,F1_best,"[""logreg_C0.1"", ""logreg_C1.0"", ""logreg_C10.0"", ""hgb_d3"", ""hgb_d6""]","[0.40425531914893614, 0.41843971631205673, 0.4423076923076923, 0.44221105527638194, 0.43902439024390244]","[5.0, 4.0, 1.0, 2.0, 3.0]",0.0,0,1,logreg_C10.0>hgb_d3>hgb_d6>logreg_C1.0>logreg_C0.1,logreg_C10.0,candidate_declaration_order_only_for_exact_score_ties
abalone,abalone(9.4%),5,47,AUPRC,"[""logreg_C0.1"", ""logreg_C1.0"", ""logreg_C10.0"", ""hgb_d3"", ""hgb_d6""]","[0.2651753946518909, 0.27163534553435964, 0.3247263730709001, 0.3493414213477912, 0.3176244242164077]","[5.0, 4.0, 2.0, 1.0, 3.0]",0.0,0,1,hgb_d3>logreg_C10.0>hgb_d6>logreg_C1.0>logreg_C0.1,hgb_d3,candidate_declaration_order_only_for_exact_score_ties
abalone,abalone(9.4%),5,47,AUROC,"[""logreg_C0.1"", ""logreg_C1.0"", ""logreg_C10.0"", ""hgb_d3"", ""hgb_d6""]","[0.8295988049509175, 0.836721084080239, 0.8537598698250106, 0.8632829172001707, 0.8587147887323945]","[5.0, 4.0, 3.0, 1.0, 2.0]",0.0,0,1,hgb_d3>hgb_d6>logreg_C10.0>logreg_C1.0>logreg_C0.1,hgb_d3,candidate_declaration_order_only_for_exact_score_ties
abalone,abalone(9.4%),5,47,Brier_neg,"[""logreg_C0.1"", ""logreg_C1.0"", ""logreg_C10.0"", ""hgb_d3"", ""hgb_d6""]","[-0.0733531764733966, -0.0733572727229346, -0.07223881853846867, -0.06981977993914094, -0.07027585220165831]","[4.0, 5.0, 3.0, 1.0, 2.0]",0.0,0,1,hgb_d3>hgb_d6>logreg_C10.0>logreg_C0.1>logreg_C1.0,hgb_d3,candidate_declaration_order_only_for_exact_score_ties
abalone,abalone(9.4%),5,47,MCC_05,"[""logreg_C0.1"", ""logreg_C1.0"", ""logreg_C10.0"", ""hgb_d3"", ""hgb_d6""]","[0.0, -0.010487904944970912, 0.057121039025249946, 0.06441927133718126, 0.0]","[3.5, 5.0, 2.0, 1.0, 3.5]",6.0,1,2,hgb_d3>logreg_C10.0>logreg_C0.1>hgb_d6>logreg_C1.0,hgb_d3,candidate_declaration_order_only_for_exact_score_ties
abalone,abalone(9.4%),6,48,SoftMCC,"[""logreg_C0.1"", ""logreg_C1.0"", ""logreg_C10.0"", ""hgb_d3"", ""hgb_d6""]","[0.12496531444195492, 0.1324634770052226, 0.15031275727978868, 0.14341450492617128, 0.13277433454592966]","[5.0, 4.0, 1.0, 2.0, 3.0]",0.0,0,1,logreg_C10.0>hgb_d3>hgb_d6>logreg_C1.0>logreg_C0.1,logreg_C10.0,candidate_declaration_order_only_for_exact_score_ties
abalone,abalone(9.4%),6,48,MCC_best,"[""logreg_C0.1"", ""logreg_C1.0"", ""logreg_C10.0"", ""hgb_d3"", ""hgb_d6""]","[0.3170389588284772, 0.33196600279625577, 0.3612775867929993, 0.3658492443500365, 0.3568968868408724]","[5.0, 4.0, 2.0, 1.0, 3.0]",0.0,0,1,hgb_d3>logreg_C10.0>hgb_d6>logreg_C1.0>logreg_C0.1,hgb_d3,candidate_declaration_order_only_for_exact_score_ties
abalone,abalone(9.4%),6,48,F1_best,"[""logreg_C0.1"", ""logreg_C1.0"", ""logreg_C10.0"", ""hgb_d3"", ""hgb_d6""]","[0.3716216216216216, 0.3806228373702422, 0.3895131086142322, 0.424, 0.4117647058823529]","[5.0, 4.0, 3.0, 1.0, 2.0]",0.0,0,1,hgb_d3>hgb_d6>logreg_C10.0>logreg_C1.0>logreg_C0.1,hgb_d3,candidate_declaration_order_only_for_exact_score_ties
abalone,abalone(9.4%),6,48,AUPRC,"[""logreg_C0.1"", ""logreg_C1.0"", ""logreg_C10.0"", ""hgb_d3"", ""hgb_d6""]","[0.2266936416392682, 0.23112817681672973, 0.291891224911099, 0.30047679524096105, 0.2933948551507878]","[5.0, 4.0, 3.0, 1.0, 2.0]",0.0,0,1,hgb_d3>hgb_d6>logreg_C10.0>logreg_C1.0>logreg_C0.1,hgb_d3,candidate_declaration_order_only_for_exact_score_ties
abalone,abalone(9.4%),6,48,AUROC,"[""logreg_C0.1"", ""logreg_C1.0"", ""logreg_C10.0"", ""hgb_d3"", ""hgb_d6""]","[0.787231914212548, 0.7953945262483995, 0.819115450277422, 0.8265911758429365, 0.8235435339308578]","[5.0, 4.0, 3.0, 1.0, 2.0]",0.0,0,1,hgb_d3>hgb_d6>logreg_C10.0>logreg_C1.0>logreg_C0.1,hgb_d3,candidate_declaration_order_only_for_exact_score_ties
abalone,abalone(9.4%),6,48,Brier_neg,"[""logreg_C0.1"", ""logreg_C1.0"", ""logreg_C10.0"", ""hgb_d3"", ""hgb_d6""]","[-0.07603976657635884, -0.07543442804424033, -0.0733741267290064, -0.07337389911590003, -0.07433945173822898]","[5.0, 4.0, 2.0, 1.0, 3.0]",0.0,0,1,hgb_d3>logreg_C10.0>hgb_d6>logreg_C1.0>logreg_C0.1,hgb_d3,candidate_declaration_order_only_for_exact_score_ties
abalone,abalone(9.4%),6,48,MCC_05,"[""logreg_C0.1"", ""logreg_C1.0"", ""logreg_C10.0"", ""hgb_d3"", ""hgb_d6""]","[0.0, 0.0, 0.0, -0.010487904944970912, 0.04656452098572228]","[3.0, 3.0, 3.0, 5.0, 1.0]",24.0,1,3,hgb_d6>logreg_C0.1>logreg_C1.0>logreg_C10.0>hgb_d3,hgb_d6,candidate_declaration_order_only_for_exact_score_ties
abalone,abalone(9.4%),7,49,SoftMCC,"[""logreg_C0.1"", ""logreg_C1.0"", ""logreg_C10.0"", ""hgb_d3"", ""hgb_d6""]","[0.1237440323706027, 0.1349584592614601, 0.13655975361912548, 0.13269350128440305, 0.12587993129418407]","[5.0, 2.0, 1.0, 3.0, 4.0]",0.0,0,1,logreg_C10.0>logreg_C1.0>hgb_d3>hgb_d6>logreg_C0.1,logreg_C10.0,candidate_declaration_order_only_for_exact_score_ties
abalone,abalone(9.4%),7,49,MCC_best,"[""logreg_C0.1"", ""logreg_C1.0"", ""logreg_C10.0"", ""hgb_d3"", ""hgb_d6""]","[0.3529159433664921, 0.3589233985351754, 0.3576311880270473, 0.3610373050918807, 0.36140167800481227]","[5.0, 3.0, 4.0, 2.0, 1.0]",0.0,0,1,hgb_d6>hgb_d3>logreg_C1.0>logreg_C10.0>logreg_C0.1,hgb_d6,candidate_declaration_order_only_for_exact_score_ties
abalone,abalone(9.4%),7,49,F1_best,"[""logreg_C0.1"", ""logreg_C1.0"", ""logreg_C10.0"", ""hgb_d3"", ""hgb_d6""]","[0.38746438746438744, 0.3864406779661017, 0.39263803680981596, 0.4080267558528428, 0.40559440559440557]","[4.0, 5.0, 3.0, 1.0, 2.0]",0.0,0,1,hgb_d3>hgb_d6>logreg_C10.0>logreg_C0.1>logreg_C1.0,hgb_d3,candidate_declaration_order_only_for_exact_score_ties
abalone,abalone(9.4%),7,49,AUPRC,"[""logreg_C0.1"", ""logreg_C1.0"", ""logreg_C10.0"", ""hgb_d3"", ""hgb_d6""]","[0.24073927965933967, 0.24885923437753651, 0.24614353709919856, 0.2972754554039729, 0.28195189748432764]","[5.0, 3.0, 4.0, 1.0, 2.0]",0.0,0,1,hgb_d3>hgb_d6>logreg_C1.0>logreg_C10.0>logreg_C0.1,hgb_d3,candidate_declaration_order_only_for_exact_score_ties
abalone,abalone(9.4%),7,49,AUROC,"[""logreg_C0.1"", ""logreg_C1.0"", ""logreg_C10.0"", ""hgb_d3"", ""hgb_d6""]","[0.8247639244558259, 0.8317061459667093, 0.830212334613743, 0.8498919654289373, 0.8458306658130601]","[5.0, 3.0, 4.0, 1.0, 2.0]",0.0,0,1,hgb_d3>hgb_d6>logreg_C1.0>logreg_C10.0>logreg_C0.1,hgb_d3,candidate_declaration_order_only_for_exact_score_ties
abalone,abalone(9.4%),7,49,Brier_neg,"[""logreg_C0.1"", ""logreg_C1.0"", ""logreg_C10.0"", ""hgb_d3"", ""hgb_d6""]","[-0.07388653222902654, -0.07303232352242645, -0.0734211138630198, -0.07203360216451289, -0.072737633069274]","[5.0, 3.0, 4.0, 1.0, 2.0]",0.0,0,1,hgb_d3>hgb_d6>logreg_C1.0>logreg_C10.0>logreg_C0.1,hgb_d3,candidate_declaration_order_only_for_exact_score_ties
abalone,abalone(9.4%),7,49,MCC_05,"[""logreg_C0.1"", ""logreg_C1.0"", ""logreg_C10.0"", ""hgb_d3"", ""hgb_d6""]","[0.0, 0.0, -0.010487904944970912, 0.10154198878540019, 0.0]","[3.0, 3.0, 5.0, 1.0, 3.0]",24.0,1,3,hgb_d3>logreg_C0.1>logreg_C1.0>hgb_d6>logreg_C10.0,hgb_d3,candidate_declaration_order_only_for_exact_score_ties
abalone,abalone(9.4%),8,50,SoftMCC,"[""logreg_C0.1"", ""logreg_C1.0"", ""logreg_C10.0"", ""hgb_d3"", ""hgb_d6""]","[0.1322791844459937, 0.14309376617399627, 0.1527140349190065, 0.16833708912095732, 0.15698024195752516]","[5.0, 4.0, 3.0, 1.0, 2.0]",0.0,0,1,hgb_d3>hgb_d6>logreg_C10.0>logreg_C1.0>logreg_C0.1,hgb_d3,candidate_declaration_order_only_for_exact_score_ties
abalone,abalone(9.4%),8,50,MCC_best,"[""logreg_C0.1"", ""logreg_C1.0"", ""logreg_C10.0"", ""hgb_d3"", ""hgb_d6""]","[0.3490408664039288, 0.37829717522852974, 0.4041290171269503, 0.39862873284717637, 0.4132857778503277]","[5.0, 4.0, 2.0, 3.0, 1.0]",0.0,0,1,hgb_d6>logreg_C10.0>hgb_d3>logreg_C1.0>logreg_C0.1,hgb_d6,candidate_declaration_order_only_for_exact_score_ties
abalone,abalone(9.4%),8,50,F1_best,"[""logreg_C0.1"", ""logreg_C1.0"", ""logreg_C10.0"", ""hgb_d3"", ""hgb_d6""]","[0.39490445859872614, 0.4072948328267477, 0.40268456375838924, 0.45161290322580644, 0.4459016393442623]","[5.0, 3.0, 4.0, 1.0, 2.0]",0.0,0,1,hgb_d3>hgb_d6>logreg_C1.0>logreg_C10.0>logreg_C0.1,hgb_d3,candidate_declaration_order_only_for_exact_score_ties
abalone,abalone(9.4%),8,50,AUPRC,"[""logreg_C0.1"", ""logreg_C1.0"", ""logreg_C10.0"", ""hgb_d3"", ""hgb_d6""]","[0.2584826553978782, 0.26473219302337747, 0.2914766133912974, 0.3141847593148383, 0.30644311105696614]","[5.0, 4.0, 3.0, 1.0, 2.0]",0.0,0,1,hgb_d3>hgb_d6>logreg_C10.0>logreg_C1.0>logreg_C0.1,hgb_d3,candidate_declaration_order_only_for_exact_score_ties
abalone,abalone(9.4%),8,50,AUROC,"[""logreg_C0.1"", ""logreg_C1.0"", ""logreg_C10.0"", ""hgb_d3"", ""hgb_d6""]","[0.8312259923175416, 0.8430631135296628, 0.8557871852326078, 0.8587814767392232, 0.8505388390951771]","[5.0, 4.0, 2.0, 1.0, 3.0]",0.0,0,1,hgb_d3>logreg_C10.0>hgb_d6>logreg_C1.0>logreg_C0.1,hgb_d3,candidate_declaration_order_only_for_exact_score_ties
abalone,abalone(9.4%),8,50,Brier_neg,"[""logreg_C0.1"", ""logreg_C1.0"", ""logreg_C10.0"", ""hgb_d3"", ""hgb_d6""]","[-0.07363530097405178, -0.07235706020106415, -0.07245802150519394, -0.07027736356935654, -0.07123023810896016]","[5.0, 3.0, 4.0, 1.0, 2.0]",0.0,0,1,hgb_d3>hgb_d6>logreg_C1.0>logreg_C10.0>logreg_C0.1,hgb_d3,candidate_declaration_order_only_for_exact_score_ties
abalone,abalone(9.4%),8,50,MCC_05,"[""logreg_C0.1"", ""logreg_C1.0"", ""logreg_C10.0"", ""hgb_d3"", ""hgb_d6""]","[0.0, 0.0, 0.04656452098572228, 0.0, 0.0]","[3.5, 3.5, 1.0, 3.5, 3.5]",60.0,1,4,logreg_C10.0>logreg_C0.1>logreg_C1.0>hgb_d3>hgb_d6,logreg_C10.0,candidate_declaration_order_only_for_exact_score_ties
abalone,abalone(9.4%),9,51,SoftMCC,"[""logreg_C0.1"", ""logreg_C1.0"", ""logreg_C10.0"", ""hgb_d3"", ""hgb_d6""]","[0.11955768826641192, 0.1253414820582495, 0.1409649008071794, 0.13686390140329896, 0.13053146078629294]","[5.0, 4.0, 1.0, 2.0, 3.0]",0.0,0,1,logreg_C10.0>hgb_d3>hgb_d6>logreg_C1.0>logreg_C0.1,logreg_C10.0,candidate_declaration_order_only_for_exact_score_ties
abalone,abalone(9.4%),9,51,MCC_best,"[""logreg_C0.1"", ""logreg_C1.0"", ""logreg_C10.0"", ""hgb_d3"", ""hgb_d6""]","[0.309267799037194, 0.33014147391752213, 0.35578333452662975, 0.37331593096319116, 0.35940872718941436]","[5.0, 4.0, 3.0, 1.0, 2.0]",0.0,0,1,hgb_d3>hgb_d6>logreg_C10.0>logreg_C1.0>logreg_C0.1,hgb_d3,candidate_declaration_order_only_for_exact_score_ties
abalone,abalone(9.4%),9,51,F1_best,"[""logreg_C0.1"", ""logreg_C1.0"", ""logreg_C10.0"", ""hgb_d3"", ""hgb_d6""]","[0.366412213740458, 0.3593220338983051, 0.38461538461538464, 0.4126984126984127, 0.4097222222222222]","[4.0, 5.0, 3.0, 1.0, 2.0]",0.0,0,1,hgb_d3>hgb_d6>logreg_C10.0>logreg_C0.1>logreg_C1.0,hgb_d3,candidate_declaration_order_only_for_exact_score_ties
abalone,abalone(9.4%),9,51,AUPRC,"[""logreg_C0.1"", ""logreg_C1.0"", ""logreg_C10.0"", ""hgb_d3"", ""hgb_d6""]","[0.22617722497777065, 0.23190456110019425, 0.2702026325673337, 0.2702726835251584, 0.27571724091367533]","[5.0, 4.0, 3.0, 2.0, 1.0]",0.0,0,1,hgb_d6>hgb_d3>logreg_C10.0>logreg_C1.0>logreg_C0.1,hgb_d6,candidate_declaration_order_only_for_exact_score_ties
abalone,abalone(9.4%),9,51,AUROC,"[""logreg_C0.1"", ""logreg_C1.0"", ""logreg_C10.0"", ""hgb_d3"", ""hgb_d6""]","[0.8066381241997439, 0.8171348164746053, 0.8391752027315408, 0.8328998612889459, 0.8298122065727699]","[5.0, 4.0, 1.0, 2.0, 3.0]",0.0,0,1,logreg_C10.0>hgb_d3>hgb_d6>logreg_C1.0>logreg_C0.1,logreg_C10.0,candidate_declaration_order_only_for_exact_score_ties
abalone,abalone(9.4%),9,51,Brier_neg,"[""logreg_C0.1"", ""logreg_C1.0"", ""logreg_C10.0"", ""hgb_d3"", ""hgb_d6""]","[-0.0754845078889652, -0.0749715408490447, -0.07312354185582409, -0.07360185822664317, -0.07383471115146373]","[5.0, 4.0, 1.0, 2.0, 3.0]",0.0,0,1,logreg_C10.0>hgb_d3>hgb_d6>logreg_C1.0>logreg_C0.1,logreg_C10.0,candidate_declaration_order_only_for_exact_score_ties
abalone,abalone(9.4%),9,51,MCC_05,"[""logreg_C0.1"", ""logreg_C1.0"", ""logreg_C10.0"", ""hgb_d3"", ""hgb_d6""]","[0.0, 0.0, 0.0, -0.010487904944970912, 0.0]","[2.5, 2.5, 2.5, 5.0, 2.5]",60.0,1,4,logreg_C0.1>logreg_C1.0>logreg_C10.0>hgb_d6>hgb_d3,logreg_C0.1,candidate_declaration_order_only_for_exact_score_ties
abalone,abalone(9.4%),10,52,SoftMCC,"[""logreg_C0.1"", ""logreg_C1.0"", ""logreg_C10.0"", ""hgb_d3"", ""hgb_d6""]","[0.13819470923408764, 0.14264669066059632, 0.1544713900269027, 0.16231145478674053, 0.15197722492579135]","[5.0, 4.0, 2.0, 1.0, 3.0]",0.0,0,1,hgb_d3>logreg_C10.0>hgb_d6>logreg_C1.0>logreg_C0.1,hgb_d3,candidate_declaration_order_only_for_exact_score_ties
abalone,abalone(9.4%),10,52,MCC_best,"[""logreg_C0.1"", ""logreg_C1.0"", ""logreg_C10.0"", ""hgb_d3"", ""hgb_d6""]","[0.3757898491200949, 0.3893114975840825, 0.3975213553044819, 0.4025381776404652, 0.3971987730895844]","[5.0, 4.0, 2.0, 1.0, 3.0]",0.0,0,1,hgb_d3>logreg_C10.0>hgb_d6>logreg_C1.0>logreg_C0.1,hgb_d3,candidate_declaration_order_only_for_exact_score_ties
abalone,abalone(9.4%),10,52,F1_best,"[""logreg_C0.1"", ""logreg_C1.0"", ""logreg_C10.0"", ""hgb_d3"", ""hgb_d6""]","[0.4181184668989547, 0.422360248447205, 0.43037974683544306, 0.42105263157894735, 0.4412811387900356]","[5.0, 3.0, 2.0, 4.0, 1.0]",0.0,0,1,hgb_d6>logreg_C10.0>logreg_C1.0>hgb_d3>logreg_C0.1,hgb_d6,candidate_declaration_order_only_for_exact_score_ties
abalone,abalone(9.4%),10,52,AUPRC,"[""logreg_C0.1"", ""logreg_C1.0"", ""logreg_C10.0"", ""hgb_d3"", ""hgb_d6""]","[0.27866429318692887, 0.28072788257720965, 0.2773731421803137, 0.31374128084932684, 0.32686297467400083]","[4.0, 3.0, 5.0, 2.0, 1.0]",0.0,0,1,hgb_d6>hgb_d3>logreg_C1.0>logreg_C0.1>logreg_C10.0,hgb_d6,candidate_declaration_order_only_for_exact_score_ties
abalone,abalone(9.4%),10,52,AUROC,"[""logreg_C0.1"", ""logreg_C1.0"", ""logreg_C10.0"", ""hgb_d3"", ""hgb_d6""]","[0.8482447716602647, 0.8539399274434485, 0.8509256295347845, 0.8713121532223645, 0.8754468096457533]","[5.0, 3.0, 4.0, 2.0, 1.0]",0.0,0,1,hgb_d6>hgb_d3>logreg_C1.0>logreg_C10.0>logreg_C0.1,hgb_d6,candidate_declaration_order_only_for_exact_score_ties
abalone,abalone(9.4%),10,52,Brier_neg,"[""logreg_C0.1"", ""logreg_C1.0"", ""logreg_C10.0"", ""hgb_d3"", ""hgb_d6""]","[-0.07188556718525148, -0.07149100677175337, -0.07124066144089589, -0.07008554772972143, -0.07000847565628941]","[5.0, 4.0, 3.0, 2.0, 1.0]",0.0,0,1,hgb_d6>hgb_d3>logreg_C10.0>logreg_C1.0>logreg_C0.1,hgb_d6,candidate_declaration_order_only_for_exact_score_ties
abalone,abalone(9.4%),10,52,MCC_05,"[""logreg_C0.1"", ""logreg_C1.0"", ""logreg_C10.0"", ""hgb_d3"", ""hgb_d6""]","[0.0, 0.0, 0.0, 0.0, -0.010487904944970912]","[2.5, 2.5, 2.5, 2.5, 5.0]",60.0,1,4,logreg_C0.1>logreg_C1.0>logreg_C10.0>hgb_d3>hgb_d6,logreg_C0.1,candidate_declaration_order_only_for_exact_score_ties
abalone,abalone(9.4%),11,53,SoftMCC,"[""logreg_C0.1"", ""logreg_C1.0"", ""logreg_C10.0"", ""hgb_d3"", ""hgb_d6""]","[0.13917272914950937, 0.14517634833012125, 0.16836955672990173, 0.16657964348612994, 0.15081257943253168]","[5.0, 4.0, 1.0, 2.0, 3.0]",0.0,0,1,logreg_C10.0>hgb_d3>hgb_d6>logreg_C1.0>logreg_C0.1,logreg_C10.0,candidate_declaration_order_only_for_exact_score_ties
abalone,abalone(9.4%),11,53,MCC_best,"[""logreg_C0.1"", ""logreg_C1.0"", ""logreg_C10.0"", ""hgb_d3"", ""hgb_d6""]","[0.38640786681746725, 0.3861799384455113, 0.3975213553044819, 0.4123119061972505, 0.39935249405424683]","[4.0, 5.0, 3.0, 1.0, 2.0]",0.0,0,1,hgb_d3>hgb_d6>logreg_C10.0>logreg_C0.1>logreg_C1.0,hgb_d3,candidate_declaration_order_only_for_exact_score_ties
abalone,abalone(9.4%),11,53,F1_best,"[""logreg_C0.1"", ""logreg_C1.0"", ""logreg_C10.0"", ""hgb_d3"", ""hgb_d6""]","[0.42105263157894735, 0.41509433962264153, 0.43037974683544306, 0.46473029045643155, 0.4444444444444444]","[4.0, 5.0, 3.0, 1.0, 2.0]",0.0,0,1,hgb_d3>hgb_d6>logreg_C10.0>logreg_C0.1>logreg_C1.0,hgb_d3,candidate_declaration_order_only_for_exact_score_ties
abalone,abalone(9.4%),11,53,AUPRC,"[""logreg_C0.1"", ""logreg_C1.0"", ""logreg_C10.0"", ""hgb_d3"", ""hgb_d6""]","[0.2732087044565236, 0.279180503553508, 0.31616359171272773, 0.3480213114289882, 0.3052864839622584]","[5.0, 4.0, 2.0, 1.0, 3.0]",0.0,0,1,hgb_d3>logreg_C10.0>hgb_d6>logreg_C1.0>logreg_C0.1,hgb_d3,candidate_declaration_order_only_for_exact_score_ties
abalone,abalone(9.4%),11,53,AUROC,"[""logreg_C0.1"", ""logreg_C1.0"", ""logreg_C10.0"", ""hgb_d3"", ""hgb_d6""]","[0.8443701984635084, 0.8461374306444729, 0.8599485168587282, 0.8719456892872386, 0.8615156850192062]","[5.0, 4.0, 3.0, 1.0, 2.0]",0.0,0,1,hgb_d3>hgb_d6>logreg_C10.0>logreg_C1.0>logreg_C0.1,hgb_d3,candidate_declaration_order_only_for_exact_score_ties
abalone,abalone(9.4%),11,53,Brier_neg,"[""logreg_C0.1"", ""logreg_C1.0"", ""logreg_C10.0"", ""hgb_d3"", ""hgb_d6""]","[-0.07200649841745821, -0.07164909972154598, -0.06974017906854417, -0.06897532350285505, -0.07083447672431809]","[5.0, 4.0, 2.0, 1.0, 3.0]",0.0,0,1,hgb_d3>logreg_C10.0>hgb_d6>logreg_C1.0>logreg_C0.1,hgb_d3,candidate_declaration_order_only_for_exact_score_ties
abalone,abalone(9.4%),11,53,MCC_05,"[""logreg_C0.1"", ""logreg_C1.0"", ""logreg_C10.0"", ""hgb_d3"", ""hgb_d6""]","[0.0, 0.0, 0.1773316041119372, 0.06441927133718126, 0.06441927133718126]","[4.5, 4.5, 1.0, 2.5, 2.5]",12.0,2,2,logreg_C10.0>hgb_d3>hgb_d6>logreg_C0.1>logreg_C1.0,logreg_C10.0,candidate_declaration_order_only_for_exact_score_ties
car_eval_34,car_eval_34(7.8%),0,42,SoftMCC,"[""logreg_C0.1"", ""logreg_C1.0"", ""logreg_C10.0"", ""hgb_d3"", ""hgb_d6""]","[0.19747945866687963, 0.22138700441014555, 0.24488141854353607, 0.3394018241271539, 0.3387016882410512]","[5.0, 4.0, 3.0, 1.0, 2.0]",0.0,0,1,hgb_d3>hgb_d6>logreg_C10.0>logreg_C1.0>logreg_C0.1,hgb_d3,candidate_declaration_order_only_for_exact_score_ties
car_eval_34,car_eval_34(7.8%),0,42,MCC_best,"[""logreg_C0.1"", ""logreg_C1.0"", ""logreg_C10.0"", ""hgb_d3"", ""hgb_d6""]","[0.8054576977022956, 0.7983993287632225, 0.8658519911179979, 0.6984484514103357, 0.6502385609041673]","[2.0, 3.0, 1.0, 4.0, 5.0]",0.0,0,1,logreg_C10.0>logreg_C0.1>logreg_C1.0>hgb_d3>hgb_d6,logreg_C10.0,candidate_declaration_order_only_for_exact_score_ties
car_eval_34,car_eval_34(7.8%),0,42,F1_best,"[""logreg_C0.1"", ""logreg_C1.0"", ""logreg_C10.0"", ""hgb_d3"", ""hgb_d6""]","[0.8181818181818182, 0.8135593220338984, 0.875, 0.7058823529411765, 0.6666666666666666]","[2.0, 3.0, 1.0, 4.0, 5.0]",0.0,0,1,logreg_C10.0>logreg_C0.1>logreg_C1.0>hgb_d3>hgb_d6,logreg_C10.0,candidate_declaration_order_only_for_exact_score_ties
car_eval_34,car_eval_34(7.8%),0,42,AUPRC,"[""logreg_C0.1"", ""logreg_C1.0"", ""logreg_C10.0"", ""hgb_d3"", ""hgb_d6""]","[0.8158825822112087, 0.8537812293436939, 0.924442312905311, 0.7147005772005771, 0.6513436322131974]","[3.0, 2.0, 1.0, 4.0, 5.0]",0.0,0,1,logreg_C10.0>logreg_C1.0>logreg_C0.1>hgb_d3>hgb_d6,logreg_C10.0,candidate_declaration_order_only_for_exact_score_ties
car_eval_34,car_eval_34(7.8%),0,42,AUROC,"[""logreg_C0.1"", ""logreg_C1.0"", ""logreg_C10.0"", ""hgb_d3"", ""hgb_d6""]","[0.9797585886722378, 0.987883008356546, 0.9945218198700092, 0.974233983286908, 0.96652739090065]","[3.0, 2.0, 1.0, 4.0, 5.0]",0.0,0,1,logreg_C10.0>logreg_C1.0>logreg_C0.1>hgb_d3>hgb_d6,logreg_C10.0,candidate_declaration_order_only_for_exact_score_ties
car_eval_34,car_eval_34(7.8%),0,42,Brier_neg,"[""logreg_C0.1"", ""logreg_C1.0"", ""logreg_C10.0"", ""hgb_d3"", ""hgb_d6""]","[-0.050395633974780744, -0.048710292433396654, -0.046587757879854134, -0.03899109432035172, -0.040166874239585496]","[5.0, 4.0, 3.0, 1.0, 2.0]",0.0,0,1,hgb_d3>hgb_d6>logreg_C10.0>logreg_C1.0>logreg_C0.1,hgb_d3,candidate_declaration_order_only_for_exact_score_ties
car_eval_34,car_eval_34(7.8%),0,42,MCC_05,"[""logreg_C0.1"", ""logreg_C1.0"", ""logreg_C10.0"", ""hgb_d3"", ""hgb_d6""]","[0.0, 0.0, 0.0, 0.680101939727658, 0.6629101640054451]","[4.0, 4.0, 4.0, 1.0, 2.0]",24.0,1,3,hgb_d3>hgb_d6>logreg_C0.1>logreg_C1.0>logreg_C10.0,hgb_d3,candidate_declaration_order_only_for_exact_score_ties
car_eval_34,car_eval_34(7.8%),1,43,SoftMCC,"[""logreg_C0.1"", ""logreg_C1.0"", ""logreg_C10.0"", ""hgb_d3"", ""hgb_d6""]","[0.3551987226428243, 0.4471543401026049, 0.5092403480856766, 0.3628104289917413, 0.3567950866037554]","[5.0, 2.0, 1.0, 3.0, 4.0]",0.0,0,1,logreg_C10.0>logreg_C1.0>hgb_d3>hgb_d6>logreg_C0.1,logreg_C10.0,candidate_declaration_order_only_for_exact_score_ties
car_eval_34,car_eval_34(7.8%),1,43,MCC_best,"[""logreg_C0.1"", ""logreg_C1.0"", ""logreg_C10.0"", ""hgb_d3"", ""hgb_d6""]","[0.8018284090769622, 0.819405756731662, 0.8183256291378619, 0.7480503970706659, 0.761724102736153]","[3.0, 1.0, 2.0, 5.0, 4.0]",0.0,0,1,logreg_C1.0>logreg_C10.0>logreg_C0.1>hgb_d6>hgb_d3,logreg_C1.0,candidate_declaration_order_only_for_exact_score_ties
car_eval_34,car_eval_34(7.8%),1,43,F1_best,"[""logreg_C0.1"", ""logreg_C1.0"", ""logreg_C10.0"", ""hgb_d3"", ""hgb_d6""]","[0.8115942028985508, 0.8333333333333334, 0.8307692307692308, 0.7605633802816901, 0.76]","[3.0, 1.0, 2.0, 4.0, 5.0]",0.0,0,1,logreg_C1.0>logreg_C10.0>logreg_C0.1>hgb_d3>hgb_d6,logreg_C1.0,candidate_declaration_order_only_for_exact_score_ties
car_eval_34,car_eval_34(7.8%),1,43,AUPRC,"[""logreg_C0.1"", ""logreg_C1.0"", ""logreg_C10.0"", ""hgb_d3"", ""hgb_d6""]","[0.8681515851555167, 0.8873927906241944, 0.8576029841296657, 0.818702417758584, 0.8042276422764227]","[2.0, 1.0, 3.0, 4.0, 5.0]",0.0,0,1,logreg_C1.0>logreg_C0.1>logreg_C10.0>hgb_d3>hgb_d6,logreg_C1.0,candidate_declaration_order_only_for_exact_score_ties
car_eval_34,car_eval_34(7.8%),1,43,AUROC,"[""logreg_C0.1"", ""logreg_C1.0"", ""logreg_C10.0"", ""hgb_d3"", ""hgb_d6""]","[0.9881151346332404, 0.9829619312906221, 0.9808727948003715, 0.9792014856081708, 0.972794800371402]","[1.0, 2.0, 3.0, 4.0, 5.0]",0.0,0,1,logreg_C0.1>logreg_C1.0>logreg_C10.0>hgb_d3>hgb_d6,logreg_C0.1,candidate_declaration_order_only_for_exact_score_ties
car_eval_34,car_eval_34(7.8%),1,43,Brier_neg,"[""logreg_C0.1"", ""logreg_C1.0"", ""logreg_C10.0"", ""hgb_d3"", ""hgb_d6""]","[-0.038693528276576676, -0.03273461429914549, -0.03132404740613195, -0.03846001627285442, -0.03915820758586418]","[4.0, 2.0, 1.0, 3.0, 5.0]",0.0,0,1,logreg_C10.0>logreg_C1.0>hgb_d3>logreg_C0.1>hgb_d6,logreg_C10.0,candidate_declaration_order_only_for_exact_score_ties
car_eval_34,car_eval_34(7.8%),1,43,MCC_05,"[""logreg_C0.1"", ""logreg_C1.0"", ""logreg_C10.0"", ""hgb_d3"", ""hgb_d6""]","[0.5619102987284202, 0.5901155239185502, 0.6166654155137284, 0.6702286835444662, 0.6679396371107655]","[5.0, 4.0, 3.0, 1.0, 2.0]",0.0,0,1,hgb_d3>hgb_d6>logreg_C10.0>logreg_C1.0>logreg_C0.1,hgb_d3,candidate_declaration_order_only_for_exact_score_ties
car_eval_34,car_eval_34(7.8%),2,44,SoftMCC,"[""logreg_C0.1"", ""logreg_C1.0"", ""logreg_C10.0"", ""hgb_d3"", ""hgb_d6""]","[0.18532196370917334, 0.22590257508584943, 0.2529302019291522, 0.37287180309542195, 0.39507561571660443]","[5.0, 4.0, 3.0, 2.0, 1.0]",0.0,0,1,hgb_d6>hgb_d3>logreg_C10.0>logreg_C1.0>logreg_C0.1,hgb_d6,candidate_declaration_order_only_for_exact_score_ties
car_eval_34,car_eval_34(7.8%),2,44,MCC_best,"[""logreg_C0.1"", ""logreg_C1.0"", ""logreg_C10.0"", ""hgb_d3"", ""hgb_d6""]","[0.8279924701378369, 0.8469964548538342, 0.8469964548538342, 0.8053569515013369, 0.8263271816214895]","[3.0, 1.5, 1.5, 5.0, 4.0]",6.0,1,2,logreg_C1.0>logreg_C10.0>logreg_C0.1>hgb_d6>hgb_d3,logreg_C1.0,candidate_declaration_order_only_for_exact_score_ties
car_eval_34,car_eval_34(7.8%),2,44,F1_best,"[""logreg_C0.1"", ""logreg_C1.0"", ""logreg_C10.0"", ""hgb_d3"", ""hgb_d6""]","[0.8363636363636363, 0.8518518518518519, 0.8518518518518519, 0.8, 0.8301886792452831]","[3.0, 1.5, 1.5, 5.0, 4.0]",6.0,1,2,logreg_C1.0>logreg_C10.0>logreg_C0.1>hgb_d6>hgb_d3,logreg_C1.0,candidate_declaration_order_only_for_exact_score_ties
car_eval_34,car_eval_34(7.8%),2,44,AUPRC,"[""logreg_C0.1"", ""logreg_C1.0"", ""logreg_C10.0"", ""hgb_d3"", ""hgb_d6""]","[0.8662876382876383, 0.8831385118149824, 0.9008919697873187, 0.838826597379229, 0.8342309932504197]","[3.0, 2.0, 1.0, 4.0, 5.0]",0.0,0,1,logreg_C10.0>logreg_C1.0>logreg_C0.1>hgb_d3>hgb_d6,logreg_C10.0,candidate_declaration_order_only_for_exact_score_ties
car_eval_34,car_eval_34(7.8%),2,44,AUROC,"[""logreg_C0.1"", ""logreg_C1.0"", ""logreg_C10.0"", ""hgb_d3"", ""hgb_d6""]","[0.9904363974001857, 0.9920612813370473, 0.9939182915506035, 0.9775301764159703, 0.9810120705663881]","[3.0, 2.0, 1.0, 5.0, 4.0]",0.0,0,1,logreg_C10.0>logreg_C1.0>logreg_C0.1>hgb_d6>hgb_d3,logreg_C10.0,candidate_declaration_order_only_for_exact_score_ties
car_eval_34,car_eval_34(7.8%),2,44,Brier_neg,"[""logreg_C0.1"", ""logreg_C1.0"", ""logreg_C10.0"", ""hgb_d3"", ""hgb_d6""]","[-0.05368025452182897, -0.050198166057837716, -0.04802833160538161, -0.03461871347648974, -0.032410463682654836]","[5.0, 4.0, 3.0, 2.0, 1.0]",0.0,0,1,hgb_d6>hgb_d3>logreg_C10.0>logreg_C1.0>logreg_C0.1,hgb_d6,candidate_declaration_order_only_for_exact_score_ties
car_eval_34,car_eval_34(7.8%),2,44,MCC_05,"[""logreg_C0.1"", ""logreg_C1.0"", ""logreg_C10.0"", ""hgb_d3"", ""hgb_d6""]","[0.0, 0.0, 0.0, 0.8053569515013369, 0.8263271816214895]","[4.0, 4.0, 4.0, 2.0, 1.0]",24.0,1,3,hgb_d6>hgb_d3>logreg_C0.1>logreg_C1.0>logreg_C10.0,hgb_d6,candidate_declaration_order_only_for_exact_score_ties
car_eval_34,car_eval_34(7.8%),3,45,SoftMCC,"[""logreg_C0.1"", ""logreg_C1.0"", ""logreg_C10.0"", ""hgb_d3"", ""hgb_d6""]","[0.36799588020568297, 0.4880614678579648, 0.5285330746733414, 0.2777112291768591, 0.2872290152617069]","[3.0, 2.0, 1.0, 5.0, 4.0]",0.0,0,1,logreg_C10.0>logreg_C1.0>logreg_C0.1>hgb_d6>hgb_d3,logreg_C10.0,candidate_declaration_order_only_for_exact_score_ties
car_eval_34,car_eval_34(7.8%),3,45,MCC_best,"[""logreg_C0.1"", ""logreg_C1.0"", ""logreg_C10.0"", ""hgb_d3"", ""hgb_d6""]","[0.8421919708204197, 0.8515633540750085, 0.8856753952935009, 0.601447422516265, 0.5947048493296391]","[3.0, 2.0, 1.0, 4.0, 5.0]",0.0,0,1,logreg_C10.0>logreg_C1.0>logreg_C0.1>hgb_d3>hgb_d6,logreg_C10.0,candidate_declaration_order_only_for_exact_score_ties
car_eval_34,car_eval_34(7.8%),3,45,F1_best,"[""logreg_C0.1"", ""logreg_C1.0"", ""logreg_C10.0"", ""hgb_d3"", ""hgb_d6""]","[0.8484848484848485, 0.8620689655172413, 0.8923076923076924, 0.6172839506172839, 0.6153846153846154]","[3.0, 2.0, 1.0, 4.0, 5.0]",0.0,0,1,logreg_C10.0>logreg_C1.0>logreg_C0.1>hgb_d3>hgb_d6,logreg_C10.0,candidate_declaration_order_only_for_exact_score_ties
car_eval_34,car_eval_34(7.8%),3,45,AUPRC,"[""logreg_C0.1"", ""logreg_C1.0"", ""logreg_C10.0"", ""hgb_d3"", ""hgb_d6""]","[0.9125050497165595, 0.948398652571816, 0.947218579593731, 0.48620684950567333, 0.658051706747359]","[3.0, 1.0, 2.0, 5.0, 4.0]",0.0,0,1,logreg_C1.0>logreg_C10.0>logreg_C0.1>hgb_d6>hgb_d3,logreg_C1.0,candidate_declaration_order_only_for_exact_score_ties
car_eval_34,car_eval_34(7.8%),3,45,AUROC,"[""logreg_C0.1"", ""logreg_C1.0"", ""logreg_C10.0"", ""hgb_d3"", ""hgb_d6""]","[0.9924326833797587, 0.9959610027855154, 0.996146703806871, 0.9445682451253482, 0.9328690807799443]","[3.0, 2.0, 1.0, 4.0, 5.0]",0.0,0,1,logreg_C10.0>logreg_C1.0>logreg_C0.1>hgb_d3>hgb_d6,logreg_C10.0,candidate_declaration_order_only_for_exact_score_ties
car_eval_34,car_eval_34(7.8%),3,45,Brier_neg,"[""logreg_C0.1"", ""logreg_C1.0"", ""logreg_C10.0"", ""hgb_d3"", ""hgb_d6""]","[-0.03596054649857582, -0.027843349504412723, -0.02572891653332784, -0.05327575931649873, -0.0457087322346931]","[3.0, 2.0, 1.0, 5.0, 4.0]",0.0,0,1,logreg_C10.0>logreg_C1.0>logreg_C0.1>hgb_d6>hgb_d3,logreg_C10.0,candidate_declaration_order_only_for_exact_score_ties
car_eval_34,car_eval_34(7.8%),3,45,MCC_05,"[""logreg_C0.1"", ""logreg_C1.0"", ""logreg_C10.0"", ""hgb_d3"", ""hgb_d6""]","[0.43297501420322393, 0.6683977525063617, 0.761724102736153, 0.4142270322040272, 0.561443571698181]","[4.0, 2.0, 1.0, 5.0, 3.0]",0.0,0,1,logreg_C10.0>logreg_C1.0>hgb_d6>logreg_C0.1>hgb_d3,logreg_C10.0,candidate_declaration_order_only_for_exact_score_ties
car_eval_34,car_eval_34(7.8%),4,46,SoftMCC,"[""logreg_C0.1"", ""logreg_C1.0"", ""logreg_C10.0"", ""hgb_d3"", ""hgb_d6""]","[0.44281648080355646, 0.46642632719067056, 0.46239666286779235, 0.3500833330677169, 0.32682301836459604]","[3.0, 1.0, 2.0, 4.0, 5.0]",0.0,0,1,logreg_C1.0>logreg_C10.0>logreg_C0.1>hgb_d3>hgb_d6,logreg_C1.0,candidate_declaration_order_only_for_exact_score_ties
car_eval_34,car_eval_34(7.8%),4,46,MCC_best,"[""logreg_C0.1"", ""logreg_C1.0"", ""logreg_C10.0"", ""hgb_d3"", ""hgb_d6""]","[0.8221537725610414, 0.7976152762588202, 0.7617140772998521, 0.7101118781345607, 0.6315248167990432]","[1.0, 2.0, 3.0, 4.0, 5.0]",0.0,0,1,logreg_C0.1>logreg_C1.0>logreg_C10.0>hgb_d3>hgb_d6,logreg_C0.1,candidate_declaration_order_only_for_exact_score_ties
car_eval_34,car_eval_34(7.8%),4,46,F1_best,"[""logreg_C0.1"", ""logreg_C1.0"", ""logreg_C10.0"", ""hgb_d3"", ""hgb_d6""]","[0.8285714285714286, 0.8125, 0.7796610169491526, 0.7272727272727273, 0.6545454545454545]","[1.0, 2.0, 3.0, 4.0, 5.0]",0.0,0,1,logreg_C0.1>logreg_C1.0>logreg_C10.0>hgb_d3>hgb_d6,logreg_C0.1,candidate_declaration_order_only_for_exact_score_ties
car_eval_34,car_eval_34(7.8%),4,46,AUPRC,"[""logreg_C0.1"", ""logreg_C1.0"", ""logreg_C10.0"", ""hgb_d3"", ""hgb_d6""]","[0.9166242281242281, 0.9026824435827288, 0.8707868590333558, 0.7066318342015977, 0.5856348047571935]","[1.0, 2.0, 3.0, 4.0, 5.0]",0.0,0,1,logreg_C0.1>logreg_C1.0>logreg_C10.0>hgb_d3>hgb_d6,logreg_C0.1,candidate_declaration_order_only_for_exact_score_ties
car_eval_34,car_eval_34(7.8%),4,46,AUROC,"[""logreg_C0.1"", ""logreg_C1.0"", ""logreg_C10.0"", ""hgb_d3"", ""hgb_d6""]","[0.9924791086350975, 0.9908077994428969, 0.9865831012070567, 0.9678737233054782, 0.9589600742804085]","[1.0, 2.0, 3.0, 4.0, 5.0]",0.0,0,1,logreg_C0.1>logreg_C1.0>logreg_C10.0>hgb_d3>hgb_d6,logreg_C0.1,candidate_declaration_order_only_for_exact_score_ties
car_eval_34,car_eval_34(7.8%),4,46,Brier_neg,"[""logreg_C0.1"", ""logreg_C1.0"", ""logreg_C10.0"", ""hgb_d3"", ""hgb_d6""]","[-0.02964475461734648, -0.02938432349323483, -0.03108201872309619, -0.037972244878578615, -0.04168489143110318]","[2.0, 1.0, 3.0, 4.0, 5.0]",0.0,0,1,logreg_C1.0>logreg_C0.1>logreg_C10.0>hgb_d3>hgb_d6,logreg_C1.0,candidate_declaration_order_only_for_exact_score_ties
car_eval_34,car_eval_34(7.8%),4,46,MCC_05,"[""logreg_C0.1"", ""logreg_C1.0"", ""logreg_C10.0"", ""hgb_d3"", ""hgb_d6""]","[0.7551715028296521, 0.7037644184094562, 0.6166654155137284, 0.7101118781345607, 0.6315248167990432]","[1.0, 3.0, 5.0, 2.0, 4.0]",0.0,0,1,logreg_C0.1>hgb_d3>logreg_C1.0>hgb_d6>logreg_C10.0,logreg_C0.1,candidate_declaration_order_only_for_exact_score_ties
car_eval_34,car_eval_34(7.8%),5,47,SoftMCC,"[""logreg_C0.1"", ""logreg_C1.0"", ""logreg_C10.0"", ""hgb_d3"", ""hgb_d6""]","[0.10272861069415963, 0.13059991073822483, 0.17515631519372163, 0.36627510021480597, 0.3536172498438731]","[5.0, 4.0, 3.0, 1.0, 2.0]",0.0,0,1,hgb_d3>hgb_d6>logreg_C10.0>logreg_C1.0>logreg_C0.1,hgb_d3,candidate_declaration_order_only_for_exact_score_ties
car_eval_34,car_eval_34(7.8%),5,47,MCC_best,"[""logreg_C0.1"", ""logreg_C1.0"", ""logreg_C10.0"", ""hgb_d3"", ""hgb_d6""]","[0.7055793087485509, 0.7067117033224577, 0.8555246053853296, 0.8069476374309411, 0.8052484177570142]","[5.0, 4.0, 1.0, 2.0, 3.0]",0.0,0,1,logreg_C10.0>hgb_d3>hgb_d6>logreg_C1.0>logreg_C0.1,logreg_C10.0,candidate_declaration_order_only_for_exact_score_ties
car_eval_34,car_eval_34(7.8%),5,47,F1_best,"[""logreg_C0.1"", ""logreg_C1.0"", ""logreg_C10.0"", ""hgb_d3"", ""hgb_d6""]","[0.7246376811594203, 0.7222222222222222, 0.8666666666666667, 0.8148148148148148, 0.8076923076923077]","[4.0, 5.0, 1.0, 2.0, 3.0]",0.0,0,1,logreg_C10.0>hgb_d3>hgb_d6>logreg_C0.1>logreg_C1.0,logreg_C10.0,candidate_declaration_order_only_for_exact_score_ties
car_eval_34,car_eval_34(7.8%),5,47,AUPRC,"[""logreg_C0.1"", ""logreg_C1.0"", ""logreg_C10.0"", ""hgb_d3"", ""hgb_d6""]","[0.6056466266512063, 0.5901049233252623, 0.8190754638315614, 0.8332894279024569, 0.7952606670569629]","[4.0, 5.0, 2.0, 1.0, 3.0]",0.0,0,1,hgb_d3>logreg_C10.0>hgb_d6>logreg_C0.1>logreg_C1.0,hgb_d3,candidate_declaration_order_only_for_exact_score_ties
car_eval_34,car_eval_34(7.8%),5,47,AUROC,"[""logreg_C0.1"", ""logreg_C1.0"", ""logreg_C10.0"", ""hgb_d3"", ""hgb_d6""]","[0.9630454967502321, 0.9601671309192201, 0.9865831012070567, 0.9772516248839369, 0.9679201485608171]","[4.0, 5.0, 1.0, 2.0, 3.0]",0.0,0,1,logreg_C10.0>hgb_d3>hgb_d6>logreg_C0.1>logreg_C1.0,logreg_C10.0,candidate_declaration_order_only_for_exact_score_ties
car_eval_34,car_eval_34(7.8%),5,47,Brier_neg,"[""logreg_C0.1"", ""logreg_C1.0"", ""logreg_C10.0"", ""hgb_d3"", ""hgb_d6""]","[-0.0612196807238538, -0.05854615223444362, -0.053760829053434746, -0.03405652719842442, -0.035204776781792534]","[5.0, 4.0, 3.0, 1.0, 2.0]",0.0,0,1,hgb_d3>hgb_d6>logreg_C10.0>logreg_C1.0>logreg_C0.1,hgb_d3,candidate_declaration_order_only_for_exact_score_ties
car_eval_34,car_eval_34(7.8%),5,47,MCC_05,"[""logreg_C0.1"", ""logreg_C1.0"", ""logreg_C10.0"", ""hgb_d3"", ""hgb_d6""]","[0.0, 0.0, 0.0, 0.8052484177570142, 0.8052484177570142]","[4.0, 4.0, 4.0, 1.5, 1.5]",30.0,2,3,hgb_d3>hgb_d6>logreg_C0.1>logreg_C1.0>logreg_C10.0,hgb_d3,candidate_declaration_order_only_for_exact_score_ties
car_eval_34,car_eval_34(7.8%),6,48,SoftMCC,"[""logreg_C0.1"", ""logreg_C1.0"", ""logreg_C10.0"", ""hgb_d3"", ""hgb_d6""]","[0.3873176157507941, 0.4342436130430641, 0.451309602070137, 0.3295837559795252, 0.3369064479279858]","[3.0, 2.0, 1.0, 5.0, 4.0]",0.0,0,1,logreg_C10.0>logreg_C1.0>logreg_C0.1>hgb_d6>hgb_d3,logreg_C10.0,candidate_declaration_order_only_for_exact_score_ties
car_eval_34,car_eval_34(7.8%),6,48,MCC_best,"[""logreg_C0.1"", ""logreg_C1.0"", ""logreg_C10.0"", ""hgb_d3"", ""hgb_d6""]","[0.831733633688409, 0.8954055089103161, 0.8658519911179979, 0.6744584052057854, 0.6997665335302209]","[3.0, 1.0, 2.0, 5.0, 4.0]",0.0,0,1,logreg_C1.0>logreg_C10.0>logreg_C0.1>hgb_d6>hgb_d3,logreg_C1.0,candidate_declaration_order_only_for_exact_score_ties
car_eval_34,car_eval_34(7.8%),6,48,F1_best,"[""logreg_C0.1"", ""logreg_C1.0"", ""logreg_C10.0"", ""hgb_d3"", ""hgb_d6""]","[0.84375, 0.9032258064516129, 0.875, 0.68, 0.6987951807228916]","[3.0, 1.0, 2.0, 5.0, 4.0]",0.0,0,1,logreg_C1.0>logreg_C10.0>logreg_C0.1>hgb_d6>hgb_d3,logreg_C1.0,candidate_declaration_order_only_for_exact_score_ties
car_eval_34,car_eval_34(7.8%),6,48,AUPRC,"[""logreg_C0.1"", ""logreg_C1.0"", ""logreg_C10.0"", ""hgb_d3"", ""hgb_d6""]","[0.9083143697059946, 0.9460842220119129, 0.9249312540063047, 0.7337506961849067, 0.7086781732418526]","[3.0, 1.0, 2.0, 4.0, 5.0]",0.0,0,1,logreg_C1.0>logreg_C10.0>logreg_C0.1>hgb_d3>hgb_d6,logreg_C1.0,candidate_declaration_order_only_for_exact_score_ties
car_eval_34,car_eval_34(7.8%),6,48,AUROC,"[""logreg_C0.1"", ""logreg_C1.0"", ""logreg_C10.0"", ""hgb_d3"", ""hgb_d6""]","[0.9929433611884866, 0.996100278551532, 0.9941504178272981, 0.97330547818013, 0.9760909935004642]","[3.0, 1.0, 2.0, 5.0, 4.0]",0.0,0,1,logreg_C1.0>logreg_C10.0>logreg_C0.1>hgb_d6>hgb_d3,logreg_C1.0,candidate_declaration_order_only_for_exact_score_ties
car_eval_34,car_eval_34(7.8%),6,48,Brier_neg,"[""logreg_C0.1"", ""logreg_C1.0"", ""logreg_C10.0"", ""hgb_d3"", ""hgb_d6""]","[-0.034844895368022245, -0.03094885594683213, -0.03092767609230595, -0.04075606872831502, -0.04019208970756853]","[3.0, 2.0, 1.0, 5.0, 4.0]",0.0,0,1,logreg_C10.0>logreg_C1.0>logreg_C0.1>hgb_d6>hgb_d3,logreg_C10.0,candidate_declaration_order_only_for_exact_score_ties
car_eval_34,car_eval_34(7.8%),6,48,MCC_05,"[""logreg_C0.1"", ""logreg_C1.0"", ""logreg_C10.0"", ""hgb_d3"", ""hgb_d6""]","[0.5896133795014783, 0.561443571698181, 0.6166654155137284, 0.6558093353402447, 0.638386447051206]","[4.0, 5.0, 3.0, 1.0, 2.0]",0.0,0,1,hgb_d3>hgb_d6>logreg_C10.0>logreg_C0.1>logreg_C1.0,hgb_d3,candidate_declaration_order_only_for_exact_score_ties
car_eval_34,car_eval_34(7.8%),7,49,SoftMCC,"[""logreg_C0.1"", ""logreg_C1.0"", ""logreg_C10.0"", ""hgb_d3"", ""hgb_d6""]","[0.3552507714874906, 0.4351698684034413, 0.47802396246049256, 0.3130266209537807, 0.3264015627092263]","[3.0, 2.0, 1.0, 5.0, 4.0]",0.0,0,1,logreg_C10.0>logreg_C1.0>logreg_C0.1>hgb_d6>hgb_d3,logreg_C10.0,candidate_declaration_order_only_for_exact_score_ties
car_eval_34,car_eval_34(7.8%),7,49,MCC_best,"[""logreg_C0.1"", ""logreg_C1.0"", ""logreg_C10.0"", ""hgb_d3"", ""hgb_d6""]","[0.7765565527893581, 0.8053569515013369, 0.8069476374309411, 0.6149730714463706, 0.6452318988757155]","[3.0, 2.0, 1.0, 5.0, 4.0]",0.0,0,1,logreg_C10.0>logreg_C1.0>logreg_C0.1>hgb_d6>hgb_d3,logreg_C10.0,candidate_declaration_order_only_for_exact_score_ties
car_eval_34,car_eval_34(7.8%),7,49,F1_best,"[""logreg_C0.1"", ""logreg_C1.0"", ""logreg_C10.0"", ""hgb_d3"", ""hgb_d6""]","[0.7936507936507936, 0.8, 0.8148148148148148, 0.6440677966101694, 0.6551724137931034]","[3.0, 2.0, 1.0, 5.0, 4.0]",0.0,0,1,logreg_C10.0>logreg_C1.0>logreg_C0.1>hgb_d6>hgb_d3,logreg_C10.0,candidate_declaration_order_only_for_exact_score_ties
car_eval_34,car_eval_34(7.8%),7,49,AUPRC,"[""logreg_C0.1"", ""logreg_C1.0"", ""logreg_C10.0"", ""hgb_d3"", ""hgb_d6""]","[0.8504234485790354, 0.8827984189723319, 0.9033257747543462, 0.5454649784770069, 0.7008338624655392]","[3.0, 2.0, 1.0, 5.0, 4.0]",0.0,0,1,logreg_C10.0>logreg_C1.0>logreg_C0.1>hgb_d6>hgb_d3,logreg_C10.0,candidate_declaration_order_only_for_exact_score_ties
car_eval_34,car_eval_34(7.8%),7,49,AUROC,"[""logreg_C0.1"", ""logreg_C1.0"", ""logreg_C10.0"", ""hgb_d3"", ""hgb_d6""]","[0.983983286908078, 0.9860724233983287, 0.9905292479108636, 0.9458217270194986, 0.9624419684308263]","[3.0, 2.0, 1.0, 5.0, 4.0]",0.0,0,1,logreg_C10.0>logreg_C1.0>logreg_C0.1>hgb_d6>hgb_d3,logreg_C10.0,candidate_declaration_order_only_for_exact_score_ties
car_eval_34,car_eval_34(7.8%),7,49,Brier_neg,"[""logreg_C0.1"", ""logreg_C1.0"", ""logreg_C10.0"", ""hgb_d3"", ""hgb_d6""]","[-0.037163488235229435, -0.03293805589732922, -0.030264609765928752, -0.046241174579734014, -0.04312350824330309]","[3.0, 2.0, 1.0, 5.0, 4.0]",0.0,0,1,logreg_C10.0>logreg_C1.0>logreg_C0.1>hgb_d6>hgb_d3,logreg_C10.0,candidate_declaration_order_only_for_exact_score_ties
car_eval_34,car_eval_34(7.8%),7,49,MCC_05,"[""logreg_C0.1"", ""logreg_C1.0"", ""logreg_C10.0"", ""hgb_d3"", ""hgb_d6""]","[0.4682781947878708, 0.5619102987284202, 0.6683977525063617, 0.5909755712929823, 0.62786623889087]","[5.0, 4.0, 1.0, 3.0, 2.0]",0.0,0,1,logreg_C10.0>hgb_d6>hgb_d3>logreg_C1.0>logreg_C0.1,logreg_C10.0,candidate_declaration_order_only_for_exact_score_ties
car_eval_34,car_eval_34(7.8%),8,50,SoftMCC,"[""logreg_C0.1"", ""logreg_C1.0"", ""logreg_C10.0"", ""hgb_d3"", ""hgb_d6""]","[0.33271412599719224, 0.21558922694583488, 0.26404768825444236, 0.31746558682986475, 0.33684624986922507]","[2.0, 5.0, 4.0, 3.0, 1.0]",0.0,0,1,hgb_d6>logreg_C0.1>hgb_d3>logreg_C10.0>logreg_C1.0,hgb_d6,candidate_declaration_order_only_for_exact_score_ties
car_eval_34,car_eval_34(7.8%),8,50,MCC_best,"[""logreg_C0.1"", ""logreg_C1.0"", ""logreg_C10.0"", ""hgb_d3"", ""hgb_d6""]","[0.8870452722767274, 0.7832869080779944, 0.819405756731662, 0.5581899725541177, 0.6171378293242364]","[1.0, 3.0, 2.0, 5.0, 4.0]",0.0,0,1,logreg_C0.1>logreg_C10.0>logreg_C1.0>hgb_d6>hgb_d3,logreg_C0.1,candidate_declaration_order_only_for_exact_score_ties
car_eval_34,car_eval_34(7.8%),8,50,F1_best,"[""logreg_C0.1"", ""logreg_C1.0"", ""logreg_C10.0"", ""hgb_d3"", ""hgb_d6""]","[0.8888888888888888, 0.8, 0.8333333333333334, 0.5882352941176471, 0.6428571428571429]","[1.0, 3.0, 2.0, 5.0, 4.0]",0.0,0,1,logreg_C0.1>logreg_C10.0>logreg_C1.0>hgb_d6>hgb_d3,logreg_C0.1,candidate_declaration_order_only_for_exact_score_ties
car_eval_34,car_eval_34(7.8%),8,50,AUPRC,"[""logreg_C0.1"", ""logreg_C1.0"", ""logreg_C10.0"", ""hgb_d3"", ""hgb_d6""]","[0.9225474805670193, 0.8543469580175027, 0.8740519591087403, 0.4838219992645769, 0.5811626452579374]","[1.0, 3.0, 2.0, 5.0, 4.0]",0.0,0,1,logreg_C0.1>logreg_C10.0>logreg_C1.0>hgb_d6>hgb_d3,logreg_C0.1,candidate_declaration_order_only_for_exact_score_ties
car_eval_34,car_eval_34(7.8%),8,50,AUROC,"[""logreg_C0.1"", ""logreg_C1.0"", ""logreg_C10.0"", ""hgb_d3"", ""hgb_d6""]","[0.9845868152274837, 0.9811977715877437, 0.9906220984215413, 0.9365831012070567, 0.9515320334261839]","[2.0, 3.0, 1.0, 5.0, 4.0]",0.0,0,1,logreg_C10.0>logreg_C0.1>logreg_C1.0>hgb_d6>hgb_d3,logreg_C10.0,candidate_declaration_order_only_for_exact_score_ties
car_eval_34,car_eval_34(7.8%),8,50,Brier_neg,"[""logreg_C0.1"", ""logreg_C1.0"", ""logreg_C10.0"", ""hgb_d3"", ""hgb_d6""]","[-0.03793559618093845, -0.05056738410879131, -0.04637527519743637, -0.047866435817757395, -0.04188793998749259]","[1.0, 5.0, 3.0, 4.0, 2.0]",0.0,0,1,logreg_C0.1>hgb_d6>logreg_C10.0>hgb_d3>logreg_C1.0,logreg_C0.1,candidate_declaration_order_only_for_exact_score_ties
car_eval_34,car_eval_34(7.8%),8,50,MCC_05,"[""logreg_C0.1"", ""logreg_C1.0"", ""logreg_C10.0"", ""hgb_d3"", ""hgb_d6""]","[0.6432271253233752, 0.0, 0.0, 0.5246684168221093, 0.6171378293242364]","[1.0, 4.5, 4.5, 3.0, 2.0]",6.0,1,2,logreg_C0.1>hgb_d6>hgb_d3>logreg_C1.0>logreg_C10.0,logreg_C0.1,candidate_declaration_order_only_for_exact_score_ties
car_eval_34,car_eval_34(7.8%),9,51,SoftMCC,"[""logreg_C0.1"", ""logreg_C1.0"", ""logreg_C10.0"", ""hgb_d3"", ""hgb_d6""]","[0.36537346137148946, 0.4145909272856998, 0.4171763553790161, 0.2612036308474231, 0.29599192459054735]","[3.0, 2.0, 1.0, 5.0, 4.0]",0.0,0,1,logreg_C10.0>logreg_C1.0>logreg_C0.1>hgb_d6>hgb_d3,logreg_C10.0,candidate_declaration_order_only_for_exact_score_ties
car_eval_34,car_eval_34(7.8%),9,51,MCC_best,"[""logreg_C0.1"", ""logreg_C1.0"", ""logreg_C10.0"", ""hgb_d3"", ""hgb_d6""]","[0.7617140772998521, 0.7551715028296521, 0.8094622733285746, 0.542638938618194, 0.5281136109721245]","[2.0, 3.0, 1.0, 4.0, 5.0]",0.0,0,1,logreg_C10.0>logreg_C0.1>logreg_C1.0>hgb_d3>hgb_d6,logreg_C10.0,candidate_declaration_order_only_for_exact_score_ties
car_eval_34,car_eval_34(7.8%),9,51,F1_best,"[""logreg_C0.1"", ""logreg_C1.0"", ""logreg_C10.0"", ""hgb_d3"", ""hgb_d6""]","[0.7796610169491526, 0.7719298245614035, 0.8108108108108109, 0.5333333333333333, 0.56]","[2.0, 3.0, 1.0, 5.0, 4.0]",0.0,0,1,logreg_C10.0>logreg_C0.1>logreg_C1.0>hgb_d6>hgb_d3,logreg_C10.0,candidate_declaration_order_only_for_exact_score_ties
car_eval_34,car_eval_34(7.8%),9,51,AUPRC,"[""logreg_C0.1"", ""logreg_C1.0"", ""logreg_C10.0"", ""hgb_d3"", ""hgb_d6""]","[0.8340824667805138, 0.8489158528557557, 0.8809083774045411, 0.3921445347786811, 0.4757441516622916]","[3.0, 2.0, 1.0, 5.0, 4.0]",0.0,0,1,logreg_C10.0>logreg_C1.0>logreg_C0.1>hgb_d6>hgb_d3,logreg_C10.0,candidate_declaration_order_only_for_exact_score_ties
car_eval_34,car_eval_34(7.8%),9,51,AUROC,"[""logreg_C0.1"", ""logreg_C1.0"", ""logreg_C10.0"", ""hgb_d3"", ""hgb_d6""]","[0.9836583101207057, 0.9870009285051068, 0.9906685236768802, 0.9272051996285979, 0.9378365831012071]","[3.0, 2.0, 1.0, 5.0, 4.0]",0.0,0,1,logreg_C10.0>logreg_C1.0>logreg_C0.1>hgb_d6>hgb_d3,logreg_C10.0,candidate_declaration_order_only_for_exact_score_ties
car_eval_34,car_eval_34(7.8%),9,51,Brier_neg,"[""logreg_C0.1"", ""logreg_C1.0"", ""logreg_C10.0"", ""hgb_d3"", ""hgb_d6""]","[-0.03537082780679718, -0.03266739825386368, -0.03247371720396483, -0.06072077740575418, -0.05051651982218001]","[3.0, 2.0, 1.0, 5.0, 4.0]",0.0,0,1,logreg_C10.0>logreg_C1.0>logreg_C0.1>hgb_d6>hgb_d3,logreg_C10.0,candidate_declaration_order_only_for_exact_score_ties
car_eval_34,car_eval_34(7.8%),9,51,MCC_05,"[""logreg_C0.1"", ""logreg_C1.0"", ""logreg_C10.0"", ""hgb_d3"", ""hgb_d6""]","[0.6944917324932224, 0.6944917324932224, 0.6171724692206594, 0.3678110939575084, 0.4729488954034598]","[1.5, 1.5, 3.0, 5.0, 4.0]",6.0,1,2,logreg_C0.1>logreg_C1.0>logreg_C10.0>hgb_d6>hgb_d3,logreg_C0.1,candidate_declaration_order_only_for_exact_score_ties
car_eval_34,car_eval_34(7.8%),10,52,SoftMCC,"[""logreg_C0.1"", ""logreg_C1.0"", ""logreg_C10.0"", ""hgb_d3"", ""hgb_d6""]","[0.41846237472161063, 0.4858190165004715, 0.5027825537733652, 0.3578981643363255, 0.35661333472654133]","[3.0, 2.0, 1.0, 4.0, 5.0]",0.0,0,1,logreg_C10.0>logreg_C1.0>logreg_C0.1>hgb_d3>hgb_d6,logreg_C10.0,candidate_declaration_order_only_for_exact_score_ties
car_eval_34,car_eval_34(7.8%),10,52,MCC_best,"[""logreg_C0.1"", ""logreg_C1.0"", ""logreg_C10.0"", ""hgb_d3"", ""hgb_d6""]","[0.7587041509905136, 0.7509758629822227, 0.8252660117363103, 0.7166698724874146, 0.7527109778367717]","[2.0, 4.0, 1.0, 5.0, 3.0]",0.0,0,1,logreg_C10.0>logreg_C0.1>hgb_d6>logreg_C1.0>hgb_d3,logreg_C10.0,candidate_declaration_order_only_for_exact_score_ties
car_eval_34,car_eval_34(7.8%),10,52,F1_best,"[""logreg_C0.1"", ""logreg_C1.0"", ""logreg_C10.0"", ""hgb_d3"", ""hgb_d6""]","[0.7714285714285715, 0.7692307692307693, 0.8387096774193549, 0.7323943661971831, 0.75]","[2.0, 3.0, 1.0, 5.0, 4.0]",0.0,0,1,logreg_C10.0>logreg_C0.1>logreg_C1.0>hgb_d6>hgb_d3,logreg_C10.0,candidate_declaration_order_only_for_exact_score_ties
car_eval_34,car_eval_34(7.8%),10,52,AUPRC,"[""logreg_C0.1"", ""logreg_C1.0"", ""logreg_C10.0"", ""hgb_d3"", ""hgb_d6""]","[0.7775496648829677, 0.7898179509220866, 0.8543893089636321, 0.7567235286217258, 0.7647853682925563]","[3.0, 2.0, 1.0, 5.0, 4.0]",0.0,0,1,logreg_C10.0>logreg_C1.0>logreg_C0.1>hgb_d6>hgb_d3,logreg_C10.0,candidate_declaration_order_only_for_exact_score_ties
car_eval_34,car_eval_34(7.8%),10,52,AUROC,"[""logreg_C0.1"", ""logreg_C1.0"", ""logreg_C10.0"", ""hgb_d3"", ""hgb_d6""]","[0.9767409470752089, 0.9773909006499536, 0.9876044568245124, 0.9768802228412257, 0.9796657381615599]","[5.0, 3.0, 1.0, 4.0, 2.0]",0.0,0,1,logreg_C10.0>hgb_d6>logreg_C1.0>hgb_d3>logreg_C0.1,logreg_C10.0,candidate_declaration_order_only_for_exact_score_ties
car_eval_34,car_eval_34(7.8%),10,52,Brier_neg,"[""logreg_C0.1"", ""logreg_C1.0"", ""logreg_C10.0"", ""hgb_d3"", ""hgb_d6""]","[-0.03731101912336698, -0.03350595515080017, -0.03075320796975009, -0.03755213873430252, -0.03806683214830381]","[3.0, 2.0, 1.0, 4.0, 5.0]",0.0,0,1,logreg_C10.0>logreg_C1.0>logreg_C0.1>hgb_d3>hgb_d6,logreg_C10.0,candidate_declaration_order_only_for_exact_score_ties
car_eval_34,car_eval_34(7.8%),10,52,MCC_05,"[""logreg_C0.1"", ""logreg_C1.0"", ""logreg_C10.0"", ""hgb_d3"", ""hgb_d6""]","[0.578490837696895, 0.6050800879657151, 0.5708981734931791, 0.6629101640054451, 0.6868011851622619]","[4.0, 3.0, 5.0, 2.0, 1.0]",0.0,0,1,hgb_d6>hgb_d3>logreg_C1.0>logreg_C0.1>logreg_C10.0,hgb_d6,candidate_declaration_order_only_for_exact_score_ties
car_eval_34,car_eval_34(7.8%),11,53,SoftMCC,"[""logreg_C0.1"", ""logreg_C1.0"", ""logreg_C10.0"", ""hgb_d3"", ""hgb_d6""]","[0.4094370562098008, 0.4671703162458927, 0.5033486918175233, 0.38018202237596754, 0.3667466199018319]","[3.0, 2.0, 1.0, 4.0, 5.0]",0.0,0,1,logreg_C10.0>logreg_C1.0>logreg_C0.1>hgb_d3>hgb_d6,logreg_C10.0,candidate_declaration_order_only_for_exact_score_ties
car_eval_34,car_eval_34(7.8%),11,53,MCC_best,"[""logreg_C0.1"", ""logreg_C1.0"", ""logreg_C10.0"", ""hgb_d3"", ""hgb_d6""]","[0.8387085779321792, 0.8916434540389973, 0.9277623026926648, 0.7033925266022332, 0.6984484514103357]","[3.0, 2.0, 1.0, 4.0, 5.0]",0.0,0,1,logreg_C10.0>logreg_C1.0>logreg_C0.1>hgb_d3>hgb_d6,logreg_C10.0,candidate_declaration_order_only_for_exact_score_ties
car_eval_34,car_eval_34(7.8%),11,53,F1_best,"[""logreg_C0.1"", ""logreg_C1.0"", ""logreg_C10.0"", ""hgb_d3"", ""hgb_d6""]","[0.8484848484848485, 0.9, 0.9333333333333333, 0.7213114754098361, 0.7058823529411765]","[3.0, 2.0, 1.0, 4.0, 5.0]",0.0,0,1,logreg_C10.0>logreg_C1.0>logreg_C0.1>hgb_d3>hgb_d6,logreg_C10.0,candidate_declaration_order_only_for_exact_score_ties
car_eval_34,car_eval_34(7.8%),11,53,AUPRC,"[""logreg_C0.1"", ""logreg_C1.0"", ""logreg_C10.0"", ""hgb_d3"", ""hgb_d6""]","[0.8883075006058877, 0.9459606488282958, 0.9626615359948694, 0.6703263999821578, 0.744698928093413]","[3.0, 2.0, 1.0, 5.0, 4.0]",0.0,0,1,logreg_C10.0>logreg_C1.0>logreg_C0.1>hgb_d6>hgb_d3,logreg_C10.0,candidate_declaration_order_only_for_exact_score_ties
car_eval_34,car_eval_34(7.8%),11,53,AUROC,"[""logreg_C0.1"", ""logreg_C1.0"", ""logreg_C10.0"", ""hgb_d3"", ""hgb_d6""]","[0.991736304549675, 0.9964252553389044, 0.9974001857010214, 0.975255338904364, 0.968941504178273]","[3.0, 2.0, 1.0, 4.0, 5.0]",0.0,0,1,logreg_C10.0>logreg_C1.0>logreg_C0.1>hgb_d3>hgb_d6,logreg_C10.0,candidate_declaration_order_only_for_exact_score_ties
car_eval_34,car_eval_34(7.8%),11,53,Brier_neg,"[""logreg_C0.1"", ""logreg_C1.0"", ""logreg_C10.0"", ""hgb_d3"", ""hgb_d6""]","[-0.034522685979781746, -0.03052783433912939, -0.02784196993353191, -0.03723435741708683, -0.03779527254627962]","[3.0, 2.0, 1.0, 4.0, 5.0]",0.0,0,1,logreg_C10.0>logreg_C1.0>logreg_C0.1>hgb_d3>hgb_d6,logreg_C10.0,candidate_declaration_order_only_for_exact_score_ties
car_eval_34,car_eval_34(7.8%),11,53,MCC_05,"[""logreg_C0.1"", ""logreg_C1.0"", ""logreg_C10.0"", ""hgb_d3"", ""hgb_d6""]","[0.561443571698181, 0.6166654155137284, 0.6432271253233752, 0.6728082417298067, 0.7037644184094562]","[5.0, 4.0, 3.0, 2.0, 1.0]",0.0,0,1,hgb_d6>hgb_d3>logreg_C10.0>logreg_C1.0>logreg_C0.1,hgb_d6,candidate_declaration_order_only_for_exact_score_ties
car_eval_4,car_eval_4(3.8%),0,42,SoftMCC,"[""logreg_C0.1"", ""logreg_C1.0"", ""logreg_C10.0"", ""hgb_d3"", ""hgb_d6""]","[0.29444267849792716, 0.35231889861806953, 0.38371042521644555, 0.5477365184707859, 0.5389156158648148]","[5.0, 4.0, 3.0, 1.0, 2.0]",0.0,0,1,hgb_d3>hgb_d6>logreg_C10.0>logreg_C1.0>logreg_C0.1,hgb_d3,candidate_declaration_order_only_for_exact_score_ties
car_eval_4,car_eval_4(3.8%),0,42,MCC_best,"[""logreg_C0.1"", ""logreg_C1.0"", ""logreg_C10.0"", ""hgb_d3"", ""hgb_d6""]","[0.8997219708643529, 0.8997219708643529, 0.8997219708643529, 0.8715125945089707, 0.9092023104649063]","[3.0, 3.0, 3.0, 5.0, 1.0]",24.0,1,3,hgb_d6>logreg_C0.1>logreg_C1.0>logreg_C10.0>hgb_d3,hgb_d6,candidate_declaration_order_only_for_exact_score_ties
car_eval_4,car_eval_4(3.8%),0,42,F1_best,"[""logreg_C0.1"", ""logreg_C1.0"", ""logreg_C10.0"", ""hgb_d3"", ""hgb_d6""]","[0.9032258064516129, 0.9032258064516129, 0.9032258064516129, 0.875, 0.9090909090909091]","[3.0, 3.0, 3.0, 5.0, 1.0]",24.0,1,3,hgb_d6>logreg_C0.1>logreg_C1.0>logreg_C10.0>hgb_d3,hgb_d6,candidate_declaration_order_only_for_exact_score_ties
car_eval_4,car_eval_4(3.8%),0,42,AUPRC,"[""logreg_C0.1"", ""logreg_C1.0"", ""logreg_C10.0"", ""hgb_d3"", ""hgb_d6""]","[0.9407936507936508, 0.9419248725131079, 0.9065204678362573, 0.9196078431372547, 0.9259259259259258]","[2.0, 1.0, 5.0, 4.0, 3.0]",0.0,0,1,logreg_C1.0>logreg_C0.1>hgb_d6>hgb_d3>logreg_C10.0,logreg_C1.0,candidate_declaration_order_only_for_exact_score_ties
car_eval_4,car_eval_4(3.8%),0,42,AUROC,"[""logreg_C0.1"", ""logreg_C1.0"", ""logreg_C10.0"", ""hgb_d3"", ""hgb_d6""]","[0.9982174688057041, 0.9985739750445632, 0.9968805704099822, 0.9971479500891265, 0.9975935828877005]","[2.0, 1.0, 5.0, 4.0, 3.0]",0.0,0,1,logreg_C1.0>logreg_C0.1>hgb_d6>hgb_d3>logreg_C10.0,logreg_C1.0,candidate_declaration_order_only_for_exact_score_ties
car_eval_4,car_eval_4(3.8%),0,42,Brier_neg,"[""logreg_C0.1"", ""logreg_C1.0"", ""logreg_C10.0"", ""hgb_d3"", ""hgb_d6""]","[-0.02171746494085934, -0.019322356750535435, -0.018166803367260946, -0.012322160715748116, -0.011967700678126613]","[5.0, 4.0, 3.0, 2.0, 1.0]",0.0,0,1,hgb_d6>hgb_d3>logreg_C10.0>logreg_C1.0>logreg_C0.1,hgb_d6,candidate_declaration_order_only_for_exact_score_ties
car_eval_4,car_eval_4(3.8%),0,42,MCC_05,"[""logreg_C0.1"", ""logreg_C1.0"", ""logreg_C10.0"", ""hgb_d3"", ""hgb_d6""]","[0.0, 0.4402072050974281, 0.4402072050974281, 0.7364295061864152, 0.6759390081637671]","[5.0, 3.5, 3.5, 1.0, 2.0]",6.0,1,2,hgb_d3>hgb_d6>logreg_C1.0>logreg_C10.0>logreg_C0.1,hgb_d3,candidate_declaration_order_only_for_exact_score_ties
car_eval_4,car_eval_4(3.8%),1,43,SoftMCC,"[""logreg_C0.1"", ""logreg_C1.0"", ""logreg_C10.0"", ""hgb_d3"", ""hgb_d6""]","[0.24545414670130228, 0.33378217169567087, 0.4089625395467691, 0.6023499176144992, 0.6130939636807962]","[5.0, 4.0, 3.0, 2.0, 1.0]",0.0,0,1,hgb_d6>hgb_d3>logreg_C10.0>logreg_C1.0>logreg_C0.1,hgb_d6,candidate_declaration_order_only_for_exact_score_ties
car_eval_4,car_eval_4(3.8%),1,43,MCC_best,"[""logreg_C0.1"", ""logreg_C1.0"", ""logreg_C10.0"", ""hgb_d3"", ""hgb_d6""]","[0.8062037138956034, 0.8324934179127138, 0.8837590822138354, 0.8715125945089707, 0.9092023104649063]","[5.0, 4.0, 2.0, 3.0, 1.0]",0.0,0,1,hgb_d6>logreg_C10.0>hgb_d3>logreg_C1.0>logreg_C0.1,hgb_d6,candidate_declaration_order_only_for_exact_score_ties
car_eval_4,car_eval_4(3.8%),1,43,F1_best,"[""logreg_C0.1"", ""logreg_C1.0"", ""logreg_C10.0"", ""hgb_d3"", ""hgb_d6""]","[0.8125, 0.8387096774193549, 0.8823529411764706, 0.875, 0.9090909090909091]","[5.0, 4.0, 2.0, 3.0, 1.0]",0.0,0,1,hgb_d6>logreg_C10.0>hgb_d3>logreg_C1.0>logreg_C0.1,hgb_d6,candidate_declaration_order_only_for_exact_score_ties
car_eval_4,car_eval_4(3.8%),1,43,AUPRC,"[""logreg_C0.1"", ""logreg_C1.0"", ""logreg_C10.0"", ""hgb_d3"", ""hgb_d6""]","[0.805590321234877, 0.8560672514619883, 0.8881578947368421, 0.876782150311562, 0.892097347097347]","[5.0, 4.0, 2.0, 3.0, 1.0]",0.0,0,1,hgb_d6>logreg_C10.0>hgb_d3>logreg_C1.0>logreg_C0.1,hgb_d6,candidate_declaration_order_only_for_exact_score_ties
car_eval_4,car_eval_4(3.8%),1,43,AUROC,"[""logreg_C0.1"", ""logreg_C1.0"", ""logreg_C10.0"", ""hgb_d3"", ""hgb_d6""]","[0.9902852049910873, 0.9948306595365419, 0.9964349376114081, 0.9953654188948307, 0.9959893048128342]","[5.0, 4.0, 1.0, 3.0, 2.0]",0.0,0,1,logreg_C10.0>hgb_d6>hgb_d3>logreg_C1.0>logreg_C0.1,logreg_C10.0,candidate_declaration_order_only_for_exact_score_ties
car_eval_4,car_eval_4(3.8%),1,43,Brier_neg,"[""logreg_C0.1"", ""logreg_C1.0"", ""logreg_C10.0"", ""hgb_d3"", ""hgb_d6""]","[-0.024423706665762754, -0.02069600943595832, -0.017147421266968263, -0.011587838104288182, -0.010829423875998162]","[5.0, 4.0, 3.0, 2.0, 1.0]",0.0,0,1,hgb_d6>hgb_d3>logreg_C10.0>logreg_C1.0>logreg_C0.1,hgb_d6,candidate_declaration_order_only_for_exact_score_ties
car_eval_4,car_eval_4(3.8%),1,43,MCC_05,"[""logreg_C0.1"", ""logreg_C1.0"", ""logreg_C10.0"", ""hgb_d3"", ""hgb_d6""]","[0.0, 0.4402072050974281, 0.6294848121301221, 0.6592135822223948, 0.7056143647423894]","[5.0, 4.0, 3.0, 2.0, 1.0]",0.0,0,1,hgb_d6>hgb_d3>logreg_C10.0>logreg_C1.0>logreg_C0.1,hgb_d6,candidate_declaration_order_only_for_exact_score_ties
car_eval_4,car_eval_4(3.8%),2,44,SoftMCC,"[""logreg_C0.1"", ""logreg_C1.0"", ""logreg_C10.0"", ""hgb_d3"", ""hgb_d6""]","[0.3011469018909566, 0.42930170637835563, 0.46246452849487096, 0.5642490438527895, 0.5583920578125601]","[5.0, 4.0, 3.0, 1.0, 2.0]",0.0,0,1,hgb_d3>hgb_d6>logreg_C10.0>logreg_C1.0>logreg_C0.1,hgb_d3,candidate_declaration_order_only_for_exact_score_ties
car_eval_4,car_eval_4(3.8%),2,44,MCC_best,"[""logreg_C0.1"", ""logreg_C1.0"", ""logreg_C10.0"", ""hgb_d3"", ""hgb_d6""]","[0.9368214751223379, 0.9092023104649063, 0.9368214751223379, 0.8456480070020403, 0.8715125945089707]","[1.5, 3.0, 1.5, 5.0, 4.0]",6.0,1,2,logreg_C0.1>logreg_C10.0>logreg_C1.0>hgb_d6>hgb_d3,logreg_C0.1,candidate_declaration_order_only_for_exact_score_ties
car_eval_4,car_eval_4(3.8%),2,44,F1_best,"[""logreg_C0.1"", ""logreg_C1.0"", ""logreg_C10.0"", ""hgb_d3"", ""hgb_d6""]","[0.9375, 0.9090909090909091, 0.9375, 0.8484848484848485, 0.875]","[1.5, 3.0, 1.5, 5.0, 4.0]",6.0,1,2,logreg_C0.1>logreg_C10.0>logreg_C1.0>hgb_d6>hgb_d3,logreg_C0.1,candidate_declaration_order_only_for_exact_score_ties
car_eval_4,car_eval_4(3.8%),2,44,AUPRC,"[""logreg_C0.1"", ""logreg_C1.0"", ""logreg_C10.0"", ""hgb_d3"", ""hgb_d6""]","[0.9457013574660633, 0.9222222222222223, 0.9450980392156862, 0.8994708994708995, 0.927526395173454]","[1.0, 4.0, 2.0, 5.0, 3.0]",0.0,0,1,logreg_C0.1>logreg_C10.0>hgb_d6>logreg_C1.0>hgb_d3,logreg_C0.1,candidate_declaration_order_only_for_exact_score_ties
car_eval_4,car_eval_4(3.8%),2,44,AUROC,"[""logreg_C0.1"", ""logreg_C1.0"", ""logreg_C10.0"", ""hgb_d3"", ""hgb_d6""]","[0.9986631016042782, 0.9975044563279857, 0.9987522281639928, 0.9957219251336898, 0.9969696969696968]","[2.0, 3.0, 1.0, 5.0, 4.0]",0.0,0,1,logreg_C10.0>logreg_C0.1>logreg_C1.0>hgb_d6>hgb_d3,logreg_C10.0,candidate_declaration_order_only_for_exact_score_ties
car_eval_4,car_eval_4(3.8%),2,44,Brier_neg,"[""logreg_C0.1"", ""logreg_C1.0"", ""logreg_C10.0"", ""hgb_d3"", ""hgb_d6""]","[-0.022239069453167875, -0.01662339715236026, -0.01497575054582715, -0.012147003700568183, -0.01180412805894638]","[5.0, 4.0, 3.0, 2.0, 1.0]",0.0,0,1,hgb_d6>hgb_d3>logreg_C10.0>logreg_C1.0>logreg_C0.1,hgb_d6,candidate_declaration_order_only_for_exact_score_ties
car_eval_4,car_eval_4(3.8%),2,44,MCC_05,"[""logreg_C0.1"", ""logreg_C1.0"", ""logreg_C10.0"", ""hgb_d3"", ""hgb_d6""]","[0.0, 0.5697830971323893, 0.6249804174477881, 0.7235568797131484, 0.7235568797131484]","[5.0, 4.0, 3.0, 1.5, 1.5]",6.0,1,2,hgb_d3>hgb_d6>logreg_C10.0>logreg_C1.0>logreg_C0.1,hgb_d3,candidate_declaration_order_only_for_exact_score_ties
car_eval_4,car_eval_4(3.8%),3,45,SoftMCC,"[""logreg_C0.1"", ""logreg_C1.0"", ""logreg_C10.0"", ""hgb_d3"", ""hgb_d6""]","[0.2182862370931715, 0.2525665143272032, 0.2944548922755044, 0.5981878141862137, 0.6426178661820865]","[5.0, 4.0, 3.0, 2.0, 1.0]",0.0,0,1,hgb_d6>hgb_d3>logreg_C10.0>logreg_C1.0>logreg_C0.1,hgb_d6,candidate_declaration_order_only_for_exact_score_ties
car_eval_4,car_eval_4(3.8%),3,45,MCC_best,"[""logreg_C0.1"", ""logreg_C1.0"", ""logreg_C10.0"", ""hgb_d3"", ""hgb_d6""]","[0.8908613541144559, 0.8997219708643529, 0.8908613541144559, 0.8324934179127138, 0.8997219708643529]","[3.5, 1.5, 3.5, 5.0, 1.5]",12.0,2,2,logreg_C1.0>hgb_d6>logreg_C0.1>logreg_C10.0>hgb_d3,logreg_C1.0,candidate_declaration_order_only_for_exact_score_ties
car_eval_4,car_eval_4(3.8%),3,45,F1_best,"[""logreg_C0.1"", ""logreg_C1.0"", ""logreg_C10.0"", ""hgb_d3"", ""hgb_d6""]","[0.8888888888888888, 0.9032258064516129, 0.8888888888888888, 0.8387096774193549, 0.9032258064516129]","[3.5, 1.5, 3.5, 5.0, 1.5]",12.0,2,2,logreg_C1.0>hgb_d6>logreg_C0.1>logreg_C10.0>hgb_d3,logreg_C1.0,candidate_declaration_order_only_for_exact_score_ties
car_eval_4,car_eval_4(3.8%),3,45,AUPRC,"[""logreg_C0.1"", ""logreg_C1.0"", ""logreg_C10.0"", ""hgb_d3"", ""hgb_d6""]","[0.8875, 0.9438888888888889, 0.9117552334943639, 0.8528717453717454, 0.9231452534393709]","[4.0, 1.0, 3.0, 5.0, 2.0]",0.0,0,1,logreg_C1.0>hgb_d6>logreg_C10.0>logreg_C0.1>hgb_d3,logreg_C1.0,candidate_declaration_order_only_for_exact_score_ties
car_eval_4,car_eval_4(3.8%),3,45,AUROC,"[""logreg_C0.1"", ""logreg_C1.0"", ""logreg_C10.0"", ""hgb_d3"", ""hgb_d6""]","[0.9881461675579323, 0.9973262032085561, 0.9950980392156863, 0.9885026737967915, 0.9954545454545454]","[5.0, 1.0, 3.0, 4.0, 2.0]",0.0,0,1,logreg_C1.0>hgb_d6>logreg_C10.0>hgb_d3>logreg_C0.1,logreg_C1.0,candidate_declaration_order_only_for_exact_score_ties
car_eval_4,car_eval_4(3.8%),3,45,Brier_neg,"[""logreg_C0.1"", ""logreg_C1.0"", ""logreg_C10.0"", ""hgb_d3"", ""hgb_d6""]","[-0.02644879225187891, -0.0248008247718586, -0.023152570344740987, -0.011876553164123005, -0.009759475420676848]","[5.0, 4.0, 3.0, 2.0, 1.0]",0.0,0,1,hgb_d6>hgb_d3>logreg_C10.0>logreg_C1.0>logreg_C0.1,hgb_d6,candidate_declaration_order_only_for_exact_score_ties
car_eval_4,car_eval_4(3.8%),3,45,MCC_05,"[""logreg_C0.1"", ""logreg_C1.0"", ""logreg_C10.0"", ""hgb_d3"", ""hgb_d6""]","[0.0, 0.0, 0.0, 0.7497674935986334, 0.8541848588613553]","[4.0, 4.0, 4.0, 2.0, 1.0]",24.0,1,3,hgb_d6>hgb_d3>logreg_C0.1>logreg_C1.0>logreg_C10.0,hgb_d6,candidate_declaration_order_only_for_exact_score_ties
car_eval_4,car_eval_4(3.8%),4,46,SoftMCC,"[""logreg_C0.1"", ""logreg_C1.0"", ""logreg_C10.0"", ""hgb_d3"", ""hgb_d6""]","[0.3696379691367997, 0.418550942998228, 0.4705107690786226, 0.5152577517679587, 0.5781671589333561]","[5.0, 4.0, 3.0, 2.0, 1.0]",0.0,0,1,hgb_d6>hgb_d3>logreg_C10.0>logreg_C1.0>logreg_C0.1,hgb_d6,candidate_declaration_order_only_for_exact_score_ties
car_eval_4,car_eval_4(3.8%),4,46,MCC_best,"[""logreg_C0.1"", ""logreg_C1.0"", ""logreg_C10.0"", ""hgb_d3"", ""hgb_d6""]","[0.8908613541144559, 0.8136454301504356, 0.8136454301504356, 0.7798996118018724, 0.8997219708643529]","[2.0, 3.5, 3.5, 5.0, 1.0]",6.0,1,2,hgb_d6>logreg_C0.1>logreg_C1.0>logreg_C10.0>hgb_d3,hgb_d6,candidate_declaration_order_only_for_exact_score_ties
car_eval_4,car_eval_4(3.8%),4,46,F1_best,"[""logreg_C0.1"", ""logreg_C1.0"", ""logreg_C10.0"", ""hgb_d3"", ""hgb_d6""]","[0.8888888888888888, 0.8148148148148148, 0.8148148148148148, 0.7857142857142857, 0.9032258064516129]","[2.0, 3.5, 3.5, 5.0, 1.0]",6.0,1,2,hgb_d6>logreg_C0.1>logreg_C1.0>logreg_C10.0>hgb_d3,hgb_d6,candidate_declaration_order_only_for_exact_score_ties
car_eval_4,car_eval_4(3.8%),4,46,AUPRC,"[""logreg_C0.1"", ""logreg_C1.0"", ""logreg_C10.0"", ""hgb_d3"", ""hgb_d6""]","[0.9165539452495974, 0.812561853351327, 0.8587686582423425, 0.7054250860722304, 0.7946540496540496]","[1.0, 3.0, 2.0, 5.0, 4.0]",0.0,0,1,logreg_C0.1>logreg_C10.0>logreg_C1.0>hgb_d6>hgb_d3,logreg_C0.1,candidate_declaration_order_only_for_exact_score_ties
car_eval_4,car_eval_4(3.8%),4,46,AUROC,"[""logreg_C0.1"", ""logreg_C1.0"", ""logreg_C10.0"", ""hgb_d3"", ""hgb_d6""]","[0.9952762923351158, 0.9926916221033868, 0.9950980392156863, 0.9559714795008912, 0.9950980392156863]","[1.0, 4.0, 2.5, 5.0, 2.5]",6.0,1,2,logreg_C0.1>logreg_C10.0>hgb_d6>logreg_C1.0>hgb_d3,logreg_C0.1,candidate_declaration_order_only_for_exact_score_ties
car_eval_4,car_eval_4(3.8%),4,46,Brier_neg,"[""logreg_C0.1"", ""logreg_C1.0"", ""logreg_C10.0"", ""hgb_d3"", ""hgb_d6""]","[-0.019220633208830332, -0.01759367228092943, -0.015735482224954578, -0.018291116556790936, -0.01341485172471947]","[5.0, 3.0, 2.0, 4.0, 1.0]",0.0,0,1,hgb_d6>logreg_C10.0>logreg_C1.0>hgb_d3>logreg_C0.1,hgb_d6,candidate_declaration_order_only_for_exact_score_ties
car_eval_4,car_eval_4(3.8%),4,46,MCC_05,"[""logreg_C0.1"", ""logreg_C1.0"", ""logreg_C10.0"", ""hgb_d3"", ""hgb_d6""]","[0.0, 0.0, 0.7267305080879143, 0.6183926621587453, 0.8997219708643529]","[4.5, 4.5, 2.0, 3.0, 1.0]",6.0,1,2,hgb_d6>logreg_C10.0>hgb_d3>logreg_C0.1>logreg_C1.0,hgb_d6,candidate_declaration_order_only_for_exact_score_ties
car_eval_4,car_eval_4(3.8%),5,47,SoftMCC,"[""logreg_C0.1"", ""logreg_C1.0"", ""logreg_C10.0"", ""hgb_d3"", ""hgb_d6""]","[0.20169327671909235, 0.23334945489856967, 0.2854040903066331, 0.6532407477964298, 0.64037169335283]","[5.0, 4.0, 3.0, 1.0, 2.0]",0.0,0,1,hgb_d3>hgb_d6>logreg_C10.0>logreg_C1.0>logreg_C0.1,hgb_d3,candidate_declaration_order_only_for_exact_score_ties
car_eval_4,car_eval_4(3.8%),5,47,MCC_best,"[""logreg_C0.1"", ""logreg_C1.0"", ""logreg_C10.0"", ""hgb_d3"", ""hgb_d6""]","[0.8136454301504356, 0.8602169854357012, 0.8383475324586613, 0.9648028008066956, 0.9368214751223379]","[5.0, 3.0, 4.0, 1.0, 2.0]",0.0,0,1,hgb_d3>hgb_d6>logreg_C1.0>logreg_C10.0>logreg_C0.1,hgb_d3,candidate_declaration_order_only_for_exact_score_ties
car_eval_4,car_eval_4(3.8%),5,47,F1_best,"[""logreg_C0.1"", ""logreg_C1.0"", ""logreg_C10.0"", ""hgb_d3"", ""hgb_d6""]","[0.8148148148148148, 0.8571428571428571, 0.8333333333333334, 0.9655172413793104, 0.9375]","[5.0, 3.0, 4.0, 1.0, 2.0]",0.0,0,1,hgb_d3>hgb_d6>logreg_C1.0>logreg_C10.0>logreg_C0.1,hgb_d3,candidate_declaration_order_only_for_exact_score_ties
car_eval_4,car_eval_4(3.8%),5,47,AUPRC,"[""logreg_C0.1"", ""logreg_C1.0"", ""logreg_C10.0"", ""hgb_d3"", ""hgb_d6""]","[0.9102758352758353, 0.9111111111111111, 0.8676190476190476, 0.9859649122807017, 0.9702966314731021]","[4.0, 3.0, 5.0, 1.0, 2.0]",0.0,0,1,hgb_d3>hgb_d6>logreg_C1.0>logreg_C0.1>logreg_C10.0,hgb_d3,candidate_declaration_order_only_for_exact_score_ties
car_eval_4,car_eval_4(3.8%),5,47,AUROC,"[""logreg_C0.1"", ""logreg_C1.0"", ""logreg_C10.0"", ""hgb_d3"", ""hgb_d6""]","[0.996524064171123, 0.9967914438502674, 0.995632798573975, 0.9996434937611409, 0.9987522281639929]","[4.0, 3.0, 5.0, 1.0, 2.0]",0.0,0,1,hgb_d3>hgb_d6>logreg_C1.0>logreg_C0.1>logreg_C10.0,hgb_d3,candidate_declaration_order_only_for_exact_score_ties
car_eval_4,car_eval_4(3.8%),5,47,Brier_neg,"[""logreg_C0.1"", ""logreg_C1.0"", ""logreg_C10.0"", ""hgb_d3"", ""hgb_d6""]","[-0.027046228259054488, -0.025748333353864217, -0.02368943182177869, -0.008225779277042771, -0.008927775688719256]","[5.0, 4.0, 3.0, 1.0, 2.0]",0.0,0,1,hgb_d3>hgb_d6>logreg_C10.0>logreg_C1.0>logreg_C0.1,hgb_d3,candidate_declaration_order_only_for_exact_score_ties
car_eval_4,car_eval_4(3.8%),5,47,MCC_05,"[""logreg_C0.1"", ""logreg_C1.0"", ""logreg_C10.0"", ""hgb_d3"", ""hgb_d6""]","[0.0, 0.0, 0.3589630006437711, 0.8518058418676517, 0.8541848588613553]","[4.5, 4.5, 3.0, 2.0, 1.0]",6.0,1,2,hgb_d6>hgb_d3>logreg_C10.0>logreg_C0.1>logreg_C1.0,hgb_d6,candidate_declaration_order_only_for_exact_score_ties
car_eval_4,car_eval_4(3.8%),6,48,SoftMCC,"[""logreg_C0.1"", ""logreg_C1.0"", ""logreg_C10.0"", ""hgb_d3"", ""hgb_d6""]","[0.4122720887488521, 0.4173424064741213, 0.40087179733484224, 0.5846760412909318, 0.5958731430566029]","[4.0, 3.0, 5.0, 2.0, 1.0]",0.0,0,1,hgb_d6>hgb_d3>logreg_C1.0>logreg_C0.1>logreg_C10.0,hgb_d6,candidate_declaration_order_only_for_exact_score_ties
car_eval_4,car_eval_4(3.8%),6,48,MCC_best,"[""logreg_C0.1"", ""logreg_C1.0"", ""logreg_C10.0"", ""hgb_d3"", ""hgb_d6""]","[0.7598735748332293, 0.7792683313488028, 0.7267305080879143, 0.8062037138956034, 0.8837590822138354]","[4.0, 3.0, 5.0, 2.0, 1.0]",0.0,0,1,hgb_d6>hgb_d3>logreg_C1.0>logreg_C0.1>logreg_C10.0,hgb_d6,candidate_declaration_order_only_for_exact_score_ties
car_eval_4,car_eval_4(3.8%),6,48,F1_best,"[""logreg_C0.1"", ""logreg_C1.0"", ""logreg_C10.0"", ""hgb_d3"", ""hgb_d6""]","[0.7647058823529411, 0.7777777777777778, 0.7272727272727273, 0.8125, 0.8823529411764706]","[4.0, 3.0, 5.0, 2.0, 1.0]",0.0,0,1,hgb_d6>hgb_d3>logreg_C1.0>logreg_C0.1>logreg_C10.0,hgb_d6,candidate_declaration_order_only_for_exact_score_ties
car_eval_4,car_eval_4(3.8%),6,48,AUPRC,"[""logreg_C0.1"", ""logreg_C1.0"", ""logreg_C10.0"", ""hgb_d3"", ""hgb_d6""]","[0.7830395842547545, 0.7891536785654434, 0.8026510721247564, 0.839207075697948, 0.9483709273182956]","[5.0, 4.0, 3.0, 2.0, 1.0]",0.0,0,1,hgb_d6>hgb_d3>logreg_C10.0>logreg_C1.0>logreg_C0.1,hgb_d6,candidate_declaration_order_only_for_exact_score_ties
car_eval_4,car_eval_4(3.8%),6,48,AUROC,"[""logreg_C0.1"", ""logreg_C1.0"", ""logreg_C10.0"", ""hgb_d3"", ""hgb_d6""]","[0.9906417112299466, 0.9877005347593584, 0.9827094474153297, 0.991711229946524, 0.9981283422459893]","[3.0, 4.0, 5.0, 2.0, 1.0]",0.0,0,1,hgb_d6>hgb_d3>logreg_C0.1>logreg_C1.0>logreg_C10.0,hgb_d6,candidate_declaration_order_only_for_exact_score_ties
car_eval_4,car_eval_4(3.8%),6,48,Brier_neg,"[""logreg_C0.1"", ""logreg_C1.0"", ""logreg_C10.0"", ""hgb_d3"", ""hgb_d6""]","[-0.017139314955682616, -0.01712923674979771, -0.017951354046837495, -0.01617709583488534, -0.010150622429246768]","[4.0, 3.0, 5.0, 2.0, 1.0]",0.0,0,1,hgb_d6>hgb_d3>logreg_C1.0>logreg_C0.1>logreg_C10.0,hgb_d6,candidate_declaration_order_only_for_exact_score_ties
car_eval_4,car_eval_4(3.8%),6,48,MCC_05,"[""logreg_C0.1"", ""logreg_C1.0"", ""logreg_C10.0"", ""hgb_d3"", ""hgb_d6""]","[0.7267305080879143, 0.7267305080879143, 0.7267305080879143, 0.722638146167558, 0.8518058418676517]","[3.0, 3.0, 3.0, 5.0, 1.0]",24.0,1,3,hgb_d6>logreg_C0.1>logreg_C1.0>logreg_C10.0>hgb_d3,hgb_d6,candidate_declaration_order_only_for_exact_score_ties
car_eval_4,car_eval_4(3.8%),7,49,SoftMCC,"[""logreg_C0.1"", ""logreg_C1.0"", ""logreg_C10.0"", ""hgb_d3"", ""hgb_d6""]","[0.33026763653786606, 0.3621776771073825, 0.4492996351373252, 0.5801894962040958, 0.5935804865173228]","[5.0, 4.0, 3.0, 2.0, 1.0]",0.0,0,1,hgb_d6>hgb_d3>logreg_C10.0>logreg_C1.0>logreg_C0.1,hgb_d6,candidate_declaration_order_only_for_exact_score_ties
car_eval_4,car_eval_4(3.8%),7,49,MCC_best,"[""logreg_C0.1"", ""logreg_C1.0"", ""logreg_C10.0"", ""hgb_d3"", ""hgb_d6""]","[0.8997219708643529, 0.8997219708643529, 0.8997219708643529, 0.9284701059208382, 0.8997219708643529]","[3.5, 3.5, 3.5, 1.0, 3.5]",60.0,1,4,hgb_d3>logreg_C0.1>logreg_C1.0>logreg_C10.0>hgb_d6,hgb_d3,candidate_declaration_order_only_for_exact_score_ties
car_eval_4,car_eval_4(3.8%),7,49,F1_best,"[""logreg_C0.1"", ""logreg_C1.0"", ""logreg_C10.0"", ""hgb_d3"", ""hgb_d6""]","[0.9032258064516129, 0.9032258064516129, 0.9032258064516129, 0.9285714285714286, 0.9032258064516129]","[3.5, 3.5, 3.5, 1.0, 3.5]",60.0,1,4,hgb_d3>logreg_C0.1>logreg_C1.0>logreg_C10.0>hgb_d6,hgb_d3,candidate_declaration_order_only_for_exact_score_ties
car_eval_4,car_eval_4(3.8%),7,49,AUPRC,"[""logreg_C0.1"", ""logreg_C1.0"", ""logreg_C10.0"", ""hgb_d3"", ""hgb_d6""]","[0.8920232344145387, 0.8922494172494173, 0.9133333333333333, 0.9402576489533012, 0.9859649122807017]","[5.0, 4.0, 3.0, 2.0, 1.0]",0.0,0,1,hgb_d6>hgb_d3>logreg_C10.0>logreg_C1.0>logreg_C0.1,hgb_d6,candidate_declaration_order_only_for_exact_score_ties
car_eval_4,car_eval_4(3.8%),7,49,AUROC,"[""logreg_C0.1"", ""logreg_C1.0"", ""logreg_C10.0"", ""hgb_d3"", ""hgb_d6""]","[0.9966131907308378, 0.9964349376114082, 0.9967023172905526, 0.9938502673796792, 0.9992869875222816]","[3.0, 4.0, 2.0, 5.0, 1.0]",0.0,0,1,hgb_d6>logreg_C10.0>logreg_C0.1>logreg_C1.0>hgb_d3,hgb_d6,candidate_declaration_order_only_for_exact_score_ties
car_eval_4,car_eval_4(3.8%),7,49,Brier_neg,"[""logreg_C0.1"", ""logreg_C1.0"", ""logreg_C10.0"", ""hgb_d3"", ""hgb_d6""]","[-0.020380804210947536, -0.019512239686452982, -0.015660423352672346, -0.011077768634378852, -0.0095481269368106]","[5.0, 4.0, 3.0, 2.0, 1.0]",0.0,0,1,hgb_d6>hgb_d3>logreg_C10.0>logreg_C1.0>logreg_C0.1,hgb_d6,candidate_declaration_order_only_for_exact_score_ties
car_eval_4,car_eval_4(3.8%),7,49,MCC_05,"[""logreg_C0.1"", ""logreg_C1.0"", ""logreg_C10.0"", ""hgb_d3"", ""hgb_d6""]","[0.0, 0.0, 0.5697830971323893, 0.8110928380330645, 0.8908613541144559]","[4.5, 4.5, 3.0, 2.0, 1.0]",6.0,1,2,hgb_d6>hgb_d3>logreg_C10.0>logreg_C0.1>logreg_C1.0,hgb_d6,candidate_declaration_order_only_for_exact_score_ties
car_eval_4,car_eval_4(3.8%),8,50,SoftMCC,"[""logreg_C0.1"", ""logreg_C1.0"", ""logreg_C10.0"", ""hgb_d3"", ""hgb_d6""]","[0.29180425451690384, 0.32197545054821436, 0.3195212437795137, 0.6462153461166614, 0.6002332572077583]","[5.0, 3.0, 4.0, 1.0, 2.0]",0.0,0,1,hgb_d3>hgb_d6>logreg_C1.0>logreg_C10.0>logreg_C0.1,hgb_d3,candidate_declaration_order_only_for_exact_score_ties
car_eval_4,car_eval_4(3.8%),8,50,MCC_best,"[""logreg_C0.1"", ""logreg_C1.0"", ""logreg_C10.0"", ""hgb_d3"", ""hgb_d6""]","[0.7809992913237044, 0.9092023104649063, 0.8602169854357012, 0.8456480070020403, 0.7997609046164623]","[5.0, 1.0, 2.0, 3.0, 4.0]",0.0,0,1,logreg_C1.0>logreg_C10.0>hgb_d3>hgb_d6>logreg_C0.1,logreg_C1.0,candidate_declaration_order_only_for_exact_score_ties
car_eval_4,car_eval_4(3.8%),8,50,F1_best,"[""logreg_C0.1"", ""logreg_C1.0"", ""logreg_C10.0"", ""hgb_d3"", ""hgb_d6""]","[0.7692307692307693, 0.9090909090909091, 0.8571428571428571, 0.8484848484848485, 0.8]","[5.0, 1.0, 2.0, 3.0, 4.0]",0.0,0,1,logreg_C1.0>logreg_C10.0>hgb_d3>hgb_d6>logreg_C0.1,logreg_C1.0,candidate_declaration_order_only_for_exact_score_ties
car_eval_4,car_eval_4(3.8%),8,50,AUPRC,"[""logreg_C0.1"", ""logreg_C1.0"", ""logreg_C10.0"", ""hgb_d3"", ""hgb_d6""]","[0.8049495673408718, 0.9, 0.8572649572649573, 0.8678742915699438, 0.8539611804317686]","[5.0, 1.0, 3.0, 2.0, 4.0]",0.0,0,1,logreg_C1.0>hgb_d3>logreg_C10.0>hgb_d6>logreg_C0.1,logreg_C1.0,candidate_declaration_order_only_for_exact_score_ties
car_eval_4,car_eval_4(3.8%),8,50,AUROC,"[""logreg_C0.1"", ""logreg_C1.0"", ""logreg_C10.0"", ""hgb_d3"", ""hgb_d6""]","[0.9921568627450981, 0.9975935828877005, 0.9941176470588236, 0.9932263814616755, 0.9916221033868093]","[4.0, 1.0, 2.0, 3.0, 5.0]",0.0,0,1,logreg_C1.0>logreg_C10.0>hgb_d3>logreg_C0.1>hgb_d6,logreg_C1.0,candidate_declaration_order_only_for_exact_score_ties
car_eval_4,car_eval_4(3.8%),8,50,Brier_neg,"[""logreg_C0.1"", ""logreg_C1.0"", ""logreg_C10.0"", ""hgb_d3"", ""hgb_d6""]","[-0.022473024789366622, -0.021073758971803865, -0.021826226511353408, -0.012268695999500366, -0.013683039081311285]","[5.0, 3.0, 4.0, 1.0, 2.0]",0.0,0,1,hgb_d3>hgb_d6>logreg_C1.0>logreg_C10.0>logreg_C0.1,hgb_d3,candidate_declaration_order_only_for_exact_score_ties
car_eval_4,car_eval_4(3.8%),8,50,MCC_05,"[""logreg_C0.1"", ""logreg_C1.0"", ""logreg_C10.0"", ""hgb_d3"", ""hgb_d6""]","[0.0, 0.0, 0.0, 0.7497674935986334, 0.7364295061864152]","[4.0, 4.0, 4.0, 1.0, 2.0]",24.0,1,3,hgb_d3>hgb_d6>logreg_C0.1>logreg_C1.0>logreg_C10.0,hgb_d3,candidate_declaration_order_only_for_exact_score_ties
car_eval_4,car_eval_4(3.8%),9,51,SoftMCC,"[""logreg_C0.1"", ""logreg_C1.0"", ""logreg_C10.0"", ""hgb_d3"", ""hgb_d6""]","[0.3804230382326738, 0.41882249373977143, 0.4086784812738297, 0.5687254645818801, 0.5765511530505387]","[5.0, 3.0, 4.0, 2.0, 1.0]",0.0,0,1,hgb_d6>hgb_d3>logreg_C1.0>logreg_C10.0>logreg_C0.1,hgb_d6,candidate_declaration_order_only_for_exact_score_ties
car_eval_4,car_eval_4(3.8%),9,51,MCC_best,"[""logreg_C0.1"", ""logreg_C1.0"", ""logreg_C10.0"", ""hgb_d3"", ""hgb_d6""]","[0.8136454301504356, 0.8136454301504356, 0.7364295061864152, 0.7235568797131484, 0.7684571008127088]","[1.5, 1.5, 4.0, 5.0, 3.0]",6.0,1,2,logreg_C0.1>logreg_C1.0>hgb_d6>logreg_C10.0>hgb_d3,logreg_C0.1,candidate_declaration_order_only_for_exact_score_ties
car_eval_4,car_eval_4(3.8%),9,51,F1_best,"[""logreg_C0.1"", ""logreg_C1.0"", ""logreg_C10.0"", ""hgb_d3"", ""hgb_d6""]","[0.8148148148148148, 0.8148148148148148, 0.7407407407407407, 0.7, 0.7741935483870968]","[1.5, 1.5, 4.0, 5.0, 3.0]",6.0,1,2,logreg_C0.1>logreg_C1.0>hgb_d6>logreg_C10.0>hgb_d3,logreg_C0.1,candidate_declaration_order_only_for_exact_score_ties
car_eval_4,car_eval_4(3.8%),9,51,AUPRC,"[""logreg_C0.1"", ""logreg_C1.0"", ""logreg_C10.0"", ""hgb_d3"", ""hgb_d6""]","[0.8254020559708166, 0.8532908449575116, 0.7825981036507352, 0.8062647777814873, 0.8530460357392158]","[3.0, 1.0, 5.0, 4.0, 2.0]",0.0,0,1,logreg_C1.0>hgb_d6>logreg_C0.1>hgb_d3>logreg_C10.0,logreg_C1.0,candidate_declaration_order_only_for_exact_score_ties
car_eval_4,car_eval_4(3.8%),9,51,AUROC,"[""logreg_C0.1"", ""logreg_C1.0"", ""logreg_C10.0"", ""hgb_d3"", ""hgb_d6""]","[0.9910873440285205, 0.9929590017825313, 0.9855614973262032, 0.9590909090909091, 0.9606060606060607]","[2.0, 1.0, 3.0, 5.0, 4.0]",0.0,0,1,logreg_C1.0>logreg_C0.1>logreg_C10.0>hgb_d6>hgb_d3,logreg_C1.0,candidate_declaration_order_only_for_exact_score_ties
car_eval_4,car_eval_4(3.8%),9,51,Brier_neg,"[""logreg_C0.1"", ""logreg_C1.0"", ""logreg_C10.0"", ""hgb_d3"", ""hgb_d6""]","[-0.020120370394589592, -0.01841758305544188, -0.019501821834950438, -0.014900522131850998, -0.0133108631203463]","[5.0, 3.0, 4.0, 2.0, 1.0]",0.0,0,1,hgb_d6>hgb_d3>logreg_C1.0>logreg_C10.0>logreg_C0.1,hgb_d6,candidate_declaration_order_only_for_exact_score_ties
car_eval_4,car_eval_4(3.8%),9,51,MCC_05,"[""logreg_C0.1"", ""logreg_C1.0"", ""logreg_C10.0"", ""hgb_d3"", ""hgb_d6""]","[0.45125602505511686, 0.5166393379526055, 0.4750679048973764, 0.6788487429779844, 0.7652648649610747]","[5.0, 3.0, 4.0, 2.0, 1.0]",0.0,0,1,hgb_d6>hgb_d3>logreg_C1.0>logreg_C10.0>logreg_C0.1,hgb_d6,candidate_declaration_order_only_for_exact_score_ties
car_eval_4,car_eval_4(3.8%),10,52,SoftMCC,"[""logreg_C0.1"", ""logreg_C1.0"", ""logreg_C10.0"", ""hgb_d3"", ""hgb_d6""]","[0.3644969370095869, 0.41122477755319, 0.4605158797642249, 0.6103363215929657, 0.6105243831481328]","[5.0, 4.0, 3.0, 2.0, 1.0]",0.0,0,1,hgb_d6>hgb_d3>logreg_C10.0>logreg_C1.0>logreg_C0.1,hgb_d6,candidate_declaration_order_only_for_exact_score_ties
car_eval_4,car_eval_4(3.8%),10,52,MCC_best,"[""logreg_C0.1"", ""logreg_C1.0"", ""logreg_C10.0"", ""hgb_d3"", ""hgb_d6""]","[0.7809992913237044, 0.8218163285235323, 0.8324934179127138, 0.8136454301504356, 0.8715125945089707]","[5.0, 3.0, 2.0, 4.0, 1.0]",0.0,0,1,hgb_d6>logreg_C10.0>logreg_C1.0>hgb_d3>logreg_C0.1,hgb_d6,candidate_declaration_order_only_for_exact_score_ties
car_eval_4,car_eval_4(3.8%),10,52,F1_best,"[""logreg_C0.1"", ""logreg_C1.0"", ""logreg_C10.0"", ""hgb_d3"", ""hgb_d6""]","[0.7692307692307693, 0.8235294117647058, 0.8387096774193549, 0.8148148148148148, 0.875]","[5.0, 3.0, 2.0, 4.0, 1.0]",0.0,0,1,hgb_d6>logreg_C10.0>logreg_C1.0>hgb_d3>logreg_C0.1,hgb_d6,candidate_declaration_order_only_for_exact_score_ties
car_eval_4,car_eval_4(3.8%),10,52,AUPRC,"[""logreg_C0.1"", ""logreg_C1.0"", ""logreg_C10.0"", ""hgb_d3"", ""hgb_d6""]","[0.8154125624777799, 0.8708604845446952, 0.9090686274509804, 0.8758585858585859, 0.8859024417847947]","[5.0, 4.0, 1.0, 3.0, 2.0]",0.0,0,1,logreg_C10.0>hgb_d6>hgb_d3>logreg_C1.0>logreg_C0.1,logreg_C10.0,candidate_declaration_order_only_for_exact_score_ties
car_eval_4,car_eval_4(3.8%),10,52,AUROC,"[""logreg_C0.1"", ""logreg_C1.0"", ""logreg_C10.0"", ""hgb_d3"", ""hgb_d6""]","[0.9918894830659536, 0.991711229946524, 0.9940285204991087, 0.9937611408199644, 0.9949197860962566]","[4.0, 5.0, 2.0, 3.0, 1.0]",0.0,0,1,hgb_d6>logreg_C10.0>hgb_d3>logreg_C0.1>logreg_C1.0,hgb_d6,candidate_declaration_order_only_for_exact_score_ties
car_eval_4,car_eval_4(3.8%),10,52,Brier_neg,"[""logreg_C0.1"", ""logreg_C1.0"", ""logreg_C10.0"", ""hgb_d3"", ""hgb_d6""]","[-0.020414565920427705, -0.018719625242633015, -0.016540538431196433, -0.012534282014902278, -0.011067498799046805]","[5.0, 4.0, 3.0, 2.0, 1.0]",0.0,0,1,hgb_d6>hgb_d3>logreg_C10.0>logreg_C1.0>logreg_C0.1,hgb_d6,candidate_declaration_order_only_for_exact_score_ties
car_eval_4,car_eval_4(3.8%),10,52,MCC_05,"[""logreg_C0.1"", ""logreg_C1.0"", ""logreg_C10.0"", ""hgb_d3"", ""hgb_d6""]","[0.2534978666278668, 0.3589630006437711, 0.3589630006437711, 0.7497674935986334, 0.8136454301504356]","[5.0, 3.5, 3.5, 2.0, 1.0]",6.0,1,2,hgb_d6>hgb_d3>logreg_C1.0>logreg_C10.0>logreg_C0.1,hgb_d6,candidate_declaration_order_only_for_exact_score_ties
car_eval_4,car_eval_4(3.8%),11,53,SoftMCC,"[""logreg_C0.1"", ""logreg_C1.0"", ""logreg_C10.0"", ""hgb_d3"", ""hgb_d6""]","[0.30153349960781517, 0.3590078931440351, 0.46489242197147385, 0.5652145349691198, 0.5707565645604931]","[5.0, 4.0, 3.0, 2.0, 1.0]",0.0,0,1,hgb_d6>hgb_d3>logreg_C10.0>logreg_C1.0>logreg_C0.1,hgb_d6,candidate_declaration_order_only_for_exact_score_ties
car_eval_4,car_eval_4(3.8%),11,53,MCC_best,"[""logreg_C0.1"", ""logreg_C1.0"", ""logreg_C10.0"", ""hgb_d3"", ""hgb_d6""]","[0.9669505238159921, 0.9669505238159921, 0.9669505238159921, 0.8715125945089707, 0.8602169854357012]","[2.0, 2.0, 2.0, 4.0, 5.0]",24.0,1,3,logreg_C0.1>logreg_C1.0>logreg_C10.0>hgb_d3>hgb_d6,logreg_C0.1,candidate_declaration_order_only_for_exact_score_ties
car_eval_4,car_eval_4(3.8%),11,53,F1_best,"[""logreg_C0.1"", ""logreg_C1.0"", ""logreg_C10.0"", ""hgb_d3"", ""hgb_d6""]","[0.967741935483871, 0.967741935483871, 0.967741935483871, 0.875, 0.8571428571428571]","[2.0, 2.0, 2.0, 4.0, 5.0]",24.0,1,3,logreg_C0.1>logreg_C1.0>logreg_C10.0>hgb_d3>hgb_d6,logreg_C0.1,candidate_declaration_order_only_for_exact_score_ties
car_eval_4,car_eval_4(3.8%),11,53,AUPRC,"[""logreg_C0.1"", ""logreg_C1.0"", ""logreg_C10.0"", ""hgb_d3"", ""hgb_d6""]","[0.9875, 0.9958333333333333, 0.9532936507936509, 0.8843941679235797, 0.8693384247331615]","[2.0, 1.0, 3.0, 4.0, 5.0]",0.0,0,1,logreg_C1.0>logreg_C0.1>logreg_C10.0>hgb_d3>hgb_d6,logreg_C1.0,candidate_declaration_order_only_for_exact_score_ties
car_eval_4,car_eval_4(3.8%),11,53,AUROC,"[""logreg_C0.1"", ""logreg_C1.0"", ""logreg_C10.0"", ""hgb_d3"", ""hgb_d6""]","[0.9997326203208556, 0.9998217468805704, 0.9989304812834224, 0.9957219251336898, 0.9949197860962568]","[2.0, 1.0, 3.0, 4.0, 5.0]",0.0,0,1,logreg_C1.0>logreg_C0.1>logreg_C10.0>hgb_d3>hgb_d6,logreg_C1.0,candidate_declaration_order_only_for_exact_score_ties
car_eval_4,car_eval_4(3.8%),11,53,Brier_neg,"[""logreg_C0.1"", ""logreg_C1.0"", ""logreg_C10.0"", ""hgb_d3"", ""hgb_d6""]","[-0.023009254291613483, -0.02072991461155211, -0.016488736087590557, -0.01258847310541573, -0.013229746745743716]","[5.0, 4.0, 3.0, 1.0, 2.0]",0.0,0,1,hgb_d3>hgb_d6>logreg_C10.0>logreg_C1.0>logreg_C0.1,hgb_d3,candidate_declaration_order_only_for_exact_score_ties
car_eval_4,car_eval_4(3.8%),11,53,MCC_05,"[""logreg_C0.1"", ""logreg_C1.0"", ""logreg_C10.0"", ""hgb_d3"", ""hgb_d6""]","[0.0, 0.0, 0.5089672082242814, 0.5354127445470958, 0.5580058481976137]","[4.5, 4.5, 3.0, 2.0, 1.0]",6.0,1,2,hgb_d6>hgb_d3>logreg_C10.0>logreg_C0.1>logreg_C1.0,hgb_d6,candidate_declaration_order_only_for_exact_score_ties
coil_2000,coil_2000(6.0%),0,42,SoftMCC,"[""logreg_C0.1"", ""logreg_C1.0"", ""logreg_C10.0"", ""hgb_d3"", ""hgb_d6""]","[0.03928415189965188, 0.03822357670042217, 0.03626250713575756, 0.04065303809127616, 0.031598469118191225]","[2.0, 3.0, 4.0, 1.0, 5.0]",0.0,0,1,hgb_d3>logreg_C0.1>logreg_C1.0>logreg_C10.0>hgb_d6,hgb_d3,candidate_declaration_order_only_for_exact_score_ties
coil_2000,coil_2000(6.0%),0,42,MCC_best,"[""logreg_C0.1"", ""logreg_C1.0"", ""logreg_C10.0"", ""hgb_d3"", ""hgb_d6""]","[0.19941920209254332, 0.20408122763608452, 0.19709737533927066, 0.2106621148796976, 0.16733924544712253]","[3.0, 2.0, 4.0, 1.0, 5.0]",0.0,0,1,hgb_d3>logreg_C1.0>logreg_C0.1>logreg_C10.0>hgb_d6,hgb_d3,candidate_declaration_order_only_for_exact_score_ties
coil_2000,coil_2000(6.0%),0,42,F1_best,"[""logreg_C0.1"", ""logreg_C1.0"", ""logreg_C10.0"", ""hgb_d3"", ""hgb_d6""]","[0.24479166666666666, 0.251063829787234, 0.24824355971896955, 0.25925925925925924, 0.22384428223844283]","[4.0, 2.0, 3.0, 1.0, 5.0]",0.0,0,1,hgb_d3>logreg_C1.0>logreg_C10.0>logreg_C0.1>hgb_d6,hgb_d3,candidate_declaration_order_only_for_exact_score_ties
coil_2000,coil_2000(6.0%),0,42,AUPRC,"[""logreg_C0.1"", ""logreg_C1.0"", ""logreg_C10.0"", ""hgb_d3"", ""hgb_d6""]","[0.14591313882052354, 0.1473148843861981, 0.1405854285482799, 0.16205325614559224, 0.1373048507948853]","[3.0, 2.0, 4.0, 1.0, 5.0]",0.0,0,1,hgb_d3>logreg_C1.0>logreg_C0.1>logreg_C10.0>hgb_d6,hgb_d3,candidate_declaration_order_only_for_exact_score_ties
coil_2000,coil_2000(6.0%),0,42,AUROC,"[""logreg_C0.1"", ""logreg_C1.0"", ""logreg_C10.0"", ""hgb_d3"", ""hgb_d6""]","[0.7188408606319054, 0.7124676042586491, 0.7049259474632609, 0.7145549309728414, 0.6987016576568816]","[1.0, 3.0, 4.0, 2.0, 5.0]",0.0,0,1,logreg_C0.1>hgb_d3>logreg_C1.0>logreg_C10.0>hgb_d6,logreg_C0.1,candidate_declaration_order_only_for_exact_score_ties
coil_2000,coil_2000(6.0%),0,42,Brier_neg,"[""logreg_C0.1"", ""logreg_C1.0"", ""logreg_C10.0"", ""hgb_d3"", ""hgb_d6""]","[-0.05441660443045712, -0.05443479488821046, -0.05470560716908508, -0.05422811451632111, -0.05514407866439441]","[2.0, 3.0, 4.0, 1.0, 5.0]",0.0,0,1,hgb_d3>logreg_C0.1>logreg_C1.0>logreg_C10.0>hgb_d6,hgb_d3,candidate_declaration_order_only_for_exact_score_ties
coil_2000,coil_2000(6.0%),0,42,MCC_05,"[""logreg_C0.1"", ""logreg_C1.0"", ""logreg_C10.0"", ""hgb_d3"", ""hgb_d6""]","[0.0, 0.0, -0.0053979964325259235, 0.0, -0.0053979964325259235]","[2.0, 2.0, 4.5, 2.0, 4.5]",30.0,2,3,logreg_C0.1>logreg_C1.0>hgb_d3>logreg_C10.0>hgb_d6,logreg_C0.1,candidate_declaration_order_only_for_exact_score_ties
coil_2000,coil_2000(6.0%),1,43,SoftMCC,"[""logreg_C0.1"", ""logreg_C1.0"", ""logreg_C10.0"", ""hgb_d3"", ""hgb_d6""]","[0.03865893246049886, 0.03372505393941789, 0.028250704840363246, 0.03441435220412294, 0.02433526642109679]","[1.0, 3.0, 4.0, 2.0, 5.0]",0.0,0,1,logreg_C0.1>hgb_d3>logreg_C1.0>logreg_C10.0>hgb_d6,logreg_C0.1,candidate_declaration_order_only_for_exact_score_ties
coil_2000,coil_2000(6.0%),1,43,MCC_best,"[""logreg_C0.1"", ""logreg_C1.0"", ""logreg_C10.0"", ""hgb_d3"", ""hgb_d6""]","[0.17135224231146978, 0.1585268083995332, 0.15890292712086448, 0.189552430973646, 0.1352578326905809]","[2.0, 4.0, 3.0, 1.0, 5.0]",0.0,0,1,hgb_d3>logreg_C0.1>logreg_C10.0>logreg_C1.0>hgb_d6,hgb_d3,candidate_declaration_order_only_for_exact_score_ties
coil_2000,coil_2000(6.0%),1,43,F1_best,"[""logreg_C0.1"", ""logreg_C1.0"", ""logreg_C10.0"", ""hgb_d3"", ""hgb_d6""]","[0.2140845070422535, 0.20876826722338204, 0.20442930153321975, 0.2335216572504708, 0.1777059773828756]","[2.0, 3.0, 4.0, 1.0, 5.0]",0.0,0,1,hgb_d3>logreg_C0.1>logreg_C1.0>logreg_C10.0>hgb_d6,hgb_d3,candidate_declaration_order_only_for_exact_score_ties
coil_2000,coil_2000(6.0%),1,43,AUPRC,"[""logreg_C0.1"", ""logreg_C1.0"", ""logreg_C10.0"", ""hgb_d3"", ""hgb_d6""]","[0.14209886111575554, 0.1447523457641539, 0.12587625909784814, 0.13200750368850916, 0.10912241528963311]","[2.0, 1.0, 4.0, 3.0, 5.0]",0.0,0,1,logreg_C1.0>logreg_C0.1>hgb_d3>logreg_C10.0>hgb_d6,logreg_C1.0,candidate_declaration_order_only_for_exact_score_ties
coil_2000,coil_2000(6.0%),1,43,AUROC,"[""logreg_C0.1"", ""logreg_C1.0"", ""logreg_C10.0"", ""hgb_d3"", ""hgb_d6""]","[0.7156304632867133, 0.7099978146853148, 0.6930488782051283, 0.7120920745920747, 0.6718403991841492]","[1.0, 3.0, 4.0, 2.0, 5.0]",0.0,0,1,logreg_C0.1>hgb_d3>logreg_C1.0>logreg_C10.0>hgb_d6,logreg_C0.1,candidate_declaration_order_only_for_exact_score_ties
coil_2000,coil_2000(6.0%),1,43,Brier_neg,"[""logreg_C0.1"", ""logreg_C1.0"", ""logreg_C10.0"", ""hgb_d3"", ""hgb_d6""]","[-0.053932476722720744, -0.05404815212336461, -0.05452693261969821, -0.05431702181745427, -0.055083890807697614]","[1.0, 2.0, 4.0, 3.0, 5.0]",0.0,0,1,logreg_C0.1>logreg_C1.0>hgb_d3>logreg_C10.0>hgb_d6,logreg_C0.1,candidate_declaration_order_only_for_exact_score_ties
coil_2000,coil_2000(6.0%),1,43,MCC_05,"[""logreg_C0.1"", ""logreg_C1.0"", ""logreg_C10.0"", ""hgb_d3"", ""hgb_d6""]","[0.05591897276363868, 0.08442096857762169, 0.0, 0.0, 0.0]","[2.0, 1.0, 4.0, 4.0, 4.0]",24.0,1,3,logreg_C1.0>logreg_C0.1>logreg_C10.0>hgb_d3>hgb_d6,logreg_C1.0,candidate_declaration_order_only_for_exact_score_ties
coil_2000,coil_2000(6.0%),2,44,SoftMCC,"[""logreg_C0.1"", ""logreg_C1.0"", ""logreg_C10.0"", ""hgb_d3"", ""hgb_d6""]","[0.0569358064547016, 0.04881720044434255, 0.04695239033839469, 0.0440667297951247, 0.034969731477441555]","[1.0, 2.0, 3.0, 4.0, 5.0]",0.0,0,1,logreg_C0.1>logreg_C1.0>logreg_C10.0>hgb_d3>hgb_d6,logreg_C0.1,candidate_declaration_order_only_for_exact_score_ties
coil_2000,coil_2000(6.0%),2,44,MCC_best,"[""logreg_C0.1"", ""logreg_C1.0"", ""logreg_C10.0"", ""hgb_d3"", ""hgb_d6""]","[0.22935420060209416, 0.20285043485296758, 0.20850215124994295, 0.21151664796178737, 0.17944720732791913]","[1.0, 4.0, 3.0, 2.0, 5.0]",0.0,0,1,logreg_C0.1>hgb_d3>logreg_C10.0>logreg_C1.0>hgb_d6,logreg_C0.1,candidate_declaration_order_only_for_exact_score_ties
coil_2000,coil_2000(6.0%),2,44,F1_best,"[""logreg_C0.1"", ""logreg_C1.0"", ""logreg_C10.0"", ""hgb_d3"", ""hgb_d6""]","[0.2777777777777778, 0.2490566037735849, 0.25443786982248523, 0.23721881390593047, 0.22746781115879827]","[1.0, 3.0, 2.0, 4.0, 5.0]",0.0,0,1,logreg_C0.1>logreg_C10.0>logreg_C1.0>hgb_d3>hgb_d6,logreg_C0.1,candidate_declaration_order_only_for_exact_score_ties
coil_2000,coil_2000(6.0%),2,44,AUPRC,"[""logreg_C0.1"", ""logreg_C1.0"", ""logreg_C10.0"", ""hgb_d3"", ""hgb_d6""]","[0.19001900756584575, 0.1694773862654292, 0.17845538172024128, 0.1443315466791221, 0.13507767437138213]","[1.0, 3.0, 2.0, 4.0, 5.0]",0.0,0,1,logreg_C0.1>logreg_C10.0>logreg_C1.0>hgb_d3>hgb_d6,logreg_C0.1,candidate_declaration_order_only_for_exact_score_ties
coil_2000,coil_2000(6.0%),2,44,AUROC,"[""logreg_C0.1"", ""logreg_C1.0"", ""logreg_C10.0"", ""hgb_d3"", ""hgb_d6""]","[0.7448283899539654, 0.7464272186935493, 0.745717032806946, 0.7417509177786843, 0.7266057484995047]","[3.0, 1.0, 2.0, 4.0, 5.0]",0.0,0,1,logreg_C1.0>logreg_C10.0>logreg_C0.1>hgb_d3>hgb_d6,logreg_C1.0,candidate_declaration_order_only_for_exact_score_ties
coil_2000,coil_2000(6.0%),2,44,Brier_neg,"[""logreg_C0.1"", ""logreg_C1.0"", ""logreg_C10.0"", ""hgb_d3"", ""hgb_d6""]","[-0.05188776372988491, -0.05229238006992452, -0.052263939204501515, -0.05292577810466426, -0.05354637217653723]","[1.0, 3.0, 2.0, 4.0, 5.0]",0.0,0,1,logreg_C0.1>logreg_C10.0>logreg_C1.0>hgb_d3>hgb_d6,logreg_C0.1,candidate_declaration_order_only_for_exact_score_ties
coil_2000,coil_2000(6.0%),2,44,MCC_05,"[""logreg_C0.1"", ""logreg_C1.0"", ""logreg_C10.0"", ""hgb_d3"", ""hgb_d6""]","[0.0, 0.0, 0.0, 0.0, -0.005298798792491217]","[2.5, 2.5, 2.5, 2.5, 5.0]",60.0,1,4,logreg_C0.1>logreg_C1.0>logreg_C10.0>hgb_d3>hgb_d6,logreg_C0.1,candidate_declaration_order_only_for_exact_score_ties
coil_2000,coil_2000(6.0%),3,45,SoftMCC,"[""logreg_C0.1"", ""logreg_C1.0"", ""logreg_C10.0"", ""hgb_d3"", ""hgb_d6""]","[0.035671280516489705, 0.030518005252474646, 0.028055296642926986, 0.035809551685546274, 0.02337523467704897]","[2.0, 3.0, 4.0, 1.0, 5.0]",0.0,0,1,hgb_d3>logreg_C0.1>logreg_C1.0>logreg_C10.0>hgb_d6,hgb_d3,candidate_declaration_order_only_for_exact_score_ties
coil_2000,coil_2000(6.0%),3,45,MCC_best,"[""logreg_C0.1"", ""logreg_C1.0"", ""logreg_C10.0"", ""hgb_d3"", ""hgb_d6""]","[0.17036990107972658, 0.15785253644147718, 0.1468590297989277, 0.17041780093278264, 0.1362779411535577]","[2.0, 3.0, 4.0, 1.0, 5.0]",0.0,0,1,hgb_d3>logreg_C0.1>logreg_C1.0>logreg_C10.0>hgb_d6,hgb_d3,candidate_declaration_order_only_for_exact_score_ties
coil_2000,coil_2000(6.0%),3,45,F1_best,"[""logreg_C0.1"", ""logreg_C1.0"", ""logreg_C10.0"", ""hgb_d3"", ""hgb_d6""]","[0.21490467937608318, 0.20105820105820105, 0.19727891156462585, 0.2072936660268714, 0.19152854511970535]","[1.0, 3.0, 4.0, 2.0, 5.0]",0.0,0,1,logreg_C0.1>hgb_d3>logreg_C1.0>logreg_C10.0>hgb_d6,logreg_C0.1,candidate_declaration_order_only_for_exact_score_ties
coil_2000,coil_2000(6.0%),3,45,AUPRC,"[""logreg_C0.1"", ""logreg_C1.0"", ""logreg_C10.0"", ""hgb_d3"", ""hgb_d6""]","[0.13728145970750594, 0.13372553057665804, 0.13238874365310965, 0.1260497824305003, 0.1028570719584812]","[1.0, 2.0, 3.0, 4.0, 5.0]",0.0,0,1,logreg_C0.1>logreg_C1.0>logreg_C10.0>hgb_d3>hgb_d6,logreg_C0.1,candidate_declaration_order_only_for_exact_score_ties
coil_2000,coil_2000(6.0%),3,45,AUROC,"[""logreg_C0.1"", ""logreg_C1.0"", ""logreg_C10.0"", ""hgb_d3"", ""hgb_d6""]","[0.7015584633573191, 0.6968148380599302, 0.6808653102330944, 0.712111205172741, 0.6757203012566957]","[2.0, 3.0, 4.0, 1.0, 5.0]",0.0,0,1,hgb_d3>logreg_C0.1>logreg_C1.0>logreg_C10.0>hgb_d6,hgb_d3,candidate_declaration_order_only_for_exact_score_ties
coil_2000,coil_2000(6.0%),3,45,Brier_neg,"[""logreg_C0.1"", ""logreg_C1.0"", ""logreg_C10.0"", ""hgb_d3"", ""hgb_d6""]","[-0.05352249634437464, -0.053838876929953566, -0.05392763143422605, -0.05388260128025509, -0.0547891590663574]","[1.0, 2.0, 4.0, 3.0, 5.0]",0.0,0,1,logreg_C0.1>logreg_C1.0>hgb_d3>logreg_C10.0>hgb_d6,logreg_C0.1,candidate_declaration_order_only_for_exact_score_ties
coil_2000,coil_2000(6.0%),3,45,MCC_05,"[""logreg_C0.1"", ""logreg_C1.0"", ""logreg_C10.0"", ""hgb_d3"", ""hgb_d6""]","[0.08477604755948884, 0.0, 0.0, 0.0, -0.007509232070772813]","[1.0, 3.0, 3.0, 3.0, 5.0]",24.0,1,3,logreg_C0.1>logreg_C1.0>logreg_C10.0>hgb_d3>hgb_d6,logreg_C0.1,candidate_declaration_order_only_for_exact_score_ties
coil_2000,coil_2000(6.0%),4,46,SoftMCC,"[""logreg_C0.1"", ""logreg_C1.0"", ""logreg_C10.0"", ""hgb_d3"", ""hgb_d6""]","[0.0467046406442714, 0.043819558595224566, 0.037929840993372335, 0.047938376705801346, 0.03596660066021679]","[2.0, 3.0, 4.0, 1.0, 5.0]",0.0,0,1,hgb_d3>logreg_C0.1>logreg_C1.0>logreg_C10.0>hgb_d6,hgb_d3,candidate_declaration_order_only_for_exact_score_ties
coil_2000,coil_2000(6.0%),4,46,MCC_best,"[""logreg_C0.1"", ""logreg_C1.0"", ""logreg_C10.0"", ""hgb_d3"", ""hgb_d6""]","[0.18103605467500264, 0.19652978172794092, 0.18834273150833197, 0.20029487605229254, 0.19573954648236158]","[5.0, 2.0, 4.0, 1.0, 3.0]",0.0,0,1,hgb_d3>logreg_C1.0>hgb_d6>logreg_C10.0>logreg_C0.1,hgb_d3,candidate_declaration_order_only_for_exact_score_ties
coil_2000,coil_2000(6.0%),4,46,F1_best,"[""logreg_C0.1"", ""logreg_C1.0"", ""logreg_C10.0"", ""hgb_d3"", ""hgb_d6""]","[0.23563218390804597, 0.2414486921529175, 0.23529411764705882, 0.25196850393700787, 0.24691358024691357]","[4.0, 3.0, 5.0, 1.0, 2.0]",0.0,0,1,hgb_d3>hgb_d6>logreg_C1.0>logreg_C0.1>logreg_C10.0,hgb_d3,candidate_declaration_order_only_for_exact_score_ties
coil_2000,coil_2000(6.0%),4,46,AUPRC,"[""logreg_C0.1"", ""logreg_C1.0"", ""logreg_C10.0"", ""hgb_d3"", ""hgb_d6""]","[0.15479503099491643, 0.15720376935853303, 0.15552685347325249, 0.17226891675239753, 0.16134996850952305]","[5.0, 3.0, 4.0, 1.0, 2.0]",0.0,0,1,hgb_d3>hgb_d6>logreg_C1.0>logreg_C10.0>logreg_C0.1,hgb_d3,candidate_declaration_order_only_for_exact_score_ties
coil_2000,coil_2000(6.0%),4,46,AUROC,"[""logreg_C0.1"", ""logreg_C1.0"", ""logreg_C10.0"", ""hgb_d3"", ""hgb_d6""]","[0.7216509935808182, 0.7218277174417524, 0.7210547736863526, 0.7329327592485488, 0.7195124563545616]","[3.0, 2.0, 4.0, 1.0, 5.0]",0.0,0,1,hgb_d3>logreg_C1.0>logreg_C0.1>logreg_C10.0>hgb_d6,hgb_d3,candidate_declaration_order_only_for_exact_score_ties
coil_2000,coil_2000(6.0%),4,46,Brier_neg,"[""logreg_C0.1"", ""logreg_C1.0"", ""logreg_C10.0"", ""hgb_d3"", ""hgb_d6""]","[-0.05348380127404349, -0.05360487729768147, -0.053448646416995683, -0.05300028224655748, -0.05357539332592762]","[3.0, 5.0, 2.0, 1.0, 4.0]",0.0,0,1,hgb_d3>logreg_C10.0>logreg_C0.1>hgb_d6>logreg_C1.0,hgb_d3,candidate_declaration_order_only_for_exact_score_ties
coil_2000,coil_2000(6.0%),4,46,MCC_05,"[""logreg_C0.1"", ""logreg_C1.0"", ""logreg_C10.0"", ""hgb_d3"", ""hgb_d6""]","[0.042448885485569056, 0.05361793321467263, 0.0, 0.08411497532160148, 0.0]","[3.0, 2.0, 4.5, 1.0, 4.5]",6.0,1,2,hgb_d3>logreg_C1.0>logreg_C0.1>logreg_C10.0>hgb_d6,hgb_d3,candidate_declaration_order_only_for_exact_score_ties
coil_2000,coil_2000(6.0%),5,47,SoftMCC,"[""logreg_C0.1"", ""logreg_C1.0"", ""logreg_C10.0"", ""hgb_d3"", ""hgb_d6""]","[0.05193832433352893, 0.0428937377779277, 0.03741318575805952, 0.03435518130151154, 0.024649121681079706]","[1.0, 2.0, 3.0, 4.0, 5.0]",0.0,0,1,logreg_C0.1>logreg_C1.0>logreg_C10.0>hgb_d3>hgb_d6,logreg_C0.1,candidate_declaration_order_only_for_exact_score_ties
coil_2000,coil_2000(6.0%),5,47,MCC_best,"[""logreg_C0.1"", ""logreg_C1.0"", ""logreg_C10.0"", ""hgb_d3"", ""hgb_d6""]","[0.23649461452720072, 0.2227097845514397, 0.233176803590648, 0.24781834748917894, 0.18035394648959996]","[2.0, 4.0, 3.0, 1.0, 5.0]",0.0,0,1,hgb_d3>logreg_C0.1>logreg_C10.0>logreg_C1.0>hgb_d6,hgb_d3,candidate_declaration_order_only_for_exact_score_ties
coil_2000,coil_2000(6.0%),5,47,F1_best,"[""logreg_C0.1"", ""logreg_C1.0"", ""logreg_C10.0"", ""hgb_d3"", ""hgb_d6""]","[0.2865853658536585, 0.2691292875989446, 0.2736842105263158, 0.27303754266211605, 0.20098846787479407]","[1.0, 4.0, 2.0, 3.0, 5.0]",0.0,0,1,logreg_C0.1>logreg_C10.0>hgb_d3>logreg_C1.0>hgb_d6,logreg_C0.1,candidate_declaration_order_only_for_exact_score_ties
coil_2000,coil_2000(6.0%),5,47,AUPRC,"[""logreg_C0.1"", ""logreg_C1.0"", ""logreg_C10.0"", ""hgb_d3"", ""hgb_d6""]","[0.2015852087058812, 0.1993303625467116, 0.17807632351929503, 0.1623914993207389, 0.12144552938835328]","[1.0, 2.0, 3.0, 4.0, 5.0]",0.0,0,1,logreg_C0.1>logreg_C1.0>logreg_C10.0>hgb_d3>hgb_d6,logreg_C0.1,candidate_declaration_order_only_for_exact_score_ties
coil_2000,coil_2000(6.0%),5,47,AUROC,"[""logreg_C0.1"", ""logreg_C1.0"", ""logreg_C10.0"", ""hgb_d3"", ""hgb_d6""]","[0.7631801537506157, 0.7568613175157213, 0.7519700635987924, 0.7545450652048225, 0.7191677908877421]","[1.0, 2.0, 4.0, 3.0, 5.0]",0.0,0,1,logreg_C0.1>logreg_C1.0>hgb_d3>logreg_C10.0>hgb_d6,logreg_C0.1,candidate_declaration_order_only_for_exact_score_ties
coil_2000,coil_2000(6.0%),5,47,Brier_neg,"[""logreg_C0.1"", ""logreg_C1.0"", ""logreg_C10.0"", ""hgb_d3"", ""hgb_d6""]","[-0.05305150659243741, -0.053520090898540026, -0.053778262224588834, -0.05400361907748568, -0.05493045050305598]","[1.0, 2.0, 3.0, 4.0, 5.0]",0.0,0,1,logreg_C0.1>logreg_C1.0>logreg_C10.0>hgb_d3>hgb_d6,logreg_C0.1,candidate_declaration_order_only_for_exact_score_ties
coil_2000,coil_2000(6.0%),5,47,MCC_05,"[""logreg_C0.1"", ""logreg_C1.0"", ""logreg_C10.0"", ""hgb_d3"", ""hgb_d6""]","[0.10767679164249513, 0.10767679164249513, 0.09366523640259088, 0.0, 0.0]","[1.5, 1.5, 3.0, 4.5, 4.5]",12.0,2,2,logreg_C0.1>logreg_C1.0>logreg_C10.0>hgb_d3>hgb_d6,logreg_C0.1,candidate_declaration_order_only_for_exact_score_ties
coil_2000,coil_2000(6.0%),6,48,SoftMCC,"[""logreg_C0.1"", ""logreg_C1.0"", ""logreg_C10.0"", ""hgb_d3"", ""hgb_d6""]","[0.03997735801852519, 0.03838637273560628, 0.03493497699552721, 0.04294381843951238, 0.029598339497934927]","[2.0, 3.0, 4.0, 1.0, 5.0]",0.0,0,1,hgb_d3>logreg_C0.1>logreg_C1.0>logreg_C10.0>hgb_d6,hgb_d3,candidate_declaration_order_only_for_exact_score_ties
coil_2000,coil_2000(6.0%),6,48,MCC_best,"[""logreg_C0.1"", ""logreg_C1.0"", ""logreg_C10.0"", ""hgb_d3"", ""hgb_d6""]","[0.19815406223704768, 0.19962138721908657, 0.19064621130778173, 0.19239653467936307, 0.1541868148662449]","[2.0, 1.0, 4.0, 3.0, 5.0]",0.0,0,1,logreg_C1.0>logreg_C0.1>hgb_d3>logreg_C10.0>hgb_d6,logreg_C1.0,candidate_declaration_order_only_for_exact_score_ties
coil_2000,coil_2000(6.0%),6,48,F1_best,"[""logreg_C0.1"", ""logreg_C1.0"", ""logreg_C10.0"", ""hgb_d3"", ""hgb_d6""]","[0.24279835390946503, 0.2401500938086304, 0.23391812865497075, 0.23668639053254437, 0.2079002079002079]","[1.0, 2.0, 4.0, 3.0, 5.0]",0.0,0,1,logreg_C0.1>logreg_C1.0>hgb_d3>logreg_C10.0>hgb_d6,logreg_C0.1,candidate_declaration_order_only_for_exact_score_ties
coil_2000,coil_2000(6.0%),6,48,AUPRC,"[""logreg_C0.1"", ""logreg_C1.0"", ""logreg_C10.0"", ""hgb_d3"", ""hgb_d6""]","[0.12751586447023003, 0.12539690120432245, 0.11972987592823245, 0.14344320113711553, 0.12638471259997708]","[2.0, 4.0, 5.0, 1.0, 3.0]",0.0,0,1,hgb_d3>logreg_C0.1>hgb_d6>logreg_C1.0>logreg_C10.0,hgb_d3,candidate_declaration_order_only_for_exact_score_ties
coil_2000,coil_2000(6.0%),6,48,AUROC,"[""logreg_C0.1"", ""logreg_C1.0"", ""logreg_C10.0"", ""hgb_d3"", ""hgb_d6""]","[0.7097879395915792, 0.6985759928983056, 0.6877858927189293, 0.7178213645084021, 0.6914467868134448]","[2.0, 3.0, 5.0, 1.0, 4.0]",0.0,0,1,hgb_d3>logreg_C0.1>logreg_C1.0>hgb_d6>logreg_C10.0,hgb_d3,candidate_declaration_order_only_for_exact_score_ties
coil_2000,coil_2000(6.0%),6,48,Brier_neg,"[""logreg_C0.1"", ""logreg_C1.0"", ""logreg_C10.0"", ""hgb_d3"", ""hgb_d6""]","[-0.053954529516264976, -0.054152258266839844, -0.05427978075008893, -0.053602445201826984, -0.05410116550184523]","[2.0, 4.0, 5.0, 1.0, 3.0]",0.0,0,1,hgb_d3>logreg_C0.1>hgb_d6>logreg_C1.0>logreg_C10.0,hgb_d3,candidate_declaration_order_only_for_exact_score_ties
coil_2000,coil_2000(6.0%),6,48,MCC_05,"[""logreg_C0.1"", ""logreg_C1.0"", ""logreg_C10.0"", ""hgb_d3"", ""hgb_d6""]","[0.0, 0.0, 0.0, 0.0, 0.0]","[3.0, 3.0, 3.0, 3.0, 3.0]",120.0,1,5,logreg_C0.1>logreg_C1.0>logreg_C10.0>hgb_d3>hgb_d6,logreg_C0.1,candidate_declaration_order_only_for_exact_score_ties
coil_2000,coil_2000(6.0%),7,49,SoftMCC,"[""logreg_C0.1"", ""logreg_C1.0"", ""logreg_C10.0"", ""hgb_d3"", ""hgb_d6""]","[0.04370635044997802, 0.04631636959511578, 0.04326304250890764, 0.04310174385537629, 0.029880361657741075]","[2.0, 1.0, 3.0, 4.0, 5.0]",0.0,0,1,logreg_C1.0>logreg_C0.1>logreg_C10.0>hgb_d3>hgb_d6,logreg_C1.0,candidate_declaration_order_only_for_exact_score_ties
coil_2000,coil_2000(6.0%),7,49,MCC_best,"[""logreg_C0.1"", ""logreg_C1.0"", ""logreg_C10.0"", ""hgb_d3"", ""hgb_d6""]","[0.21803695067386836, 0.22185685543875278, 0.21029978508601027, 0.16297436981115387, 0.15780696168447894]","[2.0, 1.0, 3.0, 4.0, 5.0]",0.0,0,1,logreg_C1.0>logreg_C0.1>logreg_C10.0>hgb_d3>hgb_d6,logreg_C1.0,candidate_declaration_order_only_for_exact_score_ties
coil_2000,coil_2000(6.0%),7,49,F1_best,"[""logreg_C0.1"", ""logreg_C1.0"", ""logreg_C10.0"", ""hgb_d3"", ""hgb_d6""]","[0.26666666666666666, 0.2669683257918552, 0.2559652928416486, 0.21768707482993196, 0.2]","[2.0, 1.0, 3.0, 4.0, 5.0]",0.0,0,1,logreg_C1.0>logreg_C0.1>logreg_C10.0>hgb_d3>hgb_d6,logreg_C1.0,candidate_declaration_order_only_for_exact_score_ties
coil_2000,coil_2000(6.0%),7,49,AUPRC,"[""logreg_C0.1"", ""logreg_C1.0"", ""logreg_C10.0"", ""hgb_d3"", ""hgb_d6""]","[0.14989986920102627, 0.15784229963358865, 0.1550162370710177, 0.14470120468122685, 0.1255841107647968]","[3.0, 1.0, 2.0, 4.0, 5.0]",0.0,0,1,logreg_C1.0>logreg_C10.0>logreg_C0.1>hgb_d3>hgb_d6,logreg_C1.0,candidate_declaration_order_only_for_exact_score_ties
coil_2000,coil_2000(6.0%),7,49,AUROC,"[""logreg_C0.1"", ""logreg_C1.0"", ""logreg_C10.0"", ""hgb_d3"", ""hgb_d6""]","[0.7367194060193574, 0.7390764720614016, 0.7383785595380151, 0.7085377351541668, 0.704521515593465]","[3.0, 1.0, 2.0, 4.0, 5.0]",0.0,0,1,logreg_C1.0>logreg_C10.0>logreg_C0.1>hgb_d3>hgb_d6,logreg_C1.0,candidate_declaration_order_only_for_exact_score_ties
coil_2000,coil_2000(6.0%),7,49,Brier_neg,"[""logreg_C0.1"", ""logreg_C1.0"", ""logreg_C10.0"", ""hgb_d3"", ""hgb_d6""]","[-0.0545388345599733, -0.054241595982329915, -0.054330157588936195, -0.05471436089974359, -0.055104365856959645]","[3.0, 1.0, 2.0, 4.0, 5.0]",0.0,0,1,logreg_C1.0>logreg_C10.0>logreg_C0.1>hgb_d3>hgb_d6,logreg_C1.0,candidate_declaration_order_only_for_exact_score_ties
coil_2000,coil_2000(6.0%),7,49,MCC_05,"[""logreg_C0.1"", ""logreg_C1.0"", ""logreg_C10.0"", ""hgb_d3"", ""hgb_d6""]","[0.03409650028727893, 0.028079673571461485, 0.06828006954787037, 0.06828006954787037, 0.0]","[3.0, 4.0, 1.5, 1.5, 5.0]",6.0,1,2,logreg_C10.0>hgb_d3>logreg_C0.1>logreg_C1.0>hgb_d6,logreg_C10.0,candidate_declaration_order_only_for_exact_score_ties
coil_2000,coil_2000(6.0%),8,50,SoftMCC,"[""logreg_C0.1"", ""logreg_C1.0"", ""logreg_C10.0"", ""hgb_d3"", ""hgb_d6""]","[0.037348763692825575, 0.03377290897739604, 0.031423391478799904, 0.03668517245822378, 0.02964359136200698]","[1.0, 3.0, 4.0, 2.0, 5.0]",0.0,0,1,logreg_C0.1>hgb_d3>logreg_C1.0>logreg_C10.0>hgb_d6,logreg_C0.1,candidate_declaration_order_only_for_exact_score_ties
coil_2000,coil_2000(6.0%),8,50,MCC_best,"[""logreg_C0.1"", ""logreg_C1.0"", ""logreg_C10.0"", ""hgb_d3"", ""hgb_d6""]","[0.18337537519999303, 0.19611703777267098, 0.19342974234706764, 0.19179748878616798, 0.1635470575632055]","[4.0, 1.0, 2.0, 3.0, 5.0]",0.0,0,1,logreg_C1.0>logreg_C10.0>hgb_d3>logreg_C0.1>hgb_d6,logreg_C1.0,candidate_declaration_order_only_for_exact_score_ties
coil_2000,coil_2000(6.0%),8,50,F1_best,"[""logreg_C0.1"", ""logreg_C1.0"", ""logreg_C10.0"", ""hgb_d3"", ""hgb_d6""]","[0.23265306122448978, 0.23972602739726026, 0.2332155477031802, 0.23062381852551986, 0.21314387211367672]","[3.0, 1.0, 2.0, 4.0, 5.0]",0.0,0,1,logreg_C1.0>logreg_C10.0>logreg_C0.1>hgb_d3>hgb_d6,logreg_C1.0,candidate_declaration_order_only_for_exact_score_ties
coil_2000,coil_2000(6.0%),8,50,AUPRC,"[""logreg_C0.1"", ""logreg_C1.0"", ""logreg_C10.0"", ""hgb_d3"", ""hgb_d6""]","[0.1412930701211281, 0.14154329295548979, 0.13686282185639534, 0.12990044366943632, 0.1266814407864454]","[2.0, 1.0, 3.0, 4.0, 5.0]",0.0,0,1,logreg_C1.0>logreg_C0.1>logreg_C10.0>hgb_d3>hgb_d6,logreg_C1.0,candidate_declaration_order_only_for_exact_score_ties
coil_2000,coil_2000(6.0%),8,50,AUROC,"[""logreg_C0.1"", ""logreg_C1.0"", ""logreg_C10.0"", ""hgb_d3"", ""hgb_d6""]","[0.7335319430652102, 0.7380916005543613, 0.7308401628163297, 0.719945727890117, 0.7195001291327012]","[2.0, 1.0, 3.0, 4.0, 5.0]",0.0,0,1,logreg_C1.0>logreg_C0.1>logreg_C10.0>hgb_d3>hgb_d6,logreg_C1.0,candidate_declaration_order_only_for_exact_score_ties
coil_2000,coil_2000(6.0%),8,50,Brier_neg,"[""logreg_C0.1"", ""logreg_C1.0"", ""logreg_C10.0"", ""hgb_d3"", ""hgb_d6""]","[-0.054407541372806234, -0.05449691974312239, -0.05463508069097571, -0.055085615758225154, -0.0555791683085439]","[1.0, 2.0, 3.0, 4.0, 5.0]",0.0,0,1,logreg_C0.1>logreg_C1.0>logreg_C10.0>hgb_d3>hgb_d6,logreg_C0.1,candidate_declaration_order_only_for_exact_score_ties
coil_2000,coil_2000(6.0%),8,50,MCC_05,"[""logreg_C0.1"", ""logreg_C1.0"", ""logreg_C10.0"", ""hgb_d3"", ""hgb_d6""]","[0.0, 0.0, 0.0, 0.0, 0.0]","[3.0, 3.0, 3.0, 3.0, 3.0]",120.0,1,5,logreg_C0.1>logreg_C1.0>logreg_C10.0>hgb_d3>hgb_d6,logreg_C0.1,candidate_declaration_order_only_for_exact_score_ties
coil_2000,coil_2000(6.0%),9,51,SoftMCC,"[""logreg_C0.1"", ""logreg_C1.0"", ""logreg_C10.0"", ""hgb_d3"", ""hgb_d6""]","[0.03858672339559951, 0.03653859974966839, 0.035230293502439516, 0.049069896008376246, 0.033527107899831404]","[2.0, 3.0, 4.0, 1.0, 5.0]",0.0,0,1,hgb_d3>logreg_C0.1>logreg_C1.0>logreg_C10.0>hgb_d6,hgb_d3,candidate_declaration_order_only_for_exact_score_ties
coil_2000,coil_2000(6.0%),9,51,MCC_best,"[""logreg_C0.1"", ""logreg_C1.0"", ""logreg_C10.0"", ""hgb_d3"", ""hgb_d6""]","[0.19179397042235122, 0.18695238514885779, 0.18579116996560974, 0.1913238116281711, 0.14542684356509392]","[1.0, 3.0, 4.0, 2.0, 5.0]",0.0,0,1,logreg_C0.1>hgb_d3>logreg_C1.0>logreg_C10.0>hgb_d6,logreg_C0.1,candidate_declaration_order_only_for_exact_score_ties
coil_2000,coil_2000(6.0%),9,51,F1_best,"[""logreg_C0.1"", ""logreg_C1.0"", ""logreg_C10.0"", ""hgb_d3"", ""hgb_d6""]","[0.24285714285714285, 0.23427331887201736, 0.22911694510739858, 0.2363238512035011, 0.19622641509433963]","[1.0, 3.0, 4.0, 2.0, 5.0]",0.0,0,1,logreg_C0.1>hgb_d3>logreg_C1.0>logreg_C10.0>hgb_d6,logreg_C0.1,candidate_declaration_order_only_for_exact_score_ties
coil_2000,coil_2000(6.0%),9,51,AUPRC,"[""logreg_C0.1"", ""logreg_C1.0"", ""logreg_C10.0"", ""hgb_d3"", ""hgb_d6""]","[0.13182515447122867, 0.13409058961371148, 0.13343669283625145, 0.1722389966381338, 0.12158124592728145]","[4.0, 2.0, 3.0, 1.0, 5.0]",0.0,0,1,hgb_d3>logreg_C1.0>logreg_C10.0>logreg_C0.1>hgb_d6,hgb_d3,candidate_declaration_order_only_for_exact_score_ties
coil_2000,coil_2000(6.0%),9,51,AUROC,"[""logreg_C0.1"", ""logreg_C1.0"", ""logreg_C10.0"", ""hgb_d3"", ""hgb_d6""]","[0.7159760352057065, 0.7185100600973572, 0.7186602108041776, 0.7127895035387372, 0.6818732876331429]","[3.0, 2.0, 1.0, 4.0, 5.0]",0.0,0,1,logreg_C10.0>logreg_C1.0>logreg_C0.1>hgb_d3>hgb_d6,logreg_C10.0,candidate_declaration_order_only_for_exact_score_ties
coil_2000,coil_2000(6.0%),9,51,Brier_neg,"[""logreg_C0.1"", ""logreg_C1.0"", ""logreg_C10.0"", ""hgb_d3"", ""hgb_d6""]","[-0.05446381704034183, -0.05486207145515128, -0.055034994737134205, -0.053515425686729026, -0.055670125539490765]","[2.0, 3.0, 4.0, 1.0, 5.0]",0.0,0,1,hgb_d3>logreg_C0.1>logreg_C1.0>logreg_C10.0>hgb_d6,hgb_d3,candidate_declaration_order_only_for_exact_score_ties
coil_2000,coil_2000(6.0%),9,51,MCC_05,"[""logreg_C0.1"", ""logreg_C1.0"", ""logreg_C10.0"", ""hgb_d3"", ""hgb_d6""]","[-0.005391189452976719, -0.010789775073901673, -0.013220770997373331, 0.056118305861149395, 0.01147600170799857]","[3.0, 4.0, 5.0, 1.0, 2.0]",0.0,0,1,hgb_d3>hgb_d6>logreg_C0.1>logreg_C1.0>logreg_C10.0,hgb_d3,candidate_declaration_order_only_for_exact_score_ties
coil_2000,coil_2000(6.0%),10,52,SoftMCC,"[""logreg_C0.1"", ""logreg_C1.0"", ""logreg_C10.0"", ""hgb_d3"", ""hgb_d6""]","[0.03867674265830385, 0.03855475346200565, 0.032352102497984564, 0.02999250875255162, 0.026920760127390107]","[1.0, 2.0, 3.0, 4.0, 5.0]",0.0,0,1,logreg_C0.1>logreg_C1.0>logreg_C10.0>hgb_d3>hgb_d6,logreg_C0.1,candidate_declaration_order_only_for_exact_score_ties
coil_2000,coil_2000(6.0%),10,52,MCC_best,"[""logreg_C0.1"", ""logreg_C1.0"", ""logreg_C10.0"", ""hgb_d3"", ""hgb_d6""]","[0.14781820107064825, 0.15674709993561126, 0.14501823028449196, 0.13434284550911002, 0.1210047185478148]","[2.0, 1.0, 3.0, 4.0, 5.0]",0.0,0,1,logreg_C1.0>logreg_C0.1>logreg_C10.0>hgb_d3>hgb_d6,logreg_C1.0,candidate_declaration_order_only_for_exact_score_ties
coil_2000,coil_2000(6.0%),10,52,F1_best,"[""logreg_C0.1"", ""logreg_C1.0"", ""logreg_C10.0"", ""hgb_d3"", ""hgb_d6""]","[0.20398009950248755, 0.20333333333333334, 0.19480519480519481, 0.19047619047619047, 0.1781512605042017]","[1.0, 2.0, 3.0, 4.0, 5.0]",0.0,0,1,logreg_C0.1>logreg_C1.0>logreg_C10.0>hgb_d3>hgb_d6,logreg_C0.1,candidate_declaration_order_only_for_exact_score_ties
coil_2000,coil_2000(6.0%),10,52,AUPRC,"[""logreg_C0.1"", ""logreg_C1.0"", ""logreg_C10.0"", ""hgb_d3"", ""hgb_d6""]","[0.1315591317097516, 0.15011743094082486, 0.12829294021488497, 0.10998523198732517, 0.10717993098016226]","[2.0, 1.0, 3.0, 4.0, 5.0]",0.0,0,1,logreg_C1.0>logreg_C0.1>logreg_C10.0>hgb_d3>hgb_d6,logreg_C1.0,candidate_declaration_order_only_for_exact_score_ties
coil_2000,coil_2000(6.0%),10,52,AUROC,"[""logreg_C0.1"", ""logreg_C1.0"", ""logreg_C10.0"", ""hgb_d3"", ""hgb_d6""]","[0.6932932692307692, 0.6932377958579882, 0.6908154585798816, 0.6767270710059171, 0.6648761094674557]","[1.0, 2.0, 3.0, 4.0, 5.0]",0.0,0,1,logreg_C0.1>logreg_C1.0>logreg_C10.0>hgb_d3>hgb_d6,logreg_C0.1,candidate_declaration_order_only_for_exact_score_ties
coil_2000,coil_2000(6.0%),10,52,Brier_neg,"[""logreg_C0.1"", ""logreg_C1.0"", ""logreg_C10.0"", ""hgb_d3"", ""hgb_d6""]","[-0.05380578363827745, -0.0534892210658576, -0.053831506419150764, -0.054770684617351094, -0.054681716512640616]","[2.0, 1.0, 3.0, 5.0, 4.0]",0.0,0,1,logreg_C1.0>logreg_C0.1>logreg_C10.0>hgb_d6>hgb_d3,logreg_C1.0,candidate_declaration_order_only_for_exact_score_ties
coil_2000,coil_2000(6.0%),10,52,MCC_05,"[""logreg_C0.1"", ""logreg_C1.0"", ""logreg_C10.0"", ""hgb_d3"", ""hgb_d6""]","[0.0, 0.0, 0.0, -0.007524115817860575, 0.0]","[2.5, 2.5, 2.5, 5.0, 2.5]",60.0,1,4,logreg_C0.1>logreg_C1.0>logreg_C10.0>hgb_d6>hgb_d3,logreg_C0.1,candidate_declaration_order_only_for_exact_score_ties
coil_2000,coil_2000(6.0%),11,53,SoftMCC,"[""logreg_C0.1"", ""logreg_C1.0"", ""logreg_C10.0"", ""hgb_d3"", ""hgb_d6""]","[0.0416177624046808, 0.03721476581184539, 0.036297443900092416, 0.04357243074695029, 0.03144790237523831]","[2.0, 3.0, 4.0, 1.0, 5.0]",0.0,0,1,hgb_d3>logreg_C0.1>logreg_C1.0>logreg_C10.0>hgb_d6,hgb_d3,candidate_declaration_order_only_for_exact_score_ties
coil_2000,coil_2000(6.0%),11,53,MCC_best,"[""logreg_C0.1"", ""logreg_C1.0"", ""logreg_C10.0"", ""hgb_d3"", ""hgb_d6""]","[0.16459731126941715, 0.15176235821359055, 0.16061623991076013, 0.16429421729854962, 0.1440205567038608]","[1.0, 4.0, 3.0, 2.0, 5.0]",0.0,0,1,logreg_C0.1>hgb_d3>logreg_C10.0>logreg_C1.0>hgb_d6,logreg_C0.1,candidate_declaration_order_only_for_exact_score_ties
coil_2000,coil_2000(6.0%),11,53,F1_best,"[""logreg_C0.1"", ""logreg_C1.0"", ""logreg_C10.0"", ""hgb_d3"", ""hgb_d6""]","[0.21971830985915494, 0.20689655172413793, 0.21445221445221446, 0.2192513368983957, 0.20095693779904306]","[1.0, 4.0, 3.0, 2.0, 5.0]",0.0,0,1,logreg_C0.1>hgb_d3>logreg_C10.0>logreg_C1.0>hgb_d6,logreg_C0.1,candidate_declaration_order_only_for_exact_score_ties
coil_2000,coil_2000(6.0%),11,53,AUPRC,"[""logreg_C0.1"", ""logreg_C1.0"", ""logreg_C10.0"", ""hgb_d3"", ""hgb_d6""]","[0.12431382185463768, 0.11744520800017988, 0.11862585448438892, 0.1407480476444567, 0.11864901617868709]","[2.0, 5.0, 4.0, 1.0, 3.0]",0.0,0,1,hgb_d3>logreg_C0.1>hgb_d6>logreg_C10.0>logreg_C1.0,hgb_d3,candidate_declaration_order_only_for_exact_score_ties
coil_2000,coil_2000(6.0%),11,53,AUROC,"[""logreg_C0.1"", ""logreg_C1.0"", ""logreg_C10.0"", ""hgb_d3"", ""hgb_d6""]","[0.6843356975723895, 0.68112203860778, 0.6784513015501609, 0.6883792775665399, 0.6796779028955836]","[2.0, 3.0, 5.0, 1.0, 4.0]",0.0,0,1,hgb_d3>logreg_C0.1>logreg_C1.0>hgb_d6>logreg_C10.0,hgb_d3,candidate_declaration_order_only_for_exact_score_ties
coil_2000,coil_2000(6.0%),11,53,Brier_neg,"[""logreg_C0.1"", ""logreg_C1.0"", ""logreg_C10.0"", ""hgb_d3"", ""hgb_d6""]","[-0.05355139161212116, -0.053707050222509066, -0.053645791065137206, -0.053254589404851504, -0.05375538586345102]","[2.0, 4.0, 3.0, 1.0, 5.0]",0.0,0,1,hgb_d3>logreg_C0.1>logreg_C10.0>logreg_C1.0>hgb_d6,hgb_d3,candidate_declaration_order_only_for_exact_score_ties
coil_2000,coil_2000(6.0%),11,53,MCC_05,"[""logreg_C0.1"", ""logreg_C1.0"", ""logreg_C10.0"", ""hgb_d3"", ""hgb_d6""]","[0.0, 0.0, 0.0, 0.0, -0.00744074996721989]","[2.5, 2.5, 2.5, 2.5, 5.0]",60.0,1,4,logreg_C0.1>logreg_C1.0>logreg_C10.0>hgb_d3>hgb_d6,logreg_C0.1,candidate_declaration_order_only_for_exact_score_ties
mammography,mammography(2.3%),0,42,SoftMCC,"[""logreg_C0.1"", ""logreg_C1.0"", ""logreg_C10.0"", ""hgb_d3"", ""hgb_d6""]","[0.41654682485461264, 0.41596456127900294, 0.41528813072318915, 0.49931462561444423, 0.5039568107871643]","[3.0, 4.0, 5.0, 2.0, 1.0]",0.0,0,1,hgb_d6>hgb_d3>logreg_C0.1>logreg_C1.0>logreg_C10.0,hgb_d6,candidate_declaration_order_only_for_exact_score_ties
mammography,mammography(2.3%),0,42,MCC_best,"[""logreg_C0.1"", ""logreg_C1.0"", ""logreg_C10.0"", ""hgb_d3"", ""hgb_d6""]","[0.5776439728578522, 0.5592512605907571, 0.5592512605907571, 0.7179104680979694, 0.7361338917724556]","[3.0, 4.5, 4.5, 2.0, 1.0]",6.0,1,2,hgb_d6>hgb_d3>logreg_C0.1>logreg_C1.0>logreg_C10.0,hgb_d6,candidate_declaration_order_only_for_exact_score_ties
mammography,mammography(2.3%),0,42,F1_best,"[""logreg_C0.1"", ""logreg_C1.0"", ""logreg_C10.0"", ""hgb_d3"", ""hgb_d6""]","[0.5818181818181818, 0.5636363636363636, 0.5636363636363636, 0.7207207207207207, 0.7387387387387387]","[3.0, 4.5, 4.5, 2.0, 1.0]",6.0,1,2,hgb_d6>hgb_d3>logreg_C0.1>logreg_C1.0>logreg_C10.0,hgb_d6,candidate_declaration_order_only_for_exact_score_ties
mammography,mammography(2.3%),0,42,AUPRC,"[""logreg_C0.1"", ""logreg_C1.0"", ""logreg_C10.0"", ""hgb_d3"", ""hgb_d6""]","[0.5469788010139174, 0.5444656221392274, 0.5538955923727553, 0.7424888632024824, 0.7500641564632071]","[4.0, 5.0, 3.0, 2.0, 1.0]",0.0,0,1,hgb_d6>hgb_d3>logreg_C10.0>logreg_C0.1>logreg_C1.0,hgb_d6,candidate_declaration_order_only_for_exact_score_ties
mammography,mammography(2.3%),0,42,AUROC,"[""logreg_C0.1"", ""logreg_C1.0"", ""logreg_C10.0"", ""hgb_d3"", ""hgb_d6""]","[0.9432318370478882, 0.9078877611523838, 0.9076558194691501, 0.964246102333368, 0.9905427086603188]","[3.0, 4.0, 5.0, 2.0, 1.0]",0.0,0,1,hgb_d6>hgb_d3>logreg_C0.1>logreg_C1.0>logreg_C10.0,hgb_d6,candidate_declaration_order_only_for_exact_score_ties
mammography,mammography(2.3%),0,42,Brier_neg,"[""logreg_C0.1"", ""logreg_C1.0"", ""logreg_C10.0"", ""hgb_d3"", ""hgb_d6""]","[-0.007123531284215674, -0.007129860969181868, -0.007071870020018988, -0.004747102377894664, -0.004711603196542479]","[4.0, 5.0, 3.0, 2.0, 1.0]",0.0,0,1,hgb_d6>hgb_d3>logreg_C10.0>logreg_C0.1>logreg_C1.0,hgb_d6,candidate_declaration_order_only_for_exact_score_ties
mammography,mammography(2.3%),0,42,MCC_05,"[""logreg_C0.1"", ""logreg_C1.0"", ""logreg_C10.0"", ""hgb_d3"", ""hgb_d6""]","[0.5691307881157552, 0.5592512605907571, 0.5592512605907571, 0.6414443260367808, 0.6631336409084214]","[3.0, 4.5, 4.5, 2.0, 1.0]",6.0,1,2,hgb_d6>hgb_d3>logreg_C0.1>logreg_C1.0>logreg_C10.0,hgb_d6,candidate_declaration_order_only_for_exact_score_ties
mammography,mammography(2.3%),1,43,SoftMCC,"[""logreg_C0.1"", ""logreg_C1.0"", ""logreg_C10.0"", ""hgb_d3"", ""hgb_d6""]","[0.3789645564458458, 0.3729408239842364, 0.37239098332864834, 0.45406483807604925, 0.45458341099985666]","[3.0, 4.0, 5.0, 2.0, 1.0]",0.0,0,1,hgb_d6>hgb_d3>logreg_C0.1>logreg_C1.0>logreg_C10.0,hgb_d6,candidate_declaration_order_only_for_exact_score_ties
mammography,mammography(2.3%),1,43,MCC_best,"[""logreg_C0.1"", ""logreg_C1.0"", ""logreg_C10.0"", ""hgb_d3"", ""hgb_d6""]","[0.5325571500812158, 0.5178059033310071, 0.5072391652903849, 0.5751599155768021, 0.6104151136735971]","[3.0, 4.0, 5.0, 2.0, 1.0]",0.0,0,1,hgb_d6>hgb_d3>logreg_C0.1>logreg_C1.0>logreg_C10.0,hgb_d6,candidate_declaration_order_only_for_exact_score_ties
mammography,mammography(2.3%),1,43,F1_best,"[""logreg_C0.1"", ""logreg_C1.0"", ""logreg_C10.0"", ""hgb_d3"", ""hgb_d6""]","[0.5319148936170213, 0.5161290322580645, 0.5225225225225225, 0.5818181818181818, 0.6201550387596899]","[3.0, 5.0, 4.0, 2.0, 1.0]",0.0,0,1,hgb_d6>hgb_d3>logreg_C0.1>logreg_C10.0>logreg_C1.0,hgb_d6,candidate_declaration_order_only_for_exact_score_ties
mammography,mammography(2.3%),1,43,AUPRC,"[""logreg_C0.1"", ""logreg_C1.0"", ""logreg_C10.0"", ""hgb_d3"", ""hgb_d6""]","[0.541523540601336, 0.5399115132609458, 0.5389089833994101, 0.6671662117810742, 0.6891616993246243]","[3.0, 4.0, 5.0, 2.0, 1.0]",0.0,0,1,hgb_d6>hgb_d3>logreg_C0.1>logreg_C1.0>logreg_C10.0,hgb_d6,candidate_declaration_order_only_for_exact_score_ties
mammography,mammography(2.3%),1,43,AUROC,"[""logreg_C0.1"", ""logreg_C1.0"", ""logreg_C10.0"", ""hgb_d3"", ""hgb_d6""]","[0.9278022440536683, 0.9270477246363422, 0.9269040066520895, 0.9570642522045312, 0.9579727551764138]","[3.0, 4.0, 5.0, 2.0, 1.0]",0.0,0,1,hgb_d6>hgb_d3>logreg_C0.1>logreg_C1.0>logreg_C10.0,hgb_d6,candidate_declaration_order_only_for_exact_score_ties
mammography,mammography(2.3%),1,43,Brier_neg,"[""logreg_C0.1"", ""logreg_C1.0"", ""logreg_C10.0"", ""hgb_d3"", ""hgb_d6""]","[-0.020320461874134863, -0.02073516492667721, -0.020751094490601786, -0.017255095230699367, -0.01654070395740939]","[3.0, 4.0, 5.0, 2.0, 1.0]",0.0,0,1,hgb_d6>hgb_d3>logreg_C0.1>logreg_C1.0>logreg_C10.0,hgb_d6,candidate_declaration_order_only_for_exact_score_ties
mammography,mammography(2.3%),1,43,MCC_05,"[""logreg_C0.1"", ""logreg_C1.0"", ""logreg_C10.0"", ""hgb_d3"", ""hgb_d6""]","[0.5036423713897693, 0.49949640784784993, 0.5154584202563434, 0.5757039810803548, 0.5899745669791167]","[4.0, 5.0, 3.0, 2.0, 1.0]",0.0,0,1,hgb_d6>hgb_d3>logreg_C10.0>logreg_C0.1>logreg_C1.0,hgb_d6,candidate_declaration_order_only_for_exact_score_ties
mammography,mammography(2.3%),2,44,SoftMCC,"[""logreg_C0.1"", ""logreg_C1.0"", ""logreg_C10.0"", ""hgb_d3"", ""hgb_d6""]","[0.40521613902178827, 0.4154646114617124, 0.4135737036884437, 0.5278671320157227, 0.5288106418747631]","[5.0, 3.0, 4.0, 2.0, 1.0]",0.0,0,1,hgb_d6>hgb_d3>logreg_C1.0>logreg_C10.0>logreg_C0.1,hgb_d6,candidate_declaration_order_only_for_exact_score_ties
mammography,mammography(2.3%),2,44,MCC_best,"[""logreg_C0.1"", ""logreg_C1.0"", ""logreg_C10.0"", ""hgb_d3"", ""hgb_d6""]","[0.600286402898705, 0.6196990872496393, 0.6196990872496393, 0.721862410014113, 0.737803170489443]","[5.0, 3.5, 3.5, 2.0, 1.0]",6.0,1,2,hgb_d6>hgb_d3>logreg_C1.0>logreg_C10.0>logreg_C0.1,hgb_d6,candidate_declaration_order_only_for_exact_score_ties
mammography,mammography(2.3%),2,44,F1_best,"[""logreg_C0.1"", ""logreg_C1.0"", ""logreg_C10.0"", ""hgb_d3"", ""hgb_d6""]","[0.6126126126126126, 0.6285714285714286, 0.6285714285714286, 0.7258064516129032, 0.7454545454545455]","[5.0, 3.5, 3.5, 2.0, 1.0]",6.0,1,2,hgb_d6>hgb_d3>logreg_C1.0>logreg_C10.0>logreg_C0.1,hgb_d6,candidate_declaration_order_only_for_exact_score_ties
mammography,mammography(2.3%),2,44,AUPRC,"[""logreg_C0.1"", ""logreg_C1.0"", ""logreg_C10.0"", ""hgb_d3"", ""hgb_d6""]","[0.5841786571874696, 0.592712597913452, 0.584235237199844, 0.8028973083452411, 0.8281453607365075]","[5.0, 3.0, 4.0, 2.0, 1.0]",0.0,0,1,hgb_d6>hgb_d3>logreg_C1.0>logreg_C10.0>logreg_C0.1,hgb_d6,candidate_declaration_order_only_for_exact_score_ties
mammography,mammography(2.3%),2,44,AUROC,"[""logreg_C0.1"", ""logreg_C1.0"", ""logreg_C10.0"", ""hgb_d3"", ""hgb_d6""]","[0.9560633590999148, 0.9581421370864259, 0.9579830207467176, 0.9747620954082103, 0.9803722295792142]","[5.0, 3.0, 4.0, 2.0, 1.0]",0.0,0,1,hgb_d6>hgb_d3>logreg_C1.0>logreg_C10.0>logreg_C0.1,hgb_d6,candidate_declaration_order_only_for_exact_score_ties
mammography,mammography(2.3%),2,44,Brier_neg,"[""logreg_C0.1"", ""logreg_C1.0"", ""logreg_C10.0"", ""hgb_d3"", ""hgb_d6""]","[-0.018555478876762926, -0.018487767618357225, -0.018477199811418814, -0.012695708689243843, -0.012185531659506718]","[5.0, 4.0, 3.0, 2.0, 1.0]",0.0,0,1,hgb_d6>hgb_d3>logreg_C10.0>logreg_C1.0>logreg_C0.1,hgb_d6,candidate_declaration_order_only_for_exact_score_ties
mammography,mammography(2.3%),2,44,MCC_05,"[""logreg_C0.1"", ""logreg_C1.0"", ""logreg_C10.0"", ""hgb_d3"", ""hgb_d6""]","[0.5806489076850024, 0.5276629079532978, 0.5426533413501796, 0.711524525175705, 0.7138363624600889]","[3.0, 5.0, 4.0, 2.0, 1.0]",0.0,0,1,hgb_d6>hgb_d3>logreg_C0.1>logreg_C10.0>logreg_C1.0,hgb_d6,candidate_declaration_order_only_for_exact_score_ties
mammography,mammography(2.3%),3,45,SoftMCC,"[""logreg_C0.1"", ""logreg_C1.0"", ""logreg_C10.0"", ""hgb_d3"", ""hgb_d6""]","[0.36211935303575477, 0.3589189801957875, 0.35711267731185115, 0.500903733975327, 0.5048753180928265]","[3.0, 4.0, 5.0, 2.0, 1.0]",0.0,0,1,hgb_d6>hgb_d3>logreg_C0.1>logreg_C1.0>logreg_C10.0,hgb_d6,candidate_declaration_order_only_for_exact_score_ties
mammography,mammography(2.3%),3,45,MCC_best,"[""logreg_C0.1"", ""logreg_C1.0"", ""logreg_C10.0"", ""hgb_d3"", ""hgb_d6""]","[0.563067507855377, 0.5520642352336708, 0.5444580603337129, 0.7002457618540217, 0.6991894648271012]","[3.0, 4.0, 5.0, 1.0, 2.0]",0.0,0,1,hgb_d3>hgb_d6>logreg_C0.1>logreg_C1.0>logreg_C10.0,hgb_d3,candidate_declaration_order_only_for_exact_score_ties
mammography,mammography(2.3%),3,45,F1_best,"[""logreg_C0.1"", ""logreg_C1.0"", ""logreg_C10.0"", ""hgb_d3"", ""hgb_d6""]","[0.5765765765765766, 0.5663716814159292, 0.5585585585585585, 0.7090909090909091, 0.6909090909090909]","[3.0, 4.0, 5.0, 1.0, 2.0]",0.0,0,1,hgb_d3>hgb_d6>logreg_C0.1>logreg_C1.0>logreg_C10.0,hgb_d3,candidate_declaration_order_only_for_exact_score_ties
mammography,mammography(2.3%),3,45,AUPRC,"[""logreg_C0.1"", ""logreg_C1.0"", ""logreg_C10.0"", ""hgb_d3"", ""hgb_d6""]","[0.5774707439296811, 0.5551880024835355, 0.5594192605647305, 0.7358093767925497, 0.7345740987242928]","[3.0, 5.0, 4.0, 1.0, 2.0]",0.0,0,1,hgb_d3>hgb_d6>logreg_C0.1>logreg_C10.0>logreg_C1.0,hgb_d3,candidate_declaration_order_only_for_exact_score_ties
mammography,mammography(2.3%),3,45,AUROC,"[""logreg_C0.1"", ""logreg_C1.0"", ""logreg_C10.0"", ""hgb_d3"", ""hgb_d6""]","[0.9275507375812263, 0.9283309209243119, 0.9268218820896593, 0.9608368492911623, 0.9424460800919795]","[4.0, 3.0, 5.0, 1.0, 2.0]",0.0,0,1,hgb_d3>hgb_d6>logreg_C1.0>logreg_C0.1>logreg_C10.0,hgb_d3,candidate_declaration_order_only_for_exact_score_ties
mammography,mammography(2.3%),3,45,Brier_neg,"[""logreg_C0.1"", ""logreg_C1.0"", ""logreg_C10.0"", ""hgb_d3"", ""hgb_d6""]","[-0.01924943873169188, -0.01964106495227975, -0.01957748020685091, -0.014066475702201582, -0.013908804422945556]","[3.0, 5.0, 4.0, 2.0, 1.0]",0.0,0,1,hgb_d6>hgb_d3>logreg_C0.1>logreg_C10.0>logreg_C1.0,hgb_d6,candidate_declaration_order_only_for_exact_score_ties
mammography,mammography(2.3%),3,45,MCC_05,"[""logreg_C0.1"", ""logreg_C1.0"", ""logreg_C10.0"", ""hgb_d3"", ""hgb_d6""]","[0.5320190787659298, 0.5205444125156123, 0.5205444125156123, 0.6866567310587044, 0.6991894648271012]","[3.0, 4.5, 4.5, 2.0, 1.0]",6.0,1,2,hgb_d6>hgb_d3>logreg_C0.1>logreg_C1.0>logreg_C10.0,hgb_d6,candidate_declaration_order_only_for_exact_score_ties
mammography,mammography(2.3%),4,46,SoftMCC,"[""logreg_C0.1"", ""logreg_C1.0"", ""logreg_C10.0"", ""hgb_d3"", ""hgb_d6""]","[0.298555791738277, 0.286988707814609, 0.28699989715997537, 0.46385311933709655, 0.45207874367606865]","[3.0, 5.0, 4.0, 1.0, 2.0]",0.0,0,1,hgb_d3>hgb_d6>logreg_C0.1>logreg_C10.0>logreg_C1.0,hgb_d3,candidate_declaration_order_only_for_exact_score_ties
mammography,mammography(2.3%),4,46,MCC_best,"[""logreg_C0.1"", ""logreg_C1.0"", ""logreg_C10.0"", ""hgb_d3"", ""hgb_d6""]","[0.5185672589193451, 0.5124041500945983, 0.5124041500945983, 0.6540205400846738, 0.6204147317904048]","[3.0, 4.5, 4.5, 1.0, 2.0]",6.0,1,2,hgb_d3>hgb_d6>logreg_C0.1>logreg_C1.0>logreg_C10.0,hgb_d3,candidate_declaration_order_only_for_exact_score_ties
mammography,mammography(2.3%),4,46,F1_best,"[""logreg_C0.1"", ""logreg_C1.0"", ""logreg_C10.0"", ""hgb_d3"", ""hgb_d6""]","[0.5299145299145299, 0.5161290322580645, 0.5161290322580645, 0.64, 0.6153846153846154]","[3.0, 4.5, 4.5, 1.0, 2.0]",6.0,1,2,hgb_d3>hgb_d6>logreg_C0.1>logreg_C1.0>logreg_C10.0,hgb_d3,candidate_declaration_order_only_for_exact_score_ties
mammography,mammography(2.3%),4,46,AUPRC,"[""logreg_C0.1"", ""logreg_C1.0"", ""logreg_C10.0"", ""hgb_d3"", ""hgb_d6""]","[0.44543203409397647, 0.43010395862133516, 0.4358011955317249, 0.6633680211029355, 0.6453051017291562]","[3.0, 5.0, 4.0, 1.0, 2.0]",0.0,0,1,hgb_d3>hgb_d6>logreg_C0.1>logreg_C10.0>logreg_C1.0,hgb_d3,candidate_declaration_order_only_for_exact_score_ties
mammography,mammography(2.3%),4,46,AUROC,"[""logreg_C0.1"", ""logreg_C1.0"", ""logreg_C10.0"", ""hgb_d3"", ""hgb_d6""]","[0.8173070671607828, 0.8266785551747518, 0.827207965300417, 0.8179525759982168, 0.8315221934297418]","[5.0, 3.0, 2.0, 4.0, 1.0]",0.0,0,1,hgb_d6>logreg_C10.0>logreg_C1.0>hgb_d3>logreg_C0.1,hgb_d6,candidate_declaration_order_only_for_exact_score_ties
mammography,mammography(2.3%),4,46,Brier_neg,"[""logreg_C0.1"", ""logreg_C1.0"", ""logreg_C10.0"", ""hgb_d3"", ""hgb_d6""]","[-0.023956274617540754, -0.024389129758542242, -0.024437207138519643, -0.017983682981905273, -0.018605337046386408]","[3.0, 4.0, 5.0, 1.0, 2.0]",0.0,0,1,hgb_d3>hgb_d6>logreg_C0.1>logreg_C1.0>logreg_C10.0,hgb_d3,candidate_declaration_order_only_for_exact_score_ties
mammography,mammography(2.3%),4,46,MCC_05,"[""logreg_C0.1"", ""logreg_C1.0"", ""logreg_C10.0"", ""hgb_d3"", ""hgb_d6""]","[0.4644371365528941, 0.45814910120681235, 0.47088979368183415, 0.6618293325114958, 0.6204147317904048]","[4.0, 5.0, 3.0, 1.0, 2.0]",0.0,0,1,hgb_d3>hgb_d6>logreg_C10.0>logreg_C0.1>logreg_C1.0,hgb_d3,candidate_declaration_order_only_for_exact_score_ties
mammography,mammography(2.3%),5,47,SoftMCC,"[""logreg_C0.1"", ""logreg_C1.0"", ""logreg_C10.0"", ""hgb_d3"", ""hgb_d6""]","[0.3677896853622364, 0.36115943913456083, 0.3588050545793838, 0.48759558597602376, 0.4856043333581005]","[3.0, 4.0, 5.0, 1.0, 2.0]",0.0,0,1,hgb_d3>hgb_d6>logreg_C0.1>logreg_C1.0>logreg_C10.0,hgb_d3,candidate_declaration_order_only_for_exact_score_ties
mammography,mammography(2.3%),5,47,MCC_best,"[""logreg_C0.1"", ""logreg_C1.0"", ""logreg_C10.0"", ""hgb_d3"", ""hgb_d6""]","[0.563067507855377, 0.5631517937050307, 0.5772989938548381, 0.6765165196400894, 0.6555490540276965]","[5.0, 4.0, 3.0, 1.0, 2.0]",0.0,0,1,hgb_d3>hgb_d6>logreg_C10.0>logreg_C1.0>logreg_C0.1,hgb_d3,candidate_declaration_order_only_for_exact_score_ties
mammography,mammography(2.3%),5,47,F1_best,"[""logreg_C0.1"", ""logreg_C1.0"", ""logreg_C10.0"", ""hgb_d3"", ""hgb_d6""]","[0.5765765765765766, 0.5591397849462365, 0.574468085106383, 0.6666666666666666, 0.6666666666666666]","[3.0, 5.0, 4.0, 1.5, 1.5]",6.0,1,2,hgb_d3>hgb_d6>logreg_C0.1>logreg_C10.0>logreg_C1.0,hgb_d3,candidate_declaration_order_only_for_exact_score_ties
mammography,mammography(2.3%),5,47,AUPRC,"[""logreg_C0.1"", ""logreg_C1.0"", ""logreg_C10.0"", ""hgb_d3"", ""hgb_d6""]","[0.5556846010232708, 0.5671780909576067, 0.5558164372003627, 0.7188123039323502, 0.7083671118839714]","[5.0, 3.0, 4.0, 1.0, 2.0]",0.0,0,1,hgb_d3>hgb_d6>logreg_C1.0>logreg_C10.0>logreg_C0.1,hgb_d3,candidate_declaration_order_only_for_exact_score_ties
mammography,mammography(2.3%),5,47,AUROC,"[""logreg_C0.1"", ""logreg_C1.0"", ""logreg_C10.0"", ""hgb_d3"", ""hgb_d6""]","[0.8965487152638765, 0.8949062240152752, 0.8948908256598196, 0.9323498916982331, 0.9400798661369631]","[3.0, 4.0, 5.0, 2.0, 1.0]",0.0,0,1,hgb_d6>hgb_d3>logreg_C0.1>logreg_C1.0>logreg_C10.0,hgb_d6,candidate_declaration_order_only_for_exact_score_ties
mammography,mammography(2.3%),5,47,Brier_neg,"[""logreg_C0.1"", ""logreg_C1.0"", ""logreg_C10.0"", ""hgb_d3"", ""hgb_d6""]","[-0.019644755911232114, -0.019589804673533016, -0.01970670632285097, -0.015085546318749615, -0.015556862251600329]","[4.0, 3.0, 5.0, 1.0, 2.0]",0.0,0,1,hgb_d3>hgb_d6>logreg_C1.0>logreg_C0.1>logreg_C10.0,hgb_d3,candidate_declaration_order_only_for_exact_score_ties
mammography,mammography(2.3%),5,47,MCC_05,"[""logreg_C0.1"", ""logreg_C1.0"", ""logreg_C10.0"", ""hgb_d3"", ""hgb_d6""]","[0.5487292088828588, 0.4416750765917047, 0.4416750765917047, 0.6717861273344687, 0.6846170182369906]","[3.0, 4.5, 4.5, 2.0, 1.0]",6.0,1,2,hgb_d6>hgb_d3>logreg_C0.1>logreg_C1.0>logreg_C10.0,hgb_d6,candidate_declaration_order_only_for_exact_score_ties
mammography,mammography(2.3%),6,48,SoftMCC,"[""logreg_C0.1"", ""logreg_C1.0"", ""logreg_C10.0"", ""hgb_d3"", ""hgb_d6""]","[0.43636111490848983, 0.4188415727765501, 0.4162904574868112, 0.46736148895788754, 0.4881952994067394]","[3.0, 4.0, 5.0, 2.0, 1.0]",0.0,0,1,hgb_d6>hgb_d3>logreg_C0.1>logreg_C1.0>logreg_C10.0,hgb_d6,candidate_declaration_order_only_for_exact_score_ties
mammography,mammography(2.3%),6,48,MCC_best,"[""logreg_C0.1"", ""logreg_C1.0"", ""logreg_C10.0"", ""hgb_d3"", ""hgb_d6""]","[0.5858661109891323, 0.5571006189258377, 0.5549735654286659, 0.6003375522220705, 0.6189446160653286]","[3.0, 4.0, 5.0, 2.0, 1.0]",0.0,0,1,hgb_d6>hgb_d3>logreg_C0.1>logreg_C1.0>logreg_C10.0,hgb_d6,candidate_declaration_order_only_for_exact_score_ties
mammography,mammography(2.3%),6,48,F1_best,"[""logreg_C0.1"", ""logreg_C1.0"", ""logreg_C10.0"", ""hgb_d3"", ""hgb_d6""]","[0.5806451612903226, 0.5714285714285714, 0.5641025641025641, 0.6126126126126126, 0.6306306306306306]","[3.0, 4.0, 5.0, 2.0, 1.0]",0.0,0,1,hgb_d6>hgb_d3>logreg_C0.1>logreg_C1.0>logreg_C10.0,hgb_d6,candidate_declaration_order_only_for_exact_score_ties
mammography,mammography(2.3%),6,48,AUPRC,"[""logreg_C0.1"", ""logreg_C1.0"", ""logreg_C10.0"", ""hgb_d3"", ""hgb_d6""]","[0.5887485498613336, 0.558546088271437, 0.5461773067412405, 0.6397978783686303, 0.6458500750803746]","[3.0, 4.0, 5.0, 2.0, 1.0]",0.0,0,1,hgb_d6>hgb_d3>logreg_C0.1>logreg_C1.0>logreg_C10.0,hgb_d6,candidate_declaration_order_only_for_exact_score_ties
mammography,mammography(2.3%),6,48,AUROC,"[""logreg_C0.1"", ""logreg_C1.0"", ""logreg_C10.0"", ""hgb_d3"", ""hgb_d6""]","[0.9234091931460352, 0.9226066331329488, 0.920899276162434, 0.9591256696519854, 0.9559256532940743]","[3.0, 4.0, 5.0, 1.0, 2.0]",0.0,0,1,hgb_d3>hgb_d6>logreg_C0.1>logreg_C1.0>logreg_C10.0,hgb_d3,candidate_declaration_order_only_for_exact_score_ties
mammography,mammography(2.3%),6,48,Brier_neg,"[""logreg_C0.1"", ""logreg_C1.0"", ""logreg_C10.0"", ""hgb_d3"", ""hgb_d6""]","[-0.01915372360775059, -0.01968298495044491, -0.019965495087571825, -0.017501027273279526, -0.017401590502414764]","[3.0, 4.0, 5.0, 2.0, 1.0]",0.0,0,1,hgb_d6>hgb_d3>logreg_C0.1>logreg_C1.0>logreg_C10.0,hgb_d6,candidate_declaration_order_only_for_exact_score_ties
mammography,mammography(2.3%),6,48,MCC_05,"[""logreg_C0.1"", ""logreg_C1.0"", ""logreg_C10.0"", ""hgb_d3"", ""hgb_d6""]","[0.5752054944345106, 0.5752054944345106, 0.5612661292673751, 0.5549735654286659, 0.5549735654286659]","[1.5, 1.5, 3.0, 4.5, 4.5]",12.0,2,2,logreg_C0.1>logreg_C1.0>logreg_C10.0>hgb_d3>hgb_d6,logreg_C0.1,candidate_declaration_order_only_for_exact_score_ties
mammography,mammography(2.3%),7,49,SoftMCC,"[""logreg_C0.1"", ""logreg_C1.0"", ""logreg_C10.0"", ""hgb_d3"", ""hgb_d6""]","[0.3208286028148391, 0.3152175775596731, 0.3147568309449712, 0.4859157974422195, 0.4986429660674948]","[3.0, 4.0, 5.0, 2.0, 1.0]",0.0,0,1,hgb_d6>hgb_d3>logreg_C0.1>logreg_C1.0>logreg_C10.0,hgb_d6,candidate_declaration_order_only_for_exact_score_ties
mammography,mammography(2.3%),7,49,MCC_best,"[""logreg_C0.1"", ""logreg_C1.0"", ""logreg_C10.0"", ""hgb_d3"", ""hgb_d6""]","[0.46526850288890836, 0.48080190088682634, 0.47711889241631106, 0.6541644427224993, 0.6561147454636971]","[5.0, 3.0, 4.0, 2.0, 1.0]",0.0,0,1,hgb_d6>hgb_d3>logreg_C1.0>logreg_C10.0>logreg_C0.1,hgb_d6,candidate_declaration_order_only_for_exact_score_ties
mammography,mammography(2.3%),7,49,F1_best,"[""logreg_C0.1"", ""logreg_C1.0"", ""logreg_C10.0"", ""hgb_d3"", ""hgb_d6""]","[0.48214285714285715, 0.49612403100775193, 0.49230769230769234, 0.6615384615384615, 0.6666666666666666]","[5.0, 3.0, 4.0, 2.0, 1.0]",0.0,0,1,hgb_d6>hgb_d3>logreg_C1.0>logreg_C10.0>logreg_C0.1,hgb_d6,candidate_declaration_order_only_for_exact_score_ties
mammography,mammography(2.3%),7,49,AUPRC,"[""logreg_C0.1"", ""logreg_C1.0"", ""logreg_C10.0"", ""hgb_d3"", ""hgb_d6""]","[0.35853151666759864, 0.36985004585831016, 0.36971694314006087, 0.6291108255507764, 0.6473151160007274]","[5.0, 3.0, 4.0, 2.0, 1.0]",0.0,0,1,hgb_d6>hgb_d3>logreg_C1.0>logreg_C10.0>logreg_C0.1,hgb_d6,candidate_declaration_order_only_for_exact_score_ties
mammography,mammography(2.3%),7,49,AUROC,"[""logreg_C0.1"", ""logreg_C1.0"", ""logreg_C10.0"", ""hgb_d3"", ""hgb_d6""]","[0.8945931241210104, 0.8937256834303429, 0.8936692227936723, 0.921576175664439, 0.9271041852730129]","[3.0, 4.0, 5.0, 2.0, 1.0]",0.0,0,1,hgb_d6>hgb_d3>logreg_C0.1>logreg_C1.0>logreg_C10.0,hgb_d6,candidate_declaration_order_only_for_exact_score_ties
mammography,mammography(2.3%),7,49,Brier_neg,"[""logreg_C0.1"", ""logreg_C1.0"", ""logreg_C10.0"", ""hgb_d3"", ""hgb_d6""]","[-0.024896313240287054, -0.024544186786481192, -0.024523870063177553, -0.017021955204530672, -0.01645480785585746]","[5.0, 4.0, 3.0, 2.0, 1.0]",0.0,0,1,hgb_d6>hgb_d3>logreg_C10.0>logreg_C1.0>logreg_C0.1,hgb_d6,candidate_declaration_order_only_for_exact_score_ties
mammography,mammography(2.3%),7,49,MCC_05,"[""logreg_C0.1"", ""logreg_C1.0"", ""logreg_C10.0"", ""hgb_d3"", ""hgb_d6""]","[0.4337896070696541, 0.40756022513565543, 0.40756022513565543, 0.6182286236377177, 0.5997245176438832]","[3.0, 4.5, 4.5, 1.0, 2.0]",6.0,1,2,hgb_d3>hgb_d6>logreg_C0.1>logreg_C1.0>logreg_C10.0,hgb_d3,candidate_declaration_order_only_for_exact_score_ties
mammography,mammography(2.3%),8,50,SoftMCC,"[""logreg_C0.1"", ""logreg_C1.0"", ""logreg_C10.0"", ""hgb_d3"", ""hgb_d6""]","[0.23066856089580742, 0.2121596392202456, 0.21438539346738877, -0.00848744954571511, -0.008713020608818189]","[1.0, 3.0, 2.0, 4.0, 5.0]",0.0,0,1,logreg_C0.1>logreg_C10.0>logreg_C1.0>hgb_d3>hgb_d6,logreg_C0.1,candidate_declaration_order_only_for_exact_score_ties
mammography,mammography(2.3%),8,50,MCC_best,"[""logreg_C0.1"", ""logreg_C1.0"", ""logreg_C10.0"", ""hgb_d3"", ""hgb_d6""]","[0.6079140228595107, 0.590350049471463, 0.5776475941595388, 0.059287754308740205, 0.05778733532107389]","[1.0, 2.0, 3.0, 4.0, 5.0]",0.0,0,1,logreg_C0.1>logreg_C1.0>logreg_C10.0>hgb_d3>hgb_d6,logreg_C0.1,candidate_declaration_order_only_for_exact_score_ties
mammography,mammography(2.3%),8,50,F1_best,"[""logreg_C0.1"", ""logreg_C1.0"", ""logreg_C10.0"", ""hgb_d3"", ""hgb_d6""]","[0.6111111111111112, 0.5945945945945946, 0.5818181818181818, 0.02984264785675529, 0.029801324503311258]","[1.0, 2.0, 3.0, 4.0, 5.0]",0.0,0,1,logreg_C0.1>logreg_C1.0>logreg_C10.0>hgb_d3>hgb_d6,logreg_C0.1,candidate_declaration_order_only_for_exact_score_ties
mammography,mammography(2.3%),8,50,AUPRC,"[""logreg_C0.1"", ""logreg_C1.0"", ""logreg_C10.0"", ""hgb_d3"", ""hgb_d6""]","[0.6220202239408921, 0.6302348184779492, 0.6259470774915982, 0.2534369257515634, 0.2511626065674643]","[3.0, 1.0, 2.0, 4.0, 5.0]",0.0,0,1,logreg_C1.0>logreg_C10.0>logreg_C0.1>hgb_d3>hgb_d6,logreg_C1.0,candidate_declaration_order_only_for_exact_score_ties
mammography,mammography(2.3%),8,50,AUROC,"[""logreg_C0.1"", ""logreg_C1.0"", ""logreg_C10.0"", ""hgb_d3"", ""hgb_d6""]","[0.8800228620817041, 0.8744014386383121, 0.8744014386383122, 0.5046856812273035, 0.48844523904118664]","[1.0, 3.0, 2.0, 4.0, 5.0]",0.0,0,1,logreg_C0.1>logreg_C10.0>logreg_C1.0>hgb_d3>hgb_d6,logreg_C0.1,candidate_declaration_order_only_for_exact_score_ties
mammography,mammography(2.3%),8,50,Brier_neg,"[""logreg_C0.1"", ""logreg_C1.0"", ""logreg_C10.0"", ""hgb_d3"", ""hgb_d6""]","[-0.0071571282784991625, -0.007655939883679383, -0.007706541507340557, -0.4415656112926398, -0.4710355765596913]","[1.0, 2.0, 3.0, 4.0, 5.0]",0.0,0,1,logreg_C0.1>logreg_C1.0>logreg_C10.0>hgb_d3>hgb_d6,logreg_C0.1,candidate_declaration_order_only_for_exact_score_ties
mammography,mammography(2.3%),8,50,MCC_05,"[""logreg_C0.1"", ""logreg_C1.0"", ""logreg_C10.0"", ""hgb_d3"", ""hgb_d6""]","[0.6011542130568855, 0.5820667149950286, 0.5820667149950286, -0.04932305456197445, -0.03800732096458042]","[1.0, 2.5, 2.5, 5.0, 4.0]",6.0,1,2,logreg_C0.1>logreg_C1.0>logreg_C10.0>hgb_d6>hgb_d3,logreg_C0.1,candidate_declaration_order_only_for_exact_score_ties
mammography,mammography(2.3%),9,51,SoftMCC,"[""logreg_C0.1"", ""logreg_C1.0"", ""logreg_C10.0"", ""hgb_d3"", ""hgb_d6""]","[0.36989675661740146, 0.369116664432266, 0.3692338434080346, 0.4571720735872666, 0.4354224942630764]","[3.0, 5.0, 4.0, 1.0, 2.0]",0.0,0,1,hgb_d3>hgb_d6>logreg_C0.1>logreg_C10.0>logreg_C1.0,hgb_d3,candidate_declaration_order_only_for_exact_score_ties
mammography,mammography(2.3%),9,51,MCC_best,"[""logreg_C0.1"", ""logreg_C1.0"", ""logreg_C10.0"", ""hgb_d3"", ""hgb_d6""]","[0.618251963300847, 0.6003156822255166, 0.6132892588690827, 0.7236873131565976, 0.6561399313344355]","[3.0, 5.0, 4.0, 1.0, 2.0]",0.0,0,1,hgb_d3>hgb_d6>logreg_C0.1>logreg_C10.0>logreg_C1.0,hgb_d3,candidate_declaration_order_only_for_exact_score_ties
mammography,mammography(2.3%),9,51,F1_best,"[""logreg_C0.1"", ""logreg_C1.0"", ""logreg_C10.0"", ""hgb_d3"", ""hgb_d6""]","[0.6185567010309279, 0.6126126126126126, 0.6126126126126126, 0.7157894736842105, 0.6666666666666666]","[3.0, 4.5, 4.5, 1.0, 2.0]",6.0,1,2,hgb_d3>hgb_d6>logreg_C0.1>logreg_C1.0>logreg_C10.0,hgb_d3,candidate_declaration_order_only_for_exact_score_ties
mammography,mammography(2.3%),9,51,AUPRC,"[""logreg_C0.1"", ""logreg_C1.0"", ""logreg_C10.0"", ""hgb_d3"", ""hgb_d6""]","[0.5850935600365068, 0.5769775072723614, 0.5758264804207671, 0.7395194540420202, 0.7054290594001967]","[3.0, 4.0, 5.0, 1.0, 2.0]",0.0,0,1,hgb_d3>hgb_d6>logreg_C0.1>logreg_C1.0>logreg_C10.0,hgb_d3,candidate_declaration_order_only_for_exact_score_ties
mammography,mammography(2.3%),9,51,AUROC,"[""logreg_C0.1"", ""logreg_C1.0"", ""logreg_C10.0"", ""hgb_d3"", ""hgb_d6""]","[0.9188711709220512, 0.9168740590530614, 0.9151022623692915, 0.9501182904722401, 0.9472404010610296]","[3.0, 4.0, 5.0, 1.0, 2.0]",0.0,0,1,hgb_d3>hgb_d6>logreg_C0.1>logreg_C1.0>logreg_C10.0,hgb_d3,candidate_declaration_order_only_for_exact_score_ties
mammography,mammography(2.3%),9,51,Brier_neg,"[""logreg_C0.1"", ""logreg_C1.0"", ""logreg_C10.0"", ""hgb_d3"", ""hgb_d6""]","[-0.0188694502929076, -0.01902548754002755, -0.019136168242997898, -0.015219088362915918, -0.016463597367492786]","[3.0, 4.0, 5.0, 1.0, 2.0]",0.0,0,1,hgb_d3>hgb_d6>logreg_C0.1>logreg_C1.0>logreg_C10.0,hgb_d3,candidate_declaration_order_only_for_exact_score_ties
mammography,mammography(2.3%),9,51,MCC_05,"[""logreg_C0.1"", ""logreg_C1.0"", ""logreg_C10.0"", ""hgb_d3"", ""hgb_d6""]","[0.49344581976265, 0.49344581976265, 0.49344581976265, 0.6318959470575435, 0.5924260941148125]","[4.0, 4.0, 4.0, 1.0, 2.0]",24.0,1,3,hgb_d3>hgb_d6>logreg_C0.1>logreg_C1.0>logreg_C10.0,hgb_d3,candidate_declaration_order_only_for_exact_score_ties
mammography,mammography(2.3%),10,52,SoftMCC,"[""logreg_C0.1"", ""logreg_C1.0"", ""logreg_C10.0"", ""hgb_d3"", ""hgb_d6""]","[0.32673131483901985, 0.3189590420006674, 0.32085163073819567, 0.4798128641201782, 0.49518413592114874]","[3.0, 5.0, 4.0, 2.0, 1.0]",0.0,0,1,hgb_d6>hgb_d3>logreg_C0.1>logreg_C10.0>logreg_C1.0,hgb_d6,candidate_declaration_order_only_for_exact_score_ties
mammography,mammography(2.3%),10,52,MCC_best,"[""logreg_C0.1"", ""logreg_C1.0"", ""logreg_C10.0"", ""hgb_d3"", ""hgb_d6""]","[0.5171806596857947, 0.5334911949824198, 0.5334911949824198, 0.6814670575363109, 0.6561147454636971]","[5.0, 3.5, 3.5, 1.0, 2.0]",6.0,1,2,hgb_d3>hgb_d6>logreg_C1.0>logreg_C10.0>logreg_C0.1,hgb_d3,candidate_declaration_order_only_for_exact_score_ties
mammography,mammography(2.3%),10,52,F1_best,"[""logreg_C0.1"", ""logreg_C1.0"", ""logreg_C10.0"", ""hgb_d3"", ""hgb_d6""]","[0.53125, 0.546875, 0.546875, 0.6909090909090909, 0.6666666666666666]","[5.0, 3.5, 3.5, 1.0, 2.0]",6.0,1,2,hgb_d3>hgb_d6>logreg_C1.0>logreg_C10.0>logreg_C0.1,hgb_d3,candidate_declaration_order_only_for_exact_score_ties
mammography,mammography(2.3%),10,52,AUPRC,"[""logreg_C0.1"", ""logreg_C1.0"", ""logreg_C10.0"", ""hgb_d3"", ""hgb_d6""]","[0.46447239967634296, 0.46283945427484263, 0.4661474446988015, 0.7570581674592012, 0.7566710701522263]","[4.0, 5.0, 3.0, 1.0, 2.0]",0.0,0,1,hgb_d3>hgb_d6>logreg_C10.0>logreg_C0.1>logreg_C1.0,hgb_d3,candidate_declaration_order_only_for_exact_score_ties
mammography,mammography(2.3%),10,52,AUROC,"[""logreg_C0.1"", ""logreg_C1.0"", ""logreg_C10.0"", ""hgb_d3"", ""hgb_d6""]","[0.9357837249648404, 0.9368718754170388, 0.9389506534035498, 0.9721751716916633, 0.9751316559391457]","[5.0, 4.0, 3.0, 2.0, 1.0]",0.0,0,1,hgb_d6>hgb_d3>logreg_C10.0>logreg_C1.0>logreg_C0.1,hgb_d6,candidate_declaration_order_only_for_exact_score_ties
mammography,mammography(2.3%),10,52,Brier_neg,"[""logreg_C0.1"", ""logreg_C1.0"", ""logreg_C10.0"", ""hgb_d3"", ""hgb_d6""]","[-0.021593467424853963, -0.021792344694102364, -0.02174106888419381, -0.014633532544883884, -0.014551809014572602]","[3.0, 5.0, 4.0, 2.0, 1.0]",0.0,0,1,hgb_d6>hgb_d3>logreg_C0.1>logreg_C10.0>logreg_C1.0,hgb_d6,candidate_declaration_order_only_for_exact_score_ties
mammography,mammography(2.3%),10,52,MCC_05,"[""logreg_C0.1"", ""logreg_C1.0"", ""logreg_C10.0"", ""hgb_d3"", ""hgb_d6""]","[0.45677752743229505, 0.4640649371802371, 0.4716715029067742, 0.6717861273344687, 0.6609564054225221]","[5.0, 4.0, 3.0, 1.0, 2.0]",0.0,0,1,hgb_d3>hgb_d6>logreg_C10.0>logreg_C1.0>logreg_C0.1,hgb_d3,candidate_declaration_order_only_for_exact_score_ties
mammography,mammography(2.3%),11,53,SoftMCC,"[""logreg_C0.1"", ""logreg_C1.0"", ""logreg_C10.0"", ""hgb_d3"", ""hgb_d6""]","[0.32449479860754515, 0.33103480612794695, 0.331719442734375, 0.4235074956837857, 0.4239105379615938]","[5.0, 4.0, 3.0, 2.0, 1.0]",0.0,0,1,hgb_d6>hgb_d3>logreg_C10.0>logreg_C1.0>logreg_C0.1,hgb_d6,candidate_declaration_order_only_for_exact_score_ties
mammography,mammography(2.3%),11,53,MCC_best,"[""logreg_C0.1"", ""logreg_C1.0"", ""logreg_C10.0"", ""hgb_d3"", ""hgb_d6""]","[0.4713252949057579, 0.4862537596735707, 0.503893062188863, 0.5775187261218875, 0.5546133040517723]","[5.0, 4.0, 3.0, 1.0, 2.0]",0.0,0,1,hgb_d3>hgb_d6>logreg_C10.0>logreg_C1.0>logreg_C0.1,hgb_d3,candidate_declaration_order_only_for_exact_score_ties
mammography,mammography(2.3%),11,53,F1_best,"[""logreg_C0.1"", ""logreg_C1.0"", ""logreg_C10.0"", ""hgb_d3"", ""hgb_d6""]","[0.47368421052631576, 0.47904191616766467, 0.49696969696969695, 0.5789473684210527, 0.5454545454545454]","[5.0, 4.0, 3.0, 1.0, 2.0]",0.0,0,1,hgb_d3>hgb_d6>logreg_C10.0>logreg_C1.0>logreg_C0.1,hgb_d3,candidate_declaration_order_only_for_exact_score_ties
mammography,mammography(2.3%),11,53,AUPRC,"[""logreg_C0.1"", ""logreg_C1.0"", ""logreg_C10.0"", ""hgb_d3"", ""hgb_d6""]","[0.440198784974334, 0.4435354129055259, 0.448085848262404, 0.5837504915627416, 0.5808068212661888]","[5.0, 4.0, 3.0, 1.0, 2.0]",0.0,0,1,hgb_d3>hgb_d6>logreg_C10.0>logreg_C1.0>logreg_C0.1,hgb_d3,candidate_declaration_order_only_for_exact_score_ties
mammography,mammography(2.3%),11,53,AUROC,"[""logreg_C0.1"", ""logreg_C1.0"", ""logreg_C10.0"", ""hgb_d3"", ""hgb_d6""]","[0.8704597277019293, 0.8667461421286178, 0.8659608488736246, 0.888761160467896, 0.8916184925523292]","[3.0, 4.0, 5.0, 2.0, 1.0]",0.0,0,1,hgb_d6>hgb_d3>logreg_C0.1>logreg_C1.0>logreg_C10.0,hgb_d6,candidate_declaration_order_only_for_exact_score_ties
mammography,mammography(2.3%),11,53,Brier_neg,"[""logreg_C0.1"", ""logreg_C1.0"", ""logreg_C10.0"", ""hgb_d3"", ""hgb_d6""]","[-0.009080239143534466, -0.008895934815495478, -0.008854778604702651, -0.007100415208559813, -0.007171431988590081]","[5.0, 4.0, 3.0, 1.0, 2.0]",0.0,0,1,hgb_d3>hgb_d6>logreg_C10.0>logreg_C1.0>logreg_C0.1,hgb_d3,candidate_declaration_order_only_for_exact_score_ties
mammography,mammography(2.3%),11,53,MCC_05,"[""logreg_C0.1"", ""logreg_C1.0"", ""logreg_C10.0"", ""hgb_d3"", ""hgb_d6""]","[0.43104332084036356, 0.46508239134114643, 0.471537399256082, 0.5531418819965972, 0.5580075735957062]","[5.0, 4.0, 3.0, 2.0, 1.0]",0.0,0,1,hgb_d6>hgb_d3>logreg_C10.0>logreg_C1.0>logreg_C0.1,hgb_d6,candidate_declaration_order_only_for_exact_score_ties
ozone_level,ozone_level(2.9%),0,42,SoftMCC,"[""logreg_C0.1"", ""logreg_C1.0"", ""logreg_C10.0"", ""hgb_d3"", ""hgb_d6""]","[0.11728813199249877, 0.09163573512403246, 0.08849068906597304, 0.13778537103506527, 0.13660728616823198]","[3.0, 4.0, 5.0, 1.0, 2.0]",0.0,0,1,hgb_d3>hgb_d6>logreg_C0.1>logreg_C1.0>logreg_C10.0,hgb_d3,candidate_declaration_order_only_for_exact_score_ties
ozone_level,ozone_level(2.9%),0,42,MCC_best,"[""logreg_C0.1"", ""logreg_C1.0"", ""logreg_C10.0"", ""hgb_d3"", ""hgb_d6""]","[0.3357730000653128, 0.35896724342231584, 0.35403674361810705, 0.3730779361460303, 0.39033383938823984]","[5.0, 3.0, 4.0, 2.0, 1.0]",0.0,0,1,hgb_d6>hgb_d3>logreg_C1.0>logreg_C10.0>logreg_C0.1,hgb_d6,candidate_declaration_order_only_for_exact_score_ties
ozone_level,ozone_level(2.9%),0,42,F1_best,"[""logreg_C0.1"", ""logreg_C1.0"", ""logreg_C10.0"", ""hgb_d3"", ""hgb_d6""]","[0.34782608695652173, 0.3783783783783784, 0.36, 0.3492063492063492, 0.3793103448275862]","[5.0, 2.0, 3.0, 4.0, 1.0]",0.0,0,1,hgb_d6>logreg_C1.0>logreg_C10.0>hgb_d3>logreg_C0.1,hgb_d6,candidate_declaration_order_only_for_exact_score_ties
ozone_level,ozone_level(2.9%),0,42,AUPRC,"[""logreg_C0.1"", ""logreg_C1.0"", ""logreg_C10.0"", ""hgb_d3"", ""hgb_d6""]","[0.23150596344775579, 0.23526268241186016, 0.21883414004667157, 0.3322309543218686, 0.28319564032089267]","[4.0, 3.0, 5.0, 1.0, 2.0]",0.0,0,1,hgb_d3>hgb_d6>logreg_C1.0>logreg_C0.1>logreg_C10.0,hgb_d3,candidate_declaration_order_only_for_exact_score_ties
ozone_level,ozone_level(2.9%),0,42,AUROC,"[""logreg_C0.1"", ""logreg_C1.0"", ""logreg_C10.0"", ""hgb_d3"", ""hgb_d6""]","[0.8695052028031428, 0.8460394988320238, 0.8187513272456997, 0.9117116160543639, 0.925302612019537]","[3.0, 4.0, 5.0, 2.0, 1.0]",0.0,0,1,hgb_d6>hgb_d3>logreg_C0.1>logreg_C1.0>logreg_C10.0,hgb_d6,candidate_declaration_order_only_for_exact_score_ties
ozone_level,ozone_level(2.9%),0,42,Brier_neg,"[""logreg_C0.1"", ""logreg_C1.0"", ""logreg_C10.0"", ""hgb_d3"", ""hgb_d6""]","[-0.025196817577783154, -0.025837930924188204, -0.026110054842042187, -0.024342668472911475, -0.024590798177519815]","[3.0, 4.0, 5.0, 1.0, 2.0]",0.0,0,1,hgb_d3>hgb_d6>logreg_C0.1>logreg_C1.0>logreg_C10.0,hgb_d3,candidate_declaration_order_only_for_exact_score_ties
ozone_level,ozone_level(2.9%),0,42,MCC_05,"[""logreg_C0.1"", ""logreg_C1.0"", ""logreg_C10.0"", ""hgb_d3"", ""hgb_d6""]","[0.0, 0.0, 0.0, 0.0, 0.0]","[3.0, 3.0, 3.0, 3.0, 3.0]",120.0,1,5,logreg_C0.1>logreg_C1.0>logreg_C10.0>hgb_d3>hgb_d6,logreg_C0.1,candidate_declaration_order_only_for_exact_score_ties
ozone_level,ozone_level(2.9%),1,43,SoftMCC,"[""logreg_C0.1"", ""logreg_C1.0"", ""logreg_C10.0"", ""hgb_d3"", ""hgb_d6""]","[0.12304236946219634, 0.09321500245915819, 0.07550049661002287, 0.14153989904686232, 0.1370870007388367]","[3.0, 4.0, 5.0, 1.0, 2.0]",0.0,0,1,hgb_d3>hgb_d6>logreg_C0.1>logreg_C1.0>logreg_C10.0,hgb_d3,candidate_declaration_order_only_for_exact_score_ties
ozone_level,ozone_level(2.9%),1,43,MCC_best,"[""logreg_C0.1"", ""logreg_C1.0"", ""logreg_C10.0"", ""hgb_d3"", ""hgb_d6""]","[0.4560174882029245, 0.466780249001038, 0.4143347125435664, 0.35896642353977165, 0.3833813081825727]","[2.0, 1.0, 3.0, 5.0, 4.0]",0.0,0,1,logreg_C1.0>logreg_C0.1>logreg_C10.0>hgb_d6>hgb_d3,logreg_C1.0,candidate_declaration_order_only_for_exact_score_ties
ozone_level,ozone_level(2.9%),1,43,F1_best,"[""logreg_C0.1"", ""logreg_C1.0"", ""logreg_C10.0"", ""hgb_d3"", ""hgb_d6""]","[0.47058823529411764, 0.46808510638297873, 0.4074074074074074, 0.35, 0.4]","[1.0, 2.0, 3.0, 5.0, 4.0]",0.0,0,1,logreg_C0.1>logreg_C1.0>logreg_C10.0>hgb_d6>hgb_d3,logreg_C0.1,candidate_declaration_order_only_for_exact_score_ties
ozone_level,ozone_level(2.9%),1,43,AUPRC,"[""logreg_C0.1"", ""logreg_C1.0"", ""logreg_C10.0"", ""hgb_d3"", ""hgb_d6""]","[0.34728983204637076, 0.31069935517647007, 0.30434517857391813, 0.25675029962963, 0.25452562969559595]","[1.0, 2.0, 3.0, 4.0, 5.0]",0.0,0,1,logreg_C0.1>logreg_C1.0>logreg_C10.0>hgb_d3>hgb_d6,logreg_C0.1,candidate_declaration_order_only_for_exact_score_ties
ozone_level,ozone_level(2.9%),1,43,AUROC,"[""logreg_C0.1"", ""logreg_C1.0"", ""logreg_C10.0"", ""hgb_d3"", ""hgb_d6""]","[0.9299745168825654, 0.9015183690804841, 0.8920152898704609, 0.9073051603312806, 0.9069335315353578]","[1.0, 4.0, 5.0, 2.0, 3.0]",0.0,0,1,logreg_C0.1>hgb_d3>hgb_d6>logreg_C1.0>logreg_C10.0,logreg_C0.1,candidate_declaration_order_only_for_exact_score_ties
ozone_level,ozone_level(2.9%),1,43,Brier_neg,"[""logreg_C0.1"", ""logreg_C1.0"", ""logreg_C10.0"", ""hgb_d3"", ""hgb_d6""]","[-0.02399536830376196, -0.02514641455611551, -0.025781793892847384, -0.024860585768989637, -0.024965561602591106]","[1.0, 4.0, 5.0, 2.0, 3.0]",0.0,0,1,logreg_C0.1>hgb_d3>hgb_d6>logreg_C1.0>logreg_C10.0,logreg_C0.1,candidate_declaration_order_only_for_exact_score_ties
ozone_level,ozone_level(2.9%),1,43,MCC_05,"[""logreg_C0.1"", ""logreg_C1.0"", ""logreg_C10.0"", ""hgb_d3"", ""hgb_d6""]","[0.0, 0.0, 0.0, 0.16403019893926726, -0.007337230293631569]","[3.0, 3.0, 3.0, 1.0, 5.0]",24.0,1,3,hgb_d3>logreg_C0.1>logreg_C1.0>logreg_C10.0>hgb_d6,hgb_d3,candidate_declaration_order_only_for_exact_score_ties
ozone_level,ozone_level(2.9%),2,44,SoftMCC,"[""logreg_C0.1"", ""logreg_C1.0"", ""logreg_C10.0"", ""hgb_d3"", ""hgb_d6""]","[0.14176393471869705, 0.11348601063418955, 0.11628105677249843, 0.1291680166260201, 0.13271374908387046]","[1.0, 5.0, 4.0, 3.0, 2.0]",0.0,0,1,logreg_C0.1>hgb_d6>hgb_d3>logreg_C10.0>logreg_C1.0,logreg_C0.1,candidate_declaration_order_only_for_exact_score_ties
ozone_level,ozone_level(2.9%),2,44,MCC_best,"[""logreg_C0.1"", ""logreg_C1.0"", ""logreg_C10.0"", ""hgb_d3"", ""hgb_d6""]","[0.37441098122089844, 0.35716176088178936, 0.3453747673939673, 0.514971331492886, 0.40536819025105614]","[3.0, 4.0, 5.0, 1.0, 2.0]",0.0,0,1,hgb_d3>hgb_d6>logreg_C0.1>logreg_C1.0>logreg_C10.0,hgb_d3,candidate_declaration_order_only_for_exact_score_ties
ozone_level,ozone_level(2.9%),2,44,F1_best,"[""logreg_C0.1"", ""logreg_C1.0"", ""logreg_C10.0"", ""hgb_d3"", ""hgb_d6""]","[0.3902439024390244, 0.37209302325581395, 0.35555555555555557, 0.5294117647058824, 0.41379310344827586]","[3.0, 4.0, 5.0, 1.0, 2.0]",0.0,0,1,hgb_d3>hgb_d6>logreg_C0.1>logreg_C1.0>logreg_C10.0,hgb_d3,candidate_declaration_order_only_for_exact_score_ties
ozone_level,ozone_level(2.9%),2,44,AUPRC,"[""logreg_C0.1"", ""logreg_C1.0"", ""logreg_C10.0"", ""hgb_d3"", ""hgb_d6""]","[0.32200734507244144, 0.21493523122226232, 0.215075821577478, 0.3936666567165475, 0.3631870733821708]","[3.0, 5.0, 4.0, 1.0, 2.0]",0.0,0,1,hgb_d3>hgb_d6>logreg_C0.1>logreg_C10.0>logreg_C1.0,hgb_d3,candidate_declaration_order_only_for_exact_score_ties
ozone_level,ozone_level(2.9%),2,44,AUROC,"[""logreg_C0.1"", ""logreg_C1.0"", ""logreg_C10.0"", ""hgb_d3"", ""hgb_d6""]","[0.8700361010830325, 0.8302718199193035, 0.8463049479719686, 0.9096411127627946, 0.9127734126141431]","[3.0, 5.0, 4.0, 2.0, 1.0]",0.0,0,1,hgb_d6>hgb_d3>logreg_C0.1>logreg_C10.0>logreg_C1.0,hgb_d6,candidate_declaration_order_only_for_exact_score_ties
ozone_level,ozone_level(2.9%),2,44,Brier_neg,"[""logreg_C0.1"", ""logreg_C1.0"", ""logreg_C10.0"", ""hgb_d3"", ""hgb_d6""]","[-0.02445297585792629, -0.026019586374115944, -0.02581375558875736, -0.02417639040217652, -0.024407404454461816]","[3.0, 5.0, 4.0, 1.0, 2.0]",0.0,0,1,hgb_d3>hgb_d6>logreg_C0.1>logreg_C10.0>logreg_C1.0,hgb_d3,candidate_declaration_order_only_for_exact_score_ties
ozone_level,ozone_level(2.9%),2,44,MCC_05,"[""logreg_C0.1"", ""logreg_C1.0"", ""logreg_C10.0"", ""hgb_d3"", ""hgb_d6""]","[0.0, 0.16403019893926726, 0.16403019893926726, 0.0, 0.0]","[4.0, 1.5, 1.5, 4.0, 4.0]",30.0,2,3,logreg_C1.0>logreg_C10.0>logreg_C0.1>hgb_d3>hgb_d6,logreg_C1.0,candidate_declaration_order_only_for_exact_score_ties
ozone_level,ozone_level(2.9%),3,45,SoftMCC,"[""logreg_C0.1"", ""logreg_C1.0"", ""logreg_C10.0"", ""hgb_d3"", ""hgb_d6""]","[0.10812934557671922, 0.09311038273826645, 0.07705122368243114, 0.18771602892388212, 0.18040481111097484]","[3.0, 4.0, 5.0, 1.0, 2.0]",0.0,0,1,hgb_d3>hgb_d6>logreg_C0.1>logreg_C1.0>logreg_C10.0,hgb_d3,candidate_declaration_order_only_for_exact_score_ties
ozone_level,ozone_level(2.9%),3,45,MCC_best,"[""logreg_C0.1"", ""logreg_C1.0"", ""logreg_C10.0"", ""hgb_d3"", ""hgb_d6""]","[0.39371416436610746, 0.40536819025105614, 0.29889785953245246, 0.3861673519516263, 0.3419616087338476]","[2.0, 1.0, 5.0, 3.0, 4.0]",0.0,0,1,logreg_C1.0>logreg_C0.1>hgb_d3>hgb_d6>logreg_C10.0,logreg_C1.0,candidate_declaration_order_only_for_exact_score_ties
ozone_level,ozone_level(2.9%),3,45,F1_best,"[""logreg_C0.1"", ""logreg_C1.0"", ""logreg_C10.0"", ""hgb_d3"", ""hgb_d6""]","[0.4117647058823529, 0.41379310344827586, 0.3125, 0.38095238095238093, 0.35555555555555557]","[2.0, 1.0, 5.0, 3.0, 4.0]",0.0,0,1,logreg_C1.0>logreg_C0.1>hgb_d3>hgb_d6>logreg_C10.0,logreg_C1.0,candidate_declaration_order_only_for_exact_score_ties
ozone_level,ozone_level(2.9%),3,45,AUPRC,"[""logreg_C0.1"", ""logreg_C1.0"", ""logreg_C10.0"", ""hgb_d3"", ""hgb_d6""]","[0.2929611158168319, 0.28748142444397273, 0.23759937593350136, 0.37403490185345234, 0.39503222417355377]","[3.0, 4.0, 5.0, 2.0, 1.0]",0.0,0,1,hgb_d6>hgb_d3>logreg_C0.1>logreg_C1.0>logreg_C10.0,hgb_d6,candidate_declaration_order_only_for_exact_score_ties
ozone_level,ozone_level(2.9%),3,45,AUROC,"[""logreg_C0.1"", ""logreg_C1.0"", ""logreg_C10.0"", ""hgb_d3"", ""hgb_d6""]","[0.8729029517944362, 0.8581439796135061, 0.8644085793162031, 0.8829900191123381, 0.8667976215757061]","[2.0, 5.0, 4.0, 1.0, 3.0]",0.0,0,1,hgb_d3>logreg_C0.1>hgb_d6>logreg_C10.0>logreg_C1.0,hgb_d3,candidate_declaration_order_only_for_exact_score_ties
ozone_level,ozone_level(2.9%),3,45,Brier_neg,"[""logreg_C0.1"", ""logreg_C1.0"", ""logreg_C10.0"", ""hgb_d3"", ""hgb_d6""]","[-0.025108784612315267, -0.025704900411910713, -0.026262582877357134, -0.023244798936654775, -0.023540507697045666]","[3.0, 4.0, 5.0, 1.0, 2.0]",0.0,0,1,hgb_d3>hgb_d6>logreg_C0.1>logreg_C1.0>logreg_C10.0,hgb_d3,candidate_declaration_order_only_for_exact_score_ties
ozone_level,ozone_level(2.9%),3,45,MCC_05,"[""logreg_C0.1"", ""logreg_C1.0"", ""logreg_C10.0"", ""hgb_d3"", ""hgb_d6""]","[0.0, 0.0, 0.0, 0.2723394852839863, 0.47947822385825734]","[4.0, 4.0, 4.0, 2.0, 1.0]",24.0,1,3,hgb_d6>hgb_d3>logreg_C0.1>logreg_C1.0>logreg_C10.0,hgb_d6,candidate_declaration_order_only_for_exact_score_ties
ozone_level,ozone_level(2.9%),4,46,SoftMCC,"[""logreg_C0.1"", ""logreg_C1.0"", ""logreg_C10.0"", ""hgb_d3"", ""hgb_d6""]","[0.11051726791636657, 0.08213893141753438, 0.07120727536025627, 0.12419649628202196, 0.13740654362592641]","[3.0, 4.0, 5.0, 2.0, 1.0]",0.0,0,1,hgb_d6>hgb_d3>logreg_C0.1>logreg_C1.0>logreg_C10.0,hgb_d6,candidate_declaration_order_only_for_exact_score_ties
ozone_level,ozone_level(2.9%),4,46,MCC_best,"[""logreg_C0.1"", ""logreg_C1.0"", ""logreg_C10.0"", ""hgb_d3"", ""hgb_d6""]","[0.3795442802846342, 0.3432038072904711, 0.33352919688254185, 0.27491414729679153, 0.3453747673939673]","[1.0, 3.0, 4.0, 5.0, 2.0]",0.0,0,1,logreg_C0.1>hgb_d6>logreg_C1.0>logreg_C10.0>hgb_d3,logreg_C0.1,candidate_declaration_order_only_for_exact_score_ties
ozone_level,ozone_level(2.9%),4,46,F1_best,"[""logreg_C0.1"", ""logreg_C1.0"", ""logreg_C10.0"", ""hgb_d3"", ""hgb_d6""]","[0.37037037037037035, 0.3448275862068966, 0.3448275862068966, 0.27586206896551724, 0.3389830508474576]","[1.0, 2.5, 2.5, 5.0, 4.0]",6.0,1,2,logreg_C0.1>logreg_C1.0>logreg_C10.0>hgb_d6>hgb_d3,logreg_C0.1,candidate_declaration_order_only_for_exact_score_ties
ozone_level,ozone_level(2.9%),4,46,AUPRC,"[""logreg_C0.1"", ""logreg_C1.0"", ""logreg_C10.0"", ""hgb_d3"", ""hgb_d6""]","[0.3200807044811603, 0.2464247187083693, 0.23780685914695537, 0.21248310838621146, 0.2841587575482291]","[1.0, 3.0, 4.0, 5.0, 2.0]",0.0,0,1,logreg_C0.1>hgb_d6>logreg_C1.0>logreg_C10.0>hgb_d3,logreg_C0.1,candidate_declaration_order_only_for_exact_score_ties
ozone_level,ozone_level(2.9%),4,46,AUROC,"[""logreg_C0.1"", ""logreg_C1.0"", ""logreg_C10.0"", ""hgb_d3"", ""hgb_d6""]","[0.907889148439159, 0.898067530261202, 0.866903801231684, 0.8471543852197918, 0.9079953280951369]","[2.0, 3.0, 4.0, 5.0, 1.0]",0.0,0,1,hgb_d6>logreg_C0.1>logreg_C1.0>logreg_C10.0>hgb_d3,hgb_d6,candidate_declaration_order_only_for_exact_score_ties
ozone_level,ozone_level(2.9%),4,46,Brier_neg,"[""logreg_C0.1"", ""logreg_C1.0"", ""logreg_C10.0"", ""hgb_d3"", ""hgb_d6""]","[-0.024821961293191634, -0.02590464052351876, -0.026254043415475527, -0.02663419304255155, -0.026073797841330248]","[1.0, 2.0, 4.0, 5.0, 3.0]",0.0,0,1,logreg_C0.1>logreg_C1.0>hgb_d6>logreg_C10.0>hgb_d3,logreg_C0.1,candidate_declaration_order_only_for_exact_score_ties
ozone_level,ozone_level(2.9%),4,46,MCC_05,"[""logreg_C0.1"", ""logreg_C1.0"", ""logreg_C10.0"", ""hgb_d3"", ""hgb_d6""]","[0.0, 0.0, 0.0, 0.1088346329425557, 0.18405776628308496]","[4.0, 4.0, 4.0, 2.0, 1.0]",24.0,1,3,hgb_d6>hgb_d3>logreg_C0.1>logreg_C1.0>logreg_C10.0,hgb_d6,candidate_declaration_order_only_for_exact_score_ties
ozone_level,ozone_level(2.9%),5,47,SoftMCC,"[""logreg_C0.1"", ""logreg_C1.0"", ""logreg_C10.0"", ""hgb_d3"", ""hgb_d6""]","[0.13689108873281486, 0.11341848213615909, 0.08069478929426899, 0.14533848077082862, 0.12840759430360313]","[2.0, 4.0, 5.0, 1.0, 3.0]",0.0,0,1,hgb_d3>logreg_C0.1>hgb_d6>logreg_C1.0>logreg_C10.0,hgb_d3,candidate_declaration_order_only_for_exact_score_ties
ozone_level,ozone_level(2.9%),5,47,MCC_best,"[""logreg_C0.1"", ""logreg_C1.0"", ""logreg_C10.0"", ""hgb_d3"", ""hgb_d6""]","[0.3925531122812056, 0.3741232544407801, 0.28244804966458525, 0.32699673460247297, 0.3453747673939673]","[1.0, 2.0, 5.0, 4.0, 3.0]",0.0,0,1,logreg_C0.1>logreg_C1.0>hgb_d6>hgb_d3>logreg_C10.0,logreg_C0.1,candidate_declaration_order_only_for_exact_score_ties
ozone_level,ozone_level(2.9%),5,47,F1_best,"[""logreg_C0.1"", ""logreg_C1.0"", ""logreg_C10.0"", ""hgb_d3"", ""hgb_d6""]","[0.4, 0.3902439024390244, 0.30303030303030304, 0.3055555555555556, 0.35]","[1.0, 2.0, 5.0, 4.0, 3.0]",0.0,0,1,logreg_C0.1>logreg_C1.0>hgb_d6>hgb_d3>logreg_C10.0,logreg_C0.1,candidate_declaration_order_only_for_exact_score_ties
ozone_level,ozone_level(2.9%),5,47,AUPRC,"[""logreg_C0.1"", ""logreg_C1.0"", ""logreg_C10.0"", ""hgb_d3"", ""hgb_d6""]","[0.2803645607475741, 0.27326874609591556, 0.17932595065405416, 0.26255844696204234, 0.26940630381572994]","[1.0, 2.0, 5.0, 4.0, 3.0]",0.0,0,1,logreg_C0.1>logreg_C1.0>hgb_d6>hgb_d3>logreg_C10.0,logreg_C0.1,candidate_declaration_order_only_for_exact_score_ties
ozone_level,ozone_level(2.9%),5,47,AUROC,"[""logreg_C0.1"", ""logreg_C1.0"", ""logreg_C10.0"", ""hgb_d3"", ""hgb_d6""]","[0.9052346570397112, 0.8847419834359737, 0.8484816309195158, 0.8838394563601614, 0.8995540454448928]","[1.0, 3.0, 5.0, 4.0, 2.0]",0.0,0,1,logreg_C0.1>hgb_d6>logreg_C1.0>hgb_d3>logreg_C10.0,logreg_C0.1,candidate_declaration_order_only_for_exact_score_ties
ozone_level,ozone_level(2.9%),5,47,Brier_neg,"[""logreg_C0.1"", ""logreg_C1.0"", ""logreg_C10.0"", ""hgb_d3"", ""hgb_d6""]","[-0.02442564529339495, -0.02496316213697728, -0.026600055304755756, -0.025756944456156415, -0.025853694887147425]","[1.0, 2.0, 5.0, 3.0, 4.0]",0.0,0,1,logreg_C0.1>logreg_C1.0>hgb_d3>hgb_d6>logreg_C10.0,logreg_C0.1,candidate_declaration_order_only_for_exact_score_ties
ozone_level,ozone_level(2.9%),5,47,MCC_05,"[""logreg_C0.1"", ""logreg_C1.0"", ""logreg_C10.0"", ""hgb_d3"", ""hgb_d6""]","[0.0, 0.0, 0.0, 0.20473987155442724, 0.2323824965811229]","[4.0, 4.0, 4.0, 2.0, 1.0]",24.0,1,3,hgb_d6>hgb_d3>logreg_C0.1>logreg_C1.0>logreg_C10.0,hgb_d6,candidate_declaration_order_only_for_exact_score_ties
ozone_level,ozone_level(2.9%),6,48,SoftMCC,"[""logreg_C0.1"", ""logreg_C1.0"", ""logreg_C10.0"", ""hgb_d3"", ""hgb_d6""]","[0.1242560265443993, 0.09321988552087106, 0.08360001310986516, 0.1542918459481546, 0.1872499331441793]","[3.0, 4.0, 5.0, 2.0, 1.0]",0.0,0,1,hgb_d6>hgb_d3>logreg_C0.1>logreg_C1.0>logreg_C10.0,hgb_d6,candidate_declaration_order_only_for_exact_score_ties
ozone_level,ozone_level(2.9%),6,48,MCC_best,"[""logreg_C0.1"", ""logreg_C1.0"", ""logreg_C10.0"", ""hgb_d3"", ""hgb_d6""]","[0.4357899093250791, 0.4150159981376952, 0.4401850455319386, 0.5322007966386126, 0.4357899093250791]","[3.5, 5.0, 2.0, 1.0, 3.5]",6.0,1,2,hgb_d3>logreg_C10.0>logreg_C0.1>hgb_d6>logreg_C1.0,hgb_d3,candidate_declaration_order_only_for_exact_score_ties
ozone_level,ozone_level(2.9%),6,48,F1_best,"[""logreg_C0.1"", ""logreg_C1.0"", ""logreg_C10.0"", ""hgb_d3"", ""hgb_d6""]","[0.45, 0.43243243243243246, 0.45714285714285713, 0.5454545454545454, 0.45]","[3.5, 5.0, 2.0, 1.0, 3.5]",6.0,1,2,hgb_d3>logreg_C10.0>logreg_C0.1>hgb_d6>logreg_C1.0,hgb_d3,candidate_declaration_order_only_for_exact_score_ties
ozone_level,ozone_level(2.9%),6,48,AUPRC,"[""logreg_C0.1"", ""logreg_C1.0"", ""logreg_C10.0"", ""hgb_d3"", ""hgb_d6""]","[0.3689703865022017, 0.2624105513753546, 0.27654642746403485, 0.4565492057204411, 0.35518759398128363]","[2.0, 5.0, 4.0, 1.0, 3.0]",0.0,0,1,hgb_d3>logreg_C0.1>hgb_d6>logreg_C10.0>logreg_C1.0,hgb_d3,candidate_declaration_order_only_for_exact_score_ties
ozone_level,ozone_level(2.9%),6,48,AUROC,"[""logreg_C0.1"", ""logreg_C1.0"", ""logreg_C10.0"", ""hgb_d3"", ""hgb_d6""]","[0.8731153111063921, 0.8425886600127416, 0.8399872584412826, 0.8807071565088129, 0.919091102144829]","[3.0, 4.0, 5.0, 2.0, 1.0]",0.0,0,1,hgb_d6>hgb_d3>logreg_C0.1>logreg_C1.0>logreg_C10.0,hgb_d6,candidate_declaration_order_only_for_exact_score_ties
ozone_level,ozone_level(2.9%),6,48,Brier_neg,"[""logreg_C0.1"", ""logreg_C1.0"", ""logreg_C10.0"", ""hgb_d3"", ""hgb_d6""]","[-0.02452247893549625, -0.02622536379633926, -0.02589758313134609, -0.023401873737052683, -0.022557119714099474]","[3.0, 5.0, 4.0, 2.0, 1.0]",0.0,0,1,hgb_d6>hgb_d3>logreg_C0.1>logreg_C10.0>logreg_C1.0,hgb_d6,candidate_declaration_order_only_for_exact_score_ties
ozone_level,ozone_level(2.9%),6,48,MCC_05,"[""logreg_C0.1"", ""logreg_C1.0"", ""logreg_C10.0"", ""hgb_d3"", ""hgb_d6""]","[0.0, -0.01038552470006534, 0.0, 0.0, 0.2723394852839863]","[3.0, 5.0, 3.0, 3.0, 1.0]",24.0,1,3,hgb_d6>logreg_C0.1>logreg_C10.0>hgb_d3>logreg_C1.0,hgb_d6,candidate_declaration_order_only_for_exact_score_ties
ozone_level,ozone_level(2.9%),7,49,SoftMCC,"[""logreg_C0.1"", ""logreg_C1.0"", ""logreg_C10.0"", ""hgb_d3"", ""hgb_d6""]","[0.10546127942664861, 0.07852414796998113, 0.062278820663480984, 0.14823208702299043, 0.1682996161009829]","[3.0, 4.0, 5.0, 2.0, 1.0]",0.0,0,1,hgb_d6>hgb_d3>logreg_C0.1>logreg_C1.0>logreg_C10.0,hgb_d6,candidate_declaration_order_only_for_exact_score_ties
ozone_level,ozone_level(2.9%),7,49,MCC_best,"[""logreg_C0.1"", ""logreg_C1.0"", ""logreg_C10.0"", ""hgb_d3"", ""hgb_d6""]","[0.3503849849888659, 0.2990698406703579, 0.27599894653503254, 0.4143347125435664, 0.35716176088178936]","[3.0, 4.0, 5.0, 1.0, 2.0]",0.0,0,1,hgb_d3>hgb_d6>logreg_C0.1>logreg_C1.0>logreg_C10.0,hgb_d3,candidate_declaration_order_only_for_exact_score_ties
ozone_level,ozone_level(2.9%),7,49,F1_best,"[""logreg_C0.1"", ""logreg_C1.0"", ""logreg_C10.0"", ""hgb_d3"", ""hgb_d6""]","[0.31746031746031744, 0.2857142857142857, 0.27450980392156865, 0.4074074074074074, 0.37209302325581395]","[3.0, 4.0, 5.0, 1.0, 2.0]",0.0,0,1,hgb_d3>hgb_d6>logreg_C0.1>logreg_C1.0>logreg_C10.0,hgb_d3,candidate_declaration_order_only_for_exact_score_ties
ozone_level,ozone_level(2.9%),7,49,AUPRC,"[""logreg_C0.1"", ""logreg_C1.0"", ""logreg_C10.0"", ""hgb_d3"", ""hgb_d6""]","[0.2334643502805155, 0.16689173475027244, 0.14477265118416224, 0.25533323773650185, 0.2638435845147126]","[3.0, 4.0, 5.0, 2.0, 1.0]",0.0,0,1,hgb_d6>hgb_d3>logreg_C0.1>logreg_C1.0>logreg_C10.0,hgb_d6,candidate_declaration_order_only_for_exact_score_ties
ozone_level,ozone_level(2.9%),7,49,AUROC,"[""logreg_C0.1"", ""logreg_C1.0"", ""logreg_C10.0"", ""hgb_d3"", ""hgb_d6""]","[0.9087385856869824, 0.8911127627946486, 0.8696644722871097, 0.8861754087916756, 0.8588341473773624]","[1.0, 2.0, 4.0, 3.0, 5.0]",0.0,0,1,logreg_C0.1>logreg_C1.0>hgb_d3>logreg_C10.0>hgb_d6,logreg_C0.1,candidate_declaration_order_only_for_exact_score_ties
ozone_level,ozone_level(2.9%),7,49,Brier_neg,"[""logreg_C0.1"", ""logreg_C1.0"", ""logreg_C10.0"", ""hgb_d3"", ""hgb_d6""]","[-0.025290520092575923, -0.02637740255321961, -0.026856610416977587, -0.02555339366949067, -0.025092910201127278]","[2.0, 4.0, 5.0, 3.0, 1.0]",0.0,0,1,hgb_d6>logreg_C0.1>hgb_d3>logreg_C1.0>logreg_C10.0,hgb_d6,candidate_declaration_order_only_for_exact_score_ties
ozone_level,ozone_level(2.9%),7,49,MCC_05,"[""logreg_C0.1"", ""logreg_C1.0"", ""logreg_C10.0"", ""hgb_d3"", ""hgb_d6""]","[0.0, 0.0, 0.0, 0.16776745586659864, 0.16403019893926726]","[4.0, 4.0, 4.0, 1.0, 2.0]",24.0,1,3,hgb_d3>hgb_d6>logreg_C0.1>logreg_C1.0>logreg_C10.0,hgb_d3,candidate_declaration_order_only_for_exact_score_ties
ozone_level,ozone_level(2.9%),8,50,SoftMCC,"[""logreg_C0.1"", ""logreg_C1.0"", ""logreg_C10.0"", ""hgb_d3"", ""hgb_d6""]","[0.08721007498673583, 0.06628454975128895, 0.046194160545733276, 0.08417290910272784, 0.10325648556971481]","[2.0, 4.0, 5.0, 3.0, 1.0]",0.0,0,1,hgb_d6>logreg_C0.1>hgb_d3>logreg_C1.0>logreg_C10.0,hgb_d6,candidate_declaration_order_only_for_exact_score_ties
ozone_level,ozone_level(2.9%),8,50,MCC_best,"[""logreg_C0.1"", ""logreg_C1.0"", ""logreg_C10.0"", ""hgb_d3"", ""hgb_d6""]","[0.4157611541803506, 0.3224601254590489, 0.27743509071929856, 0.3818574079096526, 0.29373033356374945]","[1.0, 3.0, 5.0, 2.0, 4.0]",0.0,0,1,logreg_C0.1>hgb_d3>logreg_C1.0>hgb_d6>logreg_C10.0,logreg_C0.1,candidate_declaration_order_only_for_exact_score_ties
ozone_level,ozone_level(2.9%),8,50,F1_best,"[""logreg_C0.1"", ""logreg_C1.0"", ""logreg_C10.0"", ""hgb_d3"", ""hgb_d6""]","[0.42857142857142855, 0.3125, 0.2916666666666667, 0.391304347826087, 0.3018867924528302]","[1.0, 3.0, 5.0, 2.0, 4.0]",0.0,0,1,logreg_C0.1>hgb_d3>logreg_C1.0>hgb_d6>logreg_C10.0,logreg_C0.1,candidate_declaration_order_only_for_exact_score_ties
ozone_level,ozone_level(2.9%),8,50,AUPRC,"[""logreg_C0.1"", ""logreg_C1.0"", ""logreg_C10.0"", ""hgb_d3"", ""hgb_d6""]","[0.2810538614330557, 0.2385612442444039, 0.15774886991317458, 0.2756030188374939, 0.23844368683288225]","[1.0, 3.0, 5.0, 2.0, 4.0]",0.0,0,1,logreg_C0.1>hgb_d3>logreg_C1.0>hgb_d6>logreg_C10.0,logreg_C0.1,candidate_declaration_order_only_for_exact_score_ties
ozone_level,ozone_level(2.9%),8,50,AUROC,"[""logreg_C0.1"", ""logreg_C1.0"", ""logreg_C10.0"", ""hgb_d3"", ""hgb_d6""]","[0.9047037587598216, 0.8941388829900191, 0.8457209598640901, 0.9049161180717774, 0.8991293268209811]","[2.0, 4.0, 5.0, 1.0, 3.0]",0.0,0,1,hgb_d3>logreg_C0.1>hgb_d6>logreg_C1.0>logreg_C10.0,hgb_d3,candidate_declaration_order_only_for_exact_score_ties
ozone_level,ozone_level(2.9%),8,50,Brier_neg,"[""logreg_C0.1"", ""logreg_C1.0"", ""logreg_C10.0"", ""hgb_d3"", ""hgb_d6""]","[-0.025454339414724456, -0.026304564816740563, -0.027256189466859353, -0.025778394707175942, -0.02596415758238284]","[1.0, 4.0, 5.0, 2.0, 3.0]",0.0,0,1,logreg_C0.1>hgb_d3>hgb_d6>logreg_C1.0>logreg_C10.0,logreg_C0.1,candidate_declaration_order_only_for_exact_score_ties
ozone_level,ozone_level(2.9%),8,50,MCC_05,"[""logreg_C0.1"", ""logreg_C1.0"", ""logreg_C10.0"", ""hgb_d3"", ""hgb_d6""]","[0.0, 0.0, 0.0, 0.0, 0.16403019893926726]","[3.5, 3.5, 3.5, 3.5, 1.0]",60.0,1,4,hgb_d6>logreg_C0.1>logreg_C1.0>logreg_C10.0>hgb_d3,hgb_d6,candidate_declaration_order_only_for_exact_score_ties
ozone_level,ozone_level(2.9%),9,51,SoftMCC,"[""logreg_C0.1"", ""logreg_C1.0"", ""logreg_C10.0"", ""hgb_d3"", ""hgb_d6""]","[0.07712742141627532, 0.06580173780893823, 0.06841651597979423, 0.12695759522036218, 0.13543994495072081]","[3.0, 5.0, 4.0, 2.0, 1.0]",0.0,0,1,hgb_d6>hgb_d3>logreg_C0.1>logreg_C10.0>logreg_C1.0,hgb_d6,candidate_declaration_order_only_for_exact_score_ties
ozone_level,ozone_level(2.9%),9,51,MCC_best,"[""logreg_C0.1"", ""logreg_C1.0"", ""logreg_C10.0"", ""hgb_d3"", ""hgb_d6""]","[0.266891578718222, 0.25849513507648025, 0.2849678160236759, 0.35896724342231584, 0.32277124042979805]","[4.0, 5.0, 3.0, 1.0, 2.0]",0.0,0,1,hgb_d3>hgb_d6>logreg_C10.0>logreg_C0.1>logreg_C1.0,hgb_d3,candidate_declaration_order_only_for_exact_score_ties
ozone_level,ozone_level(2.9%),9,51,F1_best,"[""logreg_C0.1"", ""logreg_C1.0"", ""logreg_C10.0"", ""hgb_d3"", ""hgb_d6""]","[0.2608695652173913, 0.26229508196721313, 0.28125, 0.3783783783783784, 0.34146341463414637]","[5.0, 4.0, 3.0, 1.0, 2.0]",0.0,0,1,hgb_d3>hgb_d6>logreg_C10.0>logreg_C1.0>logreg_C0.1,hgb_d3,candidate_declaration_order_only_for_exact_score_ties
ozone_level,ozone_level(2.9%),9,51,AUPRC,"[""logreg_C0.1"", ""logreg_C1.0"", ""logreg_C10.0"", ""hgb_d3"", ""hgb_d6""]","[0.12634372647056336, 0.13586901933895318, 0.1621241056044852, 0.29088147877148185, 0.2739474507370332]","[5.0, 4.0, 3.0, 1.0, 2.0]",0.0,0,1,hgb_d3>hgb_d6>logreg_C10.0>logreg_C1.0>logreg_C0.1,hgb_d3,candidate_declaration_order_only_for_exact_score_ties
ozone_level,ozone_level(2.9%),9,51,AUROC,"[""logreg_C0.1"", ""logreg_C1.0"", ""logreg_C10.0"", ""hgb_d3"", ""hgb_d6""]","[0.8399341686132936, 0.8441813548524103, 0.8492779783393501, 0.8982798895731577, 0.8916436610745381]","[5.0, 4.0, 3.0, 1.0, 2.0]",0.0,0,1,hgb_d3>hgb_d6>logreg_C10.0>logreg_C1.0>logreg_C0.1,hgb_d3,candidate_declaration_order_only_for_exact_score_ties
ozone_level,ozone_level(2.9%),9,51,Brier_neg,"[""logreg_C0.1"", ""logreg_C1.0"", ""logreg_C10.0"", ""hgb_d3"", ""hgb_d6""]","[-0.02754050396695954, -0.027373686630468727, -0.026927735549843995, -0.02477493729164837, -0.024671132314138505]","[5.0, 4.0, 3.0, 2.0, 1.0]",0.0,0,1,hgb_d6>hgb_d3>logreg_C10.0>logreg_C1.0>logreg_C0.1,hgb_d6,candidate_declaration_order_only_for_exact_score_ties
ozone_level,ozone_level(2.9%),9,51,MCC_05,"[""logreg_C0.1"", ""logreg_C1.0"", ""logreg_C10.0"", ""hgb_d3"", ""hgb_d6""]","[0.0, 0.0, 0.0, 0.16403019893926726, 0.2723394852839863]","[4.0, 4.0, 4.0, 2.0, 1.0]",24.0,1,3,hgb_d6>hgb_d3>logreg_C0.1>logreg_C1.0>logreg_C10.0,hgb_d6,candidate_declaration_order_only_for_exact_score_ties
ozone_level,ozone_level(2.9%),10,52,SoftMCC,"[""logreg_C0.1"", ""logreg_C1.0"", ""logreg_C10.0"", ""hgb_d3"", ""hgb_d6""]","[0.11306611830910661, 0.09435705932124352, 0.08433471431957279, 0.13826886706745947, 0.13831681438984195]","[3.0, 4.0, 5.0, 2.0, 1.0]",0.0,0,1,hgb_d6>hgb_d3>logreg_C0.1>logreg_C1.0>logreg_C10.0,hgb_d6,candidate_declaration_order_only_for_exact_score_ties
ozone_level,ozone_level(2.9%),10,52,MCC_best,"[""logreg_C0.1"", ""logreg_C1.0"", ""logreg_C10.0"", ""hgb_d3"", ""hgb_d6""]","[0.39033383938823984, 0.38318878002735046, 0.3349265900197663, 0.466780249001038, 0.44274434209899516]","[3.0, 4.0, 5.0, 1.0, 2.0]",0.0,0,1,hgb_d3>hgb_d6>logreg_C0.1>logreg_C1.0>logreg_C10.0,hgb_d3,candidate_declaration_order_only_for_exact_score_ties
ozone_level,ozone_level(2.9%),10,52,F1_best,"[""logreg_C0.1"", ""logreg_C1.0"", ""logreg_C10.0"", ""hgb_d3"", ""hgb_d6""]","[0.38461538461538464, 0.375, 0.34782608695652173, 0.46808510638297873, 0.43902439024390244]","[3.0, 4.0, 5.0, 1.0, 2.0]",0.0,0,1,hgb_d3>hgb_d6>logreg_C0.1>logreg_C1.0>logreg_C10.0,hgb_d3,candidate_declaration_order_only_for_exact_score_ties
ozone_level,ozone_level(2.9%),10,52,AUPRC,"[""logreg_C0.1"", ""logreg_C1.0"", ""logreg_C10.0"", ""hgb_d3"", ""hgb_d6""]","[0.2555611465661249, 0.2190915374456771, 0.22675480320002384, 0.34994121285380325, 0.3280618074898335]","[3.0, 5.0, 4.0, 1.0, 2.0]",0.0,0,1,hgb_d3>hgb_d6>logreg_C0.1>logreg_C10.0>logreg_C1.0,hgb_d3,candidate_declaration_order_only_for_exact_score_ties
ozone_level,ozone_level(2.9%),10,52,AUROC,"[""logreg_C0.1"", ""logreg_C1.0"", ""logreg_C10.0"", ""hgb_d3"", ""hgb_d6""]","[0.906561902739435, 0.8738585686982374, 0.8623911658526227, 0.9437247823317052, 0.9459014652792526]","[3.0, 4.0, 5.0, 2.0, 1.0]",0.0,0,1,hgb_d6>hgb_d3>logreg_C0.1>logreg_C1.0>logreg_C10.0,hgb_d6,candidate_declaration_order_only_for_exact_score_ties
ozone_level,ozone_level(2.9%),10,52,Brier_neg,"[""logreg_C0.1"", ""logreg_C1.0"", ""logreg_C10.0"", ""hgb_d3"", ""hgb_d6""]","[-0.02502121766115146, -0.02579687310961968, -0.02605747936617272, -0.024131281555972238, -0.023681217234562683]","[3.0, 4.0, 5.0, 2.0, 1.0]",0.0,0,1,hgb_d6>hgb_d3>logreg_C0.1>logreg_C1.0>logreg_C10.0,hgb_d6,candidate_declaration_order_only_for_exact_score_ties
ozone_level,ozone_level(2.9%),10,52,MCC_05,"[""logreg_C0.1"", ""logreg_C1.0"", ""logreg_C10.0"", ""hgb_d3"", ""hgb_d6""]","[0.0, 0.0, 0.0, 0.23910738721599348, 0.0]","[3.5, 3.5, 3.5, 1.0, 3.5]",60.0,1,4,hgb_d3>logreg_C0.1>logreg_C1.0>logreg_C10.0>hgb_d6,hgb_d3,candidate_declaration_order_only_for_exact_score_ties
ozone_level,ozone_level(2.9%),11,53,SoftMCC,"[""logreg_C0.1"", ""logreg_C1.0"", ""logreg_C10.0"", ""hgb_d3"", ""hgb_d6""]","[0.12798747549700132, 0.09586610971054604, 0.06941818669231677, 0.10668127146022925, 0.12583532096088126]","[1.0, 4.0, 5.0, 3.0, 2.0]",0.0,0,1,logreg_C0.1>hgb_d6>hgb_d3>logreg_C1.0>logreg_C10.0,logreg_C0.1,candidate_declaration_order_only_for_exact_score_ties
ozone_level,ozone_level(2.9%),11,53,MCC_best,"[""logreg_C0.1"", ""logreg_C1.0"", ""logreg_C10.0"", ""hgb_d3"", ""hgb_d6""]","[0.33631336937382694, 0.3032388383069892, 0.300093265500396, 0.3659536199395208, 0.3861673519516263]","[3.0, 4.0, 5.0, 2.0, 1.0]",0.0,0,1,hgb_d6>hgb_d3>logreg_C0.1>logreg_C1.0>logreg_C10.0,hgb_d6,candidate_declaration_order_only_for_exact_score_ties
ozone_level,ozone_level(2.9%),11,53,F1_best,"[""logreg_C0.1"", ""logreg_C1.0"", ""logreg_C10.0"", ""hgb_d3"", ""hgb_d6""]","[0.31746031746031744, 0.3, 0.3076923076923077, 0.3492063492063492, 0.34782608695652173]","[3.0, 5.0, 4.0, 1.0, 2.0]",0.0,0,1,hgb_d3>hgb_d6>logreg_C0.1>logreg_C10.0>logreg_C1.0,hgb_d3,candidate_declaration_order_only_for_exact_score_ties
ozone_level,ozone_level(2.9%),11,53,AUPRC,"[""logreg_C0.1"", ""logreg_C1.0"", ""logreg_C10.0"", ""hgb_d3"", ""hgb_d6""]","[0.190032456011683, 0.18107159566356662, 0.16285317504776997, 0.2328569988685143, 0.3167436437480923]","[3.0, 4.0, 5.0, 2.0, 1.0]",0.0,0,1,hgb_d6>hgb_d3>logreg_C0.1>logreg_C1.0>logreg_C10.0,hgb_d6,candidate_declaration_order_only_for_exact_score_ties
ozone_level,ozone_level(2.9%),11,53,AUROC,"[""logreg_C0.1"", ""logreg_C1.0"", ""logreg_C10.0"", ""hgb_d3"", ""hgb_d6""]","[0.8386069229135698, 0.8191229560416222, 0.793639838606923, 0.9038543215119983, 0.871788065406668]","[3.0, 4.0, 5.0, 1.0, 2.0]",0.0,0,1,hgb_d3>hgb_d6>logreg_C0.1>logreg_C1.0>logreg_C10.0,hgb_d3,candidate_declaration_order_only_for_exact_score_ties
ozone_level,ozone_level(2.9%),11,53,Brier_neg,"[""logreg_C0.1"", ""logreg_C1.0"", ""logreg_C10.0"", ""hgb_d3"", ""hgb_d6""]","[-0.0270616461968254, -0.027894685156177008, -0.0290066284634983, -0.02612070537058089, -0.025219408149131886]","[3.0, 4.0, 5.0, 2.0, 1.0]",0.0,0,1,hgb_d6>hgb_d3>logreg_C0.1>logreg_C1.0>logreg_C10.0,hgb_d6,candidate_declaration_order_only_for_exact_score_ties
ozone_level,ozone_level(2.9%),11,53,MCC_05,"[""logreg_C0.1"", ""logreg_C1.0"", ""logreg_C10.0"", ""hgb_d3"", ""hgb_d6""]","[-0.007337230293631569, -0.012730810036190011, -0.014713230696011506, -0.012730810036190011, -0.007337230293631569]","[1.5, 3.5, 5.0, 3.5, 1.5]",12.0,2,2,logreg_C0.1>hgb_d6>logreg_C1.0>hgb_d3>logreg_C10.0,logreg_C0.1,candidate_declaration_order_only_for_exact_score_ties
protein_homo,protein_homo(0.9%),0,42,SoftMCC,"[""logreg_C0.1"", ""logreg_C1.0"", ""logreg_C10.0"", ""hgb_d3"", ""hgb_d6""]","[0.6737971027207154, 0.6715327567032642, 0.6706060954993041, 0.6557309939041758, 0.6587782847294278]","[1.0, 2.0, 3.0, 5.0, 4.0]",0.0,0,1,logreg_C0.1>logreg_C1.0>logreg_C10.0>hgb_d6>hgb_d3,logreg_C0.1,candidate_declaration_order_only_for_exact_score_ties
protein_homo,protein_homo(0.9%),0,42,MCC_best,"[""logreg_C0.1"", ""logreg_C1.0"", ""logreg_C10.0"", ""hgb_d3"", ""hgb_d6""]","[0.7234710511605125, 0.7343757062478456, 0.7355120011683828, 0.749341212521888, 0.7583855556090878]","[5.0, 4.0, 3.0, 2.0, 1.0]",0.0,0,1,hgb_d6>hgb_d3>logreg_C10.0>logreg_C1.0>logreg_C0.1,hgb_d6,candidate_declaration_order_only_for_exact_score_ties
protein_homo,protein_homo(0.9%),0,42,F1_best,"[""logreg_C0.1"", ""logreg_C1.0"", ""logreg_C10.0"", ""hgb_d3"", ""hgb_d6""]","[0.7246376811594203, 0.7354838709677419, 0.7366720516962844, 0.75, 0.7592891760904685]","[5.0, 4.0, 3.0, 2.0, 1.0]",0.0,0,1,hgb_d6>hgb_d3>logreg_C10.0>logreg_C1.0>logreg_C0.1,hgb_d6,candidate_declaration_order_only_for_exact_score_ties
protein_homo,protein_homo(0.9%),0,42,AUPRC,"[""logreg_C0.1"", ""logreg_C1.0"", ""logreg_C10.0"", ""hgb_d3"", ""hgb_d6""]","[0.824811871854876, 0.8289866662921592, 0.827628656020499, 0.8392231214490996, 0.8384979346456932]","[5.0, 3.0, 4.0, 1.0, 2.0]",0.0,0,1,hgb_d3>hgb_d6>logreg_C1.0>logreg_C10.0>logreg_C0.1,hgb_d3,candidate_declaration_order_only_for_exact_score_ties
protein_homo,protein_homo(0.9%),0,42,AUROC,"[""logreg_C0.1"", ""logreg_C1.0"", ""logreg_C10.0"", ""hgb_d3"", ""hgb_d6""]","[0.9897248775911326, 0.9892019638714734, 0.9889307783843012, 0.9869281087220633, 0.9823747410149517]","[1.0, 2.0, 3.0, 4.0, 5.0]",0.0,0,1,logreg_C0.1>logreg_C1.0>logreg_C10.0>hgb_d3>hgb_d6,logreg_C0.1,candidate_declaration_order_only_for_exact_score_ties
protein_homo,protein_homo(0.9%),0,42,Brier_neg,"[""logreg_C0.1"", ""logreg_C1.0"", ""logreg_C10.0"", ""hgb_d3"", ""hgb_d6""]","[-0.002863326362135676, -0.002874905868705977, -0.0028784723094638517, -0.0028051807477071857, -0.00276058806035142]","[3.0, 4.0, 5.0, 2.0, 1.0]",0.0,0,1,hgb_d6>hgb_d3>logreg_C0.1>logreg_C1.0>logreg_C10.0,hgb_d6,candidate_declaration_order_only_for_exact_score_ties
protein_homo,protein_homo(0.9%),0,42,MCC_05,"[""logreg_C0.1"", ""logreg_C1.0"", ""logreg_C10.0"", ""hgb_d3"", ""hgb_d6""]","[0.7913734631531362, 0.7872970805462951, 0.7872970805462951, 0.7908857846243057, 0.7882874828036605]","[1.0, 4.5, 4.5, 2.0, 3.0]",6.0,1,2,logreg_C0.1>hgb_d3>hgb_d6>logreg_C1.0>logreg_C10.0,logreg_C0.1,candidate_declaration_order_only_for_exact_score_ties
protein_homo,protein_homo(0.9%),1,43,SoftMCC,"[""logreg_C0.1"", ""logreg_C1.0"", ""logreg_C10.0"", ""hgb_d3"", ""hgb_d6""]","[0.683218954532469, 0.6796304598194945, 0.6774572921392082, 0.6681329426951458, 0.6798978481759832]","[1.0, 3.0, 4.0, 5.0, 2.0]",0.0,0,1,logreg_C0.1>hgb_d6>logreg_C1.0>logreg_C10.0>hgb_d3,logreg_C0.1,candidate_declaration_order_only_for_exact_score_ties
protein_homo,protein_homo(0.9%),1,43,MCC_best,"[""logreg_C0.1"", ""logreg_C1.0"", ""logreg_C10.0"", ""hgb_d3"", ""hgb_d6""]","[0.7635888488308034, 0.7591530391546705, 0.7591530391546705, 0.775119191391839, 0.7925433320580709]","[3.0, 4.5, 4.5, 2.0, 1.0]",6.0,1,2,hgb_d6>hgb_d3>logreg_C0.1>logreg_C1.0>logreg_C10.0,hgb_d6,candidate_declaration_order_only_for_exact_score_ties
protein_homo,protein_homo(0.9%),1,43,F1_best,"[""logreg_C0.1"", ""logreg_C1.0"", ""logreg_C10.0"", ""hgb_d3"", ""hgb_d6""]","[0.7645161290322581, 0.7600644122383253, 0.7600644122383253, 0.7756410256410257, 0.7929373996789727]","[3.0, 4.5, 4.5, 2.0, 1.0]",6.0,1,2,hgb_d6>hgb_d3>logreg_C0.1>logreg_C1.0>logreg_C10.0,hgb_d6,candidate_declaration_order_only_for_exact_score_ties
protein_homo,protein_homo(0.9%),1,43,AUPRC,"[""logreg_C0.1"", ""logreg_C1.0"", ""logreg_C10.0"", ""hgb_d3"", ""hgb_d6""]","[0.862504293106459, 0.8641702353009231, 0.8644326484076668, 0.8726153334152917, 0.8692242271905313]","[5.0, 4.0, 3.0, 1.0, 2.0]",0.0,0,1,hgb_d3>hgb_d6>logreg_C10.0>logreg_C1.0>logreg_C0.1,hgb_d3,candidate_declaration_order_only_for_exact_score_ties
protein_homo,protein_homo(0.9%),1,43,AUROC,"[""logreg_C0.1"", ""logreg_C1.0"", ""logreg_C10.0"", ""hgb_d3"", ""hgb_d6""]","[0.9907623939234119, 0.9908822827593214, 0.9912846349624724, 0.9914723993239429, 0.9827312647739936]","[4.0, 3.0, 2.0, 1.0, 5.0]",0.0,0,1,hgb_d3>logreg_C10.0>logreg_C1.0>logreg_C0.1>hgb_d6,hgb_d3,candidate_declaration_order_only_for_exact_score_ties
protein_homo,protein_homo(0.9%),1,43,Brier_neg,"[""logreg_C0.1"", ""logreg_C1.0"", ""logreg_C10.0"", ""hgb_d3"", ""hgb_d6""]","[-0.002409968202741696, -0.0024107652298403144, -0.0024238511353117747, -0.002389722480594979, -0.0022925315722078557]","[3.0, 4.0, 5.0, 2.0, 1.0]",0.0,0,1,hgb_d6>hgb_d3>logreg_C0.1>logreg_C1.0>logreg_C10.0,hgb_d6,candidate_declaration_order_only_for_exact_score_ties
protein_homo,protein_homo(0.9%),1,43,MCC_05,"[""logreg_C0.1"", ""logreg_C1.0"", ""logreg_C10.0"", ""hgb_d3"", ""hgb_d6""]","[0.8307736892723894, 0.8287979545601292, 0.8287979545601292, 0.8244706990071504, 0.8331700867813809]","[2.0, 3.5, 3.5, 5.0, 1.0]",6.0,1,2,hgb_d6>logreg_C0.1>logreg_C1.0>logreg_C10.0>hgb_d3,hgb_d6,candidate_declaration_order_only_for_exact_score_ties
protein_homo,protein_homo(0.9%),2,44,SoftMCC,"[""logreg_C0.1"", ""logreg_C1.0"", ""logreg_C10.0"", ""hgb_d3"", ""hgb_d6""]","[0.6644092734199656, 0.6603965096514265, 0.6598026614496236, 0.650425840399345, 0.654466511412968]","[1.0, 2.0, 3.0, 5.0, 4.0]",0.0,0,1,logreg_C0.1>logreg_C1.0>logreg_C10.0>hgb_d6>hgb_d3,logreg_C0.1,candidate_declaration_order_only_for_exact_score_ties
protein_homo,protein_homo(0.9%),2,44,MCC_best,"[""logreg_C0.1"", ""logreg_C1.0"", ""logreg_C10.0"", ""hgb_d3"", ""hgb_d6""]","[0.736056782627319, 0.7329552112507943, 0.7350743398890859, 0.7285709964401076, 0.7166051850939422]","[1.0, 3.0, 2.0, 4.0, 5.0]",0.0,0,1,logreg_C0.1>logreg_C10.0>logreg_C1.0>hgb_d3>hgb_d6,logreg_C0.1,candidate_declaration_order_only_for_exact_score_ties
protein_homo,protein_homo(0.9%),2,44,F1_best,"[""logreg_C0.1"", ""logreg_C1.0"", ""logreg_C10.0"", ""hgb_d3"", ""hgb_d6""]","[0.7371794871794872, 0.7342995169082126, 0.7363344051446945, 0.729903536977492, 0.717948717948718]","[1.0, 3.0, 2.0, 4.0, 5.0]",0.0,0,1,logreg_C0.1>logreg_C10.0>logreg_C1.0>hgb_d3>hgb_d6,logreg_C0.1,candidate_declaration_order_only_for_exact_score_ties
protein_homo,protein_homo(0.9%),2,44,AUPRC,"[""logreg_C0.1"", ""logreg_C1.0"", ""logreg_C10.0"", ""hgb_d3"", ""hgb_d6""]","[0.8257814111978243, 0.8181423163704745, 0.816762794972607, 0.8079105587983526, 0.8075717763017287]","[1.0, 2.0, 3.0, 4.0, 5.0]",0.0,0,1,logreg_C0.1>logreg_C1.0>logreg_C10.0>hgb_d3>hgb_d6,logreg_C0.1,candidate_declaration_order_only_for_exact_score_ties
protein_homo,protein_homo(0.9%),2,44,AUROC,"[""logreg_C0.1"", ""logreg_C1.0"", ""logreg_C10.0"", ""hgb_d3"", ""hgb_d6""]","[0.9924239432922026, 0.9919823050669466, 0.991754056182725, 0.9884302966657915, 0.9846809661328432]","[1.0, 2.0, 3.0, 4.0, 5.0]",0.0,0,1,logreg_C0.1>logreg_C1.0>logreg_C10.0>hgb_d3>hgb_d6,logreg_C0.1,candidate_declaration_order_only_for_exact_score_ties
protein_homo,protein_homo(0.9%),2,44,Brier_neg,"[""logreg_C0.1"", ""logreg_C1.0"", ""logreg_C10.0"", ""hgb_d3"", ""hgb_d6""]","[-0.0029840969701969257, -0.003023163361715412, -0.00302894221737364, -0.0030302728921306897, -0.0030004485835183436]","[1.0, 3.0, 4.0, 5.0, 2.0]",0.0,0,1,logreg_C0.1>hgb_d6>logreg_C1.0>logreg_C10.0>hgb_d3,logreg_C0.1,candidate_declaration_order_only_for_exact_score_ties
protein_homo,protein_homo(0.9%),2,44,MCC_05,"[""logreg_C0.1"", ""logreg_C1.0"", ""logreg_C10.0"", ""hgb_d3"", ""hgb_d6""]","[0.7808527791146745, 0.7742645099085302, 0.7764666364603231, 0.7892826878068983, 0.7852151076210654]","[3.0, 5.0, 4.0, 1.0, 2.0]",0.0,0,1,hgb_d3>hgb_d6>logreg_C0.1>logreg_C10.0>logreg_C1.0,hgb_d3,candidate_declaration_order_only_for_exact_score_ties
protein_homo,protein_homo(0.9%),3,45,SoftMCC,"[""logreg_C0.1"", ""logreg_C1.0"", ""logreg_C10.0"", ""hgb_d3"", ""hgb_d6""]","[0.7074801430743253, 0.7019855629751748, 0.701433878048692, 0.664545381914458, 0.7017230546553763]","[1.0, 2.0, 4.0, 5.0, 3.0]",0.0,0,1,logreg_C0.1>logreg_C1.0>hgb_d6>logreg_C10.0>hgb_d3,logreg_C0.1,candidate_declaration_order_only_for_exact_score_ties
protein_homo,protein_homo(0.9%),3,45,MCC_best,"[""logreg_C0.1"", ""logreg_C1.0"", ""logreg_C10.0"", ""hgb_d3"", ""hgb_d6""]","[0.8120251458652114, 0.8075004419454461, 0.8112336377571994, 0.7866104916723488, 0.8001835015567422]","[1.0, 3.0, 2.0, 5.0, 4.0]",0.0,0,1,logreg_C0.1>logreg_C10.0>logreg_C1.0>hgb_d6>hgb_d3,logreg_C0.1,candidate_declaration_order_only_for_exact_score_ties
protein_homo,protein_homo(0.9%),3,45,F1_best,"[""logreg_C0.1"", ""logreg_C1.0"", ""logreg_C10.0"", ""hgb_d3"", ""hgb_d6""]","[0.8116883116883117, 0.807131280388979, 0.8110749185667753, 0.7864077669902912, 0.7993579454253612]","[1.0, 3.0, 2.0, 5.0, 4.0]",0.0,0,1,logreg_C0.1>logreg_C10.0>logreg_C1.0>hgb_d6>hgb_d3,logreg_C0.1,candidate_declaration_order_only_for_exact_score_ties
protein_homo,protein_homo(0.9%),3,45,AUPRC,"[""logreg_C0.1"", ""logreg_C1.0"", ""logreg_C10.0"", ""hgb_d3"", ""hgb_d6""]","[0.9012625752192422, 0.9028972339717406, 0.9064250637545416, 0.8723493956562279, 0.8802581572685174]","[3.0, 2.0, 1.0, 5.0, 4.0]",0.0,0,1,logreg_C10.0>logreg_C1.0>logreg_C0.1>hgb_d6>hgb_d3,logreg_C10.0,candidate_declaration_order_only_for_exact_score_ties
protein_homo,protein_homo(0.9%),3,45,AUROC,"[""logreg_C0.1"", ""logreg_C1.0"", ""logreg_C10.0"", ""hgb_d3"", ""hgb_d6""]","[0.994697954127475, 0.9947556751073783, 0.9946376510347709, 0.9911222120443943, 0.9897274945737975]","[2.0, 1.0, 3.0, 4.0, 5.0]",0.0,0,1,logreg_C1.0>logreg_C0.1>logreg_C10.0>hgb_d3>hgb_d6,logreg_C1.0,candidate_declaration_order_only_for_exact_score_ties
protein_homo,protein_homo(0.9%),3,45,Brier_neg,"[""logreg_C0.1"", ""logreg_C1.0"", ""logreg_C10.0"", ""hgb_d3"", ""hgb_d6""]","[-0.0020152618135674946, -0.002054506370962655, -0.0020650909272962726, -0.0023293411143448066, -0.0021544074878963706]","[1.0, 2.0, 3.0, 5.0, 4.0]",0.0,0,1,logreg_C0.1>logreg_C1.0>logreg_C10.0>hgb_d6>hgb_d3,logreg_C0.1,candidate_declaration_order_only_for_exact_score_ties
protein_homo,protein_homo(0.9%),3,45,MCC_05,"[""logreg_C0.1"", ""logreg_C1.0"", ""logreg_C10.0"", ""hgb_d3"", ""hgb_d6""]","[0.854228172103685, 0.853953839114348, 0.853953839114348, 0.8061401086536718, 0.8379212094482995]","[1.0, 2.5, 2.5, 5.0, 4.0]",6.0,1,2,logreg_C0.1>logreg_C1.0>logreg_C10.0>hgb_d6>hgb_d3,logreg_C0.1,candidate_declaration_order_only_for_exact_score_ties
protein_homo,protein_homo(0.9%),4,46,SoftMCC,"[""logreg_C0.1"", ""logreg_C1.0"", ""logreg_C10.0"", ""hgb_d3"", ""hgb_d6""]","[0.663890678270134, 0.6615116634790708, 0.6611423329389481, 0.6615680501969341, 0.6582952545988598]","[1.0, 3.0, 4.0, 2.0, 5.0]",0.0,0,1,logreg_C0.1>hgb_d3>logreg_C1.0>logreg_C10.0>hgb_d6,logreg_C0.1,candidate_declaration_order_only_for_exact_score_ties
protein_homo,protein_homo(0.9%),4,46,MCC_best,"[""logreg_C0.1"", ""logreg_C1.0"", ""logreg_C10.0"", ""hgb_d3"", ""hgb_d6""]","[0.7534221436429822, 0.7511146560610554, 0.7492374304996762, 0.7425399745206318, 0.7448286888289957]","[1.0, 2.0, 3.0, 5.0, 4.0]",0.0,0,1,logreg_C0.1>logreg_C1.0>logreg_C10.0>hgb_d6>hgb_d3,logreg_C0.1,candidate_declaration_order_only_for_exact_score_ties
protein_homo,protein_homo(0.9%),4,46,F1_best,"[""logreg_C0.1"", ""logreg_C1.0"", ""logreg_C10.0"", ""hgb_d3"", ""hgb_d6""]","[0.7544141252006421, 0.752, 0.750402576489533, 0.7435897435897436, 0.7459807073954984]","[1.0, 2.0, 3.0, 5.0, 4.0]",0.0,0,1,logreg_C0.1>logreg_C1.0>logreg_C10.0>hgb_d6>hgb_d3,logreg_C0.1,candidate_declaration_order_only_for_exact_score_ties
protein_homo,protein_homo(0.9%),4,46,AUPRC,"[""logreg_C0.1"", ""logreg_C1.0"", ""logreg_C10.0"", ""hgb_d3"", ""hgb_d6""]","[0.8239255200745721, 0.8253660872551304, 0.8257276454644391, 0.8262229939272462, 0.8173985043667126]","[4.0, 3.0, 2.0, 1.0, 5.0]",0.0,0,1,hgb_d3>logreg_C10.0>logreg_C1.0>logreg_C0.1>hgb_d6,hgb_d3,candidate_declaration_order_only_for_exact_score_ties
protein_homo,protein_homo(0.9%),4,46,AUROC,"[""logreg_C0.1"", ""logreg_C1.0"", ""logreg_C10.0"", ""hgb_d3"", ""hgb_d6""]","[0.9889287272306335, 0.9886975264244874, 0.9886697424112091, 0.9894780523627283, 0.9856879242905071]","[2.0, 3.0, 4.0, 1.0, 5.0]",0.0,0,1,hgb_d3>logreg_C0.1>logreg_C1.0>logreg_C10.0>hgb_d6,hgb_d3,candidate_declaration_order_only_for_exact_score_ties
protein_homo,protein_homo(0.9%),4,46,Brier_neg,"[""logreg_C0.1"", ""logreg_C1.0"", ""logreg_C10.0"", ""hgb_d3"", ""hgb_d6""]","[-0.002911396809468695, -0.0029338395219350396, -0.00293721844353185, -0.002882251325929938, -0.002894391636729691]","[3.0, 4.0, 5.0, 1.0, 2.0]",0.0,0,1,hgb_d3>hgb_d6>logreg_C0.1>logreg_C1.0>logreg_C10.0,hgb_d3,candidate_declaration_order_only_for_exact_score_ties
protein_homo,protein_homo(0.9%),4,46,MCC_05,"[""logreg_C0.1"", ""logreg_C1.0"", ""logreg_C10.0"", ""hgb_d3"", ""hgb_d6""]","[0.7731096865983491, 0.7728630437456295, 0.768440138798514, 0.7957532675803103, 0.7955652883183729]","[3.0, 4.0, 5.0, 1.0, 2.0]",0.0,0,1,hgb_d3>hgb_d6>logreg_C0.1>logreg_C1.0>logreg_C10.0,hgb_d3,candidate_declaration_order_only_for_exact_score_ties
protein_homo,protein_homo(0.9%),5,47,SoftMCC,"[""logreg_C0.1"", ""logreg_C1.0"", ""logreg_C10.0"", ""hgb_d3"", ""hgb_d6""]","[0.671905603302726, 0.6672173135805283, 0.6649347236639673, 0.6498336903511238, 0.648232712872596]","[1.0, 2.0, 3.0, 4.0, 5.0]",0.0,0,1,logreg_C0.1>logreg_C1.0>logreg_C10.0>hgb_d3>hgb_d6,logreg_C0.1,candidate_declaration_order_only_for_exact_score_ties
protein_homo,protein_homo(0.9%),5,47,MCC_best,"[""logreg_C0.1"", ""logreg_C1.0"", ""logreg_C10.0"", ""hgb_d3"", ""hgb_d6""]","[0.7783174742461368, 0.7708840292937007, 0.774162864388543, 0.7652415349092165, 0.7643263591040163]","[1.0, 3.0, 2.0, 4.0, 5.0]",0.0,0,1,logreg_C0.1>logreg_C10.0>logreg_C1.0>hgb_d3>hgb_d6,logreg_C0.1,candidate_declaration_order_only_for_exact_score_ties
protein_homo,protein_homo(0.9%),5,47,F1_best,"[""logreg_C0.1"", ""logreg_C1.0"", ""logreg_C10.0"", ""hgb_d3"", ""hgb_d6""]","[0.778675282714055, 0.7714748784440842, 0.7747163695299838, 0.7657512116316639, 0.7649918962722853]","[1.0, 3.0, 2.0, 4.0, 5.0]",0.0,0,1,logreg_C0.1>logreg_C10.0>logreg_C1.0>hgb_d3>hgb_d6,logreg_C0.1,candidate_declaration_order_only_for_exact_score_ties
protein_homo,protein_homo(0.9%),5,47,AUPRC,"[""logreg_C0.1"", ""logreg_C1.0"", ""logreg_C10.0"", ""hgb_d3"", ""hgb_d6""]","[0.8603715261277761, 0.8595622422239457, 0.8583560594308667, 0.8576121366554614, 0.8470864273131331]","[1.0, 2.0, 3.0, 4.0, 5.0]",0.0,0,1,logreg_C0.1>logreg_C1.0>logreg_C10.0>hgb_d3>hgb_d6,logreg_C0.1,candidate_declaration_order_only_for_exact_score_ties
protein_homo,protein_homo(0.9%),5,47,AUROC,"[""logreg_C0.1"", ""logreg_C1.0"", ""logreg_C10.0"", ""hgb_d3"", ""hgb_d6""]","[0.9929337814359506, 0.9931347866964754, 0.9932313501346618, 0.9931018358870832, 0.9870583699899997]","[4.0, 2.0, 1.0, 3.0, 5.0]",0.0,0,1,logreg_C10.0>logreg_C1.0>hgb_d3>logreg_C0.1>hgb_d6,logreg_C10.0,candidate_declaration_order_only_for_exact_score_ties
protein_homo,protein_homo(0.9%),5,47,Brier_neg,"[""logreg_C0.1"", ""logreg_C1.0"", ""logreg_C10.0"", ""hgb_d3"", ""hgb_d6""]","[-0.0026178758816410653, -0.002632293386014385, -0.0026550014624523314, -0.002676429567071816, -0.0026944225351263514]","[1.0, 2.0, 3.0, 4.0, 5.0]",0.0,0,1,logreg_C0.1>logreg_C1.0>logreg_C10.0>hgb_d3>hgb_d6,logreg_C0.1,candidate_declaration_order_only_for_exact_score_ties
protein_homo,protein_homo(0.9%),5,47,MCC_05,"[""logreg_C0.1"", ""logreg_C1.0"", ""logreg_C10.0"", ""hgb_d3"", ""hgb_d6""]","[0.7982254445866229, 0.7999411154684185, 0.7977748583112688, 0.7866498953447546, 0.7930373166913711]","[2.0, 1.0, 3.0, 5.0, 4.0]",0.0,0,1,logreg_C1.0>logreg_C0.1>logreg_C10.0>hgb_d6>hgb_d3,logreg_C1.0,candidate_declaration_order_only_for_exact_score_ties
protein_homo,protein_homo(0.9%),6,48,SoftMCC,"[""logreg_C0.1"", ""logreg_C1.0"", ""logreg_C10.0"", ""hgb_d3"", ""hgb_d6""]","[0.67145079332405, 0.6689710938375345, 0.6682271533021298, 0.6645122486000533, 0.6642298575157892]","[1.0, 2.0, 3.0, 4.0, 5.0]",0.0,0,1,logreg_C0.1>logreg_C1.0>logreg_C10.0>hgb_d3>hgb_d6,logreg_C0.1,candidate_declaration_order_only_for_exact_score_ties
protein_homo,protein_homo(0.9%),6,48,MCC_best,"[""logreg_C0.1"", ""logreg_C1.0"", ""logreg_C10.0"", ""hgb_d3"", ""hgb_d6""]","[0.7397465030094338, 0.7500497511694778, 0.7533236688763948, 0.7500497511694778, 0.741373026040408]","[5.0, 2.5, 1.0, 2.5, 4.0]",6.0,1,2,logreg_C10.0>logreg_C1.0>hgb_d3>hgb_d6>logreg_C0.1,logreg_C10.0,candidate_declaration_order_only_for_exact_score_ties
protein_homo,protein_homo(0.9%),6,48,F1_best,"[""logreg_C0.1"", ""logreg_C1.0"", ""logreg_C10.0"", ""hgb_d3"", ""hgb_d6""]","[0.7396825396825397, 0.7508090614886731, 0.7540453074433657, 0.7508090614886731, 0.7423014586709886]","[5.0, 2.5, 1.0, 2.5, 4.0]",6.0,1,2,logreg_C10.0>logreg_C1.0>hgb_d3>hgb_d6>logreg_C0.1,logreg_C10.0,candidate_declaration_order_only_for_exact_score_ties
protein_homo,protein_homo(0.9%),6,48,AUPRC,"[""logreg_C0.1"", ""logreg_C1.0"", ""logreg_C10.0"", ""hgb_d3"", ""hgb_d6""]","[0.84424253542172, 0.8373831447687514, 0.8410010847463567, 0.8362977755251705, 0.8322067294657285]","[1.0, 3.0, 2.0, 4.0, 5.0]",0.0,0,1,logreg_C0.1>logreg_C10.0>logreg_C1.0>hgb_d3>hgb_d6,logreg_C0.1,candidate_declaration_order_only_for_exact_score_ties
protein_homo,protein_homo(0.9%),6,48,AUROC,"[""logreg_C0.1"", ""logreg_C1.0"", ""logreg_C10.0"", ""hgb_d3"", ""hgb_d6""]","[0.9905881095884749, 0.9900901341417697, 0.9900316490588216, 0.9865883264839738, 0.9784749327501444]","[1.0, 2.0, 3.0, 4.0, 5.0]",0.0,0,1,logreg_C0.1>logreg_C1.0>logreg_C10.0>hgb_d3>hgb_d6,logreg_C0.1,candidate_declaration_order_only_for_exact_score_ties
protein_homo,protein_homo(0.9%),6,48,Brier_neg,"[""logreg_C0.1"", ""logreg_C1.0"", ""logreg_C10.0"", ""hgb_d3"", ""hgb_d6""]","[-0.0026782852058104783, -0.0026974963579218317, -0.002717611111124884, -0.0026215478955138533, -0.0027039088748927083]","[2.0, 3.0, 5.0, 1.0, 4.0]",0.0,0,1,hgb_d3>logreg_C0.1>logreg_C1.0>hgb_d6>logreg_C10.0,hgb_d3,candidate_declaration_order_only_for_exact_score_ties
protein_homo,protein_homo(0.9%),6,48,MCC_05,"[""logreg_C0.1"", ""logreg_C1.0"", ""logreg_C10.0"", ""hgb_d3"", ""hgb_d6""]","[0.7991268914207, 0.8032647181259921, 0.8011028453814404, 0.8076548719688368, 0.8075085024709102]","[5.0, 3.0, 4.0, 1.0, 2.0]",0.0,0,1,hgb_d3>hgb_d6>logreg_C1.0>logreg_C10.0>logreg_C0.1,hgb_d3,candidate_declaration_order_only_for_exact_score_ties
protein_homo,protein_homo(0.9%),7,49,SoftMCC,"[""logreg_C0.1"", ""logreg_C1.0"", ""logreg_C10.0"", ""hgb_d3"", ""hgb_d6""]","[0.6719558053498549, 0.6698701881643301, 0.6693601784379926, 0.6121409847876632, 0.6611815787413003]","[1.0, 2.0, 3.0, 5.0, 4.0]",0.0,0,1,logreg_C0.1>logreg_C1.0>logreg_C10.0>hgb_d6>hgb_d3,logreg_C0.1,candidate_declaration_order_only_for_exact_score_ties
protein_homo,protein_homo(0.9%),7,49,MCC_best,"[""logreg_C0.1"", ""logreg_C1.0"", ""logreg_C10.0"", ""hgb_d3"", ""hgb_d6""]","[0.758602299580638, 0.7338022575122529, 0.7368894699595916, 0.7284356792018762, 0.7284356792018762]","[1.0, 3.0, 2.0, 4.5, 4.5]",6.0,1,2,logreg_C0.1>logreg_C10.0>logreg_C1.0>hgb_d3>hgb_d6,logreg_C0.1,candidate_declaration_order_only_for_exact_score_ties
protein_homo,protein_homo(0.9%),7,49,F1_best,"[""logreg_C0.1"", ""logreg_C1.0"", ""logreg_C10.0"", ""hgb_d3"", ""hgb_d6""]","[0.7596153846153846, 0.7351524879614767, 0.7380191693290735, 0.729903536977492, 0.729903536977492]","[1.0, 3.0, 2.0, 4.5, 4.5]",6.0,1,2,logreg_C0.1>logreg_C10.0>logreg_C1.0>hgb_d3>hgb_d6,logreg_C0.1,candidate_declaration_order_only_for_exact_score_ties
protein_homo,protein_homo(0.9%),7,49,AUPRC,"[""logreg_C0.1"", ""logreg_C1.0"", ""logreg_C10.0"", ""hgb_d3"", ""hgb_d6""]","[0.8259851611479856, 0.8229981294366018, 0.8252547241545893, 0.8050590546661006, 0.8186423439100587]","[1.0, 3.0, 2.0, 5.0, 4.0]",0.0,0,1,logreg_C0.1>logreg_C10.0>logreg_C1.0>hgb_d6>hgb_d3,logreg_C0.1,candidate_declaration_order_only_for_exact_score_ties
protein_homo,protein_homo(0.9%),7,49,AUROC,"[""logreg_C0.1"", ""logreg_C1.0"", ""logreg_C10.0"", ""hgb_d3"", ""hgb_d6""]","[0.9899447749811221, 0.9905470033201565, 0.9903920773330254, 0.9839498037708807, 0.9876260127481955]","[3.0, 1.0, 2.0, 5.0, 4.0]",0.0,0,1,logreg_C1.0>logreg_C10.0>logreg_C0.1>hgb_d6>hgb_d3,logreg_C1.0,candidate_declaration_order_only_for_exact_score_ties
protein_homo,protein_homo(0.9%),7,49,Brier_neg,"[""logreg_C0.1"", ""logreg_C1.0"", ""logreg_C10.0"", ""hgb_d3"", ""hgb_d6""]","[-0.0028105710840640786, -0.0028197531342715157, -0.002831628952595454, -0.0031935945810293675, -0.002995228989473999]","[1.0, 2.0, 3.0, 5.0, 4.0]",0.0,0,1,logreg_C0.1>logreg_C1.0>logreg_C10.0>hgb_d6>hgb_d3,logreg_C0.1,candidate_declaration_order_only_for_exact_score_ties
protein_homo,protein_homo(0.9%),7,49,MCC_05,"[""logreg_C0.1"", ""logreg_C1.0"", ""logreg_C10.0"", ""hgb_d3"", ""hgb_d6""]","[0.790085545819836, 0.7922388139935492, 0.7922388139935492, 0.7553061682124116, 0.7776822665381883]","[3.0, 1.5, 1.5, 5.0, 4.0]",6.0,1,2,logreg_C1.0>logreg_C10.0>logreg_C0.1>hgb_d6>hgb_d3,logreg_C1.0,candidate_declaration_order_only_for_exact_score_ties
protein_homo,protein_homo(0.9%),8,50,SoftMCC,"[""logreg_C0.1"", ""logreg_C1.0"", ""logreg_C10.0"", ""hgb_d3"", ""hgb_d6""]","[0.714600392917099, 0.7132628634451154, 0.7128068650946496, 0.7058205558679923, 0.7008601616775533]","[1.0, 2.0, 3.0, 4.0, 5.0]",0.0,0,1,logreg_C0.1>logreg_C1.0>logreg_C10.0>hgb_d3>hgb_d6,logreg_C0.1,candidate_declaration_order_only_for_exact_score_ties
protein_homo,protein_homo(0.9%),8,50,MCC_best,"[""logreg_C0.1"", ""logreg_C1.0"", ""logreg_C10.0"", ""hgb_d3"", ""hgb_d6""]","[0.7585407848569483, 0.7728063568798502, 0.7650773761604253, 0.7695331332728923, 0.7520041935534714]","[4.0, 1.0, 3.0, 2.0, 5.0]",0.0,0,1,logreg_C1.0>hgb_d3>logreg_C10.0>logreg_C0.1>hgb_d6,logreg_C1.0,candidate_declaration_order_only_for_exact_score_ties
protein_homo,protein_homo(0.9%),8,50,F1_best,"[""logreg_C0.1"", ""logreg_C1.0"", ""logreg_C10.0"", ""hgb_d3"", ""hgb_d6""]","[0.7592891760904685, 0.7734627831715211, 0.7657512116316639, 0.7702265372168284, 0.752827140549273]","[4.0, 1.0, 3.0, 2.0, 5.0]",0.0,0,1,logreg_C1.0>hgb_d3>logreg_C10.0>logreg_C0.1>hgb_d6,logreg_C1.0,candidate_declaration_order_only_for_exact_score_ties
protein_homo,protein_homo(0.9%),8,50,AUPRC,"[""logreg_C0.1"", ""logreg_C1.0"", ""logreg_C10.0"", ""hgb_d3"", ""hgb_d6""]","[0.8477839202484123, 0.849415851438855, 0.8473570611148837, 0.8453723314874425, 0.8413196676827517]","[2.0, 1.0, 3.0, 4.0, 5.0]",0.0,0,1,logreg_C1.0>logreg_C0.1>logreg_C10.0>hgb_d3>hgb_d6,logreg_C1.0,candidate_declaration_order_only_for_exact_score_ties
protein_homo,protein_homo(0.9%),8,50,AUROC,"[""logreg_C0.1"", ""logreg_C1.0"", ""logreg_C10.0"", ""hgb_d3"", ""hgb_d6""]","[0.9806136326987872, 0.9795006131871301, 0.9795257029373572, 0.9786588069797245, 0.9828023288380422]","[2.0, 4.0, 3.0, 5.0, 1.0]",0.0,0,1,hgb_d6>logreg_C0.1>logreg_C10.0>logreg_C1.0>hgb_d3,hgb_d6,candidate_declaration_order_only_for_exact_score_ties
protein_homo,protein_homo(0.9%),8,50,Brier_neg,"[""logreg_C0.1"", ""logreg_C1.0"", ""logreg_C10.0"", ""hgb_d3"", ""hgb_d6""]","[-0.0024442732628499994, -0.002451307232761959, -0.002456461428948303, -0.002400618719111231, -0.0025257161810299917]","[2.0, 3.0, 4.0, 1.0, 5.0]",0.0,0,1,hgb_d3>logreg_C0.1>logreg_C1.0>logreg_C10.0>hgb_d6,hgb_d3,candidate_declaration_order_only_for_exact_score_ties
protein_homo,protein_homo(0.9%),8,50,MCC_05,"[""logreg_C0.1"", ""logreg_C1.0"", ""logreg_C10.0"", ""hgb_d3"", ""hgb_d6""]","[0.8316783915949592, 0.8356571013775106, 0.8315065014562321, 0.823885981191791, 0.813339964684941]","[2.0, 1.0, 3.0, 4.0, 5.0]",0.0,0,1,logreg_C1.0>logreg_C0.1>logreg_C10.0>hgb_d3>hgb_d6,logreg_C1.0,candidate_declaration_order_only_for_exact_score_ties
protein_homo,protein_homo(0.9%),9,51,SoftMCC,"[""logreg_C0.1"", ""logreg_C1.0"", ""logreg_C10.0"", ""hgb_d3"", ""hgb_d6""]","[0.7048001474509189, 0.7001578213632961, 0.6987271860648956, 0.6401261746580407, 0.6843827771826695]","[1.0, 2.0, 3.0, 5.0, 4.0]",0.0,0,1,logreg_C0.1>logreg_C1.0>logreg_C10.0>hgb_d6>hgb_d3,logreg_C0.1,candidate_declaration_order_only_for_exact_score_ties
protein_homo,protein_homo(0.9%),9,51,MCC_best,"[""logreg_C0.1"", ""logreg_C1.0"", ""logreg_C10.0"", ""hgb_d3"", ""hgb_d6""]","[0.773057023034973, 0.7615540900455159, 0.759437900306332, 0.7278859014336468, 0.7596354341286022]","[1.0, 2.0, 4.0, 5.0, 3.0]",0.0,0,1,logreg_C0.1>logreg_C1.0>hgb_d6>logreg_C10.0>hgb_d3,logreg_C0.1,candidate_declaration_order_only_for_exact_score_ties
protein_homo,protein_homo(0.9%),9,51,F1_best,"[""logreg_C0.1"", ""logreg_C1.0"", ""logreg_C10.0"", ""hgb_d3"", ""hgb_d6""]","[0.7732463295269169, 0.7612903225806451, 0.7592891760904685, 0.7284552845528456, 0.7597402597402597]","[1.0, 2.0, 4.0, 5.0, 3.0]",0.0,0,1,logreg_C0.1>logreg_C1.0>hgb_d6>logreg_C10.0>hgb_d3,logreg_C0.1,candidate_declaration_order_only_for_exact_score_ties
protein_homo,protein_homo(0.9%),9,51,AUPRC,"[""logreg_C0.1"", ""logreg_C1.0"", ""logreg_C10.0"", ""hgb_d3"", ""hgb_d6""]","[0.8561079933968483, 0.8547211284078293, 0.8534140626745821, 0.8236875472508182, 0.8560576796420853]","[1.0, 3.0, 4.0, 5.0, 2.0]",0.0,0,1,logreg_C0.1>hgb_d6>logreg_C1.0>logreg_C10.0>hgb_d3,logreg_C0.1,candidate_declaration_order_only_for_exact_score_ties
protein_homo,protein_homo(0.9%),9,51,AUROC,"[""logreg_C0.1"", ""logreg_C1.0"", ""logreg_C10.0"", ""hgb_d3"", ""hgb_d6""]","[0.9870628949662971, 0.9868803027726263, 0.9868063372772599, 0.9858773954427537, 0.9849622748978925]","[1.0, 2.0, 3.0, 4.0, 5.0]",0.0,0,1,logreg_C0.1>logreg_C1.0>logreg_C10.0>hgb_d3>hgb_d6,logreg_C0.1,candidate_declaration_order_only_for_exact_score_ties
protein_homo,protein_homo(0.9%),9,51,Brier_neg,"[""logreg_C0.1"", ""logreg_C1.0"", ""logreg_C10.0"", ""hgb_d3"", ""hgb_d6""]","[-0.0023291384552288122, -0.00237829717116545, -0.002396693043179411, -0.0027996731645120497, -0.002408926972942032]","[1.0, 2.0, 3.0, 5.0, 4.0]",0.0,0,1,logreg_C0.1>logreg_C1.0>logreg_C10.0>hgb_d6>hgb_d3,logreg_C0.1,candidate_declaration_order_only_for_exact_score_ties
protein_homo,protein_homo(0.9%),9,51,MCC_05,"[""logreg_C0.1"", ""logreg_C1.0"", ""logreg_C10.0"", ""hgb_d3"", ""hgb_d6""]","[0.8304794013030505, 0.8219611103422592, 0.8240170161899508, 0.7750073437843485, 0.8115633988516856]","[1.0, 3.0, 2.0, 5.0, 4.0]",0.0,0,1,logreg_C0.1>logreg_C10.0>logreg_C1.0>hgb_d6>hgb_d3,logreg_C0.1,candidate_declaration_order_only_for_exact_score_ties
protein_homo,protein_homo(0.9%),10,52,SoftMCC,"[""logreg_C0.1"", ""logreg_C1.0"", ""logreg_C10.0"", ""hgb_d3"", ""hgb_d6""]","[0.6858535897769191, 0.6809913843675176, 0.6812729641475178, 0.6796465714390549, 0.6749069361403647]","[1.0, 3.0, 2.0, 4.0, 5.0]",0.0,0,1,logreg_C0.1>logreg_C10.0>logreg_C1.0>hgb_d3>hgb_d6,logreg_C0.1,candidate_declaration_order_only_for_exact_score_ties
protein_homo,protein_homo(0.9%),10,52,MCC_best,"[""logreg_C0.1"", ""logreg_C1.0"", ""logreg_C10.0"", ""hgb_d3"", ""hgb_d6""]","[0.7514801103655381, 0.7472784039940487, 0.7461243431298319, 0.7603268145305235, 0.753802609262286]","[3.0, 4.0, 5.0, 1.0, 2.0]",0.0,0,1,hgb_d3>hgb_d6>logreg_C0.1>logreg_C1.0>logreg_C10.0,hgb_d3,candidate_declaration_order_only_for_exact_score_ties
protein_homo,protein_homo(0.9%),10,52,F1_best,"[""logreg_C0.1"", ""logreg_C1.0"", ""logreg_C10.0"", ""hgb_d3"", ""hgb_d6""]","[0.752411575562701, 0.7483870967741936, 0.7471819645732689, 0.7612903225806451, 0.7548387096774194]","[3.0, 4.0, 5.0, 1.0, 2.0]",0.0,0,1,hgb_d3>hgb_d6>logreg_C0.1>logreg_C1.0>logreg_C10.0,hgb_d3,candidate_declaration_order_only_for_exact_score_ties
protein_homo,protein_homo(0.9%),10,52,AUPRC,"[""logreg_C0.1"", ""logreg_C1.0"", ""logreg_C10.0"", ""hgb_d3"", ""hgb_d6""]","[0.8475109956974176, 0.8453558848720925, 0.845945239488179, 0.8430808959638525, 0.8452641068099803]","[1.0, 3.0, 2.0, 5.0, 4.0]",0.0,0,1,logreg_C0.1>logreg_C10.0>logreg_C1.0>hgb_d6>hgb_d3,logreg_C0.1,candidate_declaration_order_only_for_exact_score_ties
protein_homo,protein_homo(0.9%),10,52,AUROC,"[""logreg_C0.1"", ""logreg_C1.0"", ""logreg_C10.0"", ""hgb_d3"", ""hgb_d6""]","[0.9902827687471912, 0.9902619008272128, 0.9899263278109931, 0.9875568176548505, 0.9826144405163104]","[1.0, 2.0, 3.0, 4.0, 5.0]",0.0,0,1,logreg_C0.1>logreg_C1.0>logreg_C10.0>hgb_d3>hgb_d6,logreg_C0.1,candidate_declaration_order_only_for_exact_score_ties
protein_homo,protein_homo(0.9%),10,52,Brier_neg,"[""logreg_C0.1"", ""logreg_C1.0"", ""logreg_C10.0"", ""hgb_d3"", ""hgb_d6""]","[-0.0025196818668465504, -0.002557005883726048, -0.002551830085611846, -0.0026067324391700498, -0.002631136832430078]","[1.0, 3.0, 2.0, 4.0, 5.0]",0.0,0,1,logreg_C0.1>logreg_C10.0>logreg_C1.0>hgb_d3>hgb_d6,logreg_C0.1,candidate_declaration_order_only_for_exact_score_ties
protein_homo,protein_homo(0.9%),10,52,MCC_05,"[""logreg_C0.1"", ""logreg_C1.0"", ""logreg_C10.0"", ""hgb_d3"", ""hgb_d6""]","[0.8287035648650969, 0.8246436962342536, 0.8183738014521207, 0.814284948014802, 0.8059507232985217]","[1.0, 2.0, 3.0, 4.0, 5.0]",0.0,0,1,logreg_C0.1>logreg_C1.0>logreg_C10.0>hgb_d3>hgb_d6,logreg_C0.1,candidate_declaration_order_only_for_exact_score_ties
protein_homo,protein_homo(0.9%),11,53,SoftMCC,"[""logreg_C0.1"", ""logreg_C1.0"", ""logreg_C10.0"", ""hgb_d3"", ""hgb_d6""]","[0.6934601352682506, 0.6914267935770586, 0.6913256679634101, 0.6859194267411499, 0.6812381130774091]","[1.0, 2.0, 3.0, 4.0, 5.0]",0.0,0,1,logreg_C0.1>logreg_C1.0>logreg_C10.0>hgb_d3>hgb_d6,logreg_C0.1,candidate_declaration_order_only_for_exact_score_ties
protein_homo,protein_homo(0.9%),11,53,MCC_best,"[""logreg_C0.1"", ""logreg_C1.0"", ""logreg_C10.0"", ""hgb_d3"", ""hgb_d6""]","[0.7593073641313387, 0.7560495320508999, 0.7602306145167115, 0.7744071026382806, 0.7646482308314176]","[4.0, 5.0, 3.0, 1.0, 2.0]",0.0,0,1,hgb_d3>hgb_d6>logreg_C10.0>logreg_C0.1>logreg_C1.0,hgb_d3,candidate_declaration_order_only_for_exact_score_ties
protein_homo,protein_homo(0.9%),11,53,F1_best,"[""logreg_C0.1"", ""logreg_C1.0"", ""logreg_C10.0"", ""hgb_d3"", ""hgb_d6""]","[0.7600644122383253, 0.7568438003220612, 0.7608346709470305, 0.77491961414791, 0.7652733118971061]","[4.0, 5.0, 3.0, 1.0, 2.0]",0.0,0,1,hgb_d3>hgb_d6>logreg_C10.0>logreg_C0.1>logreg_C1.0,hgb_d3,candidate_declaration_order_only_for_exact_score_ties
protein_homo,protein_homo(0.9%),11,53,AUPRC,"[""logreg_C0.1"", ""logreg_C1.0"", ""logreg_C10.0"", ""hgb_d3"", ""hgb_d6""]","[0.8477520091227835, 0.8480842382411011, 0.8485883446133273, 0.8509576375523217, 0.8464936732930519]","[4.0, 3.0, 2.0, 1.0, 5.0]",0.0,0,1,hgb_d3>logreg_C10.0>logreg_C1.0>logreg_C0.1>hgb_d6,hgb_d3,candidate_declaration_order_only_for_exact_score_ties
protein_homo,protein_homo(0.9%),11,53,AUROC,"[""logreg_C0.1"", ""logreg_C1.0"", ""logreg_C10.0"", ""hgb_d3"", ""hgb_d6""]","[0.9902051969032302, 0.989590004831235, 0.9895568026465315, 0.9878649715788241, 0.9835695182373575]","[1.0, 2.0, 3.0, 4.0, 5.0]",0.0,0,1,logreg_C0.1>logreg_C1.0>logreg_C10.0>hgb_d3>hgb_d6,logreg_C0.1,candidate_declaration_order_only_for_exact_score_ties
protein_homo,protein_homo(0.9%),11,53,Brier_neg,"[""logreg_C0.1"", ""logreg_C1.0"", ""logreg_C10.0"", ""hgb_d3"", ""hgb_d6""]","[-0.002474903157817373, -0.0024906483835774804, -0.0024924658242118404, -0.002528854350809049, -0.0025726576037437077]","[1.0, 2.0, 3.0, 4.0, 5.0]",0.0,0,1,logreg_C0.1>logreg_C1.0>logreg_C10.0>hgb_d3>hgb_d6,logreg_C0.1,candidate_declaration_order_only_for_exact_score_ties
protein_homo,protein_homo(0.9%),11,53,MCC_05,"[""logreg_C0.1"", ""logreg_C1.0"", ""logreg_C10.0"", ""hgb_d3"", ""hgb_d6""]","[0.81793946397146, 0.8200418299257327, 0.8200418299257327, 0.8159845984757635, 0.8113443725121033]","[3.0, 1.5, 1.5, 4.0, 5.0]",6.0,1,2,logreg_C1.0>logreg_C10.0>logreg_C0.1>hgb_d3>hgb_d6,logreg_C1.0,candidate_declaration_order_only_for_exact_score_ties
sick_euthyroid,sick_euthyroid(9.3%),0,42,SoftMCC,"[""logreg_C0.1"", ""logreg_C1.0"", ""logreg_C10.0"", ""hgb_d3"", ""hgb_d6""]","[0.5081454268979461, 0.49863773232998276, 0.4918324409969307, 0.7421827965492162, 0.7402955839296693]","[3.0, 4.0, 5.0, 1.0, 2.0]",0.0,0,1,hgb_d3>hgb_d6>logreg_C0.1>logreg_C1.0>logreg_C10.0,hgb_d3,candidate_declaration_order_only_for_exact_score_ties
sick_euthyroid,sick_euthyroid(9.3%),0,42,MCC_best,"[""logreg_C0.1"", ""logreg_C1.0"", ""logreg_C10.0"", ""hgb_d3"", ""hgb_d6""]","[0.736313977710679, 0.7316129862368851, 0.7275452389342649, 0.8742471810955577, 0.8811120859225856]","[3.0, 4.0, 5.0, 2.0, 1.0]",0.0,0,1,hgb_d6>hgb_d3>logreg_C0.1>logreg_C1.0>logreg_C10.0,hgb_d6,candidate_declaration_order_only_for_exact_score_ties
sick_euthyroid,sick_euthyroid(9.3%),0,42,F1_best,"[""logreg_C0.1"", ""logreg_C1.0"", ""logreg_C10.0"", ""hgb_d3"", ""hgb_d6""]","[0.7567567567567568, 0.7532467532467533, 0.7516778523489933, 0.8857142857142857, 0.8920863309352518]","[3.0, 4.0, 5.0, 2.0, 1.0]",0.0,0,1,hgb_d6>hgb_d3>logreg_C0.1>logreg_C1.0>logreg_C10.0,hgb_d6,candidate_declaration_order_only_for_exact_score_ties
sick_euthyroid,sick_euthyroid(9.3%),0,42,AUPRC,"[""logreg_C0.1"", ""logreg_C1.0"", ""logreg_C10.0"", ""hgb_d3"", ""hgb_d6""]","[0.662967375894409, 0.6686672208077833, 0.6804800276100835, 0.9057210668310749, 0.9190056735381716]","[5.0, 4.0, 3.0, 2.0, 1.0]",0.0,0,1,hgb_d6>hgb_d3>logreg_C10.0>logreg_C1.0>logreg_C0.1,hgb_d6,candidate_declaration_order_only_for_exact_score_ties
sick_euthyroid,sick_euthyroid(9.3%),0,42,AUROC,"[""logreg_C0.1"", ""logreg_C1.0"", ""logreg_C10.0"", ""hgb_d3"", ""hgb_d6""]","[0.9485607675906184, 0.952384815055159, 0.9572517845554834, 0.9921549086863818, 0.9928965421340502]","[5.0, 4.0, 3.0, 2.0, 1.0]",0.0,0,1,hgb_d6>hgb_d3>logreg_C10.0>logreg_C1.0>logreg_C0.1,hgb_d6,candidate_declaration_order_only_for_exact_score_ties
sick_euthyroid,sick_euthyroid(9.3%),0,42,Brier_neg,"[""logreg_C0.1"", ""logreg_C1.0"", ""logreg_C10.0"", ""hgb_d3"", ""hgb_d6""]","[-0.04072460172657864, -0.04182734908709942, -0.04104858759139542, -0.018903236746784995, -0.019413098811486746]","[3.0, 5.0, 4.0, 1.0, 2.0]",0.0,0,1,hgb_d3>hgb_d6>logreg_C0.1>logreg_C10.0>logreg_C1.0,hgb_d3,candidate_declaration_order_only_for_exact_score_ties
sick_euthyroid,sick_euthyroid(9.3%),0,42,MCC_05,"[""logreg_C0.1"", ""logreg_C1.0"", ""logreg_C10.0"", ""hgb_d3"", ""hgb_d6""]","[0.6931612862141125, 0.5722189830413827, 0.5992473329601431, 0.8498049369911905, 0.8405204760291909]","[3.0, 5.0, 4.0, 1.0, 2.0]",0.0,0,1,hgb_d3>hgb_d6>logreg_C0.1>logreg_C10.0>logreg_C1.0,hgb_d3,candidate_declaration_order_only_for_exact_score_ties
sick_euthyroid,sick_euthyroid(9.3%),1,43,SoftMCC,"[""logreg_C0.1"", ""logreg_C1.0"", ""logreg_C10.0"", ""hgb_d3"", ""hgb_d6""]","[0.538363128918188, 0.5290037605671086, 0.522745937996053, 0.7571167660066423, 0.7547145117847014]","[3.0, 4.0, 5.0, 1.0, 2.0]",0.0,0,1,hgb_d3>hgb_d6>logreg_C0.1>logreg_C1.0>logreg_C10.0,hgb_d3,candidate_declaration_order_only_for_exact_score_ties
sick_euthyroid,sick_euthyroid(9.3%),1,43,MCC_best,"[""logreg_C0.1"", ""logreg_C1.0"", ""logreg_C10.0"", ""hgb_d3"", ""hgb_d6""]","[0.7527238660234223, 0.7956560703027186, 0.7793058826852486, 0.8580034799595724, 0.877407008390068]","[5.0, 3.0, 4.0, 2.0, 1.0]",0.0,0,1,hgb_d6>hgb_d3>logreg_C1.0>logreg_C10.0>logreg_C0.1,hgb_d6,candidate_declaration_order_only_for_exact_score_ties
sick_euthyroid,sick_euthyroid(9.3%),1,43,F1_best,"[""logreg_C0.1"", ""logreg_C1.0"", ""logreg_C10.0"", ""hgb_d3"", ""hgb_d6""]","[0.7755102040816326, 0.8148148148148148, 0.8, 0.8714285714285714, 0.8888888888888888]","[5.0, 3.0, 4.0, 2.0, 1.0]",0.0,0,1,hgb_d6>hgb_d3>logreg_C1.0>logreg_C10.0>logreg_C0.1,hgb_d6,candidate_declaration_order_only_for_exact_score_ties
sick_euthyroid,sick_euthyroid(9.3%),1,43,AUPRC,"[""logreg_C0.1"", ""logreg_C1.0"", ""logreg_C10.0"", ""hgb_d3"", ""hgb_d6""]","[0.7797252570442994, 0.7453476411934454, 0.7345407083797999, 0.9395806976705242, 0.9471647143845502]","[3.0, 4.0, 5.0, 2.0, 1.0]",0.0,0,1,hgb_d6>hgb_d3>logreg_C0.1>logreg_C1.0>logreg_C10.0,hgb_d6,candidate_declaration_order_only_for_exact_score_ties
sick_euthyroid,sick_euthyroid(9.3%),1,43,AUROC,"[""logreg_C0.1"", ""logreg_C1.0"", ""logreg_C10.0"", ""hgb_d3"", ""hgb_d6""]","[0.9642179452426132, 0.9624672449625011, 0.963540254811602, 0.9912577934399566, 0.993132736965754]","[3.0, 5.0, 4.0, 2.0, 1.0]",0.0,0,1,hgb_d6>hgb_d3>logreg_C0.1>logreg_C10.0>logreg_C1.0,hgb_d6,candidate_declaration_order_only_for_exact_score_ties
sick_euthyroid,sick_euthyroid(9.3%),1,43,Brier_neg,"[""logreg_C0.1"", ""logreg_C1.0"", ""logreg_C10.0"", ""hgb_d3"", ""hgb_d6""]","[-0.035563648698347154, -0.03650951544579575, -0.03660607055874951, -0.017654619009235154, -0.017492542237106914]","[3.0, 4.0, 5.0, 2.0, 1.0]",0.0,0,1,hgb_d6>hgb_d3>logreg_C0.1>logreg_C1.0>logreg_C10.0,hgb_d6,candidate_declaration_order_only_for_exact_score_ties
sick_euthyroid,sick_euthyroid(9.3%),1,43,MCC_05,"[""logreg_C0.1"", ""logreg_C1.0"", ""logreg_C10.0"", ""hgb_d3"", ""hgb_d6""]","[0.6535461757706316, 0.7544520071815617, 0.7501972202809843, 0.8283564455376583, 0.877407008390068]","[5.0, 3.0, 4.0, 2.0, 1.0]",0.0,0,1,hgb_d6>hgb_d3>logreg_C1.0>logreg_C10.0>logreg_C0.1,hgb_d6,candidate_declaration_order_only_for_exact_score_ties
sick_euthyroid,sick_euthyroid(9.3%),2,44,SoftMCC,"[""logreg_C0.1"", ""logreg_C1.0"", ""logreg_C10.0"", ""hgb_d3"", ""hgb_d6""]","[0.5296267329610148, 0.5422644438553025, 0.5194208412668435, 0.7346976353221587, 0.7267569279474623]","[4.0, 3.0, 5.0, 1.0, 2.0]",0.0,0,1,hgb_d3>hgb_d6>logreg_C1.0>logreg_C0.1>logreg_C10.0,hgb_d3,candidate_declaration_order_only_for_exact_score_ties
sick_euthyroid,sick_euthyroid(9.3%),2,44,MCC_best,"[""logreg_C0.1"", ""logreg_C1.0"", ""logreg_C10.0"", ""hgb_d3"", ""hgb_d6""]","[0.7329981846110878, 0.7815933134999751, 0.7625371858273479, 0.8278158807863065, 0.8406455906593376]","[5.0, 3.0, 4.0, 2.0, 1.0]",0.0,0,1,hgb_d6>hgb_d3>logreg_C1.0>logreg_C10.0>logreg_C0.1,hgb_d6,candidate_declaration_order_only_for_exact_score_ties
sick_euthyroid,sick_euthyroid(9.3%),2,44,F1_best,"[""logreg_C0.1"", ""logreg_C1.0"", ""logreg_C10.0"", ""hgb_d3"", ""hgb_d6""]","[0.7575757575757576, 0.8, 0.7763157894736842, 0.8413793103448276, 0.855072463768116]","[5.0, 3.0, 4.0, 2.0, 1.0]",0.0,0,1,hgb_d6>hgb_d3>logreg_C1.0>logreg_C10.0>logreg_C0.1,hgb_d6,candidate_declaration_order_only_for_exact_score_ties
sick_euthyroid,sick_euthyroid(9.3%),2,44,AUPRC,"[""logreg_C0.1"", ""logreg_C1.0"", ""logreg_C10.0"", ""hgb_d3"", ""hgb_d6""]","[0.758167605760632, 0.7745813462521277, 0.7815192069686191, 0.86432341520469, 0.8635532335544813]","[5.0, 4.0, 3.0, 1.0, 2.0]",0.0,0,1,hgb_d3>hgb_d6>logreg_C10.0>logreg_C1.0>logreg_C0.1,hgb_d3,candidate_declaration_order_only_for_exact_score_ties
sick_euthyroid,sick_euthyroid(9.3%),2,44,AUROC,"[""logreg_C0.1"", ""logreg_C1.0"", ""logreg_C10.0"", ""hgb_d3"", ""hgb_d6""]","[0.9683703393380813, 0.9772378159474934, 0.9745030954708374, 0.9858260019550343, 0.9809267793138761]","[5.0, 3.0, 4.0, 1.0, 2.0]",0.0,0,1,hgb_d3>hgb_d6>logreg_C1.0>logreg_C10.0>logreg_C0.1,hgb_d3,candidate_declaration_order_only_for_exact_score_ties
sick_euthyroid,sick_euthyroid(9.3%),2,44,Brier_neg,"[""logreg_C0.1"", ""logreg_C1.0"", ""logreg_C10.0"", ""hgb_d3"", ""hgb_d6""]","[-0.03670131804447373, -0.0327284229541076, -0.03409826330713174, -0.024954052027149978, -0.02529285800968702]","[5.0, 3.0, 4.0, 1.0, 2.0]",0.0,0,1,hgb_d3>hgb_d6>logreg_C1.0>logreg_C10.0>logreg_C0.1,hgb_d3,candidate_declaration_order_only_for_exact_score_ties
sick_euthyroid,sick_euthyroid(9.3%),2,44,MCC_05,"[""logreg_C0.1"", ""logreg_C1.0"", ""logreg_C10.0"", ""hgb_d3"", ""hgb_d6""]","[0.7329981846110878, 0.7156194853944491, 0.7122171823047868, 0.8369938540475489, 0.8340473165113004]","[3.0, 4.0, 5.0, 1.0, 2.0]",0.0,0,1,hgb_d3>hgb_d6>logreg_C0.1>logreg_C1.0>logreg_C10.0,hgb_d3,candidate_declaration_order_only_for_exact_score_ties
sick_euthyroid,sick_euthyroid(9.3%),3,45,SoftMCC,"[""logreg_C0.1"", ""logreg_C1.0"", ""logreg_C10.0"", ""hgb_d3"", ""hgb_d6""]","[0.49681394512435706, 0.49180307487359, 0.46534894065765353, 0.7355038956764651, 0.7299439496666689]","[3.0, 4.0, 5.0, 1.0, 2.0]",0.0,0,1,hgb_d3>hgb_d6>logreg_C0.1>logreg_C1.0>logreg_C10.0,hgb_d3,candidate_declaration_order_only_for_exact_score_ties
sick_euthyroid,sick_euthyroid(9.3%),3,45,MCC_best,"[""logreg_C0.1"", ""logreg_C1.0"", ""logreg_C10.0"", ""hgb_d3"", ""hgb_d6""]","[0.6852864989783236, 0.6952769201319915, 0.6855351070527762, 0.8570716412718986, 0.8565474884884512]","[5.0, 3.0, 4.0, 1.0, 2.0]",0.0,0,1,hgb_d3>hgb_d6>logreg_C1.0>logreg_C10.0>logreg_C0.1,hgb_d3,candidate_declaration_order_only_for_exact_score_ties
sick_euthyroid,sick_euthyroid(9.3%),3,45,F1_best,"[""logreg_C0.1"", ""logreg_C1.0"", ""logreg_C10.0"", ""hgb_d3"", ""hgb_d6""]","[0.7101449275362319, 0.7230769230769231, 0.7153284671532847, 0.8702290076335878, 0.8695652173913043]","[5.0, 3.0, 4.0, 1.0, 2.0]",0.0,0,1,hgb_d3>hgb_d6>logreg_C1.0>logreg_C10.0>logreg_C0.1,hgb_d3,candidate_declaration_order_only_for_exact_score_ties
sick_euthyroid,sick_euthyroid(9.3%),3,45,AUPRC,"[""logreg_C0.1"", ""logreg_C1.0"", ""logreg_C10.0"", ""hgb_d3"", ""hgb_d6""]","[0.6781078264404986, 0.6814103272438843, 0.6520347926803667, 0.884814870989855, 0.9114012175607483]","[4.0, 3.0, 5.0, 2.0, 1.0]",0.0,0,1,hgb_d6>hgb_d3>logreg_C1.0>logreg_C0.1>logreg_C10.0,hgb_d6,candidate_declaration_order_only_for_exact_score_ties
sick_euthyroid,sick_euthyroid(9.3%),3,45,AUROC,"[""logreg_C0.1"", ""logreg_C1.0"", ""logreg_C10.0"", ""hgb_d3"", ""hgb_d6""]","[0.9521103896103896, 0.9525221155655939, 0.9486048371917937, 0.9730613589309242, 0.9745435723696593]","[4.0, 3.0, 5.0, 2.0, 1.0]",0.0,0,1,hgb_d6>hgb_d3>logreg_C1.0>logreg_C0.1>logreg_C10.0,hgb_d6,candidate_declaration_order_only_for_exact_score_ties
sick_euthyroid,sick_euthyroid(9.3%),3,45,Brier_neg,"[""logreg_C0.1"", ""logreg_C1.0"", ""logreg_C10.0"", ""hgb_d3"", ""hgb_d6""]","[-0.042802445580579454, -0.042082404360682224, -0.0446750316271497, -0.020348404940710198, -0.02003663243627154]","[4.0, 3.0, 5.0, 2.0, 1.0]",0.0,0,1,hgb_d6>hgb_d3>logreg_C1.0>logreg_C0.1>logreg_C10.0,hgb_d6,candidate_declaration_order_only_for_exact_score_ties
sick_euthyroid,sick_euthyroid(9.3%),3,45,MCC_05,"[""logreg_C0.1"", ""logreg_C1.0"", ""logreg_C10.0"", ""hgb_d3"", ""hgb_d6""]","[0.6700344937831682, 0.7018171480337994, 0.6441325359437248, 0.8382789240447531, 0.8402523802076906]","[4.0, 3.0, 5.0, 2.0, 1.0]",0.0,0,1,hgb_d6>hgb_d3>logreg_C1.0>logreg_C0.1>logreg_C10.0,hgb_d6,candidate_declaration_order_only_for_exact_score_ties
sick_euthyroid,sick_euthyroid(9.3%),4,46,SoftMCC,"[""logreg_C0.1"", ""logreg_C1.0"", ""logreg_C10.0"", ""hgb_d3"", ""hgb_d6""]","[0.5195447074037233, 0.4938140180774126, 0.485843177105329, 0.7030704548399138, 0.7293790509057558]","[3.0, 4.0, 5.0, 2.0, 1.0]",0.0,0,1,hgb_d6>hgb_d3>logreg_C0.1>logreg_C1.0>logreg_C10.0,hgb_d6,candidate_declaration_order_only_for_exact_score_ties
sick_euthyroid,sick_euthyroid(9.3%),4,46,MCC_best,"[""logreg_C0.1"", ""logreg_C1.0"", ""logreg_C10.0"", ""hgb_d3"", ""hgb_d6""]","[0.7059539237984422, 0.6625661074651071, 0.6521998630729203, 0.8013231647993804, 0.8122423725203852]","[3.0, 4.0, 5.0, 2.0, 1.0]",0.0,0,1,hgb_d6>hgb_d3>logreg_C0.1>logreg_C1.0>logreg_C10.0,hgb_d6,candidate_declaration_order_only_for_exact_score_ties
sick_euthyroid,sick_euthyroid(9.3%),4,46,F1_best,"[""logreg_C0.1"", ""logreg_C1.0"", ""logreg_C10.0"", ""hgb_d3"", ""hgb_d6""]","[0.732824427480916, 0.6950354609929078, 0.6857142857142857, 0.8201438848920863, 0.828125]","[3.0, 4.0, 5.0, 2.0, 1.0]",0.0,0,1,hgb_d6>hgb_d3>logreg_C0.1>logreg_C1.0>logreg_C10.0,hgb_d6,candidate_declaration_order_only_for_exact_score_ties
sick_euthyroid,sick_euthyroid(9.3%),4,46,AUPRC,"[""logreg_C0.1"", ""logreg_C1.0"", ""logreg_C10.0"", ""hgb_d3"", ""hgb_d6""]","[0.6762963632903742, 0.6806168867090062, 0.6469007496615091, 0.864722410166747, 0.8736710350035969]","[4.0, 3.0, 5.0, 2.0, 1.0]",0.0,0,1,hgb_d6>hgb_d3>logreg_C1.0>logreg_C0.1>logreg_C10.0,hgb_d6,candidate_declaration_order_only_for_exact_score_ties
sick_euthyroid,sick_euthyroid(9.3%),4,46,AUROC,"[""logreg_C0.1"", ""logreg_C1.0"", ""logreg_C10.0"", ""hgb_d3"", ""hgb_d6""]","[0.9436358579771946, 0.947309261147678, 0.9455362936868452, 0.9696973208491703, 0.9739733011958839]","[5.0, 3.0, 4.0, 2.0, 1.0]",0.0,0,1,hgb_d6>hgb_d3>logreg_C1.0>logreg_C10.0>logreg_C0.1,hgb_d6,candidate_declaration_order_only_for_exact_score_ties
sick_euthyroid,sick_euthyroid(9.3%),4,46,Brier_neg,"[""logreg_C0.1"", ""logreg_C1.0"", ""logreg_C10.0"", ""hgb_d3"", ""hgb_d6""]","[-0.043035541591517006, -0.04433421286893881, -0.04682271474030385, -0.02759518080102804, -0.02568309798450649]","[3.0, 4.0, 5.0, 2.0, 1.0]",0.0,0,1,hgb_d6>hgb_d3>logreg_C0.1>logreg_C1.0>logreg_C10.0,hgb_d6,candidate_declaration_order_only_for_exact_score_ties
sick_euthyroid,sick_euthyroid(9.3%),4,46,MCC_05,"[""logreg_C0.1"", ""logreg_C1.0"", ""logreg_C10.0"", ""hgb_d3"", ""hgb_d6""]","[0.7059539237984422, 0.6575352960303881, 0.6121576986433943, 0.7900580189426601, 0.8022619820153889]","[3.0, 4.0, 5.0, 2.0, 1.0]",0.0,0,1,hgb_d6>hgb_d3>logreg_C0.1>logreg_C1.0>logreg_C10.0,hgb_d6,candidate_declaration_order_only_for_exact_score_ties
sick_euthyroid,sick_euthyroid(9.3%),5,47,SoftMCC,"[""logreg_C0.1"", ""logreg_C1.0"", ""logreg_C10.0"", ""hgb_d3"", ""hgb_d6""]","[0.5646458720350439, 0.5659787555351463, 0.5565973668082496, 0.7420873459173342, 0.7310975133866233]","[4.0, 3.0, 5.0, 1.0, 2.0]",0.0,0,1,hgb_d3>hgb_d6>logreg_C1.0>logreg_C0.1>logreg_C10.0,hgb_d3,candidate_declaration_order_only_for_exact_score_ties
sick_euthyroid,sick_euthyroid(9.3%),5,47,MCC_best,"[""logreg_C0.1"", ""logreg_C1.0"", ""logreg_C10.0"", ""hgb_d3"", ""hgb_d6""]","[0.7560070948376082, 0.7592322523714793, 0.7745434182574625, 0.8584511029511904, 0.8498694257666769]","[5.0, 4.0, 3.0, 1.0, 2.0]",0.0,0,1,hgb_d3>hgb_d6>logreg_C10.0>logreg_C1.0>logreg_C0.1,hgb_d3,candidate_declaration_order_only_for_exact_score_ties
sick_euthyroid,sick_euthyroid(9.3%),5,47,F1_best,"[""logreg_C0.1"", ""logreg_C1.0"", ""logreg_C10.0"", ""hgb_d3"", ""hgb_d6""]","[0.7777777777777778, 0.7808219178082192, 0.7945205479452054, 0.8714285714285714, 0.8636363636363636]","[5.0, 4.0, 3.0, 1.0, 2.0]",0.0,0,1,hgb_d3>hgb_d6>logreg_C10.0>logreg_C1.0>logreg_C0.1,hgb_d3,candidate_declaration_order_only_for_exact_score_ties
sick_euthyroid,sick_euthyroid(9.3%),5,47,AUPRC,"[""logreg_C0.1"", ""logreg_C1.0"", ""logreg_C10.0"", ""hgb_d3"", ""hgb_d6""]","[0.7314942605047268, 0.7614579234065658, 0.7651902748565397, 0.888541077201535, 0.8880444344815966]","[5.0, 4.0, 3.0, 1.0, 2.0]",0.0,0,1,hgb_d3>hgb_d6>logreg_C10.0>logreg_C1.0>logreg_C0.1,hgb_d3,candidate_declaration_order_only_for_exact_score_ties
sick_euthyroid,sick_euthyroid(9.3%),5,47,AUROC,"[""logreg_C0.1"", ""logreg_C1.0"", ""logreg_C10.0"", ""hgb_d3"", ""hgb_d6""]","[0.9500911209024431, 0.9609679577383562, 0.9649242197051835, 0.9734595953770561, 0.9800802786684814]","[5.0, 4.0, 3.0, 2.0, 1.0]",0.0,0,1,hgb_d6>hgb_d3>logreg_C10.0>logreg_C1.0>logreg_C0.1,hgb_d6,candidate_declaration_order_only_for_exact_score_ties
sick_euthyroid,sick_euthyroid(9.3%),5,47,Brier_neg,"[""logreg_C0.1"", ""logreg_C1.0"", ""logreg_C10.0"", ""hgb_d3"", ""hgb_d6""]","[-0.03649748232596707, -0.03455404577257514, -0.034737141035003444, -0.020773774097307855, -0.021333904451534873]","[5.0, 3.0, 4.0, 1.0, 2.0]",0.0,0,1,hgb_d3>hgb_d6>logreg_C1.0>logreg_C10.0>logreg_C0.1,hgb_d3,candidate_declaration_order_only_for_exact_score_ties
sick_euthyroid,sick_euthyroid(9.3%),5,47,MCC_05,"[""logreg_C0.1"", ""logreg_C1.0"", ""logreg_C10.0"", ""hgb_d3"", ""hgb_d6""]","[0.7578044288422978, 0.7257536872726302, 0.764927500599559, 0.8590833834737068, 0.8700869360213059]","[4.0, 5.0, 3.0, 2.0, 1.0]",0.0,0,1,hgb_d6>hgb_d3>logreg_C10.0>logreg_C0.1>logreg_C1.0,hgb_d6,candidate_declaration_order_only_for_exact_score_ties
sick_euthyroid,sick_euthyroid(9.3%),6,48,SoftMCC,"[""logreg_C0.1"", ""logreg_C1.0"", ""logreg_C10.0"", ""hgb_d3"", ""hgb_d6""]","[0.5065318537371305, 0.5315858985213251, 0.513097436038487, 0.7215571141633559, 0.7132766623294791]","[5.0, 3.0, 4.0, 1.0, 2.0]",0.0,0,1,hgb_d3>hgb_d6>logreg_C1.0>logreg_C10.0>logreg_C0.1,hgb_d3,candidate_declaration_order_only_for_exact_score_ties
sick_euthyroid,sick_euthyroid(9.3%),6,48,MCC_best,"[""logreg_C0.1"", ""logreg_C1.0"", ""logreg_C10.0"", ""hgb_d3"", ""hgb_d6""]","[0.7108970343260256, 0.75090543196455, 0.7419487620914396, 0.8125361638565176, 0.8317749666267534]","[5.0, 3.0, 4.0, 2.0, 1.0]",0.0,0,1,hgb_d6>hgb_d3>logreg_C1.0>logreg_C10.0>logreg_C0.1,hgb_d6,candidate_declaration_order_only_for_exact_score_ties
sick_euthyroid,sick_euthyroid(9.3%),6,48,F1_best,"[""logreg_C0.1"", ""logreg_C1.0"", ""logreg_C10.0"", ""hgb_d3"", ""hgb_d6""]","[0.7361111111111112, 0.7737226277372263, 0.7638888888888888, 0.8285714285714286, 0.8467153284671532]","[5.0, 3.0, 4.0, 2.0, 1.0]",0.0,0,1,hgb_d6>hgb_d3>logreg_C1.0>logreg_C10.0>logreg_C0.1,hgb_d6,candidate_declaration_order_only_for_exact_score_ties
sick_euthyroid,sick_euthyroid(9.3%),6,48,AUPRC,"[""logreg_C0.1"", ""logreg_C1.0"", ""logreg_C10.0"", ""hgb_d3"", ""hgb_d6""]","[0.6839073388170607, 0.6858283916986682, 0.7064440251732109, 0.8077817690788436, 0.8268828657626481]","[5.0, 4.0, 3.0, 2.0, 1.0]",0.0,0,1,hgb_d6>hgb_d3>logreg_C10.0>logreg_C1.0>logreg_C0.1,hgb_d6,candidate_declaration_order_only_for_exact_score_ties
sick_euthyroid,sick_euthyroid(9.3%),6,48,AUROC,"[""logreg_C0.1"", ""logreg_C1.0"", ""logreg_C10.0"", ""hgb_d3"", ""hgb_d6""]","[0.9632505052906908, 0.9587088336701938, 0.9504101771489716, 0.9830697895612888, 0.9834740221138984]","[3.0, 4.0, 5.0, 2.0, 1.0]",0.0,0,1,hgb_d6>hgb_d3>logreg_C0.1>logreg_C1.0>logreg_C10.0,hgb_d6,candidate_declaration_order_only_for_exact_score_ties
sick_euthyroid,sick_euthyroid(9.3%),6,48,Brier_neg,"[""logreg_C0.1"", ""logreg_C1.0"", ""logreg_C10.0"", ""hgb_d3"", ""hgb_d6""]","[-0.03975388127809659, -0.03917816671357729, -0.039545311007276915, -0.024759272431932204, -0.025802914522017696]","[5.0, 3.0, 4.0, 1.0, 2.0]",0.0,0,1,hgb_d3>hgb_d6>logreg_C1.0>logreg_C10.0>logreg_C0.1,hgb_d3,candidate_declaration_order_only_for_exact_score_ties
sick_euthyroid,sick_euthyroid(9.3%),6,48,MCC_05,"[""logreg_C0.1"", ""logreg_C1.0"", ""logreg_C10.0"", ""hgb_d3"", ""hgb_d6""]","[0.623555237543465, 0.6739111969332185, 0.6952562121031982, 0.83844418907706, 0.8288713367128263]","[5.0, 4.0, 3.0, 1.0, 2.0]",0.0,0,1,hgb_d3>hgb_d6>logreg_C10.0>logreg_C1.0>logreg_C0.1,hgb_d3,candidate_declaration_order_only_for_exact_score_ties
sick_euthyroid,sick_euthyroid(9.3%),7,49,SoftMCC,"[""logreg_C0.1"", ""logreg_C1.0"", ""logreg_C10.0"", ""hgb_d3"", ""hgb_d6""]","[0.5413409683398461, 0.5502456672358084, 0.5305055724532978, 0.706476244141189, 0.6941052259638134]","[4.0, 3.0, 5.0, 1.0, 2.0]",0.0,0,1,hgb_d3>hgb_d6>logreg_C1.0>logreg_C0.1>logreg_C10.0,hgb_d3,candidate_declaration_order_only_for_exact_score_ties
sick_euthyroid,sick_euthyroid(9.3%),7,49,MCC_best,"[""logreg_C0.1"", ""logreg_C1.0"", ""logreg_C10.0"", ""hgb_d3"", ""hgb_d6""]","[0.7262253643869047, 0.7120117965507867, 0.7058698184251176, 0.810970227960196, 0.810970227960196]","[3.0, 4.0, 5.0, 1.5, 1.5]",6.0,1,2,hgb_d3>hgb_d6>logreg_C0.1>logreg_C1.0>logreg_C10.0,hgb_d3,candidate_declaration_order_only_for_exact_score_ties
sick_euthyroid,sick_euthyroid(9.3%),7,49,F1_best,"[""logreg_C0.1"", ""logreg_C1.0"", ""logreg_C10.0"", ""hgb_d3"", ""hgb_d6""]","[0.7518796992481203, 0.7391304347826086, 0.732824427480916, 0.8275862068965517, 0.8275862068965517]","[3.0, 4.0, 5.0, 1.5, 1.5]",6.0,1,2,hgb_d3>hgb_d6>logreg_C0.1>logreg_C1.0>logreg_C10.0,hgb_d3,candidate_declaration_order_only_for_exact_score_ties
sick_euthyroid,sick_euthyroid(9.3%),7,49,AUPRC,"[""logreg_C0.1"", ""logreg_C1.0"", ""logreg_C10.0"", ""hgb_d3"", ""hgb_d6""]","[0.741730999916064, 0.7237931678376156, 0.6712240873083906, 0.8298614234508294, 0.8153617241657802]","[3.0, 4.0, 5.0, 1.0, 2.0]",0.0,0,1,hgb_d3>hgb_d6>logreg_C0.1>logreg_C1.0>logreg_C10.0,hgb_d3,candidate_declaration_order_only_for_exact_score_ties
sick_euthyroid,sick_euthyroid(9.3%),7,49,AUROC,"[""logreg_C0.1"", ""logreg_C1.0"", ""logreg_C10.0"", ""hgb_d3"", ""hgb_d6""]","[0.9606174733807598, 0.9660691867763983, 0.9600362672618218, 0.9747872785604687, 0.9670456130562143]","[4.0, 3.0, 5.0, 1.0, 2.0]",0.0,0,1,hgb_d3>hgb_d6>logreg_C1.0>logreg_C0.1>logreg_C10.0,hgb_d3,candidate_declaration_order_only_for_exact_score_ties
sick_euthyroid,sick_euthyroid(9.3%),7,49,Brier_neg,"[""logreg_C0.1"", ""logreg_C1.0"", ""logreg_C10.0"", ""hgb_d3"", ""hgb_d6""]","[-0.03812778163066657, -0.038194300509179595, -0.040168200058400744, -0.027908731379112543, -0.028920496033515493]","[3.0, 4.0, 5.0, 1.0, 2.0]",0.0,0,1,hgb_d3>hgb_d6>logreg_C0.1>logreg_C1.0>logreg_C10.0,hgb_d3,candidate_declaration_order_only_for_exact_score_ties
sick_euthyroid,sick_euthyroid(9.3%),7,49,MCC_05,"[""logreg_C0.1"", ""logreg_C1.0"", ""logreg_C10.0"", ""hgb_d3"", ""hgb_d6""]","[0.7141168893688176, 0.7113983935679417, 0.6868228948714372, 0.8050123872328422, 0.817037703383221]","[3.0, 4.0, 5.0, 2.0, 1.0]",0.0,0,1,hgb_d6>hgb_d3>logreg_C0.1>logreg_C1.0>logreg_C10.0,hgb_d6,candidate_declaration_order_only_for_exact_score_ties
sick_euthyroid,sick_euthyroid(9.3%),8,50,SoftMCC,"[""logreg_C0.1"", ""logreg_C1.0"", ""logreg_C10.0"", ""hgb_d3"", ""hgb_d6""]","[0.5116417122619354, 0.513643164586179, 0.47071716176630896, 0.7332206148070115, 0.7349978829452296]","[4.0, 3.0, 5.0, 2.0, 1.0]",0.0,0,1,hgb_d6>hgb_d3>logreg_C1.0>logreg_C0.1>logreg_C10.0,hgb_d6,candidate_declaration_order_only_for_exact_score_ties
sick_euthyroid,sick_euthyroid(9.3%),8,50,MCC_best,"[""logreg_C0.1"", ""logreg_C1.0"", ""logreg_C10.0"", ""hgb_d3"", ""hgb_d6""]","[0.7251743314086482, 0.7203967058898206, 0.6871973205897368, 0.8427625163526183, 0.875930271915691]","[3.0, 4.0, 5.0, 2.0, 1.0]",0.0,0,1,hgb_d6>hgb_d3>logreg_C0.1>logreg_C1.0>logreg_C10.0,hgb_d6,candidate_declaration_order_only_for_exact_score_ties
sick_euthyroid,sick_euthyroid(9.3%),8,50,F1_best,"[""logreg_C0.1"", ""logreg_C1.0"", ""logreg_C10.0"", ""hgb_d3"", ""hgb_d6""]","[0.7483870967741936, 0.7407407407407407, 0.7164179104477612, 0.8571428571428571, 0.8872180451127819]","[3.0, 4.0, 5.0, 2.0, 1.0]",0.0,0,1,hgb_d6>hgb_d3>logreg_C0.1>logreg_C1.0>logreg_C10.0,hgb_d6,candidate_declaration_order_only_for_exact_score_ties
sick_euthyroid,sick_euthyroid(9.3%),8,50,AUPRC,"[""logreg_C0.1"", ""logreg_C1.0"", ""logreg_C10.0"", ""hgb_d3"", ""hgb_d6""]","[0.7229258860031391, 0.7320007471937447, 0.7115494200085818, 0.9075426597397592, 0.9347880536438583]","[4.0, 3.0, 5.0, 2.0, 1.0]",0.0,0,1,hgb_d6>hgb_d3>logreg_C1.0>logreg_C0.1>logreg_C10.0,hgb_d6,candidate_declaration_order_only_for_exact_score_ties
sick_euthyroid,sick_euthyroid(9.3%),8,50,AUROC,"[""logreg_C0.1"", ""logreg_C1.0"", ""logreg_C10.0"", ""hgb_d3"", ""hgb_d6""]","[0.9592235657787073, 0.9572461132830258, 0.9515865078643513, 0.9848622602054734, 0.9867147013364852]","[3.0, 4.0, 5.0, 2.0, 1.0]",0.0,0,1,hgb_d6>hgb_d3>logreg_C0.1>logreg_C1.0>logreg_C10.0,hgb_d6,candidate_declaration_order_only_for_exact_score_ties
sick_euthyroid,sick_euthyroid(9.3%),8,50,Brier_neg,"[""logreg_C0.1"", ""logreg_C1.0"", ""logreg_C10.0"", ""hgb_d3"", ""hgb_d6""]","[-0.03917879090407538, -0.038903309781595403, -0.041526819797573285, -0.02002251303256237, -0.018361611119596843]","[4.0, 3.0, 5.0, 2.0, 1.0]",0.0,0,1,hgb_d6>hgb_d3>logreg_C1.0>logreg_C0.1>logreg_C10.0,hgb_d6,candidate_declaration_order_only_for_exact_score_ties
sick_euthyroid,sick_euthyroid(9.3%),8,50,MCC_05,"[""logreg_C0.1"", ""logreg_C1.0"", ""logreg_C10.0"", ""hgb_d3"", ""hgb_d6""]","[0.6619131875730959, 0.654403241896149, 0.654403241896149, 0.8411012130553905, 0.866956864109937]","[3.0, 4.5, 4.5, 2.0, 1.0]",6.0,1,2,hgb_d6>hgb_d3>logreg_C0.1>logreg_C1.0>logreg_C10.0,hgb_d6,candidate_declaration_order_only_for_exact_score_ties
sick_euthyroid,sick_euthyroid(9.3%),9,51,SoftMCC,"[""logreg_C0.1"", ""logreg_C1.0"", ""logreg_C10.0"", ""hgb_d3"", ""hgb_d6""]","[0.5521627943166213, 0.5778049325138277, 0.5670306036353032, 0.7748684178552235, 0.7825962860744536]","[5.0, 3.0, 4.0, 2.0, 1.0]",0.0,0,1,hgb_d6>hgb_d3>logreg_C1.0>logreg_C10.0>logreg_C0.1,hgb_d6,candidate_declaration_order_only_for_exact_score_ties
sick_euthyroid,sick_euthyroid(9.3%),9,51,MCC_best,"[""logreg_C0.1"", ""logreg_C1.0"", ""logreg_C10.0"", ""hgb_d3"", ""hgb_d6""]","[0.6902446761533603, 0.7420283053819383, 0.7667821705772782, 0.881521867962546, 0.8984473153964679]","[5.0, 4.0, 3.0, 2.0, 1.0]",0.0,0,1,hgb_d6>hgb_d3>logreg_C10.0>logreg_C1.0>logreg_C0.1,hgb_d6,candidate_declaration_order_only_for_exact_score_ties
sick_euthyroid,sick_euthyroid(9.3%),9,51,F1_best,"[""logreg_C0.1"", ""logreg_C1.0"", ""logreg_C10.0"", ""hgb_d3"", ""hgb_d6""]","[0.7172413793103448, 0.7638888888888888, 0.7833333333333333, 0.8923076923076924, 0.9076923076923077]","[5.0, 4.0, 3.0, 2.0, 1.0]",0.0,0,1,hgb_d6>hgb_d3>logreg_C10.0>logreg_C1.0>logreg_C0.1,hgb_d6,candidate_declaration_order_only_for_exact_score_ties
sick_euthyroid,sick_euthyroid(9.3%),9,51,AUPRC,"[""logreg_C0.1"", ""logreg_C1.0"", ""logreg_C10.0"", ""hgb_d3"", ""hgb_d6""]","[0.7235664853463264, 0.7922329576253402, 0.8060320923759718, 0.9031894645816874, 0.9163792460659979]","[5.0, 4.0, 3.0, 2.0, 1.0]",0.0,0,1,hgb_d6>hgb_d3>logreg_C10.0>logreg_C1.0>logreg_C0.1,hgb_d6,candidate_declaration_order_only_for_exact_score_ties
sick_euthyroid,sick_euthyroid(9.3%),9,51,AUROC,"[""logreg_C0.1"", ""logreg_C1.0"", ""logreg_C10.0"", ""hgb_d3"", ""hgb_d6""]","[0.9603413535616926, 0.9625577812018491, 0.9558492355102524, 0.988597842835131, 0.9931136659950219]","[4.0, 3.0, 5.0, 2.0, 1.0]",0.0,0,1,hgb_d6>hgb_d3>logreg_C1.0>logreg_C0.1>logreg_C10.0,hgb_d6,candidate_declaration_order_only_for_exact_score_ties
sick_euthyroid,sick_euthyroid(9.3%),9,51,Brier_neg,"[""logreg_C0.1"", ""logreg_C1.0"", ""logreg_C10.0"", ""hgb_d3"", ""hgb_d6""]","[-0.038043195691803214, -0.03258857198705279, -0.03282520488072909, -0.017493012690843524, -0.017318113165601043]","[5.0, 3.0, 4.0, 2.0, 1.0]",0.0,0,1,hgb_d6>hgb_d3>logreg_C1.0>logreg_C10.0>logreg_C0.1,hgb_d6,candidate_declaration_order_only_for_exact_score_ties
sick_euthyroid,sick_euthyroid(9.3%),9,51,MCC_05,"[""logreg_C0.1"", ""logreg_C1.0"", ""logreg_C10.0"", ""hgb_d3"", ""hgb_d6""]","[0.6644547586612066, 0.7169729877280555, 0.7406173101844664, 0.8799882759731035, 0.869343745108673]","[5.0, 4.0, 3.0, 1.0, 2.0]",0.0,0,1,hgb_d3>hgb_d6>logreg_C10.0>logreg_C1.0>logreg_C0.1,hgb_d3,candidate_declaration_order_only_for_exact_score_ties
sick_euthyroid,sick_euthyroid(9.3%),10,52,SoftMCC,"[""logreg_C0.1"", ""logreg_C1.0"", ""logreg_C10.0"", ""hgb_d3"", ""hgb_d6""]","[0.48664962510078996, 0.5068372581097719, 0.5117768683697316, 0.7663371602080945, 0.7556346784610471]","[5.0, 4.0, 3.0, 1.0, 2.0]",0.0,0,1,hgb_d3>hgb_d6>logreg_C10.0>logreg_C1.0>logreg_C0.1,hgb_d3,candidate_declaration_order_only_for_exact_score_ties
sick_euthyroid,sick_euthyroid(9.3%),10,52,MCC_best,"[""logreg_C0.1"", ""logreg_C1.0"", ""logreg_C10.0"", ""hgb_d3"", ""hgb_d6""]","[0.7196493463404435, 0.7803811748414636, 0.7774227665672678, 0.8893264638532908, 0.9063587404371307]","[5.0, 3.0, 4.0, 2.0, 1.0]",0.0,0,1,hgb_d6>hgb_d3>logreg_C1.0>logreg_C10.0>logreg_C0.1,hgb_d6,candidate_declaration_order_only_for_exact_score_ties
sick_euthyroid,sick_euthyroid(9.3%),10,52,F1_best,"[""logreg_C0.1"", ""logreg_C1.0"", ""logreg_C10.0"", ""hgb_d3"", ""hgb_d6""]","[0.7445255474452555, 0.7972027972027972, 0.7894736842105263, 0.8992248062015504, 0.9147286821705426]","[5.0, 3.0, 4.0, 2.0, 1.0]",0.0,0,1,hgb_d6>hgb_d3>logreg_C1.0>logreg_C10.0>logreg_C0.1,hgb_d6,candidate_declaration_order_only_for_exact_score_ties
sick_euthyroid,sick_euthyroid(9.3%),10,52,AUPRC,"[""logreg_C0.1"", ""logreg_C1.0"", ""logreg_C10.0"", ""hgb_d3"", ""hgb_d6""]","[0.7249329900905773, 0.7751302204834482, 0.7659989826613209, 0.9210679178177079, 0.9145059499436995]","[5.0, 3.0, 4.0, 1.0, 2.0]",0.0,0,1,hgb_d3>hgb_d6>logreg_C1.0>logreg_C10.0>logreg_C0.1,hgb_d3,candidate_declaration_order_only_for_exact_score_ties
sick_euthyroid,sick_euthyroid(9.3%),10,52,AUROC,"[""logreg_C0.1"", ""logreg_C1.0"", ""logreg_C10.0"", ""hgb_d3"", ""hgb_d6""]","[0.9630963740458016, 0.9728291984732824, 0.9733182251908397, 0.9952886450381679, 0.9952528625954198]","[5.0, 4.0, 3.0, 1.0, 2.0]",0.0,0,1,hgb_d3>hgb_d6>logreg_C10.0>logreg_C1.0>logreg_C0.1,hgb_d3,candidate_declaration_order_only_for_exact_score_ties
sick_euthyroid,sick_euthyroid(9.3%),10,52,Brier_neg,"[""logreg_C0.1"", ""logreg_C1.0"", ""logreg_C10.0"", ""hgb_d3"", ""hgb_d6""]","[-0.03694714387114675, -0.033491389168383505, -0.03342581377154861, -0.014516271356670954, -0.01434560177149314]","[5.0, 4.0, 3.0, 2.0, 1.0]",0.0,0,1,hgb_d6>hgb_d3>logreg_C10.0>logreg_C1.0>logreg_C0.1,hgb_d6,candidate_declaration_order_only_for_exact_score_ties
sick_euthyroid,sick_euthyroid(9.3%),10,52,MCC_05,"[""logreg_C0.1"", ""logreg_C1.0"", ""logreg_C10.0"", ""hgb_d3"", ""hgb_d6""]","[0.6781698090264684, 0.7110537243917174, 0.7217574673672646, 0.8877554859597454, 0.8770009583277142]","[5.0, 4.0, 3.0, 1.0, 2.0]",0.0,0,1,hgb_d3>hgb_d6>logreg_C10.0>logreg_C1.0>logreg_C0.1,hgb_d3,candidate_declaration_order_only_for_exact_score_ties
sick_euthyroid,sick_euthyroid(9.3%),11,53,SoftMCC,"[""logreg_C0.1"", ""logreg_C1.0"", ""logreg_C10.0"", ""hgb_d3"", ""hgb_d6""]","[0.5335924176569363, 0.543602068866493, 0.5402934787575044, 0.7121698676434662, 0.7047560345997017]","[5.0, 3.0, 4.0, 1.0, 2.0]",0.0,0,1,hgb_d3>hgb_d6>logreg_C1.0>logreg_C10.0>logreg_C0.1,hgb_d3,candidate_declaration_order_only_for_exact_score_ties
sick_euthyroid,sick_euthyroid(9.3%),11,53,MCC_best,"[""logreg_C0.1"", ""logreg_C1.0"", ""logreg_C10.0"", ""hgb_d3"", ""hgb_d6""]","[0.7006780568658849, 0.7501919597285249, 0.7534027146082929, 0.8374840836489471, 0.8366551157618699]","[5.0, 4.0, 3.0, 1.0, 2.0]",0.0,0,1,hgb_d3>hgb_d6>logreg_C10.0>logreg_C1.0>logreg_C0.1,hgb_d3,candidate_declaration_order_only_for_exact_score_ties
sick_euthyroid,sick_euthyroid(9.3%),11,53,F1_best,"[""logreg_C0.1"", ""logreg_C1.0"", ""logreg_C10.0"", ""hgb_d3"", ""hgb_d6""]","[0.7297297297297297, 0.7746478873239436, 0.7761194029850746, 0.8531468531468531, 0.8513513513513513]","[5.0, 4.0, 3.0, 1.0, 2.0]",0.0,0,1,hgb_d3>hgb_d6>logreg_C10.0>logreg_C1.0>logreg_C0.1,hgb_d3,candidate_declaration_order_only_for_exact_score_ties
sick_euthyroid,sick_euthyroid(9.3%),11,53,AUPRC,"[""logreg_C0.1"", ""logreg_C1.0"", ""logreg_C10.0"", ""hgb_d3"", ""hgb_d6""]","[0.6775530473572061, 0.7262130344831149, 0.7292987296100131, 0.8106313745684463, 0.8531916961654084]","[5.0, 4.0, 3.0, 2.0, 1.0]",0.0,0,1,hgb_d6>hgb_d3>logreg_C10.0>logreg_C1.0>logreg_C0.1,hgb_d6,candidate_declaration_order_only_for_exact_score_ties
sick_euthyroid,sick_euthyroid(9.3%),11,53,AUROC,"[""logreg_C0.1"", ""logreg_C1.0"", ""logreg_C10.0"", ""hgb_d3"", ""hgb_d6""]","[0.9338291380625477, 0.9452483510566698, 0.9486135415264505, 0.9685018172028536, 0.9694552878359581]","[5.0, 4.0, 3.0, 2.0, 1.0]",0.0,0,1,hgb_d6>hgb_d3>logreg_C10.0>logreg_C1.0>logreg_C0.1,hgb_d6,candidate_declaration_order_only_for_exact_score_ties
sick_euthyroid,sick_euthyroid(9.3%),11,53,Brier_neg,"[""logreg_C0.1"", ""logreg_C1.0"", ""logreg_C10.0"", ""hgb_d3"", ""hgb_d6""]","[-0.04291353028226563, -0.03819596883349908, -0.038967723992837176, -0.02538715319689845, -0.025467586647917265]","[5.0, 3.0, 4.0, 1.0, 2.0]",0.0,0,1,hgb_d3>hgb_d6>logreg_C1.0>logreg_C10.0>logreg_C0.1,hgb_d3,candidate_declaration_order_only_for_exact_score_ties
sick_euthyroid,sick_euthyroid(9.3%),11,53,MCC_05,"[""logreg_C0.1"", ""logreg_C1.0"", ""logreg_C10.0"", ""hgb_d3"", ""hgb_d6""]","[0.7006780568658849, 0.7338989430496693, 0.7256975239866582, 0.841748038160755, 0.8167436813822455]","[5.0, 3.0, 4.0, 1.0, 2.0]",0.0,0,1,hgb_d3>hgb_d6>logreg_C1.0>logreg_C10.0>logreg_C0.1,hgb_d3,candidate_declaration_order_only_for_exact_score_ties
thyroid_sick,thyroid_sick(6.1%),0,42,SoftMCC,"[""logreg_C0.1"", ""logreg_C1.0"", ""logreg_C10.0"", ""hgb_d3"", ""hgb_d6""]","[0.5329378540339561, 0.5269141376065674, 0.5100598865525701, 0.770727081544561, 0.7776890299268586]","[3.0, 4.0, 5.0, 2.0, 1.0]",0.0,0,1,hgb_d6>hgb_d3>logreg_C0.1>logreg_C1.0>logreg_C10.0,hgb_d6,candidate_declaration_order_only_for_exact_score_ties
thyroid_sick,thyroid_sick(6.1%),0,42,MCC_best,"[""logreg_C0.1"", ""logreg_C1.0"", ""logreg_C10.0"", ""hgb_d3"", ""hgb_d6""]","[0.7524155185691325, 0.7462510720631137, 0.7244694739788531, 0.9070979056869096, 0.8936214618701697]","[3.0, 4.0, 5.0, 1.0, 2.0]",0.0,0,1,hgb_d3>hgb_d6>logreg_C0.1>logreg_C1.0>logreg_C10.0,hgb_d3,candidate_declaration_order_only_for_exact_score_ties
thyroid_sick,thyroid_sick(6.1%),0,42,F1_best,"[""logreg_C0.1"", ""logreg_C1.0"", ""logreg_C10.0"", ""hgb_d3"", ""hgb_d6""]","[0.7555555555555555, 0.7619047619047619, 0.7307692307692307, 0.9107142857142857, 0.8979591836734694]","[4.0, 3.0, 5.0, 1.0, 2.0]",0.0,0,1,hgb_d3>hgb_d6>logreg_C1.0>logreg_C0.1>logreg_C10.0,hgb_d3,candidate_declaration_order_only_for_exact_score_ties
thyroid_sick,thyroid_sick(6.1%),0,42,AUPRC,"[""logreg_C0.1"", ""logreg_C1.0"", ""logreg_C10.0"", ""hgb_d3"", ""hgb_d6""]","[0.7969522733345807, 0.7838567452176088, 0.7693928452971102, 0.9596936144514193, 0.9644275603651438]","[3.0, 4.0, 5.0, 2.0, 1.0]",0.0,0,1,hgb_d6>hgb_d3>logreg_C0.1>logreg_C1.0>logreg_C10.0,hgb_d6,candidate_declaration_order_only_for_exact_score_ties
thyroid_sick,thyroid_sick(6.1%),0,42,AUROC,"[""logreg_C0.1"", ""logreg_C1.0"", ""logreg_C10.0"", ""hgb_d3"", ""hgb_d6""]","[0.943260785638452, 0.9464458063893446, 0.9413787279220154, 0.9952827912363671, 0.9960790464240904]","[4.0, 3.0, 5.0, 2.0, 1.0]",0.0,0,1,hgb_d6>hgb_d3>logreg_C1.0>logreg_C0.1>logreg_C10.0,hgb_d6,candidate_declaration_order_only_for_exact_score_ties
thyroid_sick,thyroid_sick(6.1%),0,42,Brier_neg,"[""logreg_C0.1"", ""logreg_C1.0"", ""logreg_C10.0"", ""hgb_d3"", ""hgb_d6""]","[-0.023442696279145112, -0.02430406839782769, -0.025157799763461844, -0.009735591979962585, -0.009865782916174074]","[3.0, 4.0, 5.0, 1.0, 2.0]",0.0,0,1,hgb_d3>hgb_d6>logreg_C0.1>logreg_C1.0>logreg_C10.0,hgb_d3,candidate_declaration_order_only_for_exact_score_ties
thyroid_sick,thyroid_sick(6.1%),0,42,MCC_05,"[""logreg_C0.1"", ""logreg_C1.0"", ""logreg_C10.0"", ""hgb_d3"", ""hgb_d6""]","[0.7524155185691325, 0.711056106236712, 0.7244694739788531, 0.8846488860952827, 0.8750276283491787]","[3.0, 5.0, 4.0, 1.0, 2.0]",0.0,0,1,hgb_d3>hgb_d6>logreg_C0.1>logreg_C10.0>logreg_C1.0,hgb_d3,candidate_declaration_order_only_for_exact_score_ties
thyroid_sick,thyroid_sick(6.1%),1,43,SoftMCC,"[""logreg_C0.1"", ""logreg_C1.0"", ""logreg_C10.0"", ""hgb_d3"", ""hgb_d6""]","[0.4147210909442824, 0.3942569947698533, 0.38885467759309256, 0.7848525241170754, 0.7503459966688418]","[3.0, 4.0, 5.0, 1.0, 2.0]",0.0,0,1,hgb_d3>hgb_d6>logreg_C0.1>logreg_C1.0>logreg_C10.0,hgb_d3,candidate_declaration_order_only_for_exact_score_ties
thyroid_sick,thyroid_sick(6.1%),1,43,MCC_best,"[""logreg_C0.1"", ""logreg_C1.0"", ""logreg_C10.0"", ""hgb_d3"", ""hgb_d6""]","[0.6387545993080896, 0.612300128152125, 0.5906422604547045, 0.8656829950869346, 0.8450106224930942]","[3.0, 4.0, 5.0, 1.0, 2.0]",0.0,0,1,hgb_d3>hgb_d6>logreg_C0.1>logreg_C1.0>logreg_C10.0,hgb_d3,candidate_declaration_order_only_for_exact_score_ties
thyroid_sick,thyroid_sick(6.1%),1,43,F1_best,"[""logreg_C0.1"", ""logreg_C1.0"", ""logreg_C10.0"", ""hgb_d3"", ""hgb_d6""]","[0.6607142857142857, 0.6333333333333333, 0.6153846153846154, 0.8737864077669902, 0.8543689320388349]","[3.0, 4.0, 5.0, 1.0, 2.0]",0.0,0,1,hgb_d3>hgb_d6>logreg_C0.1>logreg_C1.0>logreg_C10.0,hgb_d3,candidate_declaration_order_only_for_exact_score_ties
thyroid_sick,thyroid_sick(6.1%),1,43,AUPRC,"[""logreg_C0.1"", ""logreg_C1.0"", ""logreg_C10.0"", ""hgb_d3"", ""hgb_d6""]","[0.6840737816214634, 0.6328388043048309, 0.622196969968159, 0.933508747902888, 0.9201311424178195]","[3.0, 4.0, 5.0, 1.0, 2.0]",0.0,0,1,hgb_d3>hgb_d6>logreg_C0.1>logreg_C1.0>logreg_C10.0,hgb_d3,candidate_declaration_order_only_for_exact_score_ties
thyroid_sick,thyroid_sick(6.1%),1,43,AUROC,"[""logreg_C0.1"", ""logreg_C1.0"", ""logreg_C10.0"", ""hgb_d3"", ""hgb_d6""]","[0.9452031657175949, 0.9521161084837372, 0.9360944889489432, 0.985365794807451, 0.9929422835633627]","[4.0, 3.0, 5.0, 2.0, 1.0]",0.0,0,1,hgb_d6>hgb_d3>logreg_C1.0>logreg_C0.1>logreg_C10.0,hgb_d6,candidate_declaration_order_only_for_exact_score_ties
thyroid_sick,thyroid_sick(6.1%),1,43,Brier_neg,"[""logreg_C0.1"", ""logreg_C1.0"", ""logreg_C10.0"", ""hgb_d3"", ""hgb_d6""]","[-0.03134870013923252, -0.03286972118571698, -0.034061027646616546, -0.012376608734650964, -0.013382591840700807]","[3.0, 4.0, 5.0, 1.0, 2.0]",0.0,0,1,hgb_d3>hgb_d6>logreg_C0.1>logreg_C1.0>logreg_C10.0,hgb_d3,candidate_declaration_order_only_for_exact_score_ties
thyroid_sick,thyroid_sick(6.1%),1,43,MCC_05,"[""logreg_C0.1"", ""logreg_C1.0"", ""logreg_C10.0"", ""hgb_d3"", ""hgb_d6""]","[0.6093996889267905, 0.5630437695079885, 0.5526223956751762, 0.8604265643117025, 0.8370576310326132]","[3.0, 4.0, 5.0, 1.0, 2.0]",0.0,0,1,hgb_d3>hgb_d6>logreg_C0.1>logreg_C1.0>logreg_C10.0,hgb_d3,candidate_declaration_order_only_for_exact_score_ties
thyroid_sick,thyroid_sick(6.1%),2,44,SoftMCC,"[""logreg_C0.1"", ""logreg_C1.0"", ""logreg_C10.0"", ""hgb_d3"", ""hgb_d6""]","[0.3876711013743718, 0.3890744647543294, 0.37035001544262885, 0.7239943820005191, 0.6895035953240716]","[4.0, 3.0, 5.0, 1.0, 2.0]",0.0,0,1,hgb_d3>hgb_d6>logreg_C1.0>logreg_C0.1>logreg_C10.0,hgb_d3,candidate_declaration_order_only_for_exact_score_ties
thyroid_sick,thyroid_sick(6.1%),2,44,MCC_best,"[""logreg_C0.1"", ""logreg_C1.0"", ""logreg_C10.0"", ""hgb_d3"", ""hgb_d6""]","[0.589128040673695, 0.5858125270600889, 0.5906704641338342, 0.8361287834972045, 0.8419854733573361]","[4.0, 5.0, 3.0, 2.0, 1.0]",0.0,0,1,hgb_d6>hgb_d3>logreg_C10.0>logreg_C0.1>logreg_C1.0,hgb_d6,candidate_declaration_order_only_for_exact_score_ties
thyroid_sick,thyroid_sick(6.1%),2,44,F1_best,"[""logreg_C0.1"", ""logreg_C1.0"", ""logreg_C10.0"", ""hgb_d3"", ""hgb_d6""]","[0.6140350877192983, 0.5985401459854015, 0.6105263157894737, 0.8461538461538461, 0.8495575221238938]","[3.0, 5.0, 4.0, 2.0, 1.0]",0.0,0,1,hgb_d6>hgb_d3>logreg_C0.1>logreg_C10.0>logreg_C1.0,hgb_d6,candidate_declaration_order_only_for_exact_score_ties
thyroid_sick,thyroid_sick(6.1%),2,44,AUPRC,"[""logreg_C0.1"", ""logreg_C1.0"", ""logreg_C10.0"", ""hgb_d3"", ""hgb_d6""]","[0.526874582567945, 0.540975068817905, 0.5678856149964325, 0.8769261396865006, 0.9023841245881171]","[5.0, 4.0, 3.0, 2.0, 1.0]",0.0,0,1,hgb_d6>hgb_d3>logreg_C10.0>logreg_C1.0>logreg_C0.1,hgb_d6,candidate_declaration_order_only_for_exact_score_ties
thyroid_sick,thyroid_sick(6.1%),2,44,AUROC,"[""logreg_C0.1"", ""logreg_C1.0"", ""logreg_C10.0"", ""hgb_d3"", ""hgb_d6""]","[0.9354877578561789, 0.940584634663582, 0.9472479275110853, 0.9579959514170039, 0.9813355504144978]","[5.0, 4.0, 3.0, 2.0, 1.0]",0.0,0,1,hgb_d6>hgb_d3>logreg_C10.0>logreg_C1.0>logreg_C0.1,hgb_d6,candidate_declaration_order_only_for_exact_score_ties
thyroid_sick,thyroid_sick(6.1%),2,44,Brier_neg,"[""logreg_C0.1"", ""logreg_C1.0"", ""logreg_C10.0"", ""hgb_d3"", ""hgb_d6""]","[-0.037305941671688464, -0.03677147638168136, -0.03588185576263879, -0.01461107710944844, -0.01530760804530221]","[5.0, 4.0, 3.0, 1.0, 2.0]",0.0,0,1,hgb_d3>hgb_d6>logreg_C10.0>logreg_C1.0>logreg_C0.1,hgb_d3,candidate_declaration_order_only_for_exact_score_ties
thyroid_sick,thyroid_sick(6.1%),2,44,MCC_05,"[""logreg_C0.1"", ""logreg_C1.0"", ""logreg_C10.0"", ""hgb_d3"", ""hgb_d6""]","[0.4996315407700572, 0.515315434689808, 0.5491257635284317, 0.8274805928659975, 0.8108757388619882]","[5.0, 4.0, 3.0, 1.0, 2.0]",0.0,0,1,hgb_d3>hgb_d6>logreg_C10.0>logreg_C1.0>logreg_C0.1,hgb_d3,candidate_declaration_order_only_for_exact_score_ties
thyroid_sick,thyroid_sick(6.1%),3,45,SoftMCC,"[""logreg_C0.1"", ""logreg_C1.0"", ""logreg_C10.0"", ""hgb_d3"", ""hgb_d6""]","[0.5101134968281575, 0.5168194717201082, 0.49064671679585226, 0.7494012891029588, 0.7566833155453695]","[4.0, 3.0, 5.0, 2.0, 1.0]",0.0,0,1,hgb_d6>hgb_d3>logreg_C1.0>logreg_C0.1>logreg_C10.0,hgb_d6,candidate_declaration_order_only_for_exact_score_ties
thyroid_sick,thyroid_sick(6.1%),3,45,MCC_best,"[""logreg_C0.1"", ""logreg_C1.0"", ""logreg_C10.0"", ""hgb_d3"", ""hgb_d6""]","[0.6650608944625572, 0.6796559752455678, 0.7028088094426207, 0.8285366007418306, 0.830442238666379]","[5.0, 4.0, 3.0, 2.0, 1.0]",0.0,0,1,hgb_d6>hgb_d3>logreg_C10.0>logreg_C1.0>logreg_C0.1,hgb_d6,candidate_declaration_order_only_for_exact_score_ties
thyroid_sick,thyroid_sick(6.1%),3,45,F1_best,"[""logreg_C0.1"", ""logreg_C1.0"", ""logreg_C10.0"", ""hgb_d3"", ""hgb_d6""]","[0.6857142857142857, 0.6990291262135923, 0.7166666666666667, 0.8367346938775511, 0.8392857142857143]","[5.0, 4.0, 3.0, 2.0, 1.0]",0.0,0,1,hgb_d6>hgb_d3>logreg_C10.0>logreg_C1.0>logreg_C0.1,hgb_d6,candidate_declaration_order_only_for_exact_score_ties
thyroid_sick,thyroid_sick(6.1%),3,45,AUPRC,"[""logreg_C0.1"", ""logreg_C1.0"", ""logreg_C10.0"", ""hgb_d3"", ""hgb_d6""]","[0.6636232086270876, 0.7019327287169905, 0.6963461425468924, 0.9230596596737183, 0.9252136657577138]","[5.0, 3.0, 4.0, 2.0, 1.0]",0.0,0,1,hgb_d6>hgb_d3>logreg_C1.0>logreg_C10.0>logreg_C0.1,hgb_d6,candidate_declaration_order_only_for_exact_score_ties
thyroid_sick,thyroid_sick(6.1%),3,45,AUROC,"[""logreg_C0.1"", ""logreg_C1.0"", ""logreg_C10.0"", ""hgb_d3"", ""hgb_d6""]","[0.9538509735878156, 0.9580682475419318, 0.9593695777906304, 0.9925775978407557, 0.989107383844226]","[5.0, 4.0, 3.0, 1.0, 2.0]",0.0,0,1,hgb_d3>hgb_d6>logreg_C10.0>logreg_C1.0>logreg_C0.1,hgb_d3,candidate_declaration_order_only_for_exact_score_ties
thyroid_sick,thyroid_sick(6.1%),3,45,Brier_neg,"[""logreg_C0.1"", ""logreg_C1.0"", ""logreg_C10.0"", ""hgb_d3"", ""hgb_d6""]","[-0.029642043834489137, -0.02805748340090905, -0.02897259461769212, -0.015150485803195477, -0.014160067050035774]","[5.0, 3.0, 4.0, 2.0, 1.0]",0.0,0,1,hgb_d6>hgb_d3>logreg_C1.0>logreg_C10.0>logreg_C0.1,hgb_d6,candidate_declaration_order_only_for_exact_score_ties
thyroid_sick,thyroid_sick(6.1%),3,45,MCC_05,"[""logreg_C0.1"", ""logreg_C1.0"", ""logreg_C10.0"", ""hgb_d3"", ""hgb_d6""]","[0.6130702988136664, 0.6432410467855911, 0.599228479178836, 0.8156448814343551, 0.8071781305655675]","[4.0, 3.0, 5.0, 1.0, 2.0]",0.0,0,1,hgb_d3>hgb_d6>logreg_C1.0>logreg_C0.1>logreg_C10.0,hgb_d3,candidate_declaration_order_only_for_exact_score_ties
thyroid_sick,thyroid_sick(6.1%),4,46,SoftMCC,"[""logreg_C0.1"", ""logreg_C1.0"", ""logreg_C10.0"", ""hgb_d3"", ""hgb_d6""]","[0.46777357825263677, 0.5192331135391386, 0.5165223271077851, 0.760349623975541, 0.7597810511465954]","[5.0, 3.0, 4.0, 1.0, 2.0]",0.0,0,1,hgb_d3>hgb_d6>logreg_C1.0>logreg_C10.0>logreg_C0.1,hgb_d3,candidate_declaration_order_only_for_exact_score_ties
thyroid_sick,thyroid_sick(6.1%),4,46,MCC_best,"[""logreg_C0.1"", ""logreg_C1.0"", ""logreg_C10.0"", ""hgb_d3"", ""hgb_d6""]","[0.6722324099990349, 0.7154241154163239, 0.7148111005351733, 0.8709657873745833, 0.8879305266598511]","[5.0, 3.0, 4.0, 2.0, 1.0]",0.0,0,1,hgb_d6>hgb_d3>logreg_C1.0>logreg_C10.0>logreg_C0.1,hgb_d6,candidate_declaration_order_only_for_exact_score_ties
thyroid_sick,thyroid_sick(6.1%),4,46,F1_best,"[""logreg_C0.1"", ""logreg_C1.0"", ""logreg_C10.0"", ""hgb_d3"", ""hgb_d6""]","[0.6923076923076923, 0.7321428571428571, 0.7307692307692307, 0.875, 0.8928571428571429]","[5.0, 3.0, 4.0, 2.0, 1.0]",0.0,0,1,hgb_d6>hgb_d3>logreg_C1.0>logreg_C10.0>logreg_C0.1,hgb_d6,candidate_declaration_order_only_for_exact_score_ties
thyroid_sick,thyroid_sick(6.1%),4,46,AUPRC,"[""logreg_C0.1"", ""logreg_C1.0"", ""logreg_C10.0"", ""hgb_d3"", ""hgb_d6""]","[0.6443811678596775, 0.6777058201066393, 0.6770777669129047, 0.9594409132400931, 0.9495479843579353]","[5.0, 3.0, 4.0, 1.0, 2.0]",0.0,0,1,hgb_d3>hgb_d6>logreg_C1.0>logreg_C10.0>logreg_C0.1,hgb_d3,candidate_declaration_order_only_for_exact_score_ties
thyroid_sick,thyroid_sick(6.1%),4,46,AUROC,"[""logreg_C0.1"", ""logreg_C1.0"", ""logreg_C10.0"", ""hgb_d3"", ""hgb_d6""]","[0.94688012740083, 0.9549995174210983, 0.9608387221310684, 0.9969235595019785, 0.9921098349580157]","[5.0, 4.0, 3.0, 1.0, 2.0]",0.0,0,1,hgb_d3>hgb_d6>logreg_C10.0>logreg_C1.0>logreg_C0.1,hgb_d3,candidate_declaration_order_only_for_exact_score_ties
thyroid_sick,thyroid_sick(6.1%),4,46,Brier_neg,"[""logreg_C0.1"", ""logreg_C1.0"", ""logreg_C10.0"", ""hgb_d3"", ""hgb_d6""]","[-0.029369229585532727, -0.02738211080746642, -0.02730291279420806, -0.010750714859347558, -0.01111822380086415]","[5.0, 4.0, 3.0, 1.0, 2.0]",0.0,0,1,hgb_d3>hgb_d6>logreg_C10.0>logreg_C1.0>logreg_C0.1,hgb_d3,candidate_declaration_order_only_for_exact_score_ties
thyroid_sick,thyroid_sick(6.1%),4,46,MCC_05,"[""logreg_C0.1"", ""logreg_C1.0"", ""logreg_C10.0"", ""hgb_d3"", ""hgb_d6""]","[0.5923310606639856, 0.6244077098431046, 0.6336351587206398, 0.8604265643117025, 0.8635852266652999]","[5.0, 4.0, 3.0, 2.0, 1.0]",0.0,0,1,hgb_d6>hgb_d3>logreg_C10.0>logreg_C1.0>logreg_C0.1,hgb_d6,candidate_declaration_order_only_for_exact_score_ties
thyroid_sick,thyroid_sick(6.1%),5,47,SoftMCC,"[""logreg_C0.1"", ""logreg_C1.0"", ""logreg_C10.0"", ""hgb_d3"", ""hgb_d6""]","[0.4588730775963705, 0.4828311137772833, 0.48222882654215143, 0.7823877327074235, 0.7501149893568643]","[5.0, 3.0, 4.0, 1.0, 2.0]",0.0,0,1,hgb_d3>hgb_d6>logreg_C1.0>logreg_C10.0>logreg_C0.1,hgb_d3,candidate_declaration_order_only_for_exact_score_ties
thyroid_sick,thyroid_sick(6.1%),5,47,MCC_best,"[""logreg_C0.1"", ""logreg_C1.0"", ""logreg_C10.0"", ""hgb_d3"", ""hgb_d6""]","[0.6468634894593918, 0.6719501215723266, 0.6585877705041966, 0.881860425683142, 0.8604265643117025]","[5.0, 3.0, 4.0, 1.0, 2.0]",0.0,0,1,hgb_d3>hgb_d6>logreg_C1.0>logreg_C10.0>logreg_C0.1,hgb_d3,candidate_declaration_order_only_for_exact_score_ties
thyroid_sick,thyroid_sick(6.1%),5,47,F1_best,"[""logreg_C0.1"", ""logreg_C1.0"", ""logreg_C10.0"", ""hgb_d3"", ""hgb_d6""]","[0.6526315789473685, 0.6833333333333333, 0.6782608695652174, 0.8842105263157894, 0.865979381443299]","[5.0, 3.0, 4.0, 1.0, 2.0]",0.0,0,1,hgb_d3>hgb_d6>logreg_C1.0>logreg_C10.0>logreg_C0.1,hgb_d3,candidate_declaration_order_only_for_exact_score_ties
thyroid_sick,thyroid_sick(6.1%),5,47,AUPRC,"[""logreg_C0.1"", ""logreg_C1.0"", ""logreg_C10.0"", ""hgb_d3"", ""hgb_d6""]","[0.6508642963049689, 0.6656493585853469, 0.6731513548679943, 0.9635941547987538, 0.9393175668111722]","[5.0, 4.0, 3.0, 1.0, 2.0]",0.0,0,1,hgb_d3>hgb_d6>logreg_C10.0>logreg_C1.0>logreg_C0.1,hgb_d3,candidate_declaration_order_only_for_exact_score_ties
thyroid_sick,thyroid_sick(6.1%),5,47,AUROC,"[""logreg_C0.1"", ""logreg_C1.0"", ""logreg_C10.0"", ""hgb_d3"", ""hgb_d6""]","[0.9615263970659204, 0.9586067947109352, 0.9583413763150275, 0.9975629765466654, 0.9960066595888428]","[3.0, 4.0, 5.0, 1.0, 2.0]",0.0,0,1,hgb_d3>hgb_d6>logreg_C0.1>logreg_C1.0>logreg_C10.0,hgb_d3,candidate_declaration_order_only_for_exact_score_ties
thyroid_sick,thyroid_sick(6.1%),5,47,Brier_neg,"[""logreg_C0.1"", ""logreg_C1.0"", ""logreg_C10.0"", ""hgb_d3"", ""hgb_d6""]","[-0.03057462185938502, -0.029528996914857022, -0.028883046686200765, -0.01025660131036574, -0.012027379872741464]","[5.0, 4.0, 3.0, 1.0, 2.0]",0.0,0,1,hgb_d3>hgb_d6>logreg_C10.0>logreg_C1.0>logreg_C0.1,hgb_d3,candidate_declaration_order_only_for_exact_score_ties
thyroid_sick,thyroid_sick(6.1%),5,47,MCC_05,"[""logreg_C0.1"", ""logreg_C1.0"", ""logreg_C10.0"", ""hgb_d3"", ""hgb_d6""]","[0.6192499125286726, 0.6213018518165924, 0.6386973773248489, 0.8770871537496381, 0.8566016793745778]","[5.0, 4.0, 3.0, 1.0, 2.0]",0.0,0,1,hgb_d3>hgb_d6>logreg_C10.0>logreg_C1.0>logreg_C0.1,hgb_d3,candidate_declaration_order_only_for_exact_score_ties
thyroid_sick,thyroid_sick(6.1%),6,48,SoftMCC,"[""logreg_C0.1"", ""logreg_C1.0"", ""logreg_C10.0"", ""hgb_d3"", ""hgb_d6""]","[0.4114153810171834, 0.4398051264852311, 0.4291059846451619, 0.7203374558627803, 0.7330256601898807]","[5.0, 3.0, 4.0, 2.0, 1.0]",0.0,0,1,hgb_d6>hgb_d3>logreg_C1.0>logreg_C10.0>logreg_C0.1,hgb_d6,candidate_declaration_order_only_for_exact_score_ties
thyroid_sick,thyroid_sick(6.1%),6,48,MCC_best,"[""logreg_C0.1"", ""logreg_C1.0"", ""logreg_C10.0"", ""hgb_d3"", ""hgb_d6""]","[0.568270629454002, 0.6332594735104853, 0.6493990045738878, 0.8450223925802558, 0.8863639969139279]","[5.0, 4.0, 3.0, 2.0, 1.0]",0.0,0,1,hgb_d6>hgb_d3>logreg_C10.0>logreg_C1.0>logreg_C0.1,hgb_d6,candidate_declaration_order_only_for_exact_score_ties
thyroid_sick,thyroid_sick(6.1%),6,48,F1_best,"[""logreg_C0.1"", ""logreg_C1.0"", ""logreg_C10.0"", ""hgb_d3"", ""hgb_d6""]","[0.5894736842105263, 0.6530612244897959, 0.6666666666666666, 0.8543689320388349, 0.8932038834951457]","[5.0, 4.0, 3.0, 2.0, 1.0]",0.0,0,1,hgb_d6>hgb_d3>logreg_C10.0>logreg_C1.0>logreg_C0.1,hgb_d6,candidate_declaration_order_only_for_exact_score_ties
thyroid_sick,thyroid_sick(6.1%),6,48,AUPRC,"[""logreg_C0.1"", ""logreg_C1.0"", ""logreg_C10.0"", ""hgb_d3"", ""hgb_d6""]","[0.5254251325112272, 0.5863274823477179, 0.590946510791773, 0.9219807804594279, 0.9349242168791017]","[5.0, 4.0, 3.0, 2.0, 1.0]",0.0,0,1,hgb_d6>hgb_d3>logreg_C10.0>logreg_C1.0>logreg_C0.1,hgb_d6,candidate_declaration_order_only_for_exact_score_ties
thyroid_sick,thyroid_sick(6.1%),6,48,AUROC,"[""logreg_C0.1"", ""logreg_C1.0"", ""logreg_C10.0"", ""hgb_d3"", ""hgb_d6""]","[0.9346081550028918, 0.9415485829959515, 0.940114709851552, 0.9917341430499326, 0.9946139386928861]","[5.0, 3.0, 4.0, 2.0, 1.0]",0.0,0,1,hgb_d6>hgb_d3>logreg_C1.0>logreg_C10.0>logreg_C0.1,hgb_d6,candidate_declaration_order_only_for_exact_score_ties
thyroid_sick,thyroid_sick(6.1%),6,48,Brier_neg,"[""logreg_C0.1"", ""logreg_C1.0"", ""logreg_C10.0"", ""hgb_d3"", ""hgb_d6""]","[-0.036506228624687234, -0.03332900693771142, -0.03280382220983647, -0.014855909490109792, -0.013538901608967677]","[5.0, 4.0, 3.0, 2.0, 1.0]",0.0,0,1,hgb_d6>hgb_d3>logreg_C10.0>logreg_C1.0>logreg_C0.1,hgb_d6,candidate_declaration_order_only_for_exact_score_ties
thyroid_sick,thyroid_sick(6.1%),6,48,MCC_05,"[""logreg_C0.1"", ""logreg_C1.0"", ""logreg_C10.0"", ""hgb_d3"", ""hgb_d6""]","[0.5775071289071346, 0.624431998381474, 0.6478944331186437, 0.8025347478226881, 0.8146688109321563]","[5.0, 4.0, 3.0, 2.0, 1.0]",0.0,0,1,hgb_d6>hgb_d3>logreg_C10.0>logreg_C1.0>logreg_C0.1,hgb_d6,candidate_declaration_order_only_for_exact_score_ties
thyroid_sick,thyroid_sick(6.1%),7,49,SoftMCC,"[""logreg_C0.1"", ""logreg_C1.0"", ""logreg_C10.0"", ""hgb_d3"", ""hgb_d6""]","[0.4332810055070205, 0.46925726753027514, 0.46682155356213284, 0.6985507981412241, 0.7001880967551084]","[5.0, 3.0, 4.0, 2.0, 1.0]",0.0,0,1,hgb_d6>hgb_d3>logreg_C1.0>logreg_C10.0>logreg_C0.1,hgb_d6,candidate_declaration_order_only_for_exact_score_ties
thyroid_sick,thyroid_sick(6.1%),7,49,MCC_best,"[""logreg_C0.1"", ""logreg_C1.0"", ""logreg_C10.0"", ""hgb_d3"", ""hgb_d6""]","[0.5349250335854884, 0.5682408631294401, 0.5828971809840147, 0.7729262524974996, 0.7568167110910666]","[5.0, 4.0, 3.0, 1.0, 2.0]",0.0,0,1,hgb_d3>hgb_d6>logreg_C10.0>logreg_C1.0>logreg_C0.1,hgb_d3,candidate_declaration_order_only_for_exact_score_ties
thyroid_sick,thyroid_sick(6.1%),7,49,F1_best,"[""logreg_C0.1"", ""logreg_C1.0"", ""logreg_C10.0"", ""hgb_d3"", ""hgb_d6""]","[0.5631067961165048, 0.5894736842105263, 0.6041666666666666, 0.7857142857142857, 0.7678571428571429]","[5.0, 4.0, 3.0, 1.0, 2.0]",0.0,0,1,hgb_d3>hgb_d6>logreg_C10.0>logreg_C1.0>logreg_C0.1,hgb_d3,candidate_declaration_order_only_for_exact_score_ties
thyroid_sick,thyroid_sick(6.1%),7,49,AUPRC,"[""logreg_C0.1"", ""logreg_C1.0"", ""logreg_C10.0"", ""hgb_d3"", ""hgb_d6""]","[0.5375787516484395, 0.5554305561979632, 0.5748617624603558, 0.8566910207569353, 0.8418889763026421]","[5.0, 4.0, 3.0, 1.0, 2.0]",0.0,0,1,hgb_d3>hgb_d6>logreg_C10.0>logreg_C1.0>logreg_C0.1,hgb_d3,candidate_declaration_order_only_for_exact_score_ties
thyroid_sick,thyroid_sick(6.1%),7,49,AUROC,"[""logreg_C0.1"", ""logreg_C1.0"", ""logreg_C10.0"", ""hgb_d3"", ""hgb_d6""]","[0.9237645980117749, 0.9187578419071518, 0.9271667792684104, 0.9657127690377376, 0.958546472348229]","[4.0, 5.0, 3.0, 1.0, 2.0]",0.0,0,1,hgb_d3>hgb_d6>logreg_C10.0>logreg_C0.1>logreg_C1.0,hgb_d3,candidate_declaration_order_only_for_exact_score_ties
thyroid_sick,thyroid_sick(6.1%),7,49,Brier_neg,"[""logreg_C0.1"", ""logreg_C1.0"", ""logreg_C10.0"", ""hgb_d3"", ""hgb_d6""]","[-0.03953415810981454, -0.03673350751681916, -0.03593845185171735, -0.020741580703196243, -0.02075221766520831]","[5.0, 4.0, 3.0, 1.0, 2.0]",0.0,0,1,hgb_d3>hgb_d6>logreg_C10.0>logreg_C1.0>logreg_C0.1,hgb_d3,candidate_declaration_order_only_for_exact_score_ties
thyroid_sick,thyroid_sick(6.1%),7,49,MCC_05,"[""logreg_C0.1"", ""logreg_C1.0"", ""logreg_C10.0"", ""hgb_d3"", ""hgb_d6""]","[0.5164198102784988, 0.5759969242040968, 0.5759969242040968, 0.7209763869300518, 0.7416487595238922]","[5.0, 3.5, 3.5, 2.0, 1.0]",6.0,1,2,hgb_d6>hgb_d3>logreg_C1.0>logreg_C10.0>logreg_C0.1,hgb_d6,candidate_declaration_order_only_for_exact_score_ties
thyroid_sick,thyroid_sick(6.1%),8,50,SoftMCC,"[""logreg_C0.1"", ""logreg_C1.0"", ""logreg_C10.0"", ""hgb_d3"", ""hgb_d6""]","[0.542397099088648, 0.5813581516895259, 0.5651024132921018, 0.8077066987478523, 0.8285127293699392]","[5.0, 3.0, 4.0, 2.0, 1.0]",0.0,0,1,hgb_d6>hgb_d3>logreg_C1.0>logreg_C10.0>logreg_C0.1,hgb_d6,candidate_declaration_order_only_for_exact_score_ties
thyroid_sick,thyroid_sick(6.1%),8,50,MCC_best,"[""logreg_C0.1"", ""logreg_C1.0"", ""logreg_C10.0"", ""hgb_d3"", ""hgb_d6""]","[0.7278424497231362, 0.7541743074992762, 0.7729262524974996, 0.8879305266598511, 0.9070979056869096]","[5.0, 4.0, 3.0, 2.0, 1.0]",0.0,0,1,hgb_d6>hgb_d3>logreg_C10.0>logreg_C1.0>logreg_C0.1,hgb_d6,candidate_declaration_order_only_for_exact_score_ties
thyroid_sick,thyroid_sick(6.1%),8,50,F1_best,"[""logreg_C0.1"", ""logreg_C1.0"", ""logreg_C10.0"", ""hgb_d3"", ""hgb_d6""]","[0.7433628318584071, 0.7692307692307693, 0.7857142857142857, 0.8928571428571429, 0.9107142857142857]","[5.0, 4.0, 3.0, 2.0, 1.0]",0.0,0,1,hgb_d6>hgb_d3>logreg_C10.0>logreg_C1.0>logreg_C0.1,hgb_d6,candidate_declaration_order_only_for_exact_score_ties
thyroid_sick,thyroid_sick(6.1%),8,50,AUPRC,"[""logreg_C0.1"", ""logreg_C1.0"", ""logreg_C10.0"", ""hgb_d3"", ""hgb_d6""]","[0.7827626624843573, 0.7787409151554411, 0.7685721463427311, 0.9631218871642535, 0.9628085053709833]","[3.0, 4.0, 5.0, 1.0, 2.0]",0.0,0,1,hgb_d3>hgb_d6>logreg_C0.1>logreg_C1.0>logreg_C10.0,hgb_d3,candidate_declaration_order_only_for_exact_score_ties
thyroid_sick,thyroid_sick(6.1%),8,50,AUROC,"[""logreg_C0.1"", ""logreg_C1.0"", ""logreg_C10.0"", ""hgb_d3"", ""hgb_d6""]","[0.9812638741434224, 0.9838215423221697, 0.9820360003860631, 0.9975750410192067, 0.9977077502171605]","[5.0, 3.0, 4.0, 2.0, 1.0]",0.0,0,1,hgb_d6>hgb_d3>logreg_C1.0>logreg_C10.0>logreg_C0.1,hgb_d6,candidate_declaration_order_only_for_exact_score_ties
thyroid_sick,thyroid_sick(6.1%),8,50,Brier_neg,"[""logreg_C0.1"", ""logreg_C1.0"", ""logreg_C10.0"", ""hgb_d3"", ""hgb_d6""]","[-0.023994919838004, -0.02185418955627254, -0.022796641341853125, -0.01078388571765751, -0.009921051764971565]","[5.0, 3.0, 4.0, 2.0, 1.0]",0.0,0,1,hgb_d6>hgb_d3>logreg_C1.0>logreg_C10.0>logreg_C0.1,hgb_d6,candidate_declaration_order_only_for_exact_score_ties
thyroid_sick,thyroid_sick(6.1%),8,50,MCC_05,"[""logreg_C0.1"", ""logreg_C1.0"", ""logreg_C10.0"", ""hgb_d3"", ""hgb_d6""]","[0.7372032700854034, 0.750991187595182, 0.7289726025022704, 0.8541626246567632, 0.8656829950869346]","[4.0, 3.0, 5.0, 2.0, 1.0]",0.0,0,1,hgb_d6>hgb_d3>logreg_C1.0>logreg_C0.1>logreg_C10.0,hgb_d6,candidate_declaration_order_only_for_exact_score_ties
thyroid_sick,thyroid_sick(6.1%),9,51,SoftMCC,"[""logreg_C0.1"", ""logreg_C1.0"", ""logreg_C10.0"", ""hgb_d3"", ""hgb_d6""]","[0.500591293941183, 0.5078517917532436, 0.4733687195845432, 0.7797102732717015, 0.7918945360434422]","[4.0, 3.0, 5.0, 2.0, 1.0]",0.0,0,1,hgb_d6>hgb_d3>logreg_C1.0>logreg_C0.1>logreg_C10.0,hgb_d6,candidate_declaration_order_only_for_exact_score_ties
thyroid_sick,thyroid_sick(6.1%),9,51,MCC_best,"[""logreg_C0.1"", ""logreg_C1.0"", ""logreg_C10.0"", ""hgb_d3"", ""hgb_d6""]","[0.7209975795792398, 0.7416683817460759, 0.7069711979527322, 0.8656931947470918, 0.8863639969139279]","[4.0, 3.0, 5.0, 2.0, 1.0]",0.0,0,1,hgb_d6>hgb_d3>logreg_C1.0>logreg_C0.1>logreg_C10.0,hgb_d6,candidate_declaration_order_only_for_exact_score_ties
thyroid_sick,thyroid_sick(6.1%),9,51,F1_best,"[""logreg_C0.1"", ""logreg_C1.0"", ""logreg_C10.0"", ""hgb_d3"", ""hgb_d6""]","[0.7378640776699029, 0.7572815533980582, 0.7216494845360825, 0.8737864077669902, 0.8932038834951457]","[4.0, 3.0, 5.0, 2.0, 1.0]",0.0,0,1,hgb_d6>hgb_d3>logreg_C1.0>logreg_C0.1>logreg_C10.0,hgb_d6,candidate_declaration_order_only_for_exact_score_ties
thyroid_sick,thyroid_sick(6.1%),9,51,AUPRC,"[""logreg_C0.1"", ""logreg_C1.0"", ""logreg_C10.0"", ""hgb_d3"", ""hgb_d6""]","[0.7787179436129542, 0.7889080995036302, 0.7306989495886471, 0.9285906412352026, 0.9509240257880973]","[4.0, 3.0, 5.0, 2.0, 1.0]",0.0,0,1,hgb_d6>hgb_d3>logreg_C1.0>logreg_C0.1>logreg_C10.0,hgb_d6,candidate_declaration_order_only_for_exact_score_ties
thyroid_sick,thyroid_sick(6.1%),9,51,AUROC,"[""logreg_C0.1"", ""logreg_C1.0"", ""logreg_C10.0"", ""hgb_d3"", ""hgb_d6""]","[0.9610564873722769, 0.9556824754193176, 0.9524532485058801, 0.9875771158665896, 0.9956501831501832]","[3.0, 4.0, 5.0, 2.0, 1.0]",0.0,0,1,hgb_d6>hgb_d3>logreg_C0.1>logreg_C1.0>logreg_C10.0,hgb_d6,candidate_declaration_order_only_for_exact_score_ties
thyroid_sick,thyroid_sick(6.1%),9,51,Brier_neg,"[""logreg_C0.1"", ""logreg_C1.0"", ""logreg_C10.0"", ""hgb_d3"", ""hgb_d6""]","[-0.025059259348742164, -0.02481168136862683, -0.026712463448837067, -0.012246996699479831, -0.01048619754033266]","[4.0, 3.0, 5.0, 2.0, 1.0]",0.0,0,1,hgb_d6>hgb_d3>logreg_C1.0>logreg_C0.1>logreg_C10.0,hgb_d6,candidate_declaration_order_only_for_exact_score_ties
thyroid_sick,thyroid_sick(6.1%),9,51,MCC_05,"[""logreg_C0.1"", ""logreg_C1.0"", ""logreg_C10.0"", ""hgb_d3"", ""hgb_d6""]","[0.6099039170119337, 0.6756944929806522, 0.6532042748651761, 0.8656931947470918, 0.8846574314676426]","[5.0, 3.0, 4.0, 2.0, 1.0]",0.0,0,1,hgb_d6>hgb_d3>logreg_C1.0>logreg_C10.0>logreg_C0.1,hgb_d6,candidate_declaration_order_only_for_exact_score_ties
thyroid_sick,thyroid_sick(6.1%),10,52,SoftMCC,"[""logreg_C0.1"", ""logreg_C1.0"", ""logreg_C10.0"", ""hgb_d3"", ""hgb_d6""]","[0.43523384627172046, 0.4147562053875746, 0.39495930832027315, 0.7156231392730905, 0.7240968556091573]","[3.0, 4.0, 5.0, 2.0, 1.0]",0.0,0,1,hgb_d6>hgb_d3>logreg_C0.1>logreg_C1.0>logreg_C10.0,hgb_d6,candidate_declaration_order_only_for_exact_score_ties
thyroid_sick,thyroid_sick(6.1%),10,52,MCC_best,"[""logreg_C0.1"", ""logreg_C1.0"", ""logreg_C10.0"", ""hgb_d3"", ""hgb_d6""]","[0.6130436577799689, 0.5942035324269577, 0.5702139690442588, 0.8156492539807491, 0.834528891283556]","[3.0, 4.0, 5.0, 2.0, 1.0]",0.0,0,1,hgb_d6>hgb_d3>logreg_C0.1>logreg_C1.0>logreg_C10.0,hgb_d6,candidate_declaration_order_only_for_exact_score_ties
thyroid_sick,thyroid_sick(6.1%),10,52,F1_best,"[""logreg_C0.1"", ""logreg_C1.0"", ""logreg_C10.0"", ""hgb_d3"", ""hgb_d6""]","[0.631578947368421, 0.6166666666666667, 0.5964912280701754, 0.8245614035087719, 0.8421052631578947]","[3.0, 4.0, 5.0, 2.0, 1.0]",0.0,0,1,hgb_d6>hgb_d3>logreg_C0.1>logreg_C1.0>logreg_C10.0,hgb_d6,candidate_declaration_order_only_for_exact_score_ties
thyroid_sick,thyroid_sick(6.1%),10,52,AUPRC,"[""logreg_C0.1"", ""logreg_C1.0"", ""logreg_C10.0"", ""hgb_d3"", ""hgb_d6""]","[0.5662244410827265, 0.5538332107915896, 0.5342428270924082, 0.8868374978512601, 0.9006748555267841]","[3.0, 4.0, 5.0, 2.0, 1.0]",0.0,0,1,hgb_d6>hgb_d3>logreg_C0.1>logreg_C1.0>logreg_C10.0,hgb_d6,candidate_declaration_order_only_for_exact_score_ties
thyroid_sick,thyroid_sick(6.1%),10,52,AUROC,"[""logreg_C0.1"", ""logreg_C1.0"", ""logreg_C10.0"", ""hgb_d3"", ""hgb_d6""]","[0.9481227680725799, 0.9455530354212913, 0.936046231058778, 0.9847505067078468, 0.9915548692211177]","[3.0, 4.0, 5.0, 2.0, 1.0]",0.0,0,1,hgb_d6>hgb_d3>logreg_C0.1>logreg_C1.0>logreg_C10.0,hgb_d6,candidate_declaration_order_only_for_exact_score_ties
thyroid_sick,thyroid_sick(6.1%),10,52,Brier_neg,"[""logreg_C0.1"", ""logreg_C1.0"", ""logreg_C10.0"", ""hgb_d3"", ""hgb_d6""]","[-0.03429786561627636, -0.035749571873998603, -0.036977828314422104, -0.017374879437834487, -0.01697581077683915]","[3.0, 4.0, 5.0, 2.0, 1.0]",0.0,0,1,hgb_d6>hgb_d3>logreg_C0.1>logreg_C1.0>logreg_C10.0,hgb_d6,candidate_declaration_order_only_for_exact_score_ties
thyroid_sick,thyroid_sick(6.1%),10,52,MCC_05,"[""logreg_C0.1"", ""logreg_C1.0"", ""logreg_C10.0"", ""hgb_d3"", ""hgb_d6""]","[0.6213018518165924, 0.5229181749482834, 0.5305517109661434, 0.7758974911138226, 0.7793305889453689]","[3.0, 5.0, 4.0, 2.0, 1.0]",0.0,0,1,hgb_d6>hgb_d3>logreg_C0.1>logreg_C10.0>logreg_C1.0,hgb_d6,candidate_declaration_order_only_for_exact_score_ties
thyroid_sick,thyroid_sick(6.1%),11,53,SoftMCC,"[""logreg_C0.1"", ""logreg_C1.0"", ""logreg_C10.0"", ""hgb_d3"", ""hgb_d6""]","[0.4525667964193929, 0.46934362480284825, 0.43885266076537366, 0.7948679562447347, 0.7850558064224398]","[4.0, 3.0, 5.0, 1.0, 2.0]",0.0,0,1,hgb_d3>hgb_d6>logreg_C1.0>logreg_C0.1>logreg_C10.0,hgb_d3,candidate_declaration_order_only_for_exact_score_ties
thyroid_sick,thyroid_sick(6.1%),11,53,MCC_best,"[""logreg_C0.1"", ""logreg_C1.0"", ""logreg_C10.0"", ""hgb_d3"", ""hgb_d6""]","[0.6493106718842688, 0.7003040143362115, 0.6722324099990349, 0.8879305266598511, 0.8879305266598511]","[5.0, 3.0, 4.0, 1.5, 1.5]",6.0,1,2,hgb_d3>hgb_d6>logreg_C1.0>logreg_C10.0>logreg_C0.1,hgb_d3,candidate_declaration_order_only_for_exact_score_ties
thyroid_sick,thyroid_sick(6.1%),11,53,F1_best,"[""logreg_C0.1"", ""logreg_C1.0"", ""logreg_C10.0"", ""hgb_d3"", ""hgb_d6""]","[0.660377358490566, 0.7184466019417476, 0.6923076923076923, 0.8928571428571429, 0.8928571428571429]","[5.0, 3.0, 4.0, 1.5, 1.5]",6.0,1,2,hgb_d3>hgb_d6>logreg_C1.0>logreg_C10.0>logreg_C0.1,hgb_d3,candidate_declaration_order_only_for_exact_score_ties
thyroid_sick,thyroid_sick(6.1%),11,53,AUPRC,"[""logreg_C0.1"", ""logreg_C1.0"", ""logreg_C10.0"", ""hgb_d3"", ""hgb_d6""]","[0.6162519817675107, 0.6719844080314415, 0.6649643953512243, 0.955657958135072, 0.9579179975815448]","[5.0, 3.0, 4.0, 2.0, 1.0]",0.0,0,1,hgb_d6>hgb_d3>logreg_C1.0>logreg_C10.0>logreg_C0.1,hgb_d6,candidate_declaration_order_only_for_exact_score_ties
thyroid_sick,thyroid_sick(6.1%),11,53,AUROC,"[""logreg_C0.1"", ""logreg_C1.0"", ""logreg_C10.0"", ""hgb_d3"", ""hgb_d6""]","[0.939556992568285, 0.9557475147186565, 0.9577019592703406, 0.996947688447061, 0.9969959463372262]","[5.0, 4.0, 3.0, 2.0, 1.0]",0.0,0,1,hgb_d6>hgb_d3>logreg_C10.0>logreg_C1.0>logreg_C0.1,hgb_d6,candidate_declaration_order_only_for_exact_score_ties
thyroid_sick,thyroid_sick(6.1%),11,53,Brier_neg,"[""logreg_C0.1"", ""logreg_C1.0"", ""logreg_C10.0"", ""hgb_d3"", ""hgb_d6""]","[-0.031014471075724612, -0.028625697890985926, -0.029718011828787753, -0.010603335685164193, -0.011081423169563539]","[5.0, 3.0, 4.0, 1.0, 2.0]",0.0,0,1,hgb_d3>hgb_d6>logreg_C1.0>logreg_C10.0>logreg_C0.1,hgb_d3,candidate_declaration_order_only_for_exact_score_ties
thyroid_sick,thyroid_sick(6.1%),11,53,MCC_05,"[""logreg_C0.1"", ""logreg_C1.0"", ""logreg_C10.0"", ""hgb_d3"", ""hgb_d6""]","[0.6354450551052334, 0.6713357092815851, 0.6947997090008254, 0.8593079096648721, 0.8308173503255722]","[5.0, 4.0, 3.0, 1.0, 2.0]",0.0,0,1,hgb_d3>hgb_d6>logreg_C10.0>logreg_C1.0>logreg_C0.1,hgb_d3,candidate_declaration_order_only_for_exact_score_ties
us_crime,us_crime(7.5%),0,42,SoftMCC,"[""logreg_C0.1"", ""logreg_C1.0"", ""logreg_C10.0"", ""hgb_d3"", ""hgb_d6""]","[0.4060541924728159, 0.4126621065009868, 0.36647385353185813, 0.3397147820918186, 0.33722878890368746]","[2.0, 1.0, 3.0, 4.0, 5.0]",0.0,0,1,logreg_C1.0>logreg_C0.1>logreg_C10.0>hgb_d3>hgb_d6,logreg_C1.0,candidate_declaration_order_only_for_exact_score_ties
us_crime,us_crime(7.5%),0,42,MCC_best,"[""logreg_C0.1"", ""logreg_C1.0"", ""logreg_C10.0"", ""hgb_d3"", ""hgb_d6""]","[0.6067218997206392, 0.5929660178985892, 0.5772892133508711, 0.544413394383652, 0.5522238291551064]","[1.0, 2.0, 3.0, 5.0, 4.0]",0.0,0,1,logreg_C0.1>logreg_C1.0>logreg_C10.0>hgb_d6>hgb_d3,logreg_C0.1,candidate_declaration_order_only_for_exact_score_ties
us_crime,us_crime(7.5%),0,42,F1_best,"[""logreg_C0.1"", ""logreg_C1.0"", ""logreg_C10.0"", ""hgb_d3"", ""hgb_d6""]","[0.627906976744186, 0.6136363636363636, 0.6075949367088608, 0.5391304347826087, 0.5866666666666667]","[1.0, 2.0, 3.0, 5.0, 4.0]",0.0,0,1,logreg_C0.1>logreg_C1.0>logreg_C10.0>hgb_d6>hgb_d3,logreg_C0.1,candidate_declaration_order_only_for_exact_score_ties
us_crime,us_crime(7.5%),0,42,AUPRC,"[""logreg_C0.1"", ""logreg_C1.0"", ""logreg_C10.0"", ""hgb_d3"", ""hgb_d6""]","[0.6426731661450537, 0.6115097535268609, 0.6415127054585424, 0.557545485364491, 0.5218309299045812]","[1.0, 3.0, 2.0, 4.0, 5.0]",0.0,0,1,logreg_C0.1>logreg_C10.0>logreg_C1.0>hgb_d3>hgb_d6,logreg_C0.1,candidate_declaration_order_only_for_exact_score_ties
us_crime,us_crime(7.5%),0,42,AUROC,"[""logreg_C0.1"", ""logreg_C1.0"", ""logreg_C10.0"", ""hgb_d3"", ""hgb_d6""]","[0.9524805102763996, 0.9531537916371369, 0.9538979447200566, 0.9428065201984409, 0.9375974486180014]","[3.0, 2.0, 1.0, 4.0, 5.0]",0.0,0,1,logreg_C10.0>logreg_C1.0>logreg_C0.1>hgb_d3>hgb_d6,logreg_C10.0,candidate_declaration_order_only_for_exact_score_ties
us_crime,us_crime(7.5%),0,42,Brier_neg,"[""logreg_C0.1"", ""logreg_C1.0"", ""logreg_C10.0"", ""hgb_d3"", ""hgb_d6""]","[-0.04411424076951986, -0.04482818918042059, -0.042548446495100783, -0.04948890297877561, -0.04919703336030345]","[2.0, 3.0, 1.0, 5.0, 4.0]",0.0,0,1,logreg_C10.0>logreg_C0.1>logreg_C1.0>hgb_d6>hgb_d3,logreg_C10.0,candidate_declaration_order_only_for_exact_score_ties
us_crime,us_crime(7.5%),0,42,MCC_05,"[""logreg_C0.1"", ""logreg_C1.0"", ""logreg_C10.0"", ""hgb_d3"", ""hgb_d6""]","[0.4278872082384191, 0.4284066915221934, 0.47251460358214864, 0.41356949795496556, 0.4284066915221934]","[4.0, 2.5, 1.0, 5.0, 2.5]",6.0,1,2,logreg_C10.0>logreg_C1.0>hgb_d6>logreg_C0.1>hgb_d3,logreg_C10.0,candidate_declaration_order_only_for_exact_score_ties
us_crime,us_crime(7.5%),1,43,SoftMCC,"[""logreg_C0.1"", ""logreg_C1.0"", ""logreg_C10.0"", ""hgb_d3"", ""hgb_d6""]","[0.32712510708648346, 0.3600347313809209, 0.31479474813804414, 0.27528352297902164, 0.2559979487970048]","[2.0, 1.0, 3.0, 4.0, 5.0]",0.0,0,1,logreg_C1.0>logreg_C0.1>logreg_C10.0>hgb_d3>hgb_d6,logreg_C1.0,candidate_declaration_order_only_for_exact_score_ties
us_crime,us_crime(7.5%),1,43,MCC_best,"[""logreg_C0.1"", ""logreg_C1.0"", ""logreg_C10.0"", ""hgb_d3"", ""hgb_d6""]","[0.49939926665465567, 0.5103046211261195, 0.48989524422546654, 0.4867911696544606, 0.48036409261030116]","[2.0, 1.0, 3.0, 4.0, 5.0]",0.0,0,1,logreg_C1.0>logreg_C0.1>logreg_C10.0>hgb_d3>hgb_d6,logreg_C1.0,candidate_declaration_order_only_for_exact_score_ties
us_crime,us_crime(7.5%),1,43,F1_best,"[""logreg_C0.1"", ""logreg_C1.0"", ""logreg_C10.0"", ""hgb_d3"", ""hgb_d6""]","[0.5094339622641509, 0.5161290322580645, 0.5176470588235295, 0.5, 0.5]","[3.0, 2.0, 1.0, 4.5, 4.5]",6.0,1,2,logreg_C10.0>logreg_C1.0>logreg_C0.1>hgb_d3>hgb_d6,logreg_C10.0,candidate_declaration_order_only_for_exact_score_ties
us_crime,us_crime(7.5%),1,43,AUPRC,"[""logreg_C0.1"", ""logreg_C1.0"", ""logreg_C10.0"", ""hgb_d3"", ""hgb_d6""]","[0.533551228092622, 0.5447448853750592, 0.4926050463869682, 0.5101154923914104, 0.45890519011766234]","[2.0, 1.0, 4.0, 3.0, 5.0]",0.0,0,1,logreg_C1.0>logreg_C0.1>hgb_d3>logreg_C10.0>hgb_d6,logreg_C1.0,candidate_declaration_order_only_for_exact_score_ties
us_crime,us_crime(7.5%),1,43,AUROC,"[""logreg_C0.1"", ""logreg_C1.0"", ""logreg_C10.0"", ""hgb_d3"", ""hgb_d6""]","[0.9011339475549256, 0.9060595322466335, 0.9089298369950389, 0.9006024096385543, 0.8889440113394755]","[3.0, 2.0, 1.0, 4.0, 5.0]",0.0,0,1,logreg_C10.0>logreg_C1.0>logreg_C0.1>hgb_d3>hgb_d6,logreg_C10.0,candidate_declaration_order_only_for_exact_score_ties
us_crime,us_crime(7.5%),1,43,Brier_neg,"[""logreg_C0.1"", ""logreg_C1.0"", ""logreg_C10.0"", ""hgb_d3"", ""hgb_d6""]","[-0.048976540690789855, -0.04723067738679357, -0.050107906249730695, -0.05050148657953683, -0.05262652197213582]","[2.0, 1.0, 3.0, 4.0, 5.0]",0.0,0,1,logreg_C1.0>logreg_C0.1>logreg_C10.0>hgb_d3>hgb_d6,logreg_C1.0,candidate_declaration_order_only_for_exact_score_ties
us_crime,us_crime(7.5%),1,43,MCC_05,"[""logreg_C0.1"", ""logreg_C1.0"", ""logreg_C10.0"", ""hgb_d3"", ""hgb_d6""]","[0.4065915530486215, 0.46211671677188554, 0.3998401054656513, 0.37953185748076645, 0.35614539296760805]","[2.0, 1.0, 3.0, 4.0, 5.0]",0.0,0,1,logreg_C1.0>logreg_C0.1>logreg_C10.0>hgb_d3>hgb_d6,logreg_C1.0,candidate_declaration_order_only_for_exact_score_ties
us_crime,us_crime(7.5%),2,44,SoftMCC,"[""logreg_C0.1"", ""logreg_C1.0"", ""logreg_C10.0"", ""hgb_d3"", ""hgb_d6""]","[0.449770473925419, 0.41338212721971795, 0.3560225504689795, 0.3519701503484511, 0.3328978911363181]","[1.0, 2.0, 3.0, 4.0, 5.0]",0.0,0,1,logreg_C0.1>logreg_C1.0>logreg_C10.0>hgb_d3>hgb_d6,logreg_C0.1,candidate_declaration_order_only_for_exact_score_ties
us_crime,us_crime(7.5%),2,44,MCC_best,"[""logreg_C0.1"", ""logreg_C1.0"", ""logreg_C10.0"", ""hgb_d3"", ""hgb_d6""]","[0.649905384217489, 0.6489821076663218, 0.639900101888714, 0.5913464281879034, 0.6056640562341877]","[1.0, 2.0, 3.0, 5.0, 4.0]",0.0,0,1,logreg_C0.1>logreg_C1.0>logreg_C10.0>hgb_d6>hgb_d3,logreg_C0.1,candidate_declaration_order_only_for_exact_score_ties
us_crime,us_crime(7.5%),2,44,F1_best,"[""logreg_C0.1"", ""logreg_C1.0"", ""logreg_C10.0"", ""hgb_d3"", ""hgb_d6""]","[0.6666666666666666, 0.676056338028169, 0.6666666666666666, 0.6133333333333333, 0.6206896551724138]","[2.5, 1.0, 2.5, 5.0, 4.0]",6.0,1,2,logreg_C1.0>logreg_C0.1>logreg_C10.0>hgb_d6>hgb_d3,logreg_C1.0,candidate_declaration_order_only_for_exact_score_ties
us_crime,us_crime(7.5%),2,44,AUPRC,"[""logreg_C0.1"", ""logreg_C1.0"", ""logreg_C10.0"", ""hgb_d3"", ""hgb_d6""]","[0.6413060559370647, 0.6574265180954534, 0.6839625169179689, 0.6362243362601864, 0.5684021659544104]","[3.0, 2.0, 1.0, 4.0, 5.0]",0.0,0,1,logreg_C10.0>logreg_C1.0>logreg_C0.1>hgb_d3>hgb_d6,logreg_C10.0,candidate_declaration_order_only_for_exact_score_ties
us_crime,us_crime(7.5%),2,44,AUROC,"[""logreg_C0.1"", ""logreg_C1.0"", ""logreg_C10.0"", ""hgb_d3"", ""hgb_d6""]","[0.9419206236711551, 0.9476257973068746, 0.958681785967399, 0.9336640680368533, 0.9173635719347981]","[3.0, 2.0, 1.0, 4.0, 5.0]",0.0,0,1,logreg_C10.0>logreg_C1.0>logreg_C0.1>hgb_d3>hgb_d6,logreg_C10.0,candidate_declaration_order_only_for_exact_score_ties
us_crime,us_crime(7.5%),2,44,Brier_neg,"[""logreg_C0.1"", ""logreg_C1.0"", ""logreg_C10.0"", ""hgb_d3"", ""hgb_d6""]","[-0.041019371096276735, -0.04026284520293956, -0.04123098569480236, -0.04254636971879812, -0.04470857371563134]","[2.0, 1.0, 3.0, 4.0, 5.0]",0.0,0,1,logreg_C1.0>logreg_C0.1>logreg_C10.0>hgb_d3>hgb_d6,logreg_C1.0,candidate_declaration_order_only_for_exact_score_ties
us_crime,us_crime(7.5%),2,44,MCC_05,"[""logreg_C0.1"", ""logreg_C1.0"", ""logreg_C10.0"", ""hgb_d3"", ""hgb_d6""]","[0.46211671677188554, 0.4152685781783934, 0.390291537738692, 0.5353458589184932, 0.4899329946346459]","[3.0, 4.0, 5.0, 1.0, 2.0]",0.0,0,1,hgb_d3>hgb_d6>logreg_C0.1>logreg_C1.0>logreg_C10.0,hgb_d3,candidate_declaration_order_only_for_exact_score_ties
us_crime,us_crime(7.5%),3,45,SoftMCC,"[""logreg_C0.1"", ""logreg_C1.0"", ""logreg_C10.0"", ""hgb_d3"", ""hgb_d6""]","[0.35602338400999806, 0.3520108834330527, 0.32536655841588075, 0.33360183878587507, 0.31708899472085655]","[1.0, 2.0, 4.0, 3.0, 5.0]",0.0,0,1,logreg_C0.1>logreg_C1.0>hgb_d3>logreg_C10.0>hgb_d6,logreg_C0.1,candidate_declaration_order_only_for_exact_score_ties
us_crime,us_crime(7.5%),3,45,MCC_best,"[""logreg_C0.1"", ""logreg_C1.0"", ""logreg_C10.0"", ""hgb_d3"", ""hgb_d6""]","[0.5267775803619743, 0.4896527362210627, 0.529595641872313, 0.6004187076059447, 0.5444818976449635]","[4.0, 5.0, 3.0, 1.0, 2.0]",0.0,0,1,hgb_d3>hgb_d6>logreg_C10.0>logreg_C0.1>logreg_C1.0,hgb_d3,candidate_declaration_order_only_for_exact_score_ties
us_crime,us_crime(7.5%),3,45,F1_best,"[""logreg_C0.1"", ""logreg_C1.0"", ""logreg_C10.0"", ""hgb_d3"", ""hgb_d6""]","[0.5384615384615384, 0.5161290322580645, 0.5573770491803278, 0.6229508196721312, 0.5671641791044776]","[4.0, 5.0, 3.0, 1.0, 2.0]",0.0,0,1,hgb_d3>hgb_d6>logreg_C10.0>logreg_C0.1>logreg_C1.0,hgb_d3,candidate_declaration_order_only_for_exact_score_ties
us_crime,us_crime(7.5%),3,45,AUPRC,"[""logreg_C0.1"", ""logreg_C1.0"", ""logreg_C10.0"", ""hgb_d3"", ""hgb_d6""]","[0.538206328061437, 0.5362780731557493, 0.5734918594725122, 0.5730987212781519, 0.548208650171036]","[4.0, 5.0, 1.0, 2.0, 3.0]",0.0,0,1,logreg_C10.0>hgb_d3>hgb_d6>logreg_C0.1>logreg_C1.0,logreg_C10.0,candidate_declaration_order_only_for_exact_score_ties
us_crime,us_crime(7.5%),3,45,AUROC,"[""logreg_C0.1"", ""logreg_C1.0"", ""logreg_C10.0"", ""hgb_d3"", ""hgb_d6""]","[0.9138199858256555, 0.9084691708008505, 0.9080439404677534, 0.9312544294826364, 0.9171863926293409]","[3.0, 4.0, 5.0, 1.0, 2.0]",0.0,0,1,hgb_d3>hgb_d6>logreg_C0.1>logreg_C1.0>logreg_C10.0,hgb_d3,candidate_declaration_order_only_for_exact_score_ties
us_crime,us_crime(7.5%),3,45,Brier_neg,"[""logreg_C0.1"", ""logreg_C1.0"", ""logreg_C10.0"", ""hgb_d3"", ""hgb_d6""]","[-0.04692380924635451, -0.04708680352542042, -0.04651654394172486, -0.04460261195685106, -0.04761212633932502]","[3.0, 4.0, 2.0, 1.0, 5.0]",0.0,0,1,hgb_d3>logreg_C10.0>logreg_C0.1>logreg_C1.0>hgb_d6,hgb_d3,candidate_declaration_order_only_for_exact_score_ties
us_crime,us_crime(7.5%),3,45,MCC_05,"[""logreg_C0.1"", ""logreg_C1.0"", ""logreg_C10.0"", ""hgb_d3"", ""hgb_d6""]","[0.49939926665465567, 0.48347775156585043, 0.4899329946346459, 0.4330172673279964, 0.42234810456697547]","[1.0, 3.0, 2.0, 4.0, 5.0]",0.0,0,1,logreg_C0.1>logreg_C10.0>logreg_C1.0>hgb_d3>hgb_d6,logreg_C0.1,candidate_declaration_order_only_for_exact_score_ties
us_crime,us_crime(7.5%),4,46,SoftMCC,"[""logreg_C0.1"", ""logreg_C1.0"", ""logreg_C10.0"", ""hgb_d3"", ""hgb_d6""]","[0.37553553256555783, 0.3490383497539619, 0.30827020917819864, 0.28850185368644554, 0.28641272766892467]","[1.0, 2.0, 3.0, 4.0, 5.0]",0.0,0,1,logreg_C0.1>logreg_C1.0>logreg_C10.0>hgb_d3>hgb_d6,logreg_C0.1,candidate_declaration_order_only_for_exact_score_ties
us_crime,us_crime(7.5%),4,46,MCC_best,"[""logreg_C0.1"", ""logreg_C1.0"", ""logreg_C10.0"", ""hgb_d3"", ""hgb_d6""]","[0.5671153976660496, 0.5492551600527378, 0.535485872263835, 0.5606739004776823, 0.5423696608756399]","[1.0, 3.0, 5.0, 2.0, 4.0]",0.0,0,1,logreg_C0.1>hgb_d3>logreg_C1.0>hgb_d6>logreg_C10.0,logreg_C0.1,candidate_declaration_order_only_for_exact_score_ties
us_crime,us_crime(7.5%),4,46,F1_best,"[""logreg_C0.1"", ""logreg_C1.0"", ""logreg_C10.0"", ""hgb_d3"", ""hgb_d6""]","[0.5660377358490566, 0.5822784810126582, 0.5714285714285714, 0.5842696629213483, 0.5652173913043478]","[4.0, 2.0, 3.0, 1.0, 5.0]",0.0,0,1,hgb_d3>logreg_C1.0>logreg_C10.0>logreg_C0.1>hgb_d6,hgb_d3,candidate_declaration_order_only_for_exact_score_ties
us_crime,us_crime(7.5%),4,46,AUPRC,"[""logreg_C0.1"", ""logreg_C1.0"", ""logreg_C10.0"", ""hgb_d3"", ""hgb_d6""]","[0.6162698699152473, 0.6180240610033508, 0.5374883701975828, 0.5516581296822065, 0.5680696128096738]","[2.0, 1.0, 5.0, 4.0, 3.0]",0.0,0,1,logreg_C1.0>logreg_C0.1>hgb_d6>hgb_d3>logreg_C10.0,logreg_C1.0,candidate_declaration_order_only_for_exact_score_ties
us_crime,us_crime(7.5%),4,46,AUROC,"[""logreg_C0.1"", ""logreg_C1.0"", ""logreg_C10.0"", ""hgb_d3"", ""hgb_d6""]","[0.9397944720056698, 0.93756201275691, 0.9263642806520199, 0.9291991495393338, 0.9321048901488306]","[1.0, 2.0, 5.0, 4.0, 3.0]",0.0,0,1,logreg_C0.1>logreg_C1.0>hgb_d6>hgb_d3>logreg_C10.0,logreg_C0.1,candidate_declaration_order_only_for_exact_score_ties
us_crime,us_crime(7.5%),4,46,Brier_neg,"[""logreg_C0.1"", ""logreg_C1.0"", ""logreg_C10.0"", ""hgb_d3"", ""hgb_d6""]","[-0.04268122456702988, -0.043672597479471914, -0.04909886978907313, -0.04666909485154731, -0.046975961238081475]","[1.0, 2.0, 5.0, 3.0, 4.0]",0.0,0,1,logreg_C0.1>logreg_C1.0>hgb_d3>hgb_d6>logreg_C10.0,logreg_C0.1,candidate_declaration_order_only_for_exact_score_ties
us_crime,us_crime(7.5%),4,46,MCC_05,"[""logreg_C0.1"", ""logreg_C1.0"", ""logreg_C10.0"", ""hgb_d3"", ""hgb_d6""]","[0.4745458196648483, 0.4330172673279964, 0.32157230099140915, 0.45264953250299267, 0.41319472633987203]","[1.0, 3.0, 5.0, 2.0, 4.0]",0.0,0,1,logreg_C0.1>hgb_d3>logreg_C1.0>hgb_d6>logreg_C10.0,logreg_C0.1,candidate_declaration_order_only_for_exact_score_ties
us_crime,us_crime(7.5%),5,47,SoftMCC,"[""logreg_C0.1"", ""logreg_C1.0"", ""logreg_C10.0"", ""hgb_d3"", ""hgb_d6""]","[0.30192341571595377, 0.2710311798202223, 0.23063273330972778, 0.2782701371329855, 0.2594709121399527]","[1.0, 3.0, 5.0, 2.0, 4.0]",0.0,0,1,logreg_C0.1>hgb_d3>logreg_C1.0>hgb_d6>logreg_C10.0,logreg_C0.1,candidate_declaration_order_only_for_exact_score_ties
us_crime,us_crime(7.5%),5,47,MCC_best,"[""logreg_C0.1"", ""logreg_C1.0"", ""logreg_C10.0"", ""hgb_d3"", ""hgb_d6""]","[0.5549936742849397, 0.5569196326969148, 0.5365557156262265, 0.5153218819882752, 0.49318705345647107]","[2.0, 1.0, 3.0, 4.0, 5.0]",0.0,0,1,logreg_C1.0>logreg_C0.1>logreg_C10.0>hgb_d3>hgb_d6,logreg_C1.0,candidate_declaration_order_only_for_exact_score_ties
us_crime,us_crime(7.5%),5,47,F1_best,"[""logreg_C0.1"", ""logreg_C1.0"", ""logreg_C10.0"", ""hgb_d3"", ""hgb_d6""]","[0.5714285714285714, 0.5897435897435898, 0.5617977528089888, 0.55, 0.5316455696202531]","[2.0, 1.0, 3.0, 4.0, 5.0]",0.0,0,1,logreg_C1.0>logreg_C0.1>logreg_C10.0>hgb_d3>hgb_d6,logreg_C1.0,candidate_declaration_order_only_for_exact_score_ties
us_crime,us_crime(7.5%),5,47,AUPRC,"[""logreg_C0.1"", ""logreg_C1.0"", ""logreg_C10.0"", ""hgb_d3"", ""hgb_d6""]","[0.509034384832889, 0.5030809979446358, 0.49142923179456804, 0.4780341641646475, 0.46148208456807466]","[1.0, 2.0, 3.0, 4.0, 5.0]",0.0,0,1,logreg_C0.1>logreg_C1.0>logreg_C10.0>hgb_d3>hgb_d6,logreg_C0.1,candidate_declaration_order_only_for_exact_score_ties
us_crime,us_crime(7.5%),5,47,AUROC,"[""logreg_C0.1"", ""logreg_C1.0"", ""logreg_C10.0"", ""hgb_d3"", ""hgb_d6""]","[0.9117647058823529, 0.9081856839121191, 0.8867824238128986, 0.907689581856839, 0.8984762579730687]","[1.0, 2.0, 5.0, 3.0, 4.0]",0.0,0,1,logreg_C0.1>logreg_C1.0>hgb_d3>hgb_d6>logreg_C10.0,logreg_C0.1,candidate_declaration_order_only_for_exact_score_ties
us_crime,us_crime(7.5%),5,47,Brier_neg,"[""logreg_C0.1"", ""logreg_C1.0"", ""logreg_C10.0"", ""hgb_d3"", ""hgb_d6""]","[-0.049303394686048274, -0.05094769680632638, -0.05128725801826755, -0.0497651211591456, -0.050970637766903006]","[1.0, 3.0, 5.0, 2.0, 4.0]",0.0,0,1,logreg_C0.1>hgb_d3>logreg_C1.0>hgb_d6>logreg_C10.0,logreg_C0.1,candidate_declaration_order_only_for_exact_score_ties
us_crime,us_crime(7.5%),5,47,MCC_05,"[""logreg_C0.1"", ""logreg_C1.0"", ""logreg_C10.0"", ""hgb_d3"", ""hgb_d6""]","[0.352234690559394, 0.2357999951235675, 0.18664021892954794, 0.3361439474324954, 0.33583507395849543]","[1.0, 4.0, 5.0, 2.0, 3.0]",0.0,0,1,logreg_C0.1>hgb_d3>hgb_d6>logreg_C1.0>logreg_C10.0,logreg_C0.1,candidate_declaration_order_only_for_exact_score_ties
us_crime,us_crime(7.5%),6,48,SoftMCC,"[""logreg_C0.1"", ""logreg_C1.0"", ""logreg_C10.0"", ""hgb_d3"", ""hgb_d6""]","[0.36002911219331246, 0.3255978607663059, 0.2764033680178661, 0.32351141604619355, 0.3379939244221338]","[1.0, 3.0, 5.0, 4.0, 2.0]",0.0,0,1,logreg_C0.1>hgb_d6>logreg_C1.0>hgb_d3>logreg_C10.0,logreg_C0.1,candidate_declaration_order_only_for_exact_score_ties
us_crime,us_crime(7.5%),6,48,MCC_best,"[""logreg_C0.1"", ""logreg_C1.0"", ""logreg_C10.0"", ""hgb_d3"", ""hgb_d6""]","[0.5601037334107414, 0.544413394383652, 0.5365557156262265, 0.5258384197407139, 0.5873020852259385]","[2.0, 3.0, 4.0, 5.0, 1.0]",0.0,0,1,hgb_d6>logreg_C0.1>logreg_C1.0>logreg_C10.0>hgb_d3,hgb_d6,candidate_declaration_order_only_for_exact_score_ties
us_crime,us_crime(7.5%),6,48,F1_best,"[""logreg_C0.1"", ""logreg_C1.0"", ""logreg_C10.0"", ""hgb_d3"", ""hgb_d6""]","[0.5686274509803921, 0.5591397849462365, 0.5591397849462365, 0.547945205479452, 0.6067415730337079]","[2.0, 3.5, 3.5, 5.0, 1.0]",6.0,1,2,hgb_d6>logreg_C0.1>logreg_C1.0>logreg_C10.0>hgb_d3,hgb_d6,candidate_declaration_order_only_for_exact_score_ties
us_crime,us_crime(7.5%),6,48,AUPRC,"[""logreg_C0.1"", ""logreg_C1.0"", ""logreg_C10.0"", ""hgb_d3"", ""hgb_d6""]","[0.5543745845007385, 0.5360570156660801, 0.5167429204173548, 0.48978849574434247, 0.51323780112133]","[1.0, 2.0, 3.0, 5.0, 4.0]",0.0,0,1,logreg_C0.1>logreg_C1.0>logreg_C10.0>hgb_d6>hgb_d3,logreg_C0.1,candidate_declaration_order_only_for_exact_score_ties
us_crime,us_crime(7.5%),6,48,AUROC,"[""logreg_C0.1"", ""logreg_C1.0"", ""logreg_C10.0"", ""hgb_d3"", ""hgb_d6""]","[0.9463146704464919, 0.9463855421686747, 0.9339475549255847, 0.9388022678951098, 0.9459603118355776]","[2.0, 1.0, 5.0, 4.0, 3.0]",0.0,0,1,logreg_C1.0>logreg_C0.1>hgb_d6>hgb_d3>logreg_C10.0,logreg_C1.0,candidate_declaration_order_only_for_exact_score_ties
us_crime,us_crime(7.5%),6,48,Brier_neg,"[""logreg_C0.1"", ""logreg_C1.0"", ""logreg_C10.0"", ""hgb_d3"", ""hgb_d6""]","[-0.047435415112790424, -0.0472709468375786, -0.049036702161202976, -0.051099625364071144, -0.04753951056257372]","[2.0, 1.0, 4.0, 5.0, 3.0]",0.0,0,1,logreg_C1.0>logreg_C0.1>hgb_d6>logreg_C10.0>hgb_d3,logreg_C1.0,candidate_declaration_order_only_for_exact_score_ties
us_crime,us_crime(7.5%),6,48,MCC_05,"[""logreg_C0.1"", ""logreg_C1.0"", ""logreg_C10.0"", ""hgb_d3"", ""hgb_d6""]","[0.4549140153525236, 0.38429877946223817, 0.352234690559394, 0.4150435502162201, 0.34367642497296397]","[1.0, 3.0, 4.0, 2.0, 5.0]",0.0,0,1,logreg_C0.1>hgb_d3>logreg_C1.0>logreg_C10.0>hgb_d6,logreg_C0.1,candidate_declaration_order_only_for_exact_score_ties
us_crime,us_crime(7.5%),7,49,SoftMCC,"[""logreg_C0.1"", ""logreg_C1.0"", ""logreg_C10.0"", ""hgb_d3"", ""hgb_d6""]","[0.3704665429701465, 0.3412361262931032, 0.3028729461593816, 0.315121295571219, 0.31133103446200744]","[1.0, 2.0, 5.0, 3.0, 4.0]",0.0,0,1,logreg_C0.1>logreg_C1.0>hgb_d3>hgb_d6>logreg_C10.0,logreg_C0.1,candidate_declaration_order_only_for_exact_score_ties
us_crime,us_crime(7.5%),7,49,MCC_best,"[""logreg_C0.1"", ""logreg_C1.0"", ""logreg_C10.0"", ""hgb_d3"", ""hgb_d6""]","[0.5277982494141494, 0.5151799038596897, 0.4751824825431563, 0.49478448048882717, 0.5062950229116632]","[1.0, 2.0, 5.0, 4.0, 3.0]",0.0,0,1,logreg_C0.1>logreg_C1.0>hgb_d6>hgb_d3>logreg_C10.0,logreg_C0.1,candidate_declaration_order_only_for_exact_score_ties
us_crime,us_crime(7.5%),7,49,F1_best,"[""logreg_C0.1"", ""logreg_C1.0"", ""logreg_C10.0"", ""hgb_d3"", ""hgb_d6""]","[0.5581395348837209, 0.5526315789473685, 0.5116279069767442, 0.5294117647058824, 0.5263157894736842]","[1.0, 2.0, 5.0, 3.0, 4.0]",0.0,0,1,logreg_C0.1>logreg_C1.0>hgb_d3>hgb_d6>logreg_C10.0,logreg_C0.1,candidate_declaration_order_only_for_exact_score_ties
us_crime,us_crime(7.5%),7,49,AUPRC,"[""logreg_C0.1"", ""logreg_C1.0"", ""logreg_C10.0"", ""hgb_d3"", ""hgb_d6""]","[0.5094427680901944, 0.49739513225151305, 0.4590768850500434, 0.543923514915693, 0.5783787855232948]","[3.0, 4.0, 5.0, 2.0, 1.0]",0.0,0,1,hgb_d6>hgb_d3>logreg_C0.1>logreg_C1.0>logreg_C10.0,hgb_d6,candidate_declaration_order_only_for_exact_score_ties
us_crime,us_crime(7.5%),7,49,AUROC,"[""logreg_C0.1"", ""logreg_C1.0"", ""logreg_C10.0"", ""hgb_d3"", ""hgb_d6""]","[0.9378100637845499, 0.9324592487597448, 0.9164776754075125, 0.8982282069454288, 0.9008858965272857]","[1.0, 2.0, 3.0, 5.0, 4.0]",0.0,0,1,logreg_C0.1>logreg_C1.0>logreg_C10.0>hgb_d6>hgb_d3,logreg_C0.1,candidate_declaration_order_only_for_exact_score_ties
us_crime,us_crime(7.5%),7,49,Brier_neg,"[""logreg_C0.1"", ""logreg_C1.0"", ""logreg_C10.0"", ""hgb_d3"", ""hgb_d6""]","[-0.05016459055324518, -0.051495143427091196, -0.0519558003434906, -0.048709797796051425, -0.04766368076908649]","[3.0, 4.0, 5.0, 2.0, 1.0]",0.0,0,1,hgb_d6>hgb_d3>logreg_C0.1>logreg_C1.0>logreg_C10.0,hgb_d6,candidate_declaration_order_only_for_exact_score_ties
us_crime,us_crime(7.5%),7,49,MCC_05,"[""logreg_C0.1"", ""logreg_C1.0"", ""logreg_C10.0"", ""hgb_d3"", ""hgb_d6""]","[0.38429877946223817, 0.3361439474324954, 0.37065461360512053, 0.4814539272757469, 0.5089648553653776]","[3.0, 5.0, 4.0, 2.0, 1.0]",0.0,0,1,hgb_d6>hgb_d3>logreg_C0.1>logreg_C10.0>logreg_C1.0,hgb_d6,candidate_declaration_order_only_for_exact_score_ties
us_crime,us_crime(7.5%),8,50,SoftMCC,"[""logreg_C0.1"", ""logreg_C1.0"", ""logreg_C10.0"", ""hgb_d3"", ""hgb_d6""]","[0.3446301009026089, 0.31960248906242317, 0.28877699700743936, 0.2739343485216915, 0.284832403092122]","[1.0, 2.0, 3.0, 5.0, 4.0]",0.0,0,1,logreg_C0.1>logreg_C1.0>logreg_C10.0>hgb_d6>hgb_d3,logreg_C0.1,candidate_declaration_order_only_for_exact_score_ties
us_crime,us_crime(7.5%),8,50,MCC_best,"[""logreg_C0.1"", ""logreg_C1.0"", ""logreg_C10.0"", ""hgb_d3"", ""hgb_d6""]","[0.4896527362210627, 0.49436821855767793, 0.5093875271364566, 0.4903451457033918, 0.46066832361719584]","[4.0, 2.0, 1.0, 3.0, 5.0]",0.0,0,1,logreg_C10.0>logreg_C1.0>hgb_d3>logreg_C0.1>hgb_d6,logreg_C10.0,candidate_declaration_order_only_for_exact_score_ties
us_crime,us_crime(7.5%),8,50,F1_best,"[""logreg_C0.1"", ""logreg_C1.0"", ""logreg_C10.0"", ""hgb_d3"", ""hgb_d6""]","[0.5098039215686274, 0.5176470588235295, 0.5393258426966292, 0.5161290322580645, 0.5]","[4.0, 2.0, 1.0, 3.0, 5.0]",0.0,0,1,logreg_C10.0>logreg_C1.0>hgb_d3>logreg_C0.1>hgb_d6,logreg_C10.0,candidate_declaration_order_only_for_exact_score_ties
us_crime,us_crime(7.5%),8,50,AUPRC,"[""logreg_C0.1"", ""logreg_C1.0"", ""logreg_C10.0"", ""hgb_d3"", ""hgb_d6""]","[0.4841316775795645, 0.46066774161443286, 0.448263232671326, 0.4619131650592106, 0.45600307941647167]","[1.0, 3.0, 5.0, 2.0, 4.0]",0.0,0,1,logreg_C0.1>hgb_d3>logreg_C1.0>hgb_d6>logreg_C10.0,logreg_C0.1,candidate_declaration_order_only_for_exact_score_ties
us_crime,us_crime(7.5%),8,50,AUROC,"[""logreg_C0.1"", ""logreg_C1.0"", ""logreg_C10.0"", ""hgb_d3"", ""hgb_d6""]","[0.9162296243798724, 0.9153437278525869, 0.9177179305457123, 0.8995393338058115, 0.8977675407512402]","[2.0, 3.0, 1.0, 4.0, 5.0]",0.0,0,1,logreg_C10.0>logreg_C0.1>logreg_C1.0>hgb_d3>hgb_d6,logreg_C10.0,candidate_declaration_order_only_for_exact_score_ties
us_crime,us_crime(7.5%),8,50,Brier_neg,"[""logreg_C0.1"", ""logreg_C1.0"", ""logreg_C10.0"", ""hgb_d3"", ""hgb_d6""]","[-0.052763313504466794, -0.0529079738747908, -0.053003076104695214, -0.05208538166437599, -0.0524581669119627]","[3.0, 4.0, 5.0, 1.0, 2.0]",0.0,0,1,hgb_d3>hgb_d6>logreg_C0.1>logreg_C1.0>logreg_C10.0,hgb_d3,candidate_declaration_order_only_for_exact_score_ties
us_crime,us_crime(7.5%),8,50,MCC_05,"[""logreg_C0.1"", ""logreg_C1.0"", ""logreg_C10.0"", ""hgb_d3"", ""hgb_d6""]","[0.352234690559394, 0.34019086740228294, 0.3020272695875947, 0.33583507395849543, 0.3361439474324954]","[1.0, 2.0, 5.0, 4.0, 3.0]",0.0,0,1,logreg_C0.1>logreg_C1.0>hgb_d6>hgb_d3>logreg_C10.0,logreg_C0.1,candidate_declaration_order_only_for_exact_score_ties
us_crime,us_crime(7.5%),9,51,SoftMCC,"[""logreg_C0.1"", ""logreg_C1.0"", ""logreg_C10.0"", ""hgb_d3"", ""hgb_d6""]","[0.41619107809244027, 0.3785851215836503, 0.29385283647491084, 0.35247409381180317, 0.3599830739267769]","[1.0, 2.0, 5.0, 4.0, 3.0]",0.0,0,1,logreg_C0.1>logreg_C1.0>hgb_d6>hgb_d3>logreg_C10.0,logreg_C0.1,candidate_declaration_order_only_for_exact_score_ties
us_crime,us_crime(7.5%),9,51,MCC_best,"[""logreg_C0.1"", ""logreg_C1.0"", ""logreg_C10.0"", ""hgb_d3"", ""hgb_d6""]","[0.6593376665916323, 0.652871700633276, 0.5803592592331179, 0.5826687723782638, 0.6362303189841808]","[1.0, 2.0, 5.0, 4.0, 3.0]",0.0,0,1,logreg_C0.1>logreg_C1.0>hgb_d6>hgb_d3>logreg_C10.0,logreg_C0.1,candidate_declaration_order_only_for_exact_score_ties
us_crime,us_crime(7.5%),9,51,F1_best,"[""logreg_C0.1"", ""logreg_C1.0"", ""logreg_C10.0"", ""hgb_d3"", ""hgb_d6""]","[0.6744186046511628, 0.675, 0.5957446808510638, 0.6, 0.6451612903225806]","[2.0, 1.0, 5.0, 4.0, 3.0]",0.0,0,1,logreg_C1.0>logreg_C0.1>hgb_d6>hgb_d3>logreg_C10.0,logreg_C1.0,candidate_declaration_order_only_for_exact_score_ties
us_crime,us_crime(7.5%),9,51,AUPRC,"[""logreg_C0.1"", ""logreg_C1.0"", ""logreg_C10.0"", ""hgb_d3"", ""hgb_d6""]","[0.666321994066064, 0.6651910052646092, 0.6102768170700061, 0.606074153322899, 0.6157893377701857]","[1.0, 2.0, 4.0, 5.0, 3.0]",0.0,0,1,logreg_C0.1>logreg_C1.0>hgb_d6>logreg_C10.0>hgb_d3,logreg_C0.1,candidate_declaration_order_only_for_exact_score_ties
us_crime,us_crime(7.5%),9,51,AUROC,"[""logreg_C0.1"", ""logreg_C1.0"", ""logreg_C10.0"", ""hgb_d3"", ""hgb_d6""]","[0.966938341601701, 0.9652374202693126, 0.9541814316087882, 0.9570871722182849, 0.9638199858256555]","[1.0, 2.0, 5.0, 4.0, 3.0]",0.0,0,1,logreg_C0.1>logreg_C1.0>hgb_d6>hgb_d3>logreg_C10.0,logreg_C0.1,candidate_declaration_order_only_for_exact_score_ties
us_crime,us_crime(7.5%),9,51,Brier_neg,"[""logreg_C0.1"", ""logreg_C1.0"", ""logreg_C10.0"", ""hgb_d3"", ""hgb_d6""]","[-0.04099544573278827, -0.04081331559116957, -0.044134624216658244, -0.04229039711763109, -0.04111204128139838]","[2.0, 1.0, 5.0, 4.0, 3.0]",0.0,0,1,logreg_C1.0>logreg_C0.1>hgb_d6>hgb_d3>logreg_C10.0,logreg_C1.0,candidate_declaration_order_only_for_exact_score_ties
us_crime,us_crime(7.5%),9,51,MCC_05,"[""logreg_C0.1"", ""logreg_C1.0"", ""logreg_C10.0"", ""hgb_d3"", ""hgb_d6""]","[0.46211671677188554, 0.47251460358214864, 0.45264953250299267, 0.5590198773997285, 0.5607304277020592]","[4.0, 3.0, 5.0, 2.0, 1.0]",0.0,0,1,hgb_d6>hgb_d3>logreg_C1.0>logreg_C0.1>logreg_C10.0,hgb_d6,candidate_declaration_order_only_for_exact_score_ties
us_crime,us_crime(7.5%),10,52,SoftMCC,"[""logreg_C0.1"", ""logreg_C1.0"", ""logreg_C10.0"", ""hgb_d3"", ""hgb_d6""]","[0.35768904577070354, 0.3305577635554699, 0.2935367217248192, 0.2515533779759082, 0.26237811027534125]","[1.0, 2.0, 3.0, 5.0, 4.0]",0.0,0,1,logreg_C0.1>logreg_C1.0>logreg_C10.0>hgb_d6>hgb_d3,logreg_C0.1,candidate_declaration_order_only_for_exact_score_ties
us_crime,us_crime(7.5%),10,52,MCC_best,"[""logreg_C0.1"", ""logreg_C1.0"", ""logreg_C10.0"", ""hgb_d3"", ""hgb_d6""]","[0.5913464281879034, 0.5545003543586109, 0.535485872263835, 0.5424272454325576, 0.5481357143137418]","[1.0, 2.0, 5.0, 4.0, 3.0]",0.0,0,1,logreg_C0.1>logreg_C1.0>hgb_d6>hgb_d3>logreg_C10.0,logreg_C0.1,candidate_declaration_order_only_for_exact_score_ties
us_crime,us_crime(7.5%),10,52,F1_best,"[""logreg_C0.1"", ""logreg_C1.0"", ""logreg_C10.0"", ""hgb_d3"", ""hgb_d6""]","[0.6101694915254238, 0.5882352941176471, 0.5714285714285714, 0.5757575757575758, 0.5833333333333334]","[1.0, 2.0, 5.0, 4.0, 3.0]",0.0,0,1,logreg_C0.1>logreg_C1.0>hgb_d6>hgb_d3>logreg_C10.0,logreg_C0.1,candidate_declaration_order_only_for_exact_score_ties
us_crime,us_crime(7.5%),10,52,AUPRC,"[""logreg_C0.1"", ""logreg_C1.0"", ""logreg_C10.0"", ""hgb_d3"", ""hgb_d6""]","[0.6632440155218078, 0.620749337126472, 0.5893608012206747, 0.5634711768326113, 0.589999865264054]","[1.0, 2.0, 4.0, 5.0, 3.0]",0.0,0,1,logreg_C0.1>logreg_C1.0>hgb_d6>logreg_C10.0>hgb_d3,logreg_C0.1,candidate_declaration_order_only_for_exact_score_ties
us_crime,us_crime(7.5%),10,52,AUROC,"[""logreg_C0.1"", ""logreg_C1.0"", ""logreg_C10.0"", ""hgb_d3"", ""hgb_d6""]","[0.9455705173635719, 0.9390857547838413, 0.9228561304039687, 0.9200921332388378, 0.9252303330970942]","[1.0, 2.0, 4.0, 5.0, 3.0]",0.0,0,1,logreg_C0.1>logreg_C1.0>hgb_d6>logreg_C10.0>hgb_d3,logreg_C0.1,candidate_declaration_order_only_for_exact_score_ties
us_crime,us_crime(7.5%),10,52,Brier_neg,"[""logreg_C0.1"", ""logreg_C1.0"", ""logreg_C10.0"", ""hgb_d3"", ""hgb_d6""]","[-0.042594711915457314, -0.04494479249296346, -0.046596829747019584, -0.04957397972712586, -0.04833271515664307]","[1.0, 2.0, 3.0, 5.0, 4.0]",0.0,0,1,logreg_C0.1>logreg_C1.0>logreg_C10.0>hgb_d6>hgb_d3,logreg_C0.1,candidate_declaration_order_only_for_exact_score_ties
us_crime,us_crime(7.5%),10,52,MCC_05,"[""logreg_C0.1"", ""logreg_C1.0"", ""logreg_C10.0"", ""hgb_d3"", ""hgb_d6""]","[0.43959876055051056, 0.4899329946346459, 0.43959876055051056, 0.37171039025897423, 0.3312337489310712]","[2.5, 1.0, 2.5, 4.0, 5.0]",6.0,1,2,logreg_C1.0>logreg_C0.1>logreg_C10.0>hgb_d3>hgb_d6,logreg_C1.0,candidate_declaration_order_only_for_exact_score_ties
us_crime,us_crime(7.5%),11,53,SoftMCC,"[""logreg_C0.1"", ""logreg_C1.0"", ""logreg_C10.0"", ""hgb_d3"", ""hgb_d6""]","[0.37972557742467355, 0.37934496831703124, 0.34240844420314026, 0.3661073842644802, 0.3620854592480587]","[1.0, 2.0, 5.0, 3.0, 4.0]",0.0,0,1,logreg_C0.1>logreg_C1.0>hgb_d3>hgb_d6>logreg_C10.0,logreg_C0.1,candidate_declaration_order_only_for_exact_score_ties
us_crime,us_crime(7.5%),11,53,MCC_best,"[""logreg_C0.1"", ""logreg_C1.0"", ""logreg_C10.0"", ""hgb_d3"", ""hgb_d6""]","[0.5409529958791136, 0.5569196326969148, 0.58775223451184, 0.5695855768760052, 0.6224776938636913]","[5.0, 4.0, 2.0, 3.0, 1.0]",0.0,0,1,hgb_d6>logreg_C10.0>hgb_d3>logreg_C1.0>logreg_C0.1,hgb_d6,candidate_declaration_order_only_for_exact_score_ties
us_crime,us_crime(7.5%),11,53,F1_best,"[""logreg_C0.1"", ""logreg_C1.0"", ""logreg_C10.0"", ""hgb_d3"", ""hgb_d6""]","[0.5714285714285714, 0.5897435897435898, 0.6197183098591549, 0.6027397260273972, 0.6451612903225806]","[5.0, 4.0, 2.0, 3.0, 1.0]",0.0,0,1,hgb_d6>logreg_C10.0>hgb_d3>logreg_C1.0>logreg_C0.1,hgb_d6,candidate_declaration_order_only_for_exact_score_ties
us_crime,us_crime(7.5%),11,53,AUPRC,"[""logreg_C0.1"", ""logreg_C1.0"", ""logreg_C10.0"", ""hgb_d3"", ""hgb_d6""]","[0.5916396775859285, 0.6226496295855499, 0.6035317412189156, 0.6156544729393407, 0.6163249412133732]","[5.0, 1.0, 4.0, 3.0, 2.0]",0.0,0,1,logreg_C1.0>hgb_d6>hgb_d3>logreg_C10.0>logreg_C0.1,logreg_C1.0,candidate_declaration_order_only_for_exact_score_ties
us_crime,us_crime(7.5%),11,53,AUROC,"[""logreg_C0.1"", ""logreg_C1.0"", ""logreg_C10.0"", ""hgb_d3"", ""hgb_d6""]","[0.9189936215450035, 0.9070871722182849, 0.8809000708717221, 0.9108433734939759, 0.8958894401133948]","[1.0, 3.0, 5.0, 2.0, 4.0]",0.0,0,1,logreg_C0.1>hgb_d3>logreg_C1.0>hgb_d6>logreg_C10.0,logreg_C0.1,candidate_declaration_order_only_for_exact_score_ties
us_crime,us_crime(7.5%),11,53,Brier_neg,"[""logreg_C0.1"", ""logreg_C1.0"", ""logreg_C10.0"", ""hgb_d3"", ""hgb_d6""]","[-0.04483546552307274, -0.04323556774640718, -0.045366078138917444, -0.044402739169605035, -0.04370087623168852]","[4.0, 1.0, 5.0, 3.0, 2.0]",0.0,0,1,logreg_C1.0>hgb_d6>hgb_d3>logreg_C0.1>logreg_C10.0,logreg_C1.0,candidate_declaration_order_only_for_exact_score_ties
us_crime,us_crime(7.5%),11,53,MCC_05,"[""logreg_C0.1"", ""logreg_C1.0"", ""logreg_C10.0"", ""hgb_d3"", ""hgb_d6""]","[0.5166225156421039, 0.4899329946346459, 0.49478448048882717, 0.5346549456251307, 0.39910726606695146]","[2.0, 4.0, 3.0, 1.0, 5.0]",0.0,0,1,hgb_d3>logreg_C0.1>logreg_C10.0>logreg_C1.0>hgb_d6,hgb_d3,candidate_declaration_order_only_for_exact_score_ties
wine_quality,wine_quality(3.7%),0,42,SoftMCC,"[""logreg_C0.1"", ""logreg_C1.0"", ""logreg_C10.0"", ""hgb_d3"", ""hgb_d6""]","[0.09084714356353105, 0.08672078904243471, 0.08184138702853419, 0.09411070207819643, 0.08956249171550107]","[2.0, 4.0, 5.0, 1.0, 3.0]",0.0,0,1,hgb_d3>logreg_C0.1>hgb_d6>logreg_C1.0>logreg_C10.0,hgb_d3,candidate_declaration_order_only_for_exact_score_ties
wine_quality,wine_quality(3.7%),0,42,MCC_best,"[""logreg_C0.1"", ""logreg_C1.0"", ""logreg_C10.0"", ""hgb_d3"", ""hgb_d6""]","[0.2554677476948972, 0.3047923892648435, 0.27458298146336524, 0.3118043352792409, 0.2959502300072091]","[5.0, 2.0, 4.0, 1.0, 3.0]",0.0,0,1,hgb_d3>logreg_C1.0>hgb_d6>logreg_C10.0>logreg_C0.1,hgb_d3,candidate_declaration_order_only_for_exact_score_ties
wine_quality,wine_quality(3.7%),0,42,F1_best,"[""logreg_C0.1"", ""logreg_C1.0"", ""logreg_C10.0"", ""hgb_d3"", ""hgb_d6""]","[0.2823529411764706, 0.32989690721649484, 0.2956521739130435, 0.31654676258992803, 0.3076923076923077]","[5.0, 1.0, 4.0, 2.0, 3.0]",0.0,0,1,logreg_C1.0>hgb_d3>hgb_d6>logreg_C10.0>logreg_C0.1,logreg_C1.0,candidate_declaration_order_only_for_exact_score_ties
wine_quality,wine_quality(3.7%),0,42,AUPRC,"[""logreg_C0.1"", ""logreg_C1.0"", ""logreg_C10.0"", ""hgb_d3"", ""hgb_d6""]","[0.1696866131659077, 0.17165820242777718, 0.16302326240535342, 0.20703856701999773, 0.19479115603239605]","[4.0, 3.0, 5.0, 1.0, 2.0]",0.0,0,1,hgb_d3>hgb_d6>logreg_C1.0>logreg_C0.1>logreg_C10.0,hgb_d3,candidate_declaration_order_only_for_exact_score_ties
wine_quality,wine_quality(3.7%),0,42,AUROC,"[""logreg_C0.1"", ""logreg_C1.0"", ""logreg_C10.0"", ""hgb_d3"", ""hgb_d6""]","[0.7498210877862596, 0.7550214694656489, 0.7484017175572518, 0.8246183206106871, 0.8096970419847328]","[4.0, 3.0, 5.0, 1.0, 2.0]",0.0,0,1,hgb_d3>hgb_d6>logreg_C1.0>logreg_C0.1>logreg_C10.0,hgb_d3,candidate_declaration_order_only_for_exact_score_ties
wine_quality,wine_quality(3.7%),0,42,Brier_neg,"[""logreg_C0.1"", ""logreg_C1.0"", ""logreg_C10.0"", ""hgb_d3"", ""hgb_d6""]","[-0.0333046469158691, -0.03441389812467484, -0.034626873869130985, -0.03219442626382021, -0.03279687863337402]","[3.0, 4.0, 5.0, 1.0, 2.0]",0.0,0,1,hgb_d3>hgb_d6>logreg_C0.1>logreg_C1.0>logreg_C10.0,hgb_d3,candidate_declaration_order_only_for_exact_score_ties
wine_quality,wine_quality(3.7%),0,42,MCC_05,"[""logreg_C0.1"", ""logreg_C1.0"", ""logreg_C10.0"", ""hgb_d3"", ""hgb_d6""]","[0.0, -0.01027294853970566, -0.011867649433123613, -0.008383964670342433, -0.01027294853970566]","[1.0, 3.5, 5.0, 2.0, 3.5]",6.0,1,2,logreg_C0.1>hgb_d3>logreg_C1.0>hgb_d6>logreg_C10.0,logreg_C0.1,candidate_declaration_order_only_for_exact_score_ties
wine_quality,wine_quality(3.7%),1,43,SoftMCC,"[""logreg_C0.1"", ""logreg_C1.0"", ""logreg_C10.0"", ""hgb_d3"", ""hgb_d6""]","[0.12568834693993913, 0.16325919708474204, 0.17662187675764895, 0.10891521915751864, 0.08450786866214328]","[3.0, 2.0, 1.0, 4.0, 5.0]",0.0,0,1,logreg_C10.0>logreg_C1.0>logreg_C0.1>hgb_d3>hgb_d6,logreg_C10.0,candidate_declaration_order_only_for_exact_score_ties
wine_quality,wine_quality(3.7%),1,43,MCC_best,"[""logreg_C0.1"", ""logreg_C1.0"", ""logreg_C10.0"", ""hgb_d3"", ""hgb_d6""]","[0.29449533260611105, 0.34278040064136434, 0.3691287282007042, 0.2812665344737396, 0.2473265330126904]","[3.0, 2.0, 1.0, 4.0, 5.0]",0.0,0,1,logreg_C10.0>logreg_C1.0>logreg_C0.1>hgb_d3>hgb_d6,logreg_C10.0,candidate_declaration_order_only_for_exact_score_ties
wine_quality,wine_quality(3.7%),1,43,F1_best,"[""logreg_C0.1"", ""logreg_C1.0"", ""logreg_C10.0"", ""hgb_d3"", ""hgb_d6""]","[0.3140495867768595, 0.36363636363636365, 0.36923076923076925, 0.2909090909090909, 0.26666666666666666]","[3.0, 2.0, 1.0, 4.0, 5.0]",0.0,0,1,logreg_C10.0>logreg_C1.0>logreg_C0.1>hgb_d3>hgb_d6,logreg_C10.0,candidate_declaration_order_only_for_exact_score_ties
wine_quality,wine_quality(3.7%),1,43,AUPRC,"[""logreg_C0.1"", ""logreg_C1.0"", ""logreg_C10.0"", ""hgb_d3"", ""hgb_d6""]","[0.1939935910838454, 0.2816314671459712, 0.28619658981585405, 0.18665213947976617, 0.16165875306562436]","[3.0, 2.0, 1.0, 4.0, 5.0]",0.0,0,1,logreg_C10.0>logreg_C1.0>logreg_C0.1>hgb_d3>hgb_d6,logreg_C10.0,candidate_declaration_order_only_for_exact_score_ties
wine_quality,wine_quality(3.7%),1,43,AUROC,"[""logreg_C0.1"", ""logreg_C1.0"", ""logreg_C10.0"", ""hgb_d3"", ""hgb_d6""]","[0.7421221723439838, 0.7671749845964264, 0.7894001408326732, 0.7910945339318722, 0.7861103776076048]","[5.0, 4.0, 2.0, 1.0, 3.0]",0.0,0,1,hgb_d3>logreg_C10.0>hgb_d6>logreg_C1.0>logreg_C0.1,hgb_d3,candidate_declaration_order_only_for_exact_score_ties
wine_quality,wine_quality(3.7%),1,43,Brier_neg,"[""logreg_C0.1"", ""logreg_C1.0"", ""logreg_C10.0"", ""hgb_d3"", ""hgb_d6""]","[-0.03409022227022796, -0.03151005501565843, -0.031031158956221383, -0.033857597240361026, -0.0345351994236771]","[4.0, 2.0, 1.0, 3.0, 5.0]",0.0,0,1,logreg_C10.0>logreg_C1.0>hgb_d3>logreg_C0.1>hgb_d6,logreg_C10.0,candidate_declaration_order_only_for_exact_score_ties
wine_quality,wine_quality(3.7%),1,43,MCC_05,"[""logreg_C0.1"", ""logreg_C1.0"", ""logreg_C10.0"", ""hgb_d3"", ""hgb_d6""]","[0.1507253846456784, 0.3181318395288232, 0.2990422058718188, 0.1507253846456784, 0.04994381145252756]","[3.5, 1.0, 2.0, 3.5, 5.0]",6.0,1,2,logreg_C1.0>logreg_C10.0>logreg_C0.1>hgb_d3>hgb_d6,logreg_C1.0,candidate_declaration_order_only_for_exact_score_ties
wine_quality,wine_quality(3.7%),2,44,SoftMCC,"[""logreg_C0.1"", ""logreg_C1.0"", ""logreg_C10.0"", ""hgb_d3"", ""hgb_d6""]","[0.09734965921963179, 0.1043835036104264, 0.10382157797122357, 0.11400003533244799, 0.10635063513921084]","[5.0, 3.0, 4.0, 1.0, 2.0]",0.0,0,1,hgb_d3>hgb_d6>logreg_C1.0>logreg_C10.0>logreg_C0.1,hgb_d3,candidate_declaration_order_only_for_exact_score_ties
wine_quality,wine_quality(3.7%),2,44,MCC_best,"[""logreg_C0.1"", ""logreg_C1.0"", ""logreg_C10.0"", ""hgb_d3"", ""hgb_d6""]","[0.2569646401394988, 0.3069052634329391, 0.3069052634329391, 0.34421346607082837, 0.35331873898475397]","[5.0, 3.5, 3.5, 2.0, 1.0]",6.0,1,2,hgb_d6>hgb_d3>logreg_C1.0>logreg_C10.0>logreg_C0.1,hgb_d6,candidate_declaration_order_only_for_exact_score_ties
wine_quality,wine_quality(3.7%),2,44,F1_best,"[""logreg_C0.1"", ""logreg_C1.0"", ""logreg_C10.0"", ""hgb_d3"", ""hgb_d6""]","[0.2748091603053435, 0.3125, 0.3125, 0.358974358974359, 0.37777777777777777]","[5.0, 3.5, 3.5, 2.0, 1.0]",6.0,1,2,hgb_d6>hgb_d3>logreg_C1.0>logreg_C10.0>logreg_C0.1,hgb_d6,candidate_declaration_order_only_for_exact_score_ties
wine_quality,wine_quality(3.7%),2,44,AUPRC,"[""logreg_C0.1"", ""logreg_C1.0"", ""logreg_C10.0"", ""hgb_d3"", ""hgb_d6""]","[0.18636471343161226, 0.20388868469891733, 0.2075020105407281, 0.2498683777158802, 0.26500716394451423]","[5.0, 4.0, 3.0, 2.0, 1.0]",0.0,0,1,hgb_d6>hgb_d3>logreg_C10.0>logreg_C1.0>logreg_C0.1,hgb_d6,candidate_declaration_order_only_for_exact_score_ties
wine_quality,wine_quality(3.7%),2,44,AUROC,"[""logreg_C0.1"", ""logreg_C1.0"", ""logreg_C10.0"", ""hgb_d3"", ""hgb_d6""]","[0.7804764394335463, 0.7776350783079126, 0.7628827313436228, 0.8214375014206806, 0.8201873025254017]","[3.0, 4.0, 5.0, 1.0, 2.0]",0.0,0,1,hgb_d3>hgb_d6>logreg_C0.1>logreg_C1.0>logreg_C10.0,hgb_d3,candidate_declaration_order_only_for_exact_score_ties
wine_quality,wine_quality(3.7%),2,44,Brier_neg,"[""logreg_C0.1"", ""logreg_C1.0"", ""logreg_C10.0"", ""hgb_d3"", ""hgb_d6""]","[-0.03421624539983118, -0.032424199699934014, -0.0320822376836064, -0.03111555216450142, -0.03109673014815858]","[5.0, 4.0, 3.0, 2.0, 1.0]",0.0,0,1,hgb_d6>hgb_d3>logreg_C10.0>logreg_C1.0>logreg_C0.1,hgb_d6,candidate_declaration_order_only_for_exact_score_ties
wine_quality,wine_quality(3.7%),2,44,MCC_05,"[""logreg_C0.1"", ""logreg_C1.0"", ""logreg_C10.0"", ""hgb_d3"", ""hgb_d6""]","[0.0963028754438303, 0.10433271680850284, 0.08183973384426245, 0.1738371743109712, 0.0]","[3.0, 2.0, 4.0, 1.0, 5.0]",0.0,0,1,hgb_d3>logreg_C1.0>logreg_C0.1>logreg_C10.0>hgb_d6,hgb_d3,candidate_declaration_order_only_for_exact_score_ties
wine_quality,wine_quality(3.7%),3,45,SoftMCC,"[""logreg_C0.1"", ""logreg_C1.0"", ""logreg_C10.0"", ""hgb_d3"", ""hgb_d6""]","[0.06656355846431458, 0.06584459698147373, 0.06399044461462233, 0.0700896588320223, 0.07832666886027626]","[3.0, 4.0, 5.0, 2.0, 1.0]",0.0,0,1,hgb_d6>hgb_d3>logreg_C0.1>logreg_C1.0>logreg_C10.0,hgb_d6,candidate_declaration_order_only_for_exact_score_ties
wine_quality,wine_quality(3.7%),3,45,MCC_best,"[""logreg_C0.1"", ""logreg_C1.0"", ""logreg_C10.0"", ""hgb_d3"", ""hgb_d6""]","[0.20836280573203925, 0.20592282989980756, 0.18709117795068014, 0.30917148273443806, 0.3049773072730985]","[3.0, 4.0, 5.0, 1.0, 2.0]",0.0,0,1,hgb_d3>hgb_d6>logreg_C0.1>logreg_C1.0>logreg_C10.0,hgb_d3,candidate_declaration_order_only_for_exact_score_ties
wine_quality,wine_quality(3.7%),3,45,F1_best,"[""logreg_C0.1"", ""logreg_C1.0"", ""logreg_C10.0"", ""hgb_d3"", ""hgb_d6""]","[0.24, 0.2376237623762376, 0.20915032679738563, 0.3252032520325203, 0.32727272727272727]","[3.0, 4.0, 5.0, 2.0, 1.0]",0.0,0,1,hgb_d6>hgb_d3>logreg_C0.1>logreg_C1.0>logreg_C10.0,hgb_d6,candidate_declaration_order_only_for_exact_score_ties
wine_quality,wine_quality(3.7%),3,45,AUPRC,"[""logreg_C0.1"", ""logreg_C1.0"", ""logreg_C10.0"", ""hgb_d3"", ""hgb_d6""]","[0.12743670168558782, 0.12533967420051917, 0.1301107383044902, 0.18205743704691665, 0.18373090448479004]","[4.0, 5.0, 3.0, 2.0, 1.0]",0.0,0,1,hgb_d6>hgb_d3>logreg_C10.0>logreg_C0.1>logreg_C1.0,hgb_d6,candidate_declaration_order_only_for_exact_score_ties
wine_quality,wine_quality(3.7%),3,45,AUROC,"[""logreg_C0.1"", ""logreg_C1.0"", ""logreg_C10.0"", ""hgb_d3"", ""hgb_d6""]","[0.6909870244834253, 0.7057096932000838, 0.6972651245137093, 0.7972721131222773, 0.7877093670650174]","[5.0, 3.0, 4.0, 1.0, 2.0]",0.0,0,1,hgb_d3>hgb_d6>logreg_C1.0>logreg_C10.0>logreg_C0.1,hgb_d3,candidate_declaration_order_only_for_exact_score_ties
wine_quality,wine_quality(3.7%),3,45,Brier_neg,"[""logreg_C0.1"", ""logreg_C1.0"", ""logreg_C10.0"", ""hgb_d3"", ""hgb_d6""]","[-0.03505767940952035, -0.03490740245611836, -0.035031311883860314, -0.034181672982597035, -0.03390757011774707]","[5.0, 3.0, 4.0, 2.0, 1.0]",0.0,0,1,hgb_d6>hgb_d3>logreg_C1.0>logreg_C10.0>logreg_C0.1,hgb_d6,candidate_declaration_order_only_for_exact_score_ties
wine_quality,wine_quality(3.7%),3,45,MCC_05,"[""logreg_C0.1"", ""logreg_C1.0"", ""logreg_C10.0"", ""hgb_d3"", ""hgb_d6""]","[0.17367934945191146, -0.006002108134928189, -0.006002108134928189, -0.010405533357323483, -0.008492169867948093]","[1.0, 2.5, 2.5, 5.0, 4.0]",6.0,1,2,logreg_C0.1>logreg_C1.0>logreg_C10.0>hgb_d6>hgb_d3,logreg_C0.1,candidate_declaration_order_only_for_exact_score_ties
wine_quality,wine_quality(3.7%),4,46,SoftMCC,"[""logreg_C0.1"", ""logreg_C1.0"", ""logreg_C10.0"", ""hgb_d3"", ""hgb_d6""]","[0.12065282360960772, 0.1071189535595459, 0.0936380731174118, 0.0852547310949999, 0.08819203719231421]","[1.0, 2.0, 3.0, 5.0, 4.0]",0.0,0,1,logreg_C0.1>logreg_C1.0>logreg_C10.0>hgb_d6>hgb_d3,logreg_C0.1,candidate_declaration_order_only_for_exact_score_ties
wine_quality,wine_quality(3.7%),4,46,MCC_best,"[""logreg_C0.1"", ""logreg_C1.0"", ""logreg_C10.0"", ""hgb_d3"", ""hgb_d6""]","[0.26250793932808686, 0.3096567959402896, 0.2611864843749849, 0.2764806228802201, 0.2900235952091626]","[4.0, 1.0, 5.0, 3.0, 2.0]",0.0,0,1,logreg_C1.0>hgb_d6>hgb_d3>logreg_C0.1>logreg_C10.0,logreg_C1.0,candidate_declaration_order_only_for_exact_score_ties
wine_quality,wine_quality(3.7%),4,46,F1_best,"[""logreg_C0.1"", ""logreg_C1.0"", ""logreg_C10.0"", ""hgb_d3"", ""hgb_d6""]","[0.26666666666666666, 0.3111111111111111, 0.2912621359223301, 0.30357142857142855, 0.3064516129032258]","[5.0, 1.0, 4.0, 3.0, 2.0]",0.0,0,1,logreg_C1.0>hgb_d6>hgb_d3>logreg_C10.0>logreg_C0.1,logreg_C1.0,candidate_declaration_order_only_for_exact_score_ties
wine_quality,wine_quality(3.7%),4,46,AUPRC,"[""logreg_C0.1"", ""logreg_C1.0"", ""logreg_C10.0"", ""hgb_d3"", ""hgb_d6""]","[0.2037782085451815, 0.2297851376869272, 0.2013058134553311, 0.19201926615555562, 0.21555853080114645]","[3.0, 1.0, 4.0, 5.0, 2.0]",0.0,0,1,logreg_C1.0>hgb_d6>logreg_C0.1>logreg_C10.0>hgb_d3,logreg_C1.0,candidate_declaration_order_only_for_exact_score_ties
wine_quality,wine_quality(3.7%),4,46,AUROC,"[""logreg_C0.1"", ""logreg_C1.0"", ""logreg_C10.0"", ""hgb_d3"", ""hgb_d6""]","[0.7678290885756643, 0.7731507091806253, 0.7596862345938532, 0.7990064833049366, 0.797656716748169]","[4.0, 3.0, 5.0, 1.0, 2.0]",0.0,0,1,hgb_d3>hgb_d6>logreg_C1.0>logreg_C0.1>logreg_C10.0,hgb_d3,candidate_declaration_order_only_for_exact_score_ties
wine_quality,wine_quality(3.7%),4,46,Brier_neg,"[""logreg_C0.1"", ""logreg_C1.0"", ""logreg_C10.0"", ""hgb_d3"", ""hgb_d6""]","[-0.034869946478831744, -0.03396443153685084, -0.03439836086569921, -0.034996153080639435, -0.03456532784660614]","[4.0, 1.0, 2.0, 5.0, 3.0]",0.0,0,1,logreg_C1.0>logreg_C10.0>hgb_d6>logreg_C0.1>hgb_d3,logreg_C1.0,candidate_declaration_order_only_for_exact_score_ties
wine_quality,wine_quality(3.7%),4,46,MCC_05,"[""logreg_C0.1"", ""logreg_C1.0"", ""logreg_C10.0"", ""hgb_d3"", ""hgb_d6""]","[0.26250793932808686, 0.10146088105783628, 0.10146088105783628, -0.010606720427397524, 0.14953988738353097]","[1.0, 3.5, 3.5, 5.0, 2.0]",6.0,1,2,logreg_C0.1>hgb_d6>logreg_C1.0>logreg_C10.0>hgb_d3,logreg_C0.1,candidate_declaration_order_only_for_exact_score_ties
wine_quality,wine_quality(3.7%),5,47,SoftMCC,"[""logreg_C0.1"", ""logreg_C1.0"", ""logreg_C10.0"", ""hgb_d3"", ""hgb_d6""]","[0.07634864825273872, 0.07747759406098928, 0.06521194090154875, 0.13293452354205845, 0.11942186871318142]","[4.0, 3.0, 5.0, 1.0, 2.0]",0.0,0,1,hgb_d3>hgb_d6>logreg_C1.0>logreg_C0.1>logreg_C10.0,hgb_d3,candidate_declaration_order_only_for_exact_score_ties
wine_quality,wine_quality(3.7%),5,47,MCC_best,"[""logreg_C0.1"", ""logreg_C1.0"", ""logreg_C10.0"", ""hgb_d3"", ""hgb_d6""]","[0.27112978015961336, 0.27179775105087756, 0.2707636396472368, 0.36081320122986626, 0.37004684366143564]","[4.0, 3.0, 5.0, 2.0, 1.0]",0.0,0,1,hgb_d6>hgb_d3>logreg_C1.0>logreg_C0.1>logreg_C10.0,hgb_d6,candidate_declaration_order_only_for_exact_score_ties
wine_quality,wine_quality(3.7%),5,47,F1_best,"[""logreg_C0.1"", ""logreg_C1.0"", ""logreg_C10.0"", ""hgb_d3"", ""hgb_d6""]","[0.3010752688172043, 0.2898550724637681, 0.29508196721311475, 0.38636363636363635, 0.3787878787878788]","[3.0, 5.0, 4.0, 1.0, 2.0]",0.0,0,1,hgb_d3>hgb_d6>logreg_C0.1>logreg_C10.0>logreg_C1.0,hgb_d3,candidate_declaration_order_only_for_exact_score_ties
wine_quality,wine_quality(3.7%),5,47,AUPRC,"[""logreg_C0.1"", ""logreg_C1.0"", ""logreg_C10.0"", ""hgb_d3"", ""hgb_d6""]","[0.16442478157414853, 0.1883880517046999, 0.16624014671523363, 0.2929268114222696, 0.27190461256950144]","[5.0, 3.0, 4.0, 1.0, 2.0]",0.0,0,1,hgb_d3>hgb_d6>logreg_C1.0>logreg_C10.0>logreg_C0.1,hgb_d3,candidate_declaration_order_only_for_exact_score_ties
wine_quality,wine_quality(3.7%),5,47,AUROC,"[""logreg_C0.1"", ""logreg_C1.0"", ""logreg_C10.0"", ""hgb_d3"", ""hgb_d6""]","[0.7892400450539985, 0.8046555798493783, 0.7974447315532587, 0.856379336999492, 0.8444532785618057]","[5.0, 3.0, 4.0, 1.0, 2.0]",0.0,0,1,hgb_d3>hgb_d6>logreg_C1.0>logreg_C10.0>logreg_C0.1,hgb_d3,candidate_declaration_order_only_for_exact_score_ties
wine_quality,wine_quality(3.7%),5,47,Brier_neg,"[""logreg_C0.1"", ""logreg_C1.0"", ""logreg_C10.0"", ""hgb_d3"", ""hgb_d6""]","[-0.03667993912322847, -0.035706125214647215, -0.03620120196957227, -0.032296832453552284, -0.03237532571265493]","[5.0, 3.0, 4.0, 1.0, 2.0]",0.0,0,1,hgb_d3>hgb_d6>logreg_C1.0>logreg_C10.0>logreg_C0.1,hgb_d3,candidate_declaration_order_only_for_exact_score_ties
wine_quality,wine_quality(3.7%),5,47,MCC_05,"[""logreg_C0.1"", ""logreg_C1.0"", ""logreg_C10.0"", ""hgb_d3"", ""hgb_d6""]","[0.06570255265930587, 0.056057034287739484, 0.056057034287739484, 0.16930902402838113, 0.0]","[2.0, 3.5, 3.5, 1.0, 5.0]",6.0,1,2,hgb_d3>logreg_C0.1>logreg_C1.0>logreg_C10.0>hgb_d6,hgb_d3,candidate_declaration_order_only_for_exact_score_ties
wine_quality,wine_quality(3.7%),6,48,SoftMCC,"[""logreg_C0.1"", ""logreg_C1.0"", ""logreg_C10.0"", ""hgb_d3"", ""hgb_d6""]","[0.09150966234117819, 0.0963784030904727, 0.09909675410093202, 0.0721163119875303, 0.06755169957770889]","[3.0, 2.0, 1.0, 4.0, 5.0]",0.0,0,1,logreg_C10.0>logreg_C1.0>logreg_C0.1>hgb_d3>hgb_d6,logreg_C10.0,candidate_declaration_order_only_for_exact_score_ties
wine_quality,wine_quality(3.7%),6,48,MCC_best,"[""logreg_C0.1"", ""logreg_C1.0"", ""logreg_C10.0"", ""hgb_d3"", ""hgb_d6""]","[0.2956685579887852, 0.28871541092815606, 0.29232050519207586, 0.2445909511519174, 0.2481266393949859]","[1.0, 3.0, 2.0, 5.0, 4.0]",0.0,0,1,logreg_C0.1>logreg_C10.0>logreg_C1.0>hgb_d6>hgb_d3,logreg_C0.1,candidate_declaration_order_only_for_exact_score_ties
wine_quality,wine_quality(3.7%),6,48,F1_best,"[""logreg_C0.1"", ""logreg_C1.0"", ""logreg_C10.0"", ""hgb_d3"", ""hgb_d6""]","[0.32323232323232326, 0.3089430894308943, 0.3157894736842105, 0.25301204819277107, 0.2535211267605634]","[1.0, 3.0, 2.0, 5.0, 4.0]",0.0,0,1,logreg_C0.1>logreg_C10.0>logreg_C1.0>hgb_d6>hgb_d3,logreg_C0.1,candidate_declaration_order_only_for_exact_score_ties
wine_quality,wine_quality(3.7%),6,48,AUPRC,"[""logreg_C0.1"", ""logreg_C1.0"", ""logreg_C10.0"", ""hgb_d3"", ""hgb_d6""]","[0.15488541332385672, 0.18519873003055565, 0.19531169510822685, 0.15866528763753338, 0.15154719636326822]","[4.0, 2.0, 1.0, 3.0, 5.0]",0.0,0,1,logreg_C10.0>logreg_C1.0>hgb_d3>logreg_C0.1>hgb_d6,logreg_C10.0,candidate_declaration_order_only_for_exact_score_ties
wine_quality,wine_quality(3.7%),6,48,AUROC,"[""logreg_C0.1"", ""logreg_C1.0"", ""logreg_C10.0"", ""hgb_d3"", ""hgb_d6""]","[0.7368278109722977, 0.7752919608908202, 0.7792753032772043, 0.7856124388919066, 0.7842657975737823]","[5.0, 4.0, 3.0, 1.0, 2.0]",0.0,0,1,hgb_d3>hgb_d6>logreg_C10.0>logreg_C1.0>logreg_C0.1,hgb_d3,candidate_declaration_order_only_for_exact_score_ties
wine_quality,wine_quality(3.7%),6,48,Brier_neg,"[""logreg_C0.1"", ""logreg_C1.0"", ""logreg_C10.0"", ""hgb_d3"", ""hgb_d6""]","[-0.03548109108946075, -0.03508875315393281, -0.03488545037712748, -0.03538293838208085, -0.03482604858460904]","[5.0, 3.0, 2.0, 4.0, 1.0]",0.0,0,1,hgb_d6>logreg_C10.0>logreg_C1.0>hgb_d3>logreg_C0.1,hgb_d6,candidate_declaration_order_only_for_exact_score_ties
wine_quality,wine_quality(3.7%),6,48,MCC_05,"[""logreg_C0.1"", ""logreg_C1.0"", ""logreg_C10.0"", ""hgb_d3"", ""hgb_d6""]","[0.09452540811577247, 0.17146802404720676, 0.10329603880231904, 0.06671680296200345, 0.0]","[3.0, 1.0, 2.0, 4.0, 5.0]",0.0,0,1,logreg_C1.0>logreg_C10.0>logreg_C0.1>hgb_d3>hgb_d6,logreg_C1.0,candidate_declaration_order_only_for_exact_score_ties
wine_quality,wine_quality(3.7%),7,49,SoftMCC,"[""logreg_C0.1"", ""logreg_C1.0"", ""logreg_C10.0"", ""hgb_d3"", ""hgb_d6""]","[0.10068397042308525, 0.09806692758748511, 0.09220763977095031, 0.08322754663512774, 0.08420125771120043]","[1.0, 2.0, 3.0, 5.0, 4.0]",0.0,0,1,logreg_C0.1>logreg_C1.0>logreg_C10.0>hgb_d6>hgb_d3,logreg_C0.1,candidate_declaration_order_only_for_exact_score_ties
wine_quality,wine_quality(3.7%),7,49,MCC_best,"[""logreg_C0.1"", ""logreg_C1.0"", ""logreg_C10.0"", ""hgb_d3"", ""hgb_d6""]","[0.3142279083702462, 0.31454602027058276, 0.305173427718398, 0.3116782724716193, 0.3016004669743966]","[2.0, 1.0, 4.0, 3.0, 5.0]",0.0,0,1,logreg_C1.0>logreg_C0.1>hgb_d3>logreg_C10.0>hgb_d6,logreg_C1.0,candidate_declaration_order_only_for_exact_score_ties
wine_quality,wine_quality(3.7%),7,49,F1_best,"[""logreg_C0.1"", ""logreg_C1.0"", ""logreg_C10.0"", ""hgb_d3"", ""hgb_d6""]","[0.3333333333333333, 0.31788079470198677, 0.30303030303030304, 0.3305785123966942, 0.31496062992125984]","[1.0, 3.0, 5.0, 2.0, 4.0]",0.0,0,1,logreg_C0.1>hgb_d3>logreg_C1.0>hgb_d6>logreg_C10.0,logreg_C0.1,candidate_declaration_order_only_for_exact_score_ties
wine_quality,wine_quality(3.7%),7,49,AUPRC,"[""logreg_C0.1"", ""logreg_C1.0"", ""logreg_C10.0"", ""hgb_d3"", ""hgb_d6""]","[0.2365476815656001, 0.20179668214050323, 0.2007288392772661, 0.2742973246416706, 0.23150895730834437]","[2.0, 4.0, 5.0, 1.0, 3.0]",0.0,0,1,hgb_d3>logreg_C0.1>hgb_d6>logreg_C1.0>logreg_C10.0,hgb_d3,candidate_declaration_order_only_for_exact_score_ties
wine_quality,wine_quality(3.7%),7,49,AUROC,"[""logreg_C0.1"", ""logreg_C1.0"", ""logreg_C10.0"", ""hgb_d3"", ""hgb_d6""]","[0.8259426024469004, 0.8046800382043935, 0.7891140219220448, 0.8370628098421795, 0.8109337335698367]","[2.0, 4.0, 5.0, 1.0, 3.0]",0.0,0,1,hgb_d3>logreg_C0.1>hgb_d6>logreg_C1.0>logreg_C10.0,hgb_d3,candidate_declaration_order_only_for_exact_score_ties
wine_quality,wine_quality(3.7%),7,49,Brier_neg,"[""logreg_C0.1"", ""logreg_C1.0"", ""logreg_C10.0"", ""hgb_d3"", ""hgb_d6""]","[-0.033146944762192154, -0.03382503731654253, -0.034128286682671614, -0.033051562832287114, -0.03339234212954717]","[2.0, 4.0, 5.0, 1.0, 3.0]",0.0,0,1,hgb_d3>logreg_C0.1>hgb_d6>logreg_C1.0>logreg_C10.0,hgb_d3,candidate_declaration_order_only_for_exact_score_ties
wine_quality,wine_quality(3.7%),7,49,MCC_05,"[""logreg_C0.1"", ""logreg_C1.0"", ""logreg_C10.0"", ""hgb_d3"", ""hgb_d6""]","[0.15136806108280038, 0.17836082682406135, 0.06666790062697574, 0.15136806108280038, 0.0]","[2.5, 1.0, 4.0, 2.5, 5.0]",6.0,1,2,logreg_C1.0>logreg_C0.1>hgb_d3>logreg_C10.0>hgb_d6,logreg_C1.0,candidate_declaration_order_only_for_exact_score_ties
wine_quality,wine_quality(3.7%),8,50,SoftMCC,"[""logreg_C0.1"", ""logreg_C1.0"", ""logreg_C10.0"", ""hgb_d3"", ""hgb_d6""]","[0.0703664892058995, 0.08341341810649888, 0.08473013670988847, 0.08239950167296345, 0.08735705840150933]","[5.0, 3.0, 2.0, 4.0, 1.0]",0.0,0,1,hgb_d6>logreg_C10.0>logreg_C1.0>hgb_d3>logreg_C0.1,hgb_d6,candidate_declaration_order_only_for_exact_score_ties
wine_quality,wine_quality(3.7%),8,50,MCC_best,"[""logreg_C0.1"", ""logreg_C1.0"", ""logreg_C10.0"", ""hgb_d3"", ""hgb_d6""]","[0.2511619410634395, 0.24949498033108802, 0.2481956977431039, 0.28311456737144014, 0.2754328632605851]","[3.0, 4.0, 5.0, 1.0, 2.0]",0.0,0,1,hgb_d3>hgb_d6>logreg_C0.1>logreg_C1.0>logreg_C10.0,hgb_d3,candidate_declaration_order_only_for_exact_score_ties
wine_quality,wine_quality(3.7%),8,50,F1_best,"[""logreg_C0.1"", ""logreg_C1.0"", ""logreg_C10.0"", ""hgb_d3"", ""hgb_d6""]","[0.25862068965517243, 0.25806451612903225, 0.22641509433962265, 0.2619047619047619, 0.2608695652173913]","[3.0, 4.0, 5.0, 1.0, 2.0]",0.0,0,1,hgb_d3>hgb_d6>logreg_C0.1>logreg_C1.0>logreg_C10.0,hgb_d3,candidate_declaration_order_only_for_exact_score_ties
wine_quality,wine_quality(3.7%),8,50,AUPRC,"[""logreg_C0.1"", ""logreg_C1.0"", ""logreg_C10.0"", ""hgb_d3"", ""hgb_d6""]","[0.12521540675701778, 0.16067511215192035, 0.1622593401769665, 0.19588940959132511, 0.18463872370916473]","[5.0, 4.0, 3.0, 1.0, 2.0]",0.0,0,1,hgb_d3>hgb_d6>logreg_C10.0>logreg_C1.0>logreg_C0.1,hgb_d3,candidate_declaration_order_only_for_exact_score_ties
wine_quality,wine_quality(3.7%),8,50,AUROC,"[""logreg_C0.1"", ""logreg_C1.0"", ""logreg_C10.0"", ""hgb_d3"", ""hgb_d6""]","[0.784835086042065, 0.7991395793499043, 0.7927342256214149, 0.8434273422562143, 0.854911567877629]","[5.0, 3.0, 4.0, 2.0, 1.0]",0.0,0,1,hgb_d6>hgb_d3>logreg_C1.0>logreg_C10.0>logreg_C0.1,hgb_d6,candidate_declaration_order_only_for_exact_score_ties
wine_quality,wine_quality(3.7%),8,50,Brier_neg,"[""logreg_C0.1"", ""logreg_C1.0"", ""logreg_C10.0"", ""hgb_d3"", ""hgb_d6""]","[-0.034577272101597396, -0.033560562428993974, -0.03358484780414665, -0.03278848007536458, -0.03264693838198746]","[5.0, 3.0, 4.0, 2.0, 1.0]",0.0,0,1,hgb_d6>hgb_d3>logreg_C1.0>logreg_C10.0>logreg_C0.1,hgb_d6,candidate_declaration_order_only_for_exact_score_ties
wine_quality,wine_quality(3.7%),8,50,MCC_05,"[""logreg_C0.1"", ""logreg_C1.0"", ""logreg_C10.0"", ""hgb_d3"", ""hgb_d6""]","[-0.008399714212985344, -0.0059367571546584865, -0.008399714212985344, 0.0, 0.0]","[4.5, 3.0, 4.5, 1.5, 1.5]",12.0,2,2,hgb_d3>hgb_d6>logreg_C1.0>logreg_C0.1>logreg_C10.0,hgb_d3,candidate_declaration_order_only_for_exact_score_ties
wine_quality,wine_quality(3.7%),9,51,SoftMCC,"[""logreg_C0.1"", ""logreg_C1.0"", ""logreg_C10.0"", ""hgb_d3"", ""hgb_d6""]","[0.0819227823325689, 0.0971662645172094, 0.09820172153494315, 0.09909254441008229, 0.09750987181909691]","[5.0, 4.0, 2.0, 1.0, 3.0]",0.0,0,1,hgb_d3>logreg_C10.0>hgb_d6>logreg_C1.0>logreg_C0.1,hgb_d3,candidate_declaration_order_only_for_exact_score_ties
wine_quality,wine_quality(3.7%),9,51,MCC_best,"[""logreg_C0.1"", ""logreg_C1.0"", ""logreg_C10.0"", ""hgb_d3"", ""hgb_d6""]","[0.19500531788165226, 0.28301448755889236, 0.24504200495322104, 0.27516867333025535, 0.26387596640191524]","[5.0, 1.0, 4.0, 2.0, 3.0]",0.0,0,1,logreg_C1.0>hgb_d3>hgb_d6>logreg_C10.0>logreg_C0.1,logreg_C1.0,candidate_declaration_order_only_for_exact_score_ties
wine_quality,wine_quality(3.7%),9,51,F1_best,"[""logreg_C0.1"", ""logreg_C1.0"", ""logreg_C10.0"", ""hgb_d3"", ""hgb_d6""]","[0.21875, 0.3055555555555556, 0.2702702702702703, 0.3023255813953488, 0.2894736842105263]","[5.0, 1.0, 4.0, 2.0, 3.0]",0.0,0,1,logreg_C1.0>hgb_d3>hgb_d6>logreg_C10.0>logreg_C0.1,logreg_C1.0,candidate_declaration_order_only_for_exact_score_ties
wine_quality,wine_quality(3.7%),9,51,AUPRC,"[""logreg_C0.1"", ""logreg_C1.0"", ""logreg_C10.0"", ""hgb_d3"", ""hgb_d6""]","[0.1488694709120706, 0.1784596404149862, 0.17765416062747966, 0.21864119216463107, 0.19820414689089386]","[5.0, 3.0, 4.0, 1.0, 2.0]",0.0,0,1,hgb_d3>hgb_d6>logreg_C1.0>logreg_C10.0>logreg_C0.1,hgb_d3,candidate_declaration_order_only_for_exact_score_ties
wine_quality,wine_quality(3.7%),9,51,AUROC,"[""logreg_C0.1"", ""logreg_C1.0"", ""logreg_C10.0"", ""hgb_d3"", ""hgb_d6""]","[0.724010657280438, 0.768705238199995, 0.7870254943658185, 0.8252425997897875, 0.8096477719928626]","[5.0, 4.0, 3.0, 1.0, 2.0]",0.0,0,1,hgb_d3>hgb_d6>logreg_C10.0>logreg_C1.0>logreg_C0.1,hgb_d3,candidate_declaration_order_only_for_exact_score_ties
wine_quality,wine_quality(3.7%),9,51,Brier_neg,"[""logreg_C0.1"", ""logreg_C1.0"", ""logreg_C10.0"", ""hgb_d3"", ""hgb_d6""]","[-0.03451846092997212, -0.03251582579173848, -0.03234539790943301, -0.03178413069605454, -0.03171641600747354]","[5.0, 4.0, 3.0, 2.0, 1.0]",0.0,0,1,hgb_d6>hgb_d3>logreg_C10.0>logreg_C1.0>logreg_C0.1,hgb_d6,candidate_declaration_order_only_for_exact_score_ties
wine_quality,wine_quality(3.7%),9,51,MCC_05,"[""logreg_C0.1"", ""logreg_C1.0"", ""logreg_C10.0"", ""hgb_d3"", ""hgb_d6""]","[0.15701438204586685, 0.13309605940644512, 0.1573043268304831, 0.1573043268304831, -0.00827455495448802]","[3.0, 4.0, 1.5, 1.5, 5.0]",6.0,1,2,logreg_C10.0>hgb_d3>logreg_C0.1>logreg_C1.0>hgb_d6,logreg_C10.0,candidate_declaration_order_only_for_exact_score_ties
wine_quality,wine_quality(3.7%),10,52,SoftMCC,"[""logreg_C0.1"", ""logreg_C1.0"", ""logreg_C10.0"", ""hgb_d3"", ""hgb_d6""]","[0.06460165568644345, 0.10230660878968578, 0.0891042300099918, 0.09543774955951617, 0.08209865633176183]","[5.0, 1.0, 3.0, 2.0, 4.0]",0.0,0,1,logreg_C1.0>hgb_d3>logreg_C10.0>hgb_d6>logreg_C0.1,logreg_C1.0,candidate_declaration_order_only_for_exact_score_ties
wine_quality,wine_quality(3.7%),10,52,MCC_best,"[""logreg_C0.1"", ""logreg_C1.0"", ""logreg_C10.0"", ""hgb_d3"", ""hgb_d6""]","[0.2659325186574684, 0.25291501726691507, 0.2787643455971094, 0.2520047554848473, 0.22394647026604292]","[2.0, 3.0, 1.0, 4.0, 5.0]",0.0,0,1,logreg_C10.0>logreg_C0.1>logreg_C1.0>hgb_d3>hgb_d6,logreg_C10.0,candidate_declaration_order_only_for_exact_score_ties
wine_quality,wine_quality(3.7%),10,52,F1_best,"[""logreg_C0.1"", ""logreg_C1.0"", ""logreg_C10.0"", ""hgb_d3"", ""hgb_d6""]","[0.29473684210526313, 0.27906976744186046, 0.3047619047619048, 0.2535211267605634, 0.21052631578947367]","[2.0, 3.0, 1.0, 4.0, 5.0]",0.0,0,1,logreg_C10.0>logreg_C0.1>logreg_C1.0>hgb_d3>hgb_d6,logreg_C10.0,candidate_declaration_order_only_for_exact_score_ties
wine_quality,wine_quality(3.7%),10,52,AUPRC,"[""logreg_C0.1"", ""logreg_C1.0"", ""logreg_C10.0"", ""hgb_d3"", ""hgb_d6""]","[0.1548178744891376, 0.19091358811419767, 0.18067318500351526, 0.19897392478285508, 0.17967200223426816]","[5.0, 2.0, 3.0, 1.0, 4.0]",0.0,0,1,hgb_d3>logreg_C1.0>logreg_C10.0>hgb_d6>logreg_C0.1,hgb_d3,candidate_declaration_order_only_for_exact_score_ties
wine_quality,wine_quality(3.7%),10,52,AUROC,"[""logreg_C0.1"", ""logreg_C1.0"", ""logreg_C10.0"", ""hgb_d3"", ""hgb_d6""]","[0.744332991994042, 0.7783234034630423, 0.76785049339043, 0.806460621858127, 0.7971862781604915]","[5.0, 3.0, 4.0, 1.0, 2.0]",0.0,0,1,hgb_d3>hgb_d6>logreg_C1.0>logreg_C10.0>logreg_C0.1,hgb_d3,candidate_declaration_order_only_for_exact_score_ties
wine_quality,wine_quality(3.7%),10,52,Brier_neg,"[""logreg_C0.1"", ""logreg_C1.0"", ""logreg_C10.0"", ""hgb_d3"", ""hgb_d6""]","[-0.03410119764313315, -0.03305468644034825, -0.033430942460021144, -0.03384776203473572, -0.035131592355014535]","[4.0, 1.0, 2.0, 3.0, 5.0]",0.0,0,1,logreg_C1.0>logreg_C10.0>hgb_d3>logreg_C0.1>hgb_d6,logreg_C1.0,candidate_declaration_order_only_for_exact_score_ties
wine_quality,wine_quality(3.7%),10,52,MCC_05,"[""logreg_C0.1"", ""logreg_C1.0"", ""logreg_C10.0"", ""hgb_d3"", ""hgb_d6""]","[-0.0059964862110414045, 0.0, 0.0, 0.17368556131721608, 0.2006471398504147]","[5.0, 3.5, 3.5, 2.0, 1.0]",6.0,1,2,hgb_d6>hgb_d3>logreg_C1.0>logreg_C10.0>logreg_C0.1,hgb_d6,candidate_declaration_order_only_for_exact_score_ties
wine_quality,wine_quality(3.7%),11,53,SoftMCC,"[""logreg_C0.1"", ""logreg_C1.0"", ""logreg_C10.0"", ""hgb_d3"", ""hgb_d6""]","[0.08244846130021745, 0.08081913356676099, 0.06445720748225231, 0.08270885742711008, 0.10008336874385027]","[3.0, 4.0, 5.0, 2.0, 1.0]",0.0,0,1,hgb_d6>hgb_d3>logreg_C0.1>logreg_C1.0>logreg_C10.0,hgb_d6,candidate_declaration_order_only_for_exact_score_ties
wine_quality,wine_quality(3.7%),11,53,MCC_best,"[""logreg_C0.1"", ""logreg_C1.0"", ""logreg_C10.0"", ""hgb_d3"", ""hgb_d6""]","[0.22556534949046653, 0.22223470938386902, 0.18411147152193638, 0.2624446610332249, 0.2582814859587903]","[3.0, 4.0, 5.0, 1.0, 2.0]",0.0,0,1,hgb_d3>hgb_d6>logreg_C0.1>logreg_C1.0>logreg_C10.0,hgb_d3,candidate_declaration_order_only_for_exact_score_ties
wine_quality,wine_quality(3.7%),11,53,F1_best,"[""logreg_C0.1"", ""logreg_C1.0"", ""logreg_C10.0"", ""hgb_d3"", ""hgb_d6""]","[0.2558139534883721, 0.25287356321839083, 0.21782178217821782, 0.2558139534883721, 0.27956989247311825]","[2.5, 4.0, 5.0, 2.5, 1.0]",6.0,1,2,hgb_d6>logreg_C0.1>hgb_d3>logreg_C1.0>logreg_C10.0,hgb_d6,candidate_declaration_order_only_for_exact_score_ties
wine_quality,wine_quality(3.7%),11,53,AUPRC,"[""logreg_C0.1"", ""logreg_C1.0"", ""logreg_C10.0"", ""hgb_d3"", ""hgb_d6""]","[0.1376410879301277, 0.13059568890904988, 0.10889240646914894, 0.15737617320353386, 0.20532696210219928]","[3.0, 4.0, 5.0, 2.0, 1.0]",0.0,0,1,hgb_d6>hgb_d3>logreg_C0.1>logreg_C1.0>logreg_C10.0,hgb_d6,candidate_declaration_order_only_for_exact_score_ties
wine_quality,wine_quality(3.7%),11,53,AUROC,"[""logreg_C0.1"", ""logreg_C1.0"", ""logreg_C10.0"", ""hgb_d3"", ""hgb_d6""]","[0.7428977272727273, 0.7411503427128427, 0.734025523088023, 0.8373692279942281, 0.8273471320346321]","[3.0, 4.0, 5.0, 1.0, 2.0]",0.0,0,1,hgb_d3>hgb_d6>logreg_C0.1>logreg_C1.0>logreg_C10.0,hgb_d3,candidate_declaration_order_only_for_exact_score_ties
wine_quality,wine_quality(3.7%),11,53,Brier_neg,"[""logreg_C0.1"", ""logreg_C1.0"", ""logreg_C10.0"", ""hgb_d3"", ""hgb_d6""]","[-0.03690334664382327, -0.036676361948533645, -0.03705395786023331, -0.03583871424332906, -0.033981525611303465]","[4.0, 3.0, 5.0, 2.0, 1.0]",0.0,0,1,hgb_d6>hgb_d3>logreg_C1.0>logreg_C0.1>logreg_C10.0,hgb_d6,candidate_declaration_order_only_for_exact_score_ties
wine_quality,wine_quality(3.7%),11,53,MCC_05,"[""logreg_C0.1"", ""logreg_C1.0"", ""logreg_C10.0"", ""hgb_d3"", ""hgb_d6""]","[0.08052708413404665, 0.057037604614894925, 0.04368557427333249, 0.08084848933440066, 0.17844963378956244]","[3.0, 4.0, 5.0, 2.0, 1.0]",0.0,0,1,hgb_d6>hgb_d3>logreg_C0.1>logreg_C1.0>logreg_C10.0,hgb_d6,candidate_declaration_order_only_for_exact_score_ties
yeast_ml8,yeast_ml8(7.4%),0,42,SoftMCC,"[""logreg_C0.1"", ""logreg_C1.0"", ""logreg_C10.0"", ""hgb_d3"", ""hgb_d6""]","[0.008548398572109673, 0.006076405662916499, 0.001424100322802805, 0.011072626696949753, 0.007189627631093261]","[2.0, 4.0, 5.0, 1.0, 3.0]",0.0,0,1,hgb_d3>logreg_C0.1>hgb_d6>logreg_C1.0>logreg_C10.0,hgb_d3,candidate_declaration_order_only_for_exact_score_ties
yeast_ml8,yeast_ml8(7.4%),0,42,MCC_best,"[""logreg_C0.1"", ""logreg_C1.0"", ""logreg_C10.0"", ""hgb_d3"", ""hgb_d6""]","[0.12998048952693533, 0.13280534267668026, 0.08448861387019284, 0.1301273214596483, 0.11178451794960366]","[3.0, 1.0, 5.0, 2.0, 4.0]",0.0,0,1,logreg_C1.0>hgb_d3>logreg_C0.1>hgb_d6>logreg_C10.0,logreg_C1.0,candidate_declaration_order_only_for_exact_score_ties
yeast_ml8,yeast_ml8(7.4%),0,42,F1_best,"[""logreg_C0.1"", ""logreg_C1.0"", ""logreg_C10.0"", ""hgb_d3"", ""hgb_d6""]","[0.18233618233618235, 0.17330210772833723, 0.15483870967741936, 0.1890547263681592, 0.16853932584269662]","[2.0, 3.0, 5.0, 1.0, 4.0]",0.0,0,1,hgb_d3>logreg_C0.1>logreg_C1.0>hgb_d6>logreg_C10.0,hgb_d3,candidate_declaration_order_only_for_exact_score_ties
yeast_ml8,yeast_ml8(7.4%),0,42,AUPRC,"[""logreg_C0.1"", ""logreg_C1.0"", ""logreg_C10.0"", ""hgb_d3"", ""hgb_d6""]","[0.09589101180538329, 0.08853326835596184, 0.08335780875439472, 0.10283932628937659, 0.09495587105368843]","[2.0, 4.0, 5.0, 1.0, 3.0]",0.0,0,1,hgb_d3>logreg_C0.1>hgb_d6>logreg_C1.0>logreg_C10.0,hgb_d3,candidate_declaration_order_only_for_exact_score_ties
yeast_ml8,yeast_ml8(7.4%),0,42,AUROC,"[""logreg_C0.1"", ""logreg_C1.0"", ""logreg_C10.0"", ""hgb_d3"", ""hgb_d6""]","[0.6093501984126983, 0.5894841269841271, 0.5538938492063492, 0.635813492063492, 0.592609126984127]","[2.0, 4.0, 5.0, 1.0, 3.0]",0.0,0,1,hgb_d3>logreg_C0.1>hgb_d6>logreg_C1.0>logreg_C10.0,hgb_d3,candidate_declaration_order_only_for_exact_score_ties
yeast_ml8,yeast_ml8(7.4%),0,42,Brier_neg,"[""logreg_C0.1"", ""logreg_C1.0"", ""logreg_C10.0"", ""hgb_d3"", ""hgb_d6""]","[-0.06923149188431471, -0.0686148824536539, -0.06964871901601113, -0.06729595024180969, -0.06766079774719357]","[4.0, 3.0, 5.0, 1.0, 2.0]",0.0,0,1,hgb_d3>hgb_d6>logreg_C1.0>logreg_C0.1>logreg_C10.0,hgb_d3,candidate_declaration_order_only_for_exact_score_ties
yeast_ml8,yeast_ml8(7.4%),0,42,MCC_05,"[""logreg_C0.1"", ""logreg_C1.0"", ""logreg_C10.0"", ""hgb_d3"", ""hgb_d6""]","[-0.012089680192413788, 0.0, -0.020978610623395812, 0.0, 0.0]","[4.0, 2.0, 5.0, 2.0, 2.0]",24.0,1,3,logreg_C1.0>hgb_d3>hgb_d6>logreg_C0.1>logreg_C10.0,logreg_C1.0,candidate_declaration_order_only_for_exact_score_ties
yeast_ml8,yeast_ml8(7.4%),1,43,SoftMCC,"[""logreg_C0.1"", ""logreg_C1.0"", ""logreg_C10.0"", ""hgb_d3"", ""hgb_d6""]","[0.005949736364767206, 0.00048645506663745906, 0.00012684140351892085, 0.008085208529569897, 0.0068776851391150196]","[3.0, 4.0, 5.0, 1.0, 2.0]",0.0,0,1,hgb_d3>hgb_d6>logreg_C0.1>logreg_C1.0>logreg_C10.0,hgb_d3,candidate_declaration_order_only_for_exact_score_ties
yeast_ml8,yeast_ml8(7.4%),1,43,MCC_best,"[""logreg_C0.1"", ""logreg_C1.0"", ""logreg_C10.0"", ""hgb_d3"", ""hgb_d6""]","[0.09876583293168621, 0.0707329151659267, 0.04561654028458772, 0.08293678479321133, 0.07613852604188341]","[1.0, 4.0, 5.0, 2.0, 3.0]",0.0,0,1,logreg_C0.1>hgb_d3>hgb_d6>logreg_C1.0>logreg_C10.0,logreg_C0.1,candidate_declaration_order_only_for_exact_score_ties
yeast_ml8,yeast_ml8(7.4%),1,43,F1_best,"[""logreg_C0.1"", ""logreg_C1.0"", ""logreg_C10.0"", ""hgb_d3"", ""hgb_d6""]","[0.1642512077294686, 0.15040650406504066, 0.14678899082568808, 0.16161616161616163, 0.1504950495049505]","[1.0, 4.0, 5.0, 2.0, 3.0]",0.0,0,1,logreg_C0.1>hgb_d3>hgb_d6>logreg_C1.0>logreg_C10.0,logreg_C0.1,candidate_declaration_order_only_for_exact_score_ties
yeast_ml8,yeast_ml8(7.4%),1,43,AUPRC,"[""logreg_C0.1"", ""logreg_C1.0"", ""logreg_C10.0"", ""hgb_d3"", ""hgb_d6""]","[0.08312963891851416, 0.07300884536715892, 0.07519666676647574, 0.09684228920305538, 0.09224511573631808]","[3.0, 5.0, 4.0, 1.0, 2.0]",0.0,0,1,hgb_d3>hgb_d6>logreg_C0.1>logreg_C10.0>logreg_C1.0,hgb_d3,candidate_declaration_order_only_for_exact_score_ties
yeast_ml8,yeast_ml8(7.4%),1,43,AUROC,"[""logreg_C0.1"", ""logreg_C1.0"", ""logreg_C10.0"", ""hgb_d3"", ""hgb_d6""]","[0.5517361111111112, 0.5107142857142857, 0.5251488095238096, 0.5575892857142857, 0.5283730158730158]","[2.0, 5.0, 4.0, 1.0, 3.0]",0.0,0,1,hgb_d3>logreg_C0.1>hgb_d6>logreg_C10.0>logreg_C1.0,hgb_d3,candidate_declaration_order_only_for_exact_score_ties
yeast_ml8,yeast_ml8(7.4%),1,43,Brier_neg,"[""logreg_C0.1"", ""logreg_C1.0"", ""logreg_C10.0"", ""hgb_d3"", ""hgb_d6""]","[-0.06869143236899353, -0.0688288766686732, -0.06850316029683996, -0.06801620784667992, -0.06862513927147486]","[4.0, 5.0, 2.0, 1.0, 3.0]",0.0,0,1,hgb_d3>logreg_C10.0>hgb_d6>logreg_C0.1>logreg_C1.0,hgb_d3,candidate_declaration_order_only_for_exact_score_ties
yeast_ml8,yeast_ml8(7.4%),1,43,MCC_05,"[""logreg_C0.1"", ""logreg_C1.0"", ""logreg_C10.0"", ""hgb_d3"", ""hgb_d6""]","[0.0, 0.0, 0.0, 0.0, 0.0]","[3.0, 3.0, 3.0, 3.0, 3.0]",120.0,1,5,logreg_C0.1>logreg_C1.0>logreg_C10.0>hgb_d3>hgb_d6,logreg_C0.1,candidate_declaration_order_only_for_exact_score_ties
yeast_ml8,yeast_ml8(7.4%),2,44,SoftMCC,"[""logreg_C0.1"", ""logreg_C1.0"", ""logreg_C10.0"", ""hgb_d3"", ""hgb_d6""]","[0.012259725232445276, 0.006943012872830988, 0.0045864204483237496, 0.011042136353065635, 0.011382744562449962]","[1.0, 4.0, 5.0, 3.0, 2.0]",0.0,0,1,logreg_C0.1>hgb_d6>hgb_d3>logreg_C1.0>logreg_C10.0,logreg_C0.1,candidate_declaration_order_only_for_exact_score_ties
yeast_ml8,yeast_ml8(7.4%),2,44,MCC_best,"[""logreg_C0.1"", ""logreg_C1.0"", ""logreg_C10.0"", ""hgb_d3"", ""hgb_d6""]","[0.14501763728891323, 0.1137801217048172, 0.14080533571110118, 0.12168274446353593, 0.10734967565486359]","[1.0, 4.0, 2.0, 3.0, 5.0]",0.0,0,1,logreg_C0.1>logreg_C10.0>hgb_d3>logreg_C1.0>hgb_d6,logreg_C0.1,candidate_declaration_order_only_for_exact_score_ties
yeast_ml8,yeast_ml8(7.4%),2,44,F1_best,"[""logreg_C0.1"", ""logreg_C1.0"", ""logreg_C10.0"", ""hgb_d3"", ""hgb_d6""]","[0.19480519480519481, 0.182648401826484, 0.19636363636363635, 0.1926605504587156, 0.1834862385321101]","[2.0, 5.0, 1.0, 3.0, 4.0]",0.0,0,1,logreg_C10.0>logreg_C0.1>hgb_d3>hgb_d6>logreg_C1.0,logreg_C10.0,candidate_declaration_order_only_for_exact_score_ties
yeast_ml8,yeast_ml8(7.4%),2,44,AUPRC,"[""logreg_C0.1"", ""logreg_C1.0"", ""logreg_C10.0"", ""hgb_d3"", ""hgb_d6""]","[0.0993165075013008, 0.10021350475909685, 0.1059187581710203, 0.11404261126520297, 0.10623098241304599]","[5.0, 4.0, 3.0, 1.0, 2.0]",0.0,0,1,hgb_d3>hgb_d6>logreg_C10.0>logreg_C1.0>logreg_C0.1,hgb_d3,candidate_declaration_order_only_for_exact_score_ties
yeast_ml8,yeast_ml8(7.4%),2,44,AUROC,"[""logreg_C0.1"", ""logreg_C1.0"", ""logreg_C10.0"", ""hgb_d3"", ""hgb_d6""]","[0.6337797619047619, 0.6236359126984127, 0.6599454365079365, 0.6204861111111112, 0.6153025793650794]","[2.0, 3.0, 1.0, 4.0, 5.0]",0.0,0,1,logreg_C10.0>logreg_C0.1>logreg_C1.0>hgb_d3>hgb_d6,logreg_C10.0,candidate_declaration_order_only_for_exact_score_ties
yeast_ml8,yeast_ml8(7.4%),2,44,Brier_neg,"[""logreg_C0.1"", ""logreg_C1.0"", ""logreg_C10.0"", ""hgb_d3"", ""hgb_d6""]","[-0.06727959710696031, -0.06750815405293004, -0.06763932252990837, -0.06717478995561474, -0.06728920810043795]","[2.0, 4.0, 5.0, 1.0, 3.0]",0.0,0,1,hgb_d3>logreg_C0.1>hgb_d6>logreg_C1.0>logreg_C10.0,hgb_d3,candidate_declaration_order_only_for_exact_score_ties
yeast_ml8,yeast_ml8(7.4%),2,44,MCC_05,"[""logreg_C0.1"", ""logreg_C1.0"", ""logreg_C10.0"", ""hgb_d3"", ""hgb_d6""]","[0.0, 0.0, 0.0, 0.0, 0.0]","[3.0, 3.0, 3.0, 3.0, 3.0]",120.0,1,5,logreg_C0.1>logreg_C1.0>logreg_C10.0>hgb_d3>hgb_d6,logreg_C0.1,candidate_declaration_order_only_for_exact_score_ties
yeast_ml8,yeast_ml8(7.4%),3,45,SoftMCC,"[""logreg_C0.1"", ""logreg_C1.0"", ""logreg_C10.0"", ""hgb_d3"", ""hgb_d6""]","[0.0009811599570247475, -0.0062116603956826645, -0.002498394165334061, -0.0030319487085920887, -0.0032505924170381497]","[1.0, 5.0, 2.0, 3.0, 4.0]",0.0,0,1,logreg_C0.1>logreg_C10.0>hgb_d3>hgb_d6>logreg_C1.0,logreg_C0.1,candidate_declaration_order_only_for_exact_score_ties
yeast_ml8,yeast_ml8(7.4%),3,45,MCC_best,"[""logreg_C0.1"", ""logreg_C1.0"", ""logreg_C10.0"", ""hgb_d3"", ""hgb_d6""]","[0.07991458341708611, 0.035613765252111074, 0.024092139328961697, 0.06280752980037115, 0.06304072384595336]","[1.0, 4.0, 5.0, 3.0, 2.0]",0.0,0,1,logreg_C0.1>hgb_d6>hgb_d3>logreg_C1.0>logreg_C10.0,logreg_C0.1,candidate_declaration_order_only_for_exact_score_ties
yeast_ml8,yeast_ml8(7.4%),3,45,F1_best,"[""logreg_C0.1"", ""logreg_C1.0"", ""logreg_C10.0"", ""hgb_d3"", ""hgb_d6""]","[0.15602836879432624, 0.14285714285714285, 0.136, 0.1455223880597015, 0.15130023640661938]","[1.0, 4.0, 5.0, 3.0, 2.0]",0.0,0,1,logreg_C0.1>hgb_d6>hgb_d3>logreg_C1.0>logreg_C10.0,logreg_C0.1,candidate_declaration_order_only_for_exact_score_ties
yeast_ml8,yeast_ml8(7.4%),3,45,AUPRC,"[""logreg_C0.1"", ""logreg_C1.0"", ""logreg_C10.0"", ""hgb_d3"", ""hgb_d6""]","[0.07184699535672201, 0.07057379812730179, 0.07558929617232711, 0.06466067862866544, 0.06673866353676608]","[2.0, 3.0, 1.0, 5.0, 4.0]",0.0,0,1,logreg_C10.0>logreg_C0.1>logreg_C1.0>hgb_d6>hgb_d3,logreg_C10.0,candidate_declaration_order_only_for_exact_score_ties
yeast_ml8,yeast_ml8(7.4%),3,45,AUROC,"[""logreg_C0.1"", ""logreg_C1.0"", ""logreg_C10.0"", ""hgb_d3"", ""hgb_d6""]","[0.5123263888888889, 0.4645089285714286, 0.4889136904761905, 0.4591517857142857, 0.48033234126984126]","[1.0, 4.0, 2.0, 5.0, 3.0]",0.0,0,1,logreg_C0.1>logreg_C10.0>hgb_d6>logreg_C1.0>hgb_d3,logreg_C0.1,candidate_declaration_order_only_for_exact_score_ties
yeast_ml8,yeast_ml8(7.4%),3,45,Brier_neg,"[""logreg_C0.1"", ""logreg_C1.0"", ""logreg_C10.0"", ""hgb_d3"", ""hgb_d6""]","[-0.06976354531784716, -0.07061339489451364, -0.06991128996904161, -0.06906001531374162, -0.06963542520773165]","[3.0, 5.0, 4.0, 1.0, 2.0]",0.0,0,1,hgb_d3>hgb_d6>logreg_C0.1>logreg_C10.0>logreg_C1.0,hgb_d3,candidate_declaration_order_only_for_exact_score_ties
yeast_ml8,yeast_ml8(7.4%),3,45,MCC_05,"[""logreg_C0.1"", ""logreg_C1.0"", ""logreg_C10.0"", ""hgb_d3"", ""hgb_d6""]","[0.0, 0.0, 0.0, 0.0, 0.0]","[3.0, 3.0, 3.0, 3.0, 3.0]",120.0,1,5,logreg_C0.1>logreg_C1.0>logreg_C10.0>hgb_d3>hgb_d6,logreg_C0.1,candidate_declaration_order_only_for_exact_score_ties
yeast_ml8,yeast_ml8(7.4%),4,46,SoftMCC,"[""logreg_C0.1"", ""logreg_C1.0"", ""logreg_C10.0"", ""hgb_d3"", ""hgb_d6""]","[0.02458102183083112, 0.013258935493396764, 0.013855859762331809, 0.006218462354778339, 0.006124631186763641]","[1.0, 3.0, 2.0, 4.0, 5.0]",0.0,0,1,logreg_C0.1>logreg_C10.0>logreg_C1.0>hgb_d3>hgb_d6,logreg_C0.1,candidate_declaration_order_only_for_exact_score_ties
yeast_ml8,yeast_ml8(7.4%),4,46,MCC_best,"[""logreg_C0.1"", ""logreg_C1.0"", ""logreg_C10.0"", ""hgb_d3"", ""hgb_d6""]","[0.11659805435037526, 0.09574936813769877, 0.06296516275734756, 0.08506738608116611, 0.06438005420030285]","[1.0, 2.0, 5.0, 3.0, 4.0]",0.0,0,1,logreg_C0.1>logreg_C1.0>hgb_d3>hgb_d6>logreg_C10.0,logreg_C0.1,candidate_declaration_order_only_for_exact_score_ties
yeast_ml8,yeast_ml8(7.4%),4,46,F1_best,"[""logreg_C0.1"", ""logreg_C1.0"", ""logreg_C10.0"", ""hgb_d3"", ""hgb_d6""]","[0.19444444444444445, 0.18072289156626506, 0.15841584158415842, 0.17194570135746606, 0.14814814814814814]","[1.0, 2.0, 4.0, 3.0, 5.0]",0.0,0,1,logreg_C0.1>logreg_C1.0>hgb_d3>logreg_C10.0>hgb_d6,logreg_C0.1,candidate_declaration_order_only_for_exact_score_ties
yeast_ml8,yeast_ml8(7.4%),4,46,AUPRC,"[""logreg_C0.1"", ""logreg_C1.0"", ""logreg_C10.0"", ""hgb_d3"", ""hgb_d6""]","[0.11317508190167132, 0.10159381414290578, 0.11269089137738642, 0.09807126621002892, 0.0868026297484785]","[1.0, 3.0, 2.0, 4.0, 5.0]",0.0,0,1,logreg_C0.1>logreg_C10.0>logreg_C1.0>hgb_d3>hgb_d6,logreg_C0.1,candidate_declaration_order_only_for_exact_score_ties
yeast_ml8,yeast_ml8(7.4%),4,46,AUROC,"[""logreg_C0.1"", ""logreg_C1.0"", ""logreg_C10.0"", ""hgb_d3"", ""hgb_d6""]","[0.6214285714285714, 0.5812499999999999, 0.5429563492063492, 0.5555555555555556, 0.5368055555555555]","[1.0, 2.0, 4.0, 3.0, 5.0]",0.0,0,1,logreg_C0.1>logreg_C1.0>hgb_d3>logreg_C10.0>hgb_d6,logreg_C0.1,candidate_declaration_order_only_for_exact_score_ties
yeast_ml8,yeast_ml8(7.4%),4,46,Brier_neg,"[""logreg_C0.1"", ""logreg_C1.0"", ""logreg_C10.0"", ""hgb_d3"", ""hgb_d6""]","[-0.06805796443410428, -0.06798036678713357, -0.06777153184146871, -0.06844345220510535, -0.06817360189260949]","[3.0, 2.0, 1.0, 5.0, 4.0]",0.0,0,1,logreg_C10.0>logreg_C1.0>logreg_C0.1>hgb_d6>hgb_d3,logreg_C10.0,candidate_declaration_order_only_for_exact_score_ties
yeast_ml8,yeast_ml8(7.4%),4,46,MCC_05,"[""logreg_C0.1"", ""logreg_C1.0"", ""logreg_C10.0"", ""hgb_d3"", ""hgb_d6""]","[0.05819143739626464, 0.0, 0.09925629856005272, 0.0, 0.0]","[2.0, 4.0, 1.0, 4.0, 4.0]",24.0,1,3,logreg_C10.0>logreg_C0.1>logreg_C1.0>hgb_d3>hgb_d6,logreg_C10.0,candidate_declaration_order_only_for_exact_score_ties
yeast_ml8,yeast_ml8(7.4%),5,47,SoftMCC,"[""logreg_C0.1"", ""logreg_C1.0"", ""logreg_C10.0"", ""hgb_d3"", ""hgb_d6""]","[0.005573532345830522, 0.0034384360389293814, 0.0037737241967697307, 0.005233207357731673, 0.02355220230810333]","[2.0, 5.0, 4.0, 3.0, 1.0]",0.0,0,1,hgb_d6>logreg_C0.1>hgb_d3>logreg_C10.0>logreg_C1.0,hgb_d6,candidate_declaration_order_only_for_exact_score_ties
yeast_ml8,yeast_ml8(7.4%),5,47,MCC_best,"[""logreg_C0.1"", ""logreg_C1.0"", ""logreg_C10.0"", ""hgb_d3"", ""hgb_d6""]","[0.08724265588447212, 0.057159644316457814, 0.08551579430331752, 0.09507064077756873, 0.17255486503730894]","[3.0, 5.0, 4.0, 2.0, 1.0]",0.0,0,1,hgb_d6>hgb_d3>logreg_C0.1>logreg_C10.0>logreg_C1.0,hgb_d6,candidate_declaration_order_only_for_exact_score_ties
yeast_ml8,yeast_ml8(7.4%),5,47,F1_best,"[""logreg_C0.1"", ""logreg_C1.0"", ""logreg_C10.0"", ""hgb_d3"", ""hgb_d6""]","[0.15566037735849056, 0.15058823529411763, 0.1693121693121693, 0.1791044776119403, 0.18181818181818182]","[4.0, 5.0, 3.0, 2.0, 1.0]",0.0,0,1,hgb_d6>hgb_d3>logreg_C10.0>logreg_C0.1>logreg_C1.0,hgb_d6,candidate_declaration_order_only_for_exact_score_ties
yeast_ml8,yeast_ml8(7.4%),5,47,AUPRC,"[""logreg_C0.1"", ""logreg_C1.0"", ""logreg_C10.0"", ""hgb_d3"", ""hgb_d6""]","[0.08700974718783315, 0.08480666216003745, 0.09622110093147818, 0.09226577149692232, 0.16185445957621306]","[4.0, 5.0, 2.0, 3.0, 1.0]",0.0,0,1,hgb_d6>logreg_C10.0>hgb_d3>logreg_C0.1>logreg_C1.0,hgb_d6,candidate_declaration_order_only_for_exact_score_ties
yeast_ml8,yeast_ml8(7.4%),5,47,AUROC,"[""logreg_C0.1"", ""logreg_C1.0"", ""logreg_C10.0"", ""hgb_d3"", ""hgb_d6""]","[0.565625, 0.5356894841269841, 0.5212053571428571, 0.5841517857142857, 0.6081845238095238]","[3.0, 4.0, 5.0, 2.0, 1.0]",0.0,0,1,hgb_d6>hgb_d3>logreg_C0.1>logreg_C1.0>logreg_C10.0,hgb_d6,candidate_declaration_order_only_for_exact_score_ties
yeast_ml8,yeast_ml8(7.4%),5,47,Brier_neg,"[""logreg_C0.1"", ""logreg_C1.0"", ""logreg_C10.0"", ""hgb_d3"", ""hgb_d6""]","[-0.06862229353244965, -0.06869492151050162, -0.06866489658158346, -0.0678787422070545, -0.06605659308218693]","[3.0, 5.0, 4.0, 2.0, 1.0]",0.0,0,1,hgb_d6>hgb_d3>logreg_C0.1>logreg_C10.0>logreg_C1.0,hgb_d6,candidate_declaration_order_only_for_exact_score_ties
yeast_ml8,yeast_ml8(7.4%),5,47,MCC_05,"[""logreg_C0.1"", ""logreg_C1.0"", ""logreg_C10.0"", ""hgb_d3"", ""hgb_d6""]","[0.0, 0.0, 0.0, 0.0, 0.0]","[3.0, 3.0, 3.0, 3.0, 3.0]",120.0,1,5,logreg_C0.1>logreg_C1.0>logreg_C10.0>hgb_d3>hgb_d6,logreg_C0.1,candidate_declaration_order_only_for_exact_score_ties
yeast_ml8,yeast_ml8(7.4%),6,48,SoftMCC,"[""logreg_C0.1"", ""logreg_C1.0"", ""logreg_C10.0"", ""hgb_d3"", ""hgb_d6""]","[0.017663518525579968, 0.017964794891650215, 0.009749217303520408, 0.0027338812727180023, 0.008459124373008213]","[2.0, 1.0, 3.0, 5.0, 4.0]",0.0,0,1,logreg_C1.0>logreg_C0.1>logreg_C10.0>hgb_d6>hgb_d3,logreg_C1.0,candidate_declaration_order_only_for_exact_score_ties
yeast_ml8,yeast_ml8(7.4%),6,48,MCC_best,"[""logreg_C0.1"", ""logreg_C1.0"", ""logreg_C10.0"", ""hgb_d3"", ""hgb_d6""]","[0.14733361792484617, 0.12915531998758967, 0.09328318718124143, 0.09061004703659373, 0.09298828045936486]","[1.0, 2.0, 3.0, 5.0, 4.0]",0.0,0,1,logreg_C0.1>logreg_C1.0>logreg_C10.0>hgb_d6>hgb_d3,logreg_C0.1,candidate_declaration_order_only_for_exact_score_ties
yeast_ml8,yeast_ml8(7.4%),6,48,F1_best,"[""logreg_C0.1"", ""logreg_C1.0"", ""logreg_C10.0"", ""hgb_d3"", ""hgb_d6""]","[0.20833333333333334, 0.18666666666666668, 0.1681159420289855, 0.150093808630394, 0.1619047619047619]","[1.0, 2.0, 3.0, 5.0, 4.0]",0.0,0,1,logreg_C0.1>logreg_C1.0>logreg_C10.0>hgb_d6>hgb_d3,logreg_C0.1,candidate_declaration_order_only_for_exact_score_ties
yeast_ml8,yeast_ml8(7.4%),6,48,AUPRC,"[""logreg_C0.1"", ""logreg_C1.0"", ""logreg_C10.0"", ""hgb_d3"", ""hgb_d6""]","[0.11024666198834653, 0.11581642879751027, 0.10214054607435777, 0.0785734957974625, 0.11750236871160712]","[3.0, 2.0, 4.0, 5.0, 1.0]",0.0,0,1,hgb_d6>logreg_C1.0>logreg_C0.1>logreg_C10.0>hgb_d3,hgb_d6,candidate_declaration_order_only_for_exact_score_ties
yeast_ml8,yeast_ml8(7.4%),6,48,AUROC,"[""logreg_C0.1"", ""logreg_C1.0"", ""logreg_C10.0"", ""hgb_d3"", ""hgb_d6""]","[0.6521825396825397, 0.6425099206349206, 0.5863095238095238, 0.5338789682539682, 0.5693948412698413]","[1.0, 2.0, 3.0, 5.0, 4.0]",0.0,0,1,logreg_C0.1>logreg_C1.0>logreg_C10.0>hgb_d6>hgb_d3,logreg_C0.1,candidate_declaration_order_only_for_exact_score_ties
yeast_ml8,yeast_ml8(7.4%),6,48,Brier_neg,"[""logreg_C0.1"", ""logreg_C1.0"", ""logreg_C10.0"", ""hgb_d3"", ""hgb_d6""]","[-0.06678035646140443, -0.06671311975960367, -0.06750384185379558, -0.06863836230458414, -0.06778445078152232]","[2.0, 1.0, 3.0, 5.0, 4.0]",0.0,0,1,logreg_C1.0>logreg_C0.1>logreg_C10.0>hgb_d6>hgb_d3,logreg_C1.0,candidate_declaration_order_only_for_exact_score_ties
yeast_ml8,yeast_ml8(7.4%),6,48,MCC_05,"[""logreg_C0.1"", ""logreg_C1.0"", ""logreg_C10.0"", ""hgb_d3"", ""hgb_d6""]","[0.0, 0.0, 0.0, 0.0, 0.0]","[3.0, 3.0, 3.0, 3.0, 3.0]",120.0,1,5,logreg_C0.1>logreg_C1.0>logreg_C10.0>hgb_d3>hgb_d6,logreg_C0.1,candidate_declaration_order_only_for_exact_score_ties
yeast_ml8,yeast_ml8(7.4%),7,49,SoftMCC,"[""logreg_C0.1"", ""logreg_C1.0"", ""logreg_C10.0"", ""hgb_d3"", ""hgb_d6""]","[0.027308177173836195, 0.03287045603268286, 0.0258873391587469, 0.014078501577147975, 0.01366909331454457]","[2.0, 1.0, 3.0, 4.0, 5.0]",0.0,0,1,logreg_C1.0>logreg_C0.1>logreg_C10.0>hgb_d3>hgb_d6,logreg_C1.0,candidate_declaration_order_only_for_exact_score_ties
yeast_ml8,yeast_ml8(7.4%),7,49,MCC_best,"[""logreg_C0.1"", ""logreg_C1.0"", ""logreg_C10.0"", ""hgb_d3"", ""hgb_d6""]","[0.1367309151581182, 0.15036300915063072, 0.1459927913755937, 0.14912352943266116, 0.12433468879599459]","[4.0, 1.0, 3.0, 2.0, 5.0]",0.0,0,1,logreg_C1.0>hgb_d3>logreg_C10.0>logreg_C0.1>hgb_d6,logreg_C1.0,candidate_declaration_order_only_for_exact_score_ties
yeast_ml8,yeast_ml8(7.4%),7,49,F1_best,"[""logreg_C0.1"", ""logreg_C1.0"", ""logreg_C10.0"", ""hgb_d3"", ""hgb_d6""]","[0.20095693779904306, 0.20634920634920634, 0.22033898305084745, 0.21951219512195122, 0.19607843137254902]","[4.0, 3.0, 1.0, 2.0, 5.0]",0.0,0,1,logreg_C10.0>hgb_d3>logreg_C1.0>logreg_C0.1>hgb_d6,logreg_C10.0,candidate_declaration_order_only_for_exact_score_ties
yeast_ml8,yeast_ml8(7.4%),7,49,AUPRC,"[""logreg_C0.1"", ""logreg_C1.0"", ""logreg_C10.0"", ""hgb_d3"", ""hgb_d6""]","[0.13524306284758453, 0.14390137509409834, 0.12914751456267445, 0.10731396185663461, 0.10838821382583579]","[2.0, 1.0, 3.0, 5.0, 4.0]",0.0,0,1,logreg_C1.0>logreg_C0.1>logreg_C10.0>hgb_d6>hgb_d3,logreg_C1.0,candidate_declaration_order_only_for_exact_score_ties
yeast_ml8,yeast_ml8(7.4%),7,49,AUROC,"[""logreg_C0.1"", ""logreg_C1.0"", ""logreg_C10.0"", ""hgb_d3"", ""hgb_d6""]","[0.6354910714285714, 0.6207837301587301, 0.6198412698412699, 0.625, 0.6147321428571428]","[1.0, 3.0, 4.0, 2.0, 5.0]",0.0,0,1,logreg_C0.1>hgb_d3>logreg_C1.0>logreg_C10.0>hgb_d6,logreg_C0.1,candidate_declaration_order_only_for_exact_score_ties
yeast_ml8,yeast_ml8(7.4%),7,49,Brier_neg,"[""logreg_C0.1"", ""logreg_C1.0"", ""logreg_C10.0"", ""hgb_d3"", ""hgb_d6""]","[-0.06642699719630141, -0.06647614112960226, -0.0680669257034142, -0.07019790985971405, -0.06943198960283722]","[1.0, 2.0, 3.0, 5.0, 4.0]",0.0,0,1,logreg_C0.1>logreg_C1.0>logreg_C10.0>hgb_d6>hgb_d3,logreg_C0.1,candidate_declaration_order_only_for_exact_score_ties
yeast_ml8,yeast_ml8(7.4%),7,49,MCC_05,"[""logreg_C0.1"", ""logreg_C1.0"", ""logreg_C10.0"", ""hgb_d3"", ""hgb_d6""]","[0.15232997042441374, 0.1692274590287262, 0.0466695694072803, -0.027133470585628084, -0.01711315492414702]","[2.0, 1.0, 3.0, 5.0, 4.0]",0.0,0,1,logreg_C1.0>logreg_C0.1>logreg_C10.0>hgb_d6>hgb_d3,logreg_C1.0,candidate_declaration_order_only_for_exact_score_ties
yeast_ml8,yeast_ml8(7.4%),8,50,SoftMCC,"[""logreg_C0.1"", ""logreg_C1.0"", ""logreg_C10.0"", ""hgb_d3"", ""hgb_d6""]","[0.014459545411571849, 0.0064125614025810395, 0.004059847796665841, 0.003055833930943686, 0.00481329990828127]","[1.0, 2.0, 4.0, 5.0, 3.0]",0.0,0,1,logreg_C0.1>logreg_C1.0>hgb_d6>logreg_C10.0>hgb_d3,logreg_C0.1,candidate_declaration_order_only_for_exact_score_ties
yeast_ml8,yeast_ml8(7.4%),8,50,MCC_best,"[""logreg_C0.1"", ""logreg_C1.0"", ""logreg_C10.0"", ""hgb_d3"", ""hgb_d6""]","[0.12419398743115982, 0.10747391811709023, 0.05227464057006732, 0.09543305571897803, 0.1091473840640955]","[1.0, 3.0, 5.0, 4.0, 2.0]",0.0,0,1,logreg_C0.1>hgb_d6>logreg_C1.0>hgb_d3>logreg_C10.0,logreg_C0.1,candidate_declaration_order_only_for_exact_score_ties
yeast_ml8,yeast_ml8(7.4%),8,50,F1_best,"[""logreg_C0.1"", ""logreg_C1.0"", ""logreg_C10.0"", ""hgb_d3"", ""hgb_d6""]","[0.18699186991869918, 0.17391304347826086, 0.14646464646464646, 0.15151515151515152, 0.15694164989939638]","[1.0, 2.0, 5.0, 4.0, 3.0]",0.0,0,1,logreg_C0.1>logreg_C1.0>hgb_d6>hgb_d3>logreg_C10.0,logreg_C0.1,candidate_declaration_order_only_for_exact_score_ties
yeast_ml8,yeast_ml8(7.4%),8,50,AUPRC,"[""logreg_C0.1"", ""logreg_C1.0"", ""logreg_C10.0"", ""hgb_d3"", ""hgb_d6""]","[0.10659187790828832, 0.08550062441255761, 0.09380316940144555, 0.08098875589689523, 0.08414972355828497]","[1.0, 3.0, 2.0, 5.0, 4.0]",0.0,0,1,logreg_C0.1>logreg_C10.0>logreg_C1.0>hgb_d6>hgb_d3,logreg_C0.1,candidate_declaration_order_only_for_exact_score_ties
yeast_ml8,yeast_ml8(7.4%),8,50,AUROC,"[""logreg_C0.1"", ""logreg_C1.0"", ""logreg_C10.0"", ""hgb_d3"", ""hgb_d6""]","[0.6354166666666666, 0.5768353174603175, 0.5304315476190475, 0.5315972222222223, 0.5563244047619047]","[1.0, 2.0, 5.0, 4.0, 3.0]",0.0,0,1,logreg_C0.1>logreg_C1.0>hgb_d6>hgb_d3>logreg_C10.0,logreg_C0.1,candidate_declaration_order_only_for_exact_score_ties
yeast_ml8,yeast_ml8(7.4%),8,50,Brier_neg,"[""logreg_C0.1"", ""logreg_C1.0"", ""logreg_C10.0"", ""hgb_d3"", ""hgb_d6""]","[-0.06713692393530035, -0.0681602574907681, -0.0683164177370135, -0.06858459878839017, -0.0686256222683993]","[1.0, 2.0, 3.0, 4.0, 5.0]",0.0,0,1,logreg_C0.1>logreg_C1.0>logreg_C10.0>hgb_d3>hgb_d6,logreg_C0.1,candidate_declaration_order_only_for_exact_score_ties
yeast_ml8,yeast_ml8(7.4%),8,50,MCC_05,"[""logreg_C0.1"", ""logreg_C1.0"", ""logreg_C10.0"", ""hgb_d3"", ""hgb_d6""]","[0.0, 0.0, 0.0, 0.0, 0.0]","[3.0, 3.0, 3.0, 3.0, 3.0]",120.0,1,5,logreg_C0.1>logreg_C1.0>logreg_C10.0>hgb_d3>hgb_d6,logreg_C0.1,candidate_declaration_order_only_for_exact_score_ties
yeast_ml8,yeast_ml8(7.4%),9,51,SoftMCC,"[""logreg_C0.1"", ""logreg_C1.0"", ""logreg_C10.0"", ""hgb_d3"", ""hgb_d6""]","[0.012055861438508276, 0.007035001149023438, 0.005909032785372422, 0.006433374041156649, 0.008004203244297903]","[1.0, 3.0, 5.0, 4.0, 2.0]",0.0,0,1,logreg_C0.1>hgb_d6>logreg_C1.0>hgb_d3>logreg_C10.0,logreg_C0.1,candidate_declaration_order_only_for_exact_score_ties
yeast_ml8,yeast_ml8(7.4%),9,51,MCC_best,"[""logreg_C0.1"", ""logreg_C1.0"", ""logreg_C10.0"", ""hgb_d3"", ""hgb_d6""]","[0.1091473840640955, 0.0883037449600438, 0.08956391893197164, 0.09549995382051624, 0.08531768393631184]","[1.0, 4.0, 3.0, 2.0, 5.0]",0.0,0,1,logreg_C0.1>hgb_d3>logreg_C10.0>logreg_C1.0>hgb_d6,logreg_C0.1,candidate_declaration_order_only_for_exact_score_ties
yeast_ml8,yeast_ml8(7.4%),9,51,F1_best,"[""logreg_C0.1"", ""logreg_C1.0"", ""logreg_C10.0"", ""hgb_d3"", ""hgb_d6""]","[0.174496644295302, 0.16770186335403728, 0.17518248175182483, 0.17142857142857143, 0.16230366492146597]","[2.0, 4.0, 1.0, 3.0, 5.0]",0.0,0,1,logreg_C10.0>logreg_C0.1>hgb_d3>logreg_C1.0>hgb_d6,logreg_C10.0,candidate_declaration_order_only_for_exact_score_ties
yeast_ml8,yeast_ml8(7.4%),9,51,AUPRC,"[""logreg_C0.1"", ""logreg_C1.0"", ""logreg_C10.0"", ""hgb_d3"", ""hgb_d6""]","[0.09320078957964908, 0.09340524450972332, 0.09046625740046083, 0.09430719833199497, 0.11539912174591033]","[4.0, 3.0, 5.0, 2.0, 1.0]",0.0,0,1,hgb_d6>hgb_d3>logreg_C1.0>logreg_C0.1>logreg_C10.0,hgb_d6,candidate_declaration_order_only_for_exact_score_ties
yeast_ml8,yeast_ml8(7.4%),9,51,AUROC,"[""logreg_C0.1"", ""logreg_C1.0"", ""logreg_C10.0"", ""hgb_d3"", ""hgb_d6""]","[0.5953621031746031, 0.5760664682539682, 0.5517361111111111, 0.5859375, 0.5713293650793649]","[1.0, 3.0, 5.0, 2.0, 4.0]",0.0,0,1,logreg_C0.1>hgb_d3>logreg_C1.0>hgb_d6>logreg_C10.0,logreg_C0.1,candidate_declaration_order_only_for_exact_score_ties
yeast_ml8,yeast_ml8(7.4%),9,51,Brier_neg,"[""logreg_C0.1"", ""logreg_C1.0"", ""logreg_C10.0"", ""hgb_d3"", ""hgb_d6""]","[-0.06837127978088428, -0.0699658054641963, -0.06867911923833055, -0.06801267980203723, -0.06784999437537086]","[3.0, 5.0, 4.0, 2.0, 1.0]",0.0,0,1,hgb_d6>hgb_d3>logreg_C0.1>logreg_C10.0>logreg_C1.0,hgb_d6,candidate_declaration_order_only_for_exact_score_ties
yeast_ml8,yeast_ml8(7.4%),9,51,MCC_05,"[""logreg_C0.1"", ""logreg_C1.0"", ""logreg_C10.0"", ""hgb_d3"", ""hgb_d6""]","[0.0, -0.01711315492414702, 0.0, 0.0, 0.0]","[2.5, 5.0, 2.5, 2.5, 2.5]",60.0,1,4,logreg_C0.1>logreg_C10.0>hgb_d3>hgb_d6>logreg_C1.0,logreg_C0.1,candidate_declaration_order_only_for_exact_score_ties
yeast_ml8,yeast_ml8(7.4%),10,52,SoftMCC,"[""logreg_C0.1"", ""logreg_C1.0"", ""logreg_C10.0"", ""hgb_d3"", ""hgb_d6""]","[0.013506417468073786, 0.010505209703537917, 0.0018386367152733358, 0.0032393570251062695, 0.005110710571393214]","[1.0, 2.0, 5.0, 4.0, 3.0]",0.0,0,1,logreg_C0.1>logreg_C1.0>hgb_d6>hgb_d3>logreg_C10.0,logreg_C0.1,candidate_declaration_order_only_for_exact_score_ties
yeast_ml8,yeast_ml8(7.4%),10,52,MCC_best,"[""logreg_C0.1"", ""logreg_C1.0"", ""logreg_C10.0"", ""hgb_d3"", ""hgb_d6""]","[0.12059438395358597, 0.10965466480550141, 0.05289956166774152, 0.07389039185223348, 0.12483489358434373]","[2.0, 3.0, 5.0, 4.0, 1.0]",0.0,0,1,hgb_d6>logreg_C0.1>logreg_C1.0>hgb_d3>logreg_C10.0,hgb_d6,candidate_declaration_order_only_for_exact_score_ties
yeast_ml8,yeast_ml8(7.4%),10,52,F1_best,"[""logreg_C0.1"", ""logreg_C1.0"", ""logreg_C10.0"", ""hgb_d3"", ""hgb_d6""]","[0.19607843137254902, 0.1910828025477707, 0.15272727272727274, 0.15342465753424658, 0.16740088105726872]","[1.0, 2.0, 5.0, 4.0, 3.0]",0.0,0,1,logreg_C0.1>logreg_C1.0>hgb_d6>hgb_d3>logreg_C10.0,logreg_C0.1,candidate_declaration_order_only_for_exact_score_ties
yeast_ml8,yeast_ml8(7.4%),10,52,AUPRC,"[""logreg_C0.1"", ""logreg_C1.0"", ""logreg_C10.0"", ""hgb_d3"", ""hgb_d6""]","[0.11260275051837315, 0.10243779145872803, 0.08119639035725347, 0.09520528837409525, 0.09648451318458175]","[1.0, 2.0, 5.0, 4.0, 3.0]",0.0,0,1,logreg_C0.1>logreg_C1.0>hgb_d6>hgb_d3>logreg_C10.0,logreg_C0.1,candidate_declaration_order_only_for_exact_score_ties
yeast_ml8,yeast_ml8(7.4%),10,52,AUROC,"[""logreg_C0.1"", ""logreg_C1.0"", ""logreg_C10.0"", ""hgb_d3"", ""hgb_d6""]","[0.6110119047619048, 0.5910218253968254, 0.5153025793650794, 0.5311507936507935, 0.5842509920634921]","[1.0, 2.0, 5.0, 4.0, 3.0]",0.0,0,1,logreg_C0.1>logreg_C1.0>hgb_d6>hgb_d3>logreg_C10.0,logreg_C0.1,candidate_declaration_order_only_for_exact_score_ties
yeast_ml8,yeast_ml8(7.4%),10,52,Brier_neg,"[""logreg_C0.1"", ""logreg_C1.0"", ""logreg_C10.0"", ""hgb_d3"", ""hgb_d6""]","[-0.06763035562291708, -0.06766901656310065, -0.0684015111859183, -0.06853602903605649, -0.06797837543531941]","[1.0, 2.0, 4.0, 5.0, 3.0]",0.0,0,1,logreg_C0.1>logreg_C1.0>hgb_d6>logreg_C10.0>hgb_d3,logreg_C0.1,candidate_declaration_order_only_for_exact_score_ties
yeast_ml8,yeast_ml8(7.4%),10,52,MCC_05,"[""logreg_C0.1"", ""logreg_C1.0"", ""logreg_C10.0"", ""hgb_d3"", ""hgb_d6""]","[0.0, 0.0, 0.0, 0.0, 0.0]","[3.0, 3.0, 3.0, 3.0, 3.0]",120.0,1,5,logreg_C0.1>logreg_C1.0>logreg_C10.0>hgb_d3>hgb_d6,logreg_C0.1,candidate_declaration_order_only_for_exact_score_ties
yeast_ml8,yeast_ml8(7.4%),11,53,SoftMCC,"[""logreg_C0.1"", ""logreg_C1.0"", ""logreg_C10.0"", ""hgb_d3"", ""hgb_d6""]","[0.007956224187429445, 0.010839378961591182, 0.002853014359737399, 0.0025827850806087248, -0.0011784643836134157]","[2.0, 1.0, 3.0, 4.0, 5.0]",0.0,0,1,logreg_C1.0>logreg_C0.1>logreg_C10.0>hgb_d3>hgb_d6,logreg_C1.0,candidate_declaration_order_only_for_exact_score_ties
yeast_ml8,yeast_ml8(7.4%),11,53,MCC_best,"[""logreg_C0.1"", ""logreg_C1.0"", ""logreg_C10.0"", ""hgb_d3"", ""hgb_d6""]","[0.07828682220279633, 0.08863600391305174, 0.06603899356498426, 0.06304072384595336, 0.06715196841531428]","[2.0, 1.0, 4.0, 5.0, 3.0]",0.0,0,1,logreg_C1.0>logreg_C0.1>hgb_d6>logreg_C10.0>hgb_d3,logreg_C1.0,candidate_declaration_order_only_for_exact_score_ties
yeast_ml8,yeast_ml8(7.4%),11,53,F1_best,"[""logreg_C0.1"", ""logreg_C1.0"", ""logreg_C10.0"", ""hgb_d3"", ""hgb_d6""]","[0.16111111111111112, 0.16358839050131926, 0.15942028985507245, 0.14829659318637275, 0.16113744075829384]","[3.0, 1.0, 4.0, 5.0, 2.0]",0.0,0,1,logreg_C1.0>hgb_d6>logreg_C0.1>logreg_C10.0>hgb_d3,logreg_C1.0,candidate_declaration_order_only_for_exact_score_ties
yeast_ml8,yeast_ml8(7.4%),11,53,AUPRC,"[""logreg_C0.1"", ""logreg_C1.0"", ""logreg_C10.0"", ""hgb_d3"", ""hgb_d6""]","[0.08508009315811776, 0.09592225461692286, 0.08766926148363934, 0.08333206546716712, 0.08396153801509212]","[3.0, 1.0, 2.0, 5.0, 4.0]",0.0,0,1,logreg_C1.0>logreg_C10.0>logreg_C0.1>hgb_d6>hgb_d3,logreg_C1.0,candidate_declaration_order_only_for_exact_score_ties
yeast_ml8,yeast_ml8(7.4%),11,53,AUROC,"[""logreg_C0.1"", ""logreg_C1.0"", ""logreg_C10.0"", ""hgb_d3"", ""hgb_d6""]","[0.5500496031746032, 0.5766121031746032, 0.5591517857142857, 0.5261656746031746, 0.549330357142857]","[3.0, 1.0, 2.0, 5.0, 4.0]",0.0,0,1,logreg_C1.0>logreg_C10.0>logreg_C0.1>hgb_d6>hgb_d3,logreg_C1.0,candidate_declaration_order_only_for_exact_score_ties
yeast_ml8,yeast_ml8(7.4%),11,53,Brier_neg,"[""logreg_C0.1"", ""logreg_C1.0"", ""logreg_C10.0"", ""hgb_d3"", ""hgb_d6""]","[-0.06878399085385357, -0.06815242187129673, -0.06871175735461425, -0.07111440574507215, -0.07297178315655316]","[3.0, 1.0, 2.0, 4.0, 5.0]",0.0,0,1,logreg_C1.0>logreg_C10.0>logreg_C0.1>hgb_d3>hgb_d6,logreg_C1.0,candidate_declaration_order_only_for_exact_score_ties
yeast_ml8,yeast_ml8(7.4%),11,53,MCC_05,"[""logreg_C0.1"", ""logreg_C1.0"", ""logreg_C10.0"", ""hgb_d3"", ""hgb_d6""]","[0.0, 0.0, 0.0, -0.024246432248443597, -0.03653920476209348]","[2.0, 2.0, 2.0, 4.0, 5.0]",24.0,1,3,logreg_C0.1>logreg_C1.0>logreg_C10.0>hgb_d3>hgb_d6,logreg_C0.1,candidate_declaration_order_only_for_exact_score_ties
