dataset_key,dataset,repeat,seed,T,metric,spearman_vs_T1
bc,breast_cancer(37%),0,42,0.5,SoftMCC,0.7
bc,breast_cancer(37%),0,42,0.5,MCC_best,0.9999999999999999
bc,breast_cancer(37%),0,42,0.5,F1_best,1.0
bc,breast_cancer(37%),0,42,0.5,AUPRC,0.9999999999999999
bc,breast_cancer(37%),0,42,0.5,AUROC,0.9999999999999999
bc,breast_cancer(37%),0,42,0.5,Brier_neg,0.6
bc,breast_cancer(37%),0,42,0.5,MCC_05,1.0
bc,breast_cancer(37%),0,42,1.5,SoftMCC,0.7999999999999999
bc,breast_cancer(37%),0,42,1.5,MCC_best,0.9999999999999999
bc,breast_cancer(37%),0,42,1.5,F1_best,1.0
bc,breast_cancer(37%),0,42,1.5,AUPRC,0.9999999999999999
bc,breast_cancer(37%),0,42,1.5,AUROC,0.9999999999999999
bc,breast_cancer(37%),0,42,1.5,Brier_neg,0.8999999999999998
bc,breast_cancer(37%),0,42,1.5,MCC_05,1.0
bc,breast_cancer(37%),0,42,2.0,SoftMCC,0.49999999999999994
bc,breast_cancer(37%),0,42,2.0,MCC_best,0.9999999999999999
bc,breast_cancer(37%),0,42,2.0,F1_best,1.0
bc,breast_cancer(37%),0,42,2.0,AUPRC,0.9999999999999999
bc,breast_cancer(37%),0,42,2.0,AUROC,0.9999999999999999
bc,breast_cancer(37%),0,42,2.0,Brier_neg,0.7999999999999999
bc,breast_cancer(37%),0,42,2.0,MCC_05,1.0
bc,breast_cancer(37%),0,42,3.0,SoftMCC,0.49999999999999994
bc,breast_cancer(37%),0,42,3.0,MCC_best,0.9999999999999999
bc,breast_cancer(37%),0,42,3.0,F1_best,1.0
bc,breast_cancer(37%),0,42,3.0,AUPRC,0.9999999999999999
bc,breast_cancer(37%),0,42,3.0,AUROC,0.9999999999999999
bc,breast_cancer(37%),0,42,3.0,Brier_neg,0.7
bc,breast_cancer(37%),0,42,3.0,MCC_05,1.0
bc,breast_cancer(37%),1,43,0.5,SoftMCC,0.9999999999999999
bc,breast_cancer(37%),1,43,0.5,MCC_best,0.9999999999999999
bc,breast_cancer(37%),1,43,0.5,F1_best,0.9999999999999999
bc,breast_cancer(37%),1,43,0.5,AUPRC,0.9999999999999999
bc,breast_cancer(37%),1,43,0.5,AUROC,1.0
bc,breast_cancer(37%),1,43,0.5,Brier_neg,0.7999999999999999
bc,breast_cancer(37%),1,43,0.5,MCC_05,0.9999999999999999
bc,breast_cancer(37%),1,43,1.5,SoftMCC,0.9999999999999999
bc,breast_cancer(37%),1,43,1.5,MCC_best,0.9999999999999999
bc,breast_cancer(37%),1,43,1.5,F1_best,0.9999999999999999
bc,breast_cancer(37%),1,43,1.5,AUPRC,0.9999999999999999
bc,breast_cancer(37%),1,43,1.5,AUROC,1.0
bc,breast_cancer(37%),1,43,1.5,Brier_neg,0.8999999999999998
bc,breast_cancer(37%),1,43,1.5,MCC_05,0.9999999999999999
bc,breast_cancer(37%),1,43,2.0,SoftMCC,0.9999999999999999
bc,breast_cancer(37%),1,43,2.0,MCC_best,0.9999999999999999
bc,breast_cancer(37%),1,43,2.0,F1_best,0.9999999999999999
bc,breast_cancer(37%),1,43,2.0,AUPRC,0.9999999999999999
bc,breast_cancer(37%),1,43,2.0,AUROC,1.0
bc,breast_cancer(37%),1,43,2.0,Brier_neg,0.8999999999999998
bc,breast_cancer(37%),1,43,2.0,MCC_05,0.9999999999999999
bc,breast_cancer(37%),1,43,3.0,SoftMCC,0.8999999999999998
bc,breast_cancer(37%),1,43,3.0,MCC_best,0.9999999999999999
bc,breast_cancer(37%),1,43,3.0,F1_best,0.9999999999999999
bc,breast_cancer(37%),1,43,3.0,AUPRC,0.9999999999999999
bc,breast_cancer(37%),1,43,3.0,AUROC,1.0
bc,breast_cancer(37%),1,43,3.0,Brier_neg,0.8999999999999998
bc,breast_cancer(37%),1,43,3.0,MCC_05,0.9999999999999999
bc,breast_cancer(37%),2,44,0.5,SoftMCC,0.8999999999999998
bc,breast_cancer(37%),2,44,0.5,MCC_best,1.0
bc,breast_cancer(37%),2,44,0.5,F1_best,1.0
bc,breast_cancer(37%),2,44,0.5,AUPRC,1.0
bc,breast_cancer(37%),2,44,0.5,AUROC,0.9999999999999999
bc,breast_cancer(37%),2,44,0.5,Brier_neg,0.9999999999999999
bc,breast_cancer(37%),2,44,0.5,MCC_05,1.0
bc,breast_cancer(37%),2,44,1.5,SoftMCC,0.8999999999999998
bc,breast_cancer(37%),2,44,1.5,MCC_best,1.0
bc,breast_cancer(37%),2,44,1.5,F1_best,1.0
bc,breast_cancer(37%),2,44,1.5,AUPRC,1.0
bc,breast_cancer(37%),2,44,1.5,AUROC,0.9999999999999999
bc,breast_cancer(37%),2,44,1.5,Brier_neg,0.7999999999999999
bc,breast_cancer(37%),2,44,1.5,MCC_05,1.0
bc,breast_cancer(37%),2,44,2.0,SoftMCC,0.8999999999999998
bc,breast_cancer(37%),2,44,2.0,MCC_best,1.0
bc,breast_cancer(37%),2,44,2.0,F1_best,1.0
bc,breast_cancer(37%),2,44,2.0,AUPRC,1.0
bc,breast_cancer(37%),2,44,2.0,AUROC,0.9999999999999999
bc,breast_cancer(37%),2,44,2.0,Brier_neg,0.09999999999999999
bc,breast_cancer(37%),2,44,2.0,MCC_05,1.0
bc,breast_cancer(37%),2,44,3.0,SoftMCC,0.8999999999999998
bc,breast_cancer(37%),2,44,3.0,MCC_best,1.0
bc,breast_cancer(37%),2,44,3.0,F1_best,1.0
bc,breast_cancer(37%),2,44,3.0,AUPRC,1.0
bc,breast_cancer(37%),2,44,3.0,AUROC,0.9999999999999999
bc,breast_cancer(37%),2,44,3.0,Brier_neg,0.09999999999999999
bc,breast_cancer(37%),2,44,3.0,MCC_05,1.0
bc,breast_cancer(37%),3,45,0.5,SoftMCC,0.9999999999999999
bc,breast_cancer(37%),3,45,0.5,MCC_best,1.0
bc,breast_cancer(37%),3,45,0.5,F1_best,1.0
bc,breast_cancer(37%),3,45,0.5,AUPRC,1.0
bc,breast_cancer(37%),3,45,0.5,AUROC,0.9999999999999999
bc,breast_cancer(37%),3,45,0.5,Brier_neg,0.9999999999999999
bc,breast_cancer(37%),3,45,0.5,MCC_05,1.0
bc,breast_cancer(37%),3,45,1.5,SoftMCC,0.9999999999999999
bc,breast_cancer(37%),3,45,1.5,MCC_best,1.0
bc,breast_cancer(37%),3,45,1.5,F1_best,1.0
bc,breast_cancer(37%),3,45,1.5,AUPRC,1.0
bc,breast_cancer(37%),3,45,1.5,AUROC,0.9999999999999999
bc,breast_cancer(37%),3,45,1.5,Brier_neg,0.9999999999999999
bc,breast_cancer(37%),3,45,1.5,MCC_05,1.0
bc,breast_cancer(37%),3,45,2.0,SoftMCC,0.9999999999999999
bc,breast_cancer(37%),3,45,2.0,MCC_best,1.0
bc,breast_cancer(37%),3,45,2.0,F1_best,1.0
bc,breast_cancer(37%),3,45,2.0,AUPRC,1.0
bc,breast_cancer(37%),3,45,2.0,AUROC,0.9999999999999999
bc,breast_cancer(37%),3,45,2.0,Brier_neg,0.9999999999999999
bc,breast_cancer(37%),3,45,2.0,MCC_05,1.0
bc,breast_cancer(37%),3,45,3.0,SoftMCC,0.8999999999999998
bc,breast_cancer(37%),3,45,3.0,MCC_best,1.0
bc,breast_cancer(37%),3,45,3.0,F1_best,1.0
bc,breast_cancer(37%),3,45,3.0,AUPRC,1.0
bc,breast_cancer(37%),3,45,3.0,AUROC,0.9999999999999999
bc,breast_cancer(37%),3,45,3.0,Brier_neg,0.9999999999999999
bc,breast_cancer(37%),3,45,3.0,MCC_05,1.0
bc,breast_cancer(37%),4,46,0.5,SoftMCC,0.9999999999999999
bc,breast_cancer(37%),4,46,0.5,MCC_best,1.0
bc,breast_cancer(37%),4,46,0.5,F1_best,0.9999999999999999
bc,breast_cancer(37%),4,46,0.5,AUPRC,0.9999999999999999
bc,breast_cancer(37%),4,46,0.5,AUROC,0.9999999999999999
bc,breast_cancer(37%),4,46,0.5,Brier_neg,0.8999999999999998
bc,breast_cancer(37%),4,46,0.5,MCC_05,0.9999999999999999
bc,breast_cancer(37%),4,46,1.5,SoftMCC,0.9999999999999999
bc,breast_cancer(37%),4,46,1.5,MCC_best,1.0
bc,breast_cancer(37%),4,46,1.5,F1_best,0.9999999999999999
bc,breast_cancer(37%),4,46,1.5,AUPRC,0.9999999999999999
bc,breast_cancer(37%),4,46,1.5,AUROC,0.9999999999999999
bc,breast_cancer(37%),4,46,1.5,Brier_neg,0.8999999999999998
bc,breast_cancer(37%),4,46,1.5,MCC_05,0.9999999999999999
bc,breast_cancer(37%),4,46,2.0,SoftMCC,0.9999999999999999
bc,breast_cancer(37%),4,46,2.0,MCC_best,1.0
bc,breast_cancer(37%),4,46,2.0,F1_best,0.9999999999999999
bc,breast_cancer(37%),4,46,2.0,AUPRC,0.9999999999999999
bc,breast_cancer(37%),4,46,2.0,AUROC,0.9999999999999999
bc,breast_cancer(37%),4,46,2.0,Brier_neg,0.7
bc,breast_cancer(37%),4,46,2.0,MCC_05,0.9999999999999999
bc,breast_cancer(37%),4,46,3.0,SoftMCC,0.7999999999999999
bc,breast_cancer(37%),4,46,3.0,MCC_best,1.0
bc,breast_cancer(37%),4,46,3.0,F1_best,0.9999999999999999
bc,breast_cancer(37%),4,46,3.0,AUPRC,0.9999999999999999
bc,breast_cancer(37%),4,46,3.0,AUROC,0.9999999999999999
bc,breast_cancer(37%),4,46,3.0,Brier_neg,0.7
bc,breast_cancer(37%),4,46,3.0,MCC_05,0.9999999999999999
bc,breast_cancer(37%),5,47,0.5,SoftMCC,0.9999999999999999
bc,breast_cancer(37%),5,47,0.5,MCC_best,0.9999999999999999
bc,breast_cancer(37%),5,47,0.5,F1_best,0.9999999999999999
bc,breast_cancer(37%),5,47,0.5,AUPRC,0.9999999999999999
bc,breast_cancer(37%),5,47,0.5,AUROC,0.9999999999999999
bc,breast_cancer(37%),5,47,0.5,Brier_neg,0.8999999999999998
bc,breast_cancer(37%),5,47,0.5,MCC_05,0.9999999999999999
bc,breast_cancer(37%),5,47,1.5,SoftMCC,0.8999999999999998
bc,breast_cancer(37%),5,47,1.5,MCC_best,0.9999999999999999
bc,breast_cancer(37%),5,47,1.5,F1_best,0.9999999999999999
bc,breast_cancer(37%),5,47,1.5,AUPRC,0.9999999999999999
bc,breast_cancer(37%),5,47,1.5,AUROC,0.9999999999999999
bc,breast_cancer(37%),5,47,1.5,Brier_neg,0.9999999999999999
bc,breast_cancer(37%),5,47,1.5,MCC_05,0.9999999999999999
bc,breast_cancer(37%),5,47,2.0,SoftMCC,0.7
bc,breast_cancer(37%),5,47,2.0,MCC_best,0.9999999999999999
bc,breast_cancer(37%),5,47,2.0,F1_best,0.9999999999999999
bc,breast_cancer(37%),5,47,2.0,AUPRC,0.9999999999999999
bc,breast_cancer(37%),5,47,2.0,AUROC,0.9999999999999999
bc,breast_cancer(37%),5,47,2.0,Brier_neg,0.9999999999999999
bc,breast_cancer(37%),5,47,2.0,MCC_05,0.9999999999999999
bc,breast_cancer(37%),5,47,3.0,SoftMCC,0.7
bc,breast_cancer(37%),5,47,3.0,MCC_best,0.9999999999999999
bc,breast_cancer(37%),5,47,3.0,F1_best,0.9999999999999999
bc,breast_cancer(37%),5,47,3.0,AUPRC,0.9999999999999999
bc,breast_cancer(37%),5,47,3.0,AUROC,0.9999999999999999
bc,breast_cancer(37%),5,47,3.0,Brier_neg,0.9999999999999999
bc,breast_cancer(37%),5,47,3.0,MCC_05,0.9999999999999999
bc,breast_cancer(37%),6,48,0.5,SoftMCC,0.9999999999999999
bc,breast_cancer(37%),6,48,0.5,MCC_best,0.9999999999999999
bc,breast_cancer(37%),6,48,0.5,F1_best,0.9999999999999999
bc,breast_cancer(37%),6,48,0.5,AUPRC,0.9999999999999999
bc,breast_cancer(37%),6,48,0.5,AUROC,0.9999999999999999
bc,breast_cancer(37%),6,48,0.5,Brier_neg,0.8999999999999998
bc,breast_cancer(37%),6,48,0.5,MCC_05,1.0
bc,breast_cancer(37%),6,48,1.5,SoftMCC,0.9999999999999999
bc,breast_cancer(37%),6,48,1.5,MCC_best,0.9999999999999999
bc,breast_cancer(37%),6,48,1.5,F1_best,0.9999999999999999
bc,breast_cancer(37%),6,48,1.5,AUPRC,0.9999999999999999
bc,breast_cancer(37%),6,48,1.5,AUROC,0.9999999999999999
bc,breast_cancer(37%),6,48,1.5,Brier_neg,0.9999999999999999
bc,breast_cancer(37%),6,48,1.5,MCC_05,1.0
bc,breast_cancer(37%),6,48,2.0,SoftMCC,0.19999999999999998
bc,breast_cancer(37%),6,48,2.0,MCC_best,0.9999999999999999
bc,breast_cancer(37%),6,48,2.0,F1_best,0.9999999999999999
bc,breast_cancer(37%),6,48,2.0,AUPRC,0.9999999999999999
bc,breast_cancer(37%),6,48,2.0,AUROC,0.9999999999999999
bc,breast_cancer(37%),6,48,2.0,Brier_neg,0.8999999999999998
bc,breast_cancer(37%),6,48,2.0,MCC_05,1.0
bc,breast_cancer(37%),6,48,3.0,SoftMCC,0.19999999999999998
bc,breast_cancer(37%),6,48,3.0,MCC_best,0.9999999999999999
bc,breast_cancer(37%),6,48,3.0,F1_best,0.9999999999999999
bc,breast_cancer(37%),6,48,3.0,AUPRC,0.9999999999999999
bc,breast_cancer(37%),6,48,3.0,AUROC,0.9999999999999999
bc,breast_cancer(37%),6,48,3.0,Brier_neg,0.09999999999999999
bc,breast_cancer(37%),6,48,3.0,MCC_05,1.0
bc,breast_cancer(37%),7,49,0.5,SoftMCC,0.9999999999999999
bc,breast_cancer(37%),7,49,0.5,MCC_best,0.9999999999999999
bc,breast_cancer(37%),7,49,0.5,F1_best,0.9999999999999999
bc,breast_cancer(37%),7,49,0.5,AUPRC,0.9999999999999999
bc,breast_cancer(37%),7,49,0.5,AUROC,0.9999999999999999
bc,breast_cancer(37%),7,49,0.5,Brier_neg,0.7999999999999999
bc,breast_cancer(37%),7,49,0.5,MCC_05,0.9999999999999999
bc,breast_cancer(37%),7,49,1.5,SoftMCC,0.8999999999999998
bc,breast_cancer(37%),7,49,1.5,MCC_best,0.9999999999999999
bc,breast_cancer(37%),7,49,1.5,F1_best,0.9999999999999999
bc,breast_cancer(37%),7,49,1.5,AUPRC,0.9999999999999999
bc,breast_cancer(37%),7,49,1.5,AUROC,0.9999999999999999
bc,breast_cancer(37%),7,49,1.5,Brier_neg,0.9999999999999999
bc,breast_cancer(37%),7,49,1.5,MCC_05,0.9999999999999999
bc,breast_cancer(37%),7,49,2.0,SoftMCC,0.8999999999999998
bc,breast_cancer(37%),7,49,2.0,MCC_best,0.9999999999999999
bc,breast_cancer(37%),7,49,2.0,F1_best,0.9999999999999999
bc,breast_cancer(37%),7,49,2.0,AUPRC,0.9999999999999999
bc,breast_cancer(37%),7,49,2.0,AUROC,0.9999999999999999
bc,breast_cancer(37%),7,49,2.0,Brier_neg,0.9999999999999999
bc,breast_cancer(37%),7,49,2.0,MCC_05,0.9999999999999999
bc,breast_cancer(37%),7,49,3.0,SoftMCC,0.8999999999999998
bc,breast_cancer(37%),7,49,3.0,MCC_best,0.9999999999999999
bc,breast_cancer(37%),7,49,3.0,F1_best,0.9999999999999999
bc,breast_cancer(37%),7,49,3.0,AUPRC,0.9999999999999999
bc,breast_cancer(37%),7,49,3.0,AUROC,0.9999999999999999
bc,breast_cancer(37%),7,49,3.0,Brier_neg,0.9999999999999999
bc,breast_cancer(37%),7,49,3.0,MCC_05,0.9999999999999999
bc,breast_cancer(37%),8,50,0.5,SoftMCC,0.9999999999999999
bc,breast_cancer(37%),8,50,0.5,MCC_best,0.9999999999999999
bc,breast_cancer(37%),8,50,0.5,F1_best,0.9999999999999999
bc,breast_cancer(37%),8,50,0.5,AUPRC,0.9999999999999999
bc,breast_cancer(37%),8,50,0.5,AUROC,0.9999999999999999
bc,breast_cancer(37%),8,50,0.5,Brier_neg,0.9999999999999999
bc,breast_cancer(37%),8,50,0.5,MCC_05,0.9999999999999999
bc,breast_cancer(37%),8,50,1.5,SoftMCC,0.9999999999999999
bc,breast_cancer(37%),8,50,1.5,MCC_best,0.9999999999999999
bc,breast_cancer(37%),8,50,1.5,F1_best,0.9999999999999999
bc,breast_cancer(37%),8,50,1.5,AUPRC,0.9999999999999999
bc,breast_cancer(37%),8,50,1.5,AUROC,0.9999999999999999
bc,breast_cancer(37%),8,50,1.5,Brier_neg,0.9999999999999999
bc,breast_cancer(37%),8,50,1.5,MCC_05,0.9999999999999999
bc,breast_cancer(37%),8,50,2.0,SoftMCC,0.9999999999999999
bc,breast_cancer(37%),8,50,2.0,MCC_best,0.9999999999999999
bc,breast_cancer(37%),8,50,2.0,F1_best,0.9999999999999999
bc,breast_cancer(37%),8,50,2.0,AUPRC,0.9999999999999999
bc,breast_cancer(37%),8,50,2.0,AUROC,0.9999999999999999
bc,breast_cancer(37%),8,50,2.0,Brier_neg,0.8999999999999998
bc,breast_cancer(37%),8,50,2.0,MCC_05,0.9999999999999999
bc,breast_cancer(37%),8,50,3.0,SoftMCC,0.9999999999999999
bc,breast_cancer(37%),8,50,3.0,MCC_best,0.9999999999999999
bc,breast_cancer(37%),8,50,3.0,F1_best,0.9999999999999999
bc,breast_cancer(37%),8,50,3.0,AUPRC,0.9999999999999999
bc,breast_cancer(37%),8,50,3.0,AUROC,0.9999999999999999
bc,breast_cancer(37%),8,50,3.0,Brier_neg,0.8999999999999998
bc,breast_cancer(37%),8,50,3.0,MCC_05,0.9999999999999999
bc,breast_cancer(37%),9,51,0.5,SoftMCC,0.8999999999999998
bc,breast_cancer(37%),9,51,0.5,MCC_best,0.9999999999999999
bc,breast_cancer(37%),9,51,0.5,F1_best,0.9999999999999999
bc,breast_cancer(37%),9,51,0.5,AUPRC,0.9999999999999999
bc,breast_cancer(37%),9,51,0.5,AUROC,0.9999999999999999
bc,breast_cancer(37%),9,51,0.5,Brier_neg,0.7999999999999999
bc,breast_cancer(37%),9,51,0.5,MCC_05,1.0
bc,breast_cancer(37%),9,51,1.5,SoftMCC,0.9999999999999999
bc,breast_cancer(37%),9,51,1.5,MCC_best,0.9999999999999999
bc,breast_cancer(37%),9,51,1.5,F1_best,0.9999999999999999
bc,breast_cancer(37%),9,51,1.5,AUPRC,0.9999999999999999
bc,breast_cancer(37%),9,51,1.5,AUROC,0.9999999999999999
bc,breast_cancer(37%),9,51,1.5,Brier_neg,0.9999999999999999
bc,breast_cancer(37%),9,51,1.5,MCC_05,1.0
bc,breast_cancer(37%),9,51,2.0,SoftMCC,0.8999999999999998
bc,breast_cancer(37%),9,51,2.0,MCC_best,0.9999999999999999
bc,breast_cancer(37%),9,51,2.0,F1_best,0.9999999999999999
bc,breast_cancer(37%),9,51,2.0,AUPRC,0.9999999999999999
bc,breast_cancer(37%),9,51,2.0,AUROC,0.9999999999999999
bc,breast_cancer(37%),9,51,2.0,Brier_neg,0.9999999999999999
bc,breast_cancer(37%),9,51,2.0,MCC_05,1.0
bc,breast_cancer(37%),9,51,3.0,SoftMCC,-0.19999999999999998
bc,breast_cancer(37%),9,51,3.0,MCC_best,0.9999999999999999
bc,breast_cancer(37%),9,51,3.0,F1_best,0.9999999999999999
bc,breast_cancer(37%),9,51,3.0,AUPRC,0.9999999999999999
bc,breast_cancer(37%),9,51,3.0,AUROC,0.9999999999999999
bc,breast_cancer(37%),9,51,3.0,Brier_neg,0.9999999999999999
bc,breast_cancer(37%),9,51,3.0,MCC_05,1.0
bc,breast_cancer(37%),10,52,0.5,SoftMCC,0.8999999999999998
bc,breast_cancer(37%),10,52,0.5,MCC_best,0.9999999999999999
bc,breast_cancer(37%),10,52,0.5,F1_best,0.9999999999999999
bc,breast_cancer(37%),10,52,0.5,AUPRC,0.9999999999999999
bc,breast_cancer(37%),10,52,0.5,AUROC,0.9999999999999999
bc,breast_cancer(37%),10,52,0.5,Brier_neg,0.8999999999999998
bc,breast_cancer(37%),10,52,0.5,MCC_05,1.0
bc,breast_cancer(37%),10,52,1.5,SoftMCC,0.3
bc,breast_cancer(37%),10,52,1.5,MCC_best,0.9999999999999999
bc,breast_cancer(37%),10,52,1.5,F1_best,0.9999999999999999
bc,breast_cancer(37%),10,52,1.5,AUPRC,0.9999999999999999
bc,breast_cancer(37%),10,52,1.5,AUROC,0.9999999999999999
bc,breast_cancer(37%),10,52,1.5,Brier_neg,0.8999999999999998
bc,breast_cancer(37%),10,52,1.5,MCC_05,1.0
bc,breast_cancer(37%),10,52,2.0,SoftMCC,0.0
bc,breast_cancer(37%),10,52,2.0,MCC_best,0.9999999999999999
bc,breast_cancer(37%),10,52,2.0,F1_best,0.9999999999999999
bc,breast_cancer(37%),10,52,2.0,AUPRC,0.9999999999999999
bc,breast_cancer(37%),10,52,2.0,AUROC,0.9999999999999999
bc,breast_cancer(37%),10,52,2.0,Brier_neg,0.8999999999999998
bc,breast_cancer(37%),10,52,2.0,MCC_05,1.0
bc,breast_cancer(37%),10,52,3.0,SoftMCC,0.39999999999999997
bc,breast_cancer(37%),10,52,3.0,MCC_best,0.9999999999999999
bc,breast_cancer(37%),10,52,3.0,F1_best,0.9999999999999999
bc,breast_cancer(37%),10,52,3.0,AUPRC,0.9999999999999999
bc,breast_cancer(37%),10,52,3.0,AUROC,0.9999999999999999
bc,breast_cancer(37%),10,52,3.0,Brier_neg,-0.09999999999999999
bc,breast_cancer(37%),10,52,3.0,MCC_05,1.0
bc,breast_cancer(37%),11,53,0.5,SoftMCC,0.8999999999999998
bc,breast_cancer(37%),11,53,0.5,MCC_best,1.0
bc,breast_cancer(37%),11,53,0.5,F1_best,1.0
bc,breast_cancer(37%),11,53,0.5,AUPRC,0.9999999999999999
bc,breast_cancer(37%),11,53,0.5,AUROC,0.9999999999999999
bc,breast_cancer(37%),11,53,0.5,Brier_neg,0.9999999999999999
bc,breast_cancer(37%),11,53,0.5,MCC_05,1.0
bc,breast_cancer(37%),11,53,1.5,SoftMCC,0.9999999999999999
bc,breast_cancer(37%),11,53,1.5,MCC_best,1.0
bc,breast_cancer(37%),11,53,1.5,F1_best,1.0
bc,breast_cancer(37%),11,53,1.5,AUPRC,0.9999999999999999
bc,breast_cancer(37%),11,53,1.5,AUROC,0.9999999999999999
bc,breast_cancer(37%),11,53,1.5,Brier_neg,0.8999999999999998
bc,breast_cancer(37%),11,53,1.5,MCC_05,1.0
bc,breast_cancer(37%),11,53,2.0,SoftMCC,0.9999999999999999
bc,breast_cancer(37%),11,53,2.0,MCC_best,1.0
bc,breast_cancer(37%),11,53,2.0,F1_best,1.0
bc,breast_cancer(37%),11,53,2.0,AUPRC,0.9999999999999999
bc,breast_cancer(37%),11,53,2.0,AUROC,0.9999999999999999
bc,breast_cancer(37%),11,53,2.0,Brier_neg,0.8999999999999998
bc,breast_cancer(37%),11,53,2.0,MCC_05,1.0
bc,breast_cancer(37%),11,53,3.0,SoftMCC,0.9999999999999999
bc,breast_cancer(37%),11,53,3.0,MCC_best,1.0
bc,breast_cancer(37%),11,53,3.0,F1_best,1.0
bc,breast_cancer(37%),11,53,3.0,AUPRC,0.9999999999999999
bc,breast_cancer(37%),11,53,3.0,AUROC,0.9999999999999999
bc,breast_cancer(37%),11,53,3.0,Brier_neg,0.8999999999999998
bc,breast_cancer(37%),11,53,3.0,MCC_05,1.0
synth5,synth(5%),0,42,0.5,SoftMCC,0.8999999999999998
synth5,synth(5%),0,42,0.5,MCC_best,0.9999999999999999
synth5,synth(5%),0,42,0.5,F1_best,0.9999999999999999
synth5,synth(5%),0,42,0.5,AUPRC,0.9999999999999999
synth5,synth(5%),0,42,0.5,AUROC,0.9999999999999999
synth5,synth(5%),0,42,0.5,Brier_neg,0.7999999999999999
synth5,synth(5%),0,42,0.5,MCC_05,1.0
synth5,synth(5%),0,42,1.5,SoftMCC,0.9999999999999999
synth5,synth(5%),0,42,1.5,MCC_best,0.9999999999999999
synth5,synth(5%),0,42,1.5,F1_best,0.9999999999999999
synth5,synth(5%),0,42,1.5,AUPRC,0.9999999999999999
synth5,synth(5%),0,42,1.5,AUROC,0.9999999999999999
synth5,synth(5%),0,42,1.5,Brier_neg,0.7
synth5,synth(5%),0,42,1.5,MCC_05,1.0
synth5,synth(5%),0,42,2.0,SoftMCC,0.9999999999999999
synth5,synth(5%),0,42,2.0,MCC_best,0.9999999999999999
synth5,synth(5%),0,42,2.0,F1_best,0.9999999999999999
synth5,synth(5%),0,42,2.0,AUPRC,0.9999999999999999
synth5,synth(5%),0,42,2.0,AUROC,0.9999999999999999
synth5,synth(5%),0,42,2.0,Brier_neg,0.7
synth5,synth(5%),0,42,2.0,MCC_05,1.0
synth5,synth(5%),0,42,3.0,SoftMCC,0.8999999999999998
synth5,synth(5%),0,42,3.0,MCC_best,0.9999999999999999
synth5,synth(5%),0,42,3.0,F1_best,0.9999999999999999
synth5,synth(5%),0,42,3.0,AUPRC,0.9999999999999999
synth5,synth(5%),0,42,3.0,AUROC,0.9999999999999999
synth5,synth(5%),0,42,3.0,Brier_neg,0.8999999999999998
synth5,synth(5%),0,42,3.0,MCC_05,1.0
synth5,synth(5%),1,43,0.5,SoftMCC,0.8999999999999998
synth5,synth(5%),1,43,0.5,MCC_best,1.0
synth5,synth(5%),1,43,0.5,F1_best,1.0
synth5,synth(5%),1,43,0.5,AUPRC,0.9999999999999999
synth5,synth(5%),1,43,0.5,AUROC,0.9999999999999999
synth5,synth(5%),1,43,0.5,Brier_neg,0.8999999999999998
synth5,synth(5%),1,43,0.5,MCC_05,1.0
synth5,synth(5%),1,43,1.5,SoftMCC,0.9999999999999999
synth5,synth(5%),1,43,1.5,MCC_best,1.0
synth5,synth(5%),1,43,1.5,F1_best,1.0
synth5,synth(5%),1,43,1.5,AUPRC,0.9999999999999999
synth5,synth(5%),1,43,1.5,AUROC,0.9999999999999999
synth5,synth(5%),1,43,1.5,Brier_neg,0.9999999999999999
synth5,synth(5%),1,43,1.5,MCC_05,1.0
synth5,synth(5%),1,43,2.0,SoftMCC,0.9999999999999999
synth5,synth(5%),1,43,2.0,MCC_best,1.0
synth5,synth(5%),1,43,2.0,F1_best,1.0
synth5,synth(5%),1,43,2.0,AUPRC,0.9999999999999999
synth5,synth(5%),1,43,2.0,AUROC,0.9999999999999999
synth5,synth(5%),1,43,2.0,Brier_neg,0.9999999999999999
synth5,synth(5%),1,43,2.0,MCC_05,1.0
synth5,synth(5%),1,43,3.0,SoftMCC,0.7
synth5,synth(5%),1,43,3.0,MCC_best,1.0
synth5,synth(5%),1,43,3.0,F1_best,1.0
synth5,synth(5%),1,43,3.0,AUPRC,0.9999999999999999
synth5,synth(5%),1,43,3.0,AUROC,0.9999999999999999
synth5,synth(5%),1,43,3.0,Brier_neg,0.7
synth5,synth(5%),1,43,3.0,MCC_05,1.0
synth5,synth(5%),2,44,0.5,SoftMCC,0.8999999999999998
synth5,synth(5%),2,44,0.5,MCC_best,0.9999999999999999
synth5,synth(5%),2,44,0.5,F1_best,0.9999999999999999
synth5,synth(5%),2,44,0.5,AUPRC,0.9999999999999999
synth5,synth(5%),2,44,0.5,AUROC,0.9999999999999999
synth5,synth(5%),2,44,0.5,Brier_neg,0.8999999999999998
synth5,synth(5%),2,44,0.5,MCC_05,0.9999999999999999
synth5,synth(5%),2,44,1.5,SoftMCC,0.8999999999999998
synth5,synth(5%),2,44,1.5,MCC_best,0.9999999999999999
synth5,synth(5%),2,44,1.5,F1_best,0.9999999999999999
synth5,synth(5%),2,44,1.5,AUPRC,0.9999999999999999
synth5,synth(5%),2,44,1.5,AUROC,0.9999999999999999
synth5,synth(5%),2,44,1.5,Brier_neg,0.9999999999999999
synth5,synth(5%),2,44,1.5,MCC_05,0.9999999999999999
synth5,synth(5%),2,44,2.0,SoftMCC,0.7999999999999999
synth5,synth(5%),2,44,2.0,MCC_best,0.9999999999999999
synth5,synth(5%),2,44,2.0,F1_best,0.9999999999999999
synth5,synth(5%),2,44,2.0,AUPRC,0.9999999999999999
synth5,synth(5%),2,44,2.0,AUROC,0.9999999999999999
synth5,synth(5%),2,44,2.0,Brier_neg,0.9999999999999999
synth5,synth(5%),2,44,2.0,MCC_05,0.9999999999999999
synth5,synth(5%),2,44,3.0,SoftMCC,0.7999999999999999
synth5,synth(5%),2,44,3.0,MCC_best,0.9999999999999999
synth5,synth(5%),2,44,3.0,F1_best,0.9999999999999999
synth5,synth(5%),2,44,3.0,AUPRC,0.9999999999999999
synth5,synth(5%),2,44,3.0,AUROC,0.9999999999999999
synth5,synth(5%),2,44,3.0,Brier_neg,0.7
synth5,synth(5%),2,44,3.0,MCC_05,0.9999999999999999
synth5,synth(5%),3,45,0.5,SoftMCC,0.9999999999999999
synth5,synth(5%),3,45,0.5,MCC_best,1.0
synth5,synth(5%),3,45,0.5,F1_best,0.9999999999999999
synth5,synth(5%),3,45,0.5,AUPRC,0.9999999999999999
synth5,synth(5%),3,45,0.5,AUROC,0.9999999999999999
synth5,synth(5%),3,45,0.5,Brier_neg,0.8999999999999998
synth5,synth(5%),3,45,0.5,MCC_05,0.9999999999999999
synth5,synth(5%),3,45,1.5,SoftMCC,0.9999999999999999
synth5,synth(5%),3,45,1.5,MCC_best,1.0
synth5,synth(5%),3,45,1.5,F1_best,0.9999999999999999
synth5,synth(5%),3,45,1.5,AUPRC,0.9999999999999999
synth5,synth(5%),3,45,1.5,AUROC,0.9999999999999999
synth5,synth(5%),3,45,1.5,Brier_neg,0.9999999999999999
synth5,synth(5%),3,45,1.5,MCC_05,0.9999999999999999
synth5,synth(5%),3,45,2.0,SoftMCC,0.9999999999999999
synth5,synth(5%),3,45,2.0,MCC_best,1.0
synth5,synth(5%),3,45,2.0,F1_best,0.9999999999999999
synth5,synth(5%),3,45,2.0,AUPRC,0.9999999999999999
synth5,synth(5%),3,45,2.0,AUROC,0.9999999999999999
synth5,synth(5%),3,45,2.0,Brier_neg,0.9999999999999999
synth5,synth(5%),3,45,2.0,MCC_05,0.9999999999999999
synth5,synth(5%),3,45,3.0,SoftMCC,0.8999999999999998
synth5,synth(5%),3,45,3.0,MCC_best,1.0
synth5,synth(5%),3,45,3.0,F1_best,0.9999999999999999
synth5,synth(5%),3,45,3.0,AUPRC,0.9999999999999999
synth5,synth(5%),3,45,3.0,AUROC,0.9999999999999999
synth5,synth(5%),3,45,3.0,Brier_neg,0.7
synth5,synth(5%),3,45,3.0,MCC_05,0.9999999999999999
synth5,synth(5%),4,46,0.5,SoftMCC,0.7
synth5,synth(5%),4,46,0.5,MCC_best,1.0
synth5,synth(5%),4,46,0.5,F1_best,0.9999999999999999
synth5,synth(5%),4,46,0.5,AUPRC,0.9999999999999999
synth5,synth(5%),4,46,0.5,AUROC,0.9999999999999999
synth5,synth(5%),4,46,0.5,Brier_neg,0.8999999999999998
synth5,synth(5%),4,46,0.5,MCC_05,0.9999999999999999
synth5,synth(5%),4,46,1.5,SoftMCC,0.9999999999999999
synth5,synth(5%),4,46,1.5,MCC_best,1.0
synth5,synth(5%),4,46,1.5,F1_best,0.9999999999999999
synth5,synth(5%),4,46,1.5,AUPRC,0.9999999999999999
synth5,synth(5%),4,46,1.5,AUROC,0.9999999999999999
synth5,synth(5%),4,46,1.5,Brier_neg,0.9999999999999999
synth5,synth(5%),4,46,1.5,MCC_05,0.9999999999999999
synth5,synth(5%),4,46,2.0,SoftMCC,0.9999999999999999
synth5,synth(5%),4,46,2.0,MCC_best,1.0
synth5,synth(5%),4,46,2.0,F1_best,0.9999999999999999
synth5,synth(5%),4,46,2.0,AUPRC,0.9999999999999999
synth5,synth(5%),4,46,2.0,AUROC,0.9999999999999999
synth5,synth(5%),4,46,2.0,Brier_neg,0.9999999999999999
synth5,synth(5%),4,46,2.0,MCC_05,0.9999999999999999
synth5,synth(5%),4,46,3.0,SoftMCC,0.9999999999999999
synth5,synth(5%),4,46,3.0,MCC_best,1.0
synth5,synth(5%),4,46,3.0,F1_best,0.9999999999999999
synth5,synth(5%),4,46,3.0,AUPRC,0.9999999999999999
synth5,synth(5%),4,46,3.0,AUROC,0.9999999999999999
synth5,synth(5%),4,46,3.0,Brier_neg,0.8999999999999998
synth5,synth(5%),4,46,3.0,MCC_05,0.9999999999999999
synth5,synth(5%),5,47,0.5,SoftMCC,0.8999999999999998
synth5,synth(5%),5,47,0.5,MCC_best,1.0
synth5,synth(5%),5,47,0.5,F1_best,1.0
synth5,synth(5%),5,47,0.5,AUPRC,0.9999999999999999
synth5,synth(5%),5,47,0.5,AUROC,0.9999999999999999
synth5,synth(5%),5,47,0.5,Brier_neg,0.8999999999999998
synth5,synth(5%),5,47,0.5,MCC_05,0.9999999999999999
synth5,synth(5%),5,47,1.5,SoftMCC,0.9999999999999999
synth5,synth(5%),5,47,1.5,MCC_best,1.0
synth5,synth(5%),5,47,1.5,F1_best,1.0
synth5,synth(5%),5,47,1.5,AUPRC,0.9999999999999999
synth5,synth(5%),5,47,1.5,AUROC,0.9999999999999999
synth5,synth(5%),5,47,1.5,Brier_neg,0.9999999999999999
synth5,synth(5%),5,47,1.5,MCC_05,0.9999999999999999
synth5,synth(5%),5,47,2.0,SoftMCC,0.9999999999999999
synth5,synth(5%),5,47,2.0,MCC_best,1.0
synth5,synth(5%),5,47,2.0,F1_best,1.0
synth5,synth(5%),5,47,2.0,AUPRC,0.9999999999999999
synth5,synth(5%),5,47,2.0,AUROC,0.9999999999999999
synth5,synth(5%),5,47,2.0,Brier_neg,0.8999999999999998
synth5,synth(5%),5,47,2.0,MCC_05,0.9999999999999999
synth5,synth(5%),5,47,3.0,SoftMCC,0.9999999999999999
synth5,synth(5%),5,47,3.0,MCC_best,1.0
synth5,synth(5%),5,47,3.0,F1_best,1.0
synth5,synth(5%),5,47,3.0,AUPRC,0.9999999999999999
synth5,synth(5%),5,47,3.0,AUROC,0.9999999999999999
synth5,synth(5%),5,47,3.0,Brier_neg,0.8999999999999998
synth5,synth(5%),5,47,3.0,MCC_05,0.9999999999999999
synth5,synth(5%),6,48,0.5,SoftMCC,0.8999999999999998
synth5,synth(5%),6,48,0.5,MCC_best,0.9999999999999999
synth5,synth(5%),6,48,0.5,F1_best,1.0
synth5,synth(5%),6,48,0.5,AUPRC,0.9999999999999999
synth5,synth(5%),6,48,0.5,AUROC,0.9999999999999999
synth5,synth(5%),6,48,0.5,Brier_neg,0.9999999999999999
synth5,synth(5%),6,48,0.5,MCC_05,0.9999999999999999
synth5,synth(5%),6,48,1.5,SoftMCC,0.8999999999999998
synth5,synth(5%),6,48,1.5,MCC_best,0.9999999999999999
synth5,synth(5%),6,48,1.5,F1_best,1.0
synth5,synth(5%),6,48,1.5,AUPRC,0.9999999999999999
synth5,synth(5%),6,48,1.5,AUROC,0.9999999999999999
synth5,synth(5%),6,48,1.5,Brier_neg,0.9999999999999999
synth5,synth(5%),6,48,1.5,MCC_05,0.9999999999999999
synth5,synth(5%),6,48,2.0,SoftMCC,0.8999999999999998
synth5,synth(5%),6,48,2.0,MCC_best,0.9999999999999999
synth5,synth(5%),6,48,2.0,F1_best,1.0
synth5,synth(5%),6,48,2.0,AUPRC,0.9999999999999999
synth5,synth(5%),6,48,2.0,AUROC,0.9999999999999999
synth5,synth(5%),6,48,2.0,Brier_neg,0.7
synth5,synth(5%),6,48,2.0,MCC_05,0.9999999999999999
synth5,synth(5%),6,48,3.0,SoftMCC,0.7999999999999999
synth5,synth(5%),6,48,3.0,MCC_best,0.9999999999999999
synth5,synth(5%),6,48,3.0,F1_best,1.0
synth5,synth(5%),6,48,3.0,AUPRC,0.9999999999999999
synth5,synth(5%),6,48,3.0,AUROC,0.9999999999999999
synth5,synth(5%),6,48,3.0,Brier_neg,0.7
synth5,synth(5%),6,48,3.0,MCC_05,0.9999999999999999
synth5,synth(5%),7,49,0.5,SoftMCC,0.9999999999999999
synth5,synth(5%),7,49,0.5,MCC_best,0.9999999999999999
synth5,synth(5%),7,49,0.5,F1_best,0.9999999999999999
synth5,synth(5%),7,49,0.5,AUPRC,0.9999999999999999
synth5,synth(5%),7,49,0.5,AUROC,0.9999999999999999
synth5,synth(5%),7,49,0.5,Brier_neg,0.7
synth5,synth(5%),7,49,0.5,MCC_05,1.0
synth5,synth(5%),7,49,1.5,SoftMCC,0.7
synth5,synth(5%),7,49,1.5,MCC_best,0.9999999999999999
synth5,synth(5%),7,49,1.5,F1_best,0.9999999999999999
synth5,synth(5%),7,49,1.5,AUPRC,0.9999999999999999
synth5,synth(5%),7,49,1.5,AUROC,0.9999999999999999
synth5,synth(5%),7,49,1.5,Brier_neg,0.9999999999999999
synth5,synth(5%),7,49,1.5,MCC_05,1.0
synth5,synth(5%),7,49,2.0,SoftMCC,0.7
synth5,synth(5%),7,49,2.0,MCC_best,0.9999999999999999
synth5,synth(5%),7,49,2.0,F1_best,0.9999999999999999
synth5,synth(5%),7,49,2.0,AUPRC,0.9999999999999999
synth5,synth(5%),7,49,2.0,AUROC,0.9999999999999999
synth5,synth(5%),7,49,2.0,Brier_neg,0.9999999999999999
synth5,synth(5%),7,49,2.0,MCC_05,1.0
synth5,synth(5%),7,49,3.0,SoftMCC,0.6
synth5,synth(5%),7,49,3.0,MCC_best,0.9999999999999999
synth5,synth(5%),7,49,3.0,F1_best,0.9999999999999999
synth5,synth(5%),7,49,3.0,AUPRC,0.9999999999999999
synth5,synth(5%),7,49,3.0,AUROC,0.9999999999999999
synth5,synth(5%),7,49,3.0,Brier_neg,0.7
synth5,synth(5%),7,49,3.0,MCC_05,1.0
synth5,synth(5%),8,50,0.5,SoftMCC,0.9999999999999999
synth5,synth(5%),8,50,0.5,MCC_best,0.9999999999999999
synth5,synth(5%),8,50,0.5,F1_best,0.9999999999999999
synth5,synth(5%),8,50,0.5,AUPRC,0.9999999999999999
synth5,synth(5%),8,50,0.5,AUROC,0.9999999999999999
synth5,synth(5%),8,50,0.5,Brier_neg,0.9999999999999999
synth5,synth(5%),8,50,0.5,MCC_05,0.9999999999999999
synth5,synth(5%),8,50,1.5,SoftMCC,0.8999999999999998
synth5,synth(5%),8,50,1.5,MCC_best,0.9999999999999999
synth5,synth(5%),8,50,1.5,F1_best,0.9999999999999999
synth5,synth(5%),8,50,1.5,AUPRC,0.9999999999999999
synth5,synth(5%),8,50,1.5,AUROC,0.9999999999999999
synth5,synth(5%),8,50,1.5,Brier_neg,0.9999999999999999
synth5,synth(5%),8,50,1.5,MCC_05,0.9999999999999999
synth5,synth(5%),8,50,2.0,SoftMCC,0.8999999999999998
synth5,synth(5%),8,50,2.0,MCC_best,0.9999999999999999
synth5,synth(5%),8,50,2.0,F1_best,0.9999999999999999
synth5,synth(5%),8,50,2.0,AUPRC,0.9999999999999999
synth5,synth(5%),8,50,2.0,AUROC,0.9999999999999999
synth5,synth(5%),8,50,2.0,Brier_neg,0.8999999999999998
synth5,synth(5%),8,50,2.0,MCC_05,0.9999999999999999
synth5,synth(5%),8,50,3.0,SoftMCC,0.7
synth5,synth(5%),8,50,3.0,MCC_best,0.9999999999999999
synth5,synth(5%),8,50,3.0,F1_best,0.9999999999999999
synth5,synth(5%),8,50,3.0,AUPRC,0.9999999999999999
synth5,synth(5%),8,50,3.0,AUROC,0.9999999999999999
synth5,synth(5%),8,50,3.0,Brier_neg,0.7
synth5,synth(5%),8,50,3.0,MCC_05,0.9999999999999999
synth5,synth(5%),9,51,0.5,SoftMCC,0.9999999999999999
synth5,synth(5%),9,51,0.5,MCC_best,0.9999999999999999
synth5,synth(5%),9,51,0.5,F1_best,0.9999999999999999
synth5,synth(5%),9,51,0.5,AUPRC,0.9999999999999999
synth5,synth(5%),9,51,0.5,AUROC,0.9999999999999999
synth5,synth(5%),9,51,0.5,Brier_neg,0.49999999999999994
synth5,synth(5%),9,51,0.5,MCC_05,1.0
synth5,synth(5%),9,51,1.5,SoftMCC,0.8999999999999998
synth5,synth(5%),9,51,1.5,MCC_best,0.9999999999999999
synth5,synth(5%),9,51,1.5,F1_best,0.9999999999999999
synth5,synth(5%),9,51,1.5,AUPRC,0.9999999999999999
synth5,synth(5%),9,51,1.5,AUROC,0.9999999999999999
synth5,synth(5%),9,51,1.5,Brier_neg,0.9999999999999999
synth5,synth(5%),9,51,1.5,MCC_05,1.0
synth5,synth(5%),9,51,2.0,SoftMCC,0.7999999999999999
synth5,synth(5%),9,51,2.0,MCC_best,0.9999999999999999
synth5,synth(5%),9,51,2.0,F1_best,0.9999999999999999
synth5,synth(5%),9,51,2.0,AUPRC,0.9999999999999999
synth5,synth(5%),9,51,2.0,AUROC,0.9999999999999999
synth5,synth(5%),9,51,2.0,Brier_neg,0.8999999999999998
synth5,synth(5%),9,51,2.0,MCC_05,1.0
synth5,synth(5%),9,51,3.0,SoftMCC,0.8999999999999998
synth5,synth(5%),9,51,3.0,MCC_best,0.9999999999999999
synth5,synth(5%),9,51,3.0,F1_best,0.9999999999999999
synth5,synth(5%),9,51,3.0,AUPRC,0.9999999999999999
synth5,synth(5%),9,51,3.0,AUROC,0.9999999999999999
synth5,synth(5%),9,51,3.0,Brier_neg,0.6
synth5,synth(5%),9,51,3.0,MCC_05,1.0
synth5,synth(5%),10,52,0.5,SoftMCC,0.8999999999999998
synth5,synth(5%),10,52,0.5,MCC_best,0.9999999999999999
synth5,synth(5%),10,52,0.5,F1_best,1.0
synth5,synth(5%),10,52,0.5,AUPRC,0.9999999999999999
synth5,synth(5%),10,52,0.5,AUROC,0.9999999999999999
synth5,synth(5%),10,52,0.5,Brier_neg,0.9999999999999999
synth5,synth(5%),10,52,0.5,MCC_05,1.0
synth5,synth(5%),10,52,1.5,SoftMCC,0.7
synth5,synth(5%),10,52,1.5,MCC_best,0.9999999999999999
synth5,synth(5%),10,52,1.5,F1_best,1.0
synth5,synth(5%),10,52,1.5,AUPRC,0.9999999999999999
synth5,synth(5%),10,52,1.5,AUROC,0.9999999999999999
synth5,synth(5%),10,52,1.5,Brier_neg,0.9999999999999999
synth5,synth(5%),10,52,1.5,MCC_05,1.0
synth5,synth(5%),10,52,2.0,SoftMCC,0.7
synth5,synth(5%),10,52,2.0,MCC_best,0.9999999999999999
synth5,synth(5%),10,52,2.0,F1_best,1.0
synth5,synth(5%),10,52,2.0,AUPRC,0.9999999999999999
synth5,synth(5%),10,52,2.0,AUROC,0.9999999999999999
synth5,synth(5%),10,52,2.0,Brier_neg,0.7999999999999999
synth5,synth(5%),10,52,2.0,MCC_05,1.0
synth5,synth(5%),10,52,3.0,SoftMCC,0.7
synth5,synth(5%),10,52,3.0,MCC_best,0.9999999999999999
synth5,synth(5%),10,52,3.0,F1_best,1.0
synth5,synth(5%),10,52,3.0,AUPRC,0.9999999999999999
synth5,synth(5%),10,52,3.0,AUROC,0.9999999999999999
synth5,synth(5%),10,52,3.0,Brier_neg,0.49999999999999994
synth5,synth(5%),10,52,3.0,MCC_05,1.0
synth5,synth(5%),11,53,0.5,SoftMCC,0.9999999999999999
synth5,synth(5%),11,53,0.5,MCC_best,0.9999999999999999
synth5,synth(5%),11,53,0.5,F1_best,0.9999999999999999
synth5,synth(5%),11,53,0.5,AUPRC,0.9999999999999999
synth5,synth(5%),11,53,0.5,AUROC,0.9999999999999999
synth5,synth(5%),11,53,0.5,Brier_neg,0.9999999999999999
synth5,synth(5%),11,53,0.5,MCC_05,1.0
synth5,synth(5%),11,53,1.5,SoftMCC,0.9999999999999999
synth5,synth(5%),11,53,1.5,MCC_best,0.9999999999999999
synth5,synth(5%),11,53,1.5,F1_best,0.9999999999999999
synth5,synth(5%),11,53,1.5,AUPRC,0.9999999999999999
synth5,synth(5%),11,53,1.5,AUROC,0.9999999999999999
synth5,synth(5%),11,53,1.5,Brier_neg,0.9999999999999999
synth5,synth(5%),11,53,1.5,MCC_05,1.0
synth5,synth(5%),11,53,2.0,SoftMCC,0.9999999999999999
synth5,synth(5%),11,53,2.0,MCC_best,0.9999999999999999
synth5,synth(5%),11,53,2.0,F1_best,0.9999999999999999
synth5,synth(5%),11,53,2.0,AUPRC,0.9999999999999999
synth5,synth(5%),11,53,2.0,AUROC,0.9999999999999999
synth5,synth(5%),11,53,2.0,Brier_neg,0.9999999999999999
synth5,synth(5%),11,53,2.0,MCC_05,1.0
synth5,synth(5%),11,53,3.0,SoftMCC,0.9999999999999999
synth5,synth(5%),11,53,3.0,MCC_best,0.9999999999999999
synth5,synth(5%),11,53,3.0,F1_best,0.9999999999999999
synth5,synth(5%),11,53,3.0,AUPRC,0.9999999999999999
synth5,synth(5%),11,53,3.0,AUROC,0.9999999999999999
synth5,synth(5%),11,53,3.0,Brier_neg,0.9999999999999999
synth5,synth(5%),11,53,3.0,MCC_05,1.0
synth1,synth(1%),0,42,0.5,SoftMCC,0.9999999999999999
synth1,synth(1%),0,42,0.5,MCC_best,0.9999999999999999
synth1,synth(1%),0,42,0.5,F1_best,0.9999999999999999
synth1,synth(1%),0,42,0.5,AUPRC,0.9999999999999999
synth1,synth(1%),0,42,0.5,AUROC,0.9999999999999999
synth1,synth(1%),0,42,0.5,Brier_neg,0.9999999999999999
synth1,synth(1%),0,42,0.5,MCC_05,1.0
synth1,synth(1%),0,42,1.5,SoftMCC,0.9999999999999999
synth1,synth(1%),0,42,1.5,MCC_best,0.9999999999999999
synth1,synth(1%),0,42,1.5,F1_best,0.9999999999999999
synth1,synth(1%),0,42,1.5,AUPRC,0.9999999999999999
synth1,synth(1%),0,42,1.5,AUROC,0.9999999999999999
synth1,synth(1%),0,42,1.5,Brier_neg,0.9999999999999999
synth1,synth(1%),0,42,1.5,MCC_05,1.0
synth1,synth(1%),0,42,2.0,SoftMCC,0.9999999999999999
synth1,synth(1%),0,42,2.0,MCC_best,0.9999999999999999
synth1,synth(1%),0,42,2.0,F1_best,0.9999999999999999
synth1,synth(1%),0,42,2.0,AUPRC,0.9999999999999999
synth1,synth(1%),0,42,2.0,AUROC,0.9999999999999999
synth1,synth(1%),0,42,2.0,Brier_neg,0.8999999999999998
synth1,synth(1%),0,42,2.0,MCC_05,1.0
synth1,synth(1%),0,42,3.0,SoftMCC,0.9999999999999999
synth1,synth(1%),0,42,3.0,MCC_best,0.9999999999999999
synth1,synth(1%),0,42,3.0,F1_best,0.9999999999999999
synth1,synth(1%),0,42,3.0,AUPRC,0.9999999999999999
synth1,synth(1%),0,42,3.0,AUROC,0.9999999999999999
synth1,synth(1%),0,42,3.0,Brier_neg,0.39999999999999997
synth1,synth(1%),0,42,3.0,MCC_05,1.0
synth1,synth(1%),1,43,0.5,SoftMCC,0.6
synth1,synth(1%),1,43,0.5,MCC_best,0.9999999999999999
synth1,synth(1%),1,43,0.5,F1_best,0.9999999999999999
synth1,synth(1%),1,43,0.5,AUPRC,0.9999999999999999
synth1,synth(1%),1,43,0.5,AUROC,0.9999999999999999
synth1,synth(1%),1,43,0.5,Brier_neg,0.9999999999999999
synth1,synth(1%),1,43,0.5,MCC_05,1.0
synth1,synth(1%),1,43,1.5,SoftMCC,0.9999999999999999
synth1,synth(1%),1,43,1.5,MCC_best,0.9999999999999999
synth1,synth(1%),1,43,1.5,F1_best,0.9999999999999999
synth1,synth(1%),1,43,1.5,AUPRC,0.9999999999999999
synth1,synth(1%),1,43,1.5,AUROC,0.9999999999999999
synth1,synth(1%),1,43,1.5,Brier_neg,0.9999999999999999
synth1,synth(1%),1,43,1.5,MCC_05,1.0
synth1,synth(1%),1,43,2.0,SoftMCC,0.9999999999999999
synth1,synth(1%),1,43,2.0,MCC_best,0.9999999999999999
synth1,synth(1%),1,43,2.0,F1_best,0.9999999999999999
synth1,synth(1%),1,43,2.0,AUPRC,0.9999999999999999
synth1,synth(1%),1,43,2.0,AUROC,0.9999999999999999
synth1,synth(1%),1,43,2.0,Brier_neg,0.6
synth1,synth(1%),1,43,2.0,MCC_05,1.0
synth1,synth(1%),1,43,3.0,SoftMCC,0.9999999999999999
synth1,synth(1%),1,43,3.0,MCC_best,0.9999999999999999
synth1,synth(1%),1,43,3.0,F1_best,0.9999999999999999
synth1,synth(1%),1,43,3.0,AUPRC,0.9999999999999999
synth1,synth(1%),1,43,3.0,AUROC,0.9999999999999999
synth1,synth(1%),1,43,3.0,Brier_neg,0.49999999999999994
synth1,synth(1%),1,43,3.0,MCC_05,1.0
synth1,synth(1%),2,44,0.5,SoftMCC,0.39999999999999997
synth1,synth(1%),2,44,0.5,MCC_best,1.0
synth1,synth(1%),2,44,0.5,F1_best,1.0
synth1,synth(1%),2,44,0.5,AUPRC,0.9999999999999999
synth1,synth(1%),2,44,0.5,AUROC,0.9999999999999999
synth1,synth(1%),2,44,0.5,Brier_neg,0.9999999999999999
synth1,synth(1%),2,44,0.5,MCC_05,1.0
synth1,synth(1%),2,44,1.5,SoftMCC,0.9999999999999999
synth1,synth(1%),2,44,1.5,MCC_best,1.0
synth1,synth(1%),2,44,1.5,F1_best,1.0
synth1,synth(1%),2,44,1.5,AUPRC,0.9999999999999999
synth1,synth(1%),2,44,1.5,AUROC,0.9999999999999999
synth1,synth(1%),2,44,1.5,Brier_neg,0.9999999999999999
synth1,synth(1%),2,44,1.5,MCC_05,1.0
synth1,synth(1%),2,44,2.0,SoftMCC,0.9999999999999999
synth1,synth(1%),2,44,2.0,MCC_best,1.0
synth1,synth(1%),2,44,2.0,F1_best,1.0
synth1,synth(1%),2,44,2.0,AUPRC,0.9999999999999999
synth1,synth(1%),2,44,2.0,AUROC,0.9999999999999999
synth1,synth(1%),2,44,2.0,Brier_neg,0.09999999999999999
synth1,synth(1%),2,44,2.0,MCC_05,1.0
synth1,synth(1%),2,44,3.0,SoftMCC,0.7
synth1,synth(1%),2,44,3.0,MCC_best,1.0
synth1,synth(1%),2,44,3.0,F1_best,1.0
synth1,synth(1%),2,44,3.0,AUPRC,0.9999999999999999
synth1,synth(1%),2,44,3.0,AUROC,0.9999999999999999
synth1,synth(1%),2,44,3.0,Brier_neg,0.09999999999999999
synth1,synth(1%),2,44,3.0,MCC_05,1.0
synth1,synth(1%),3,45,0.5,SoftMCC,0.9999999999999999
synth1,synth(1%),3,45,0.5,MCC_best,0.9999999999999999
synth1,synth(1%),3,45,0.5,F1_best,0.9999999999999999
synth1,synth(1%),3,45,0.5,AUPRC,0.9999999999999999
synth1,synth(1%),3,45,0.5,AUROC,0.9999999999999999
synth1,synth(1%),3,45,0.5,Brier_neg,0.9999999999999999
synth1,synth(1%),3,45,0.5,MCC_05,1.0
synth1,synth(1%),3,45,1.5,SoftMCC,0.9999999999999999
synth1,synth(1%),3,45,1.5,MCC_best,0.9999999999999999
synth1,synth(1%),3,45,1.5,F1_best,0.9999999999999999
synth1,synth(1%),3,45,1.5,AUPRC,0.9999999999999999
synth1,synth(1%),3,45,1.5,AUROC,0.9999999999999999
synth1,synth(1%),3,45,1.5,Brier_neg,0.9999999999999999
synth1,synth(1%),3,45,1.5,MCC_05,1.0
synth1,synth(1%),3,45,2.0,SoftMCC,0.9999999999999999
synth1,synth(1%),3,45,2.0,MCC_best,0.9999999999999999
synth1,synth(1%),3,45,2.0,F1_best,0.9999999999999999
synth1,synth(1%),3,45,2.0,AUPRC,0.9999999999999999
synth1,synth(1%),3,45,2.0,AUROC,0.9999999999999999
synth1,synth(1%),3,45,2.0,Brier_neg,0.9999999999999999
synth1,synth(1%),3,45,2.0,MCC_05,1.0
synth1,synth(1%),3,45,3.0,SoftMCC,0.9999999999999999
synth1,synth(1%),3,45,3.0,MCC_best,0.9999999999999999
synth1,synth(1%),3,45,3.0,F1_best,0.9999999999999999
synth1,synth(1%),3,45,3.0,AUPRC,0.9999999999999999
synth1,synth(1%),3,45,3.0,AUROC,0.9999999999999999
synth1,synth(1%),3,45,3.0,Brier_neg,0.8999999999999998
synth1,synth(1%),3,45,3.0,MCC_05,1.0
synth1,synth(1%),4,46,0.5,SoftMCC,0.8999999999999998
synth1,synth(1%),4,46,0.5,MCC_best,0.9999999999999999
synth1,synth(1%),4,46,0.5,F1_best,0.9999999999999999
synth1,synth(1%),4,46,0.5,AUPRC,0.9999999999999999
synth1,synth(1%),4,46,0.5,AUROC,0.9999999999999999
synth1,synth(1%),4,46,0.5,Brier_neg,0.8999999999999998
synth1,synth(1%),4,46,0.5,MCC_05,1.0
synth1,synth(1%),4,46,1.5,SoftMCC,0.9999999999999999
synth1,synth(1%),4,46,1.5,MCC_best,0.9999999999999999
synth1,synth(1%),4,46,1.5,F1_best,0.9999999999999999
synth1,synth(1%),4,46,1.5,AUPRC,0.9999999999999999
synth1,synth(1%),4,46,1.5,AUROC,0.9999999999999999
synth1,synth(1%),4,46,1.5,Brier_neg,0.7
synth1,synth(1%),4,46,1.5,MCC_05,1.0
synth1,synth(1%),4,46,2.0,SoftMCC,0.9999999999999999
synth1,synth(1%),4,46,2.0,MCC_best,0.9999999999999999
synth1,synth(1%),4,46,2.0,F1_best,0.9999999999999999
synth1,synth(1%),4,46,2.0,AUPRC,0.9999999999999999
synth1,synth(1%),4,46,2.0,AUROC,0.9999999999999999
synth1,synth(1%),4,46,2.0,Brier_neg,0.7
synth1,synth(1%),4,46,2.0,MCC_05,1.0
synth1,synth(1%),4,46,3.0,SoftMCC,0.9999999999999999
synth1,synth(1%),4,46,3.0,MCC_best,0.9999999999999999
synth1,synth(1%),4,46,3.0,F1_best,0.9999999999999999
synth1,synth(1%),4,46,3.0,AUPRC,0.9999999999999999
synth1,synth(1%),4,46,3.0,AUROC,0.9999999999999999
synth1,synth(1%),4,46,3.0,Brier_neg,0.9999999999999999
synth1,synth(1%),4,46,3.0,MCC_05,1.0
synth1,synth(1%),5,47,0.5,SoftMCC,0.8999999999999998
synth1,synth(1%),5,47,0.5,MCC_best,0.9999999999999999
synth1,synth(1%),5,47,0.5,F1_best,1.0
synth1,synth(1%),5,47,0.5,AUPRC,0.9999999999999999
synth1,synth(1%),5,47,0.5,AUROC,0.9999999999999999
synth1,synth(1%),5,47,0.5,Brier_neg,0.9999999999999999
synth1,synth(1%),5,47,0.5,MCC_05,1.0
synth1,synth(1%),5,47,1.5,SoftMCC,0.9999999999999999
synth1,synth(1%),5,47,1.5,MCC_best,0.9999999999999999
synth1,synth(1%),5,47,1.5,F1_best,1.0
synth1,synth(1%),5,47,1.5,AUPRC,0.9999999999999999
synth1,synth(1%),5,47,1.5,AUROC,0.9999999999999999
synth1,synth(1%),5,47,1.5,Brier_neg,0.3
synth1,synth(1%),5,47,1.5,MCC_05,1.0
synth1,synth(1%),5,47,2.0,SoftMCC,0.9999999999999999
synth1,synth(1%),5,47,2.0,MCC_best,0.9999999999999999
synth1,synth(1%),5,47,2.0,F1_best,1.0
synth1,synth(1%),5,47,2.0,AUPRC,0.9999999999999999
synth1,synth(1%),5,47,2.0,AUROC,0.9999999999999999
synth1,synth(1%),5,47,2.0,Brier_neg,0.0
synth1,synth(1%),5,47,2.0,MCC_05,1.0
synth1,synth(1%),5,47,3.0,SoftMCC,0.9999999999999999
synth1,synth(1%),5,47,3.0,MCC_best,0.9999999999999999
synth1,synth(1%),5,47,3.0,F1_best,1.0
synth1,synth(1%),5,47,3.0,AUPRC,0.9999999999999999
synth1,synth(1%),5,47,3.0,AUROC,0.9999999999999999
synth1,synth(1%),5,47,3.0,Brier_neg,0.0
synth1,synth(1%),5,47,3.0,MCC_05,1.0
synth1,synth(1%),6,48,0.5,SoftMCC,0.9999999999999999
synth1,synth(1%),6,48,0.5,MCC_best,0.9999999999999999
synth1,synth(1%),6,48,0.5,F1_best,1.0
synth1,synth(1%),6,48,0.5,AUPRC,0.9999999999999999
synth1,synth(1%),6,48,0.5,AUROC,0.9999999999999999
synth1,synth(1%),6,48,0.5,Brier_neg,0.9999999999999999
synth1,synth(1%),6,48,0.5,MCC_05,1.0
synth1,synth(1%),6,48,1.5,SoftMCC,0.9999999999999999
synth1,synth(1%),6,48,1.5,MCC_best,0.9999999999999999
synth1,synth(1%),6,48,1.5,F1_best,1.0
synth1,synth(1%),6,48,1.5,AUPRC,0.9999999999999999
synth1,synth(1%),6,48,1.5,AUROC,0.9999999999999999
synth1,synth(1%),6,48,1.5,Brier_neg,0.9999999999999999
synth1,synth(1%),6,48,1.5,MCC_05,1.0
synth1,synth(1%),6,48,2.0,SoftMCC,0.9999999999999999
synth1,synth(1%),6,48,2.0,MCC_best,0.9999999999999999
synth1,synth(1%),6,48,2.0,F1_best,1.0
synth1,synth(1%),6,48,2.0,AUPRC,0.9999999999999999
synth1,synth(1%),6,48,2.0,AUROC,0.9999999999999999
synth1,synth(1%),6,48,2.0,Brier_neg,0.9999999999999999
synth1,synth(1%),6,48,2.0,MCC_05,1.0
synth1,synth(1%),6,48,3.0,SoftMCC,0.9999999999999999
synth1,synth(1%),6,48,3.0,MCC_best,0.9999999999999999
synth1,synth(1%),6,48,3.0,F1_best,1.0
synth1,synth(1%),6,48,3.0,AUPRC,0.9999999999999999
synth1,synth(1%),6,48,3.0,AUROC,0.9999999999999999
synth1,synth(1%),6,48,3.0,Brier_neg,0.8999999999999998
synth1,synth(1%),6,48,3.0,MCC_05,1.0
synth1,synth(1%),7,49,0.5,SoftMCC,0.6
synth1,synth(1%),7,49,0.5,MCC_best,0.9999999999999999
synth1,synth(1%),7,49,0.5,F1_best,0.9999999999999999
synth1,synth(1%),7,49,0.5,AUPRC,0.9999999999999999
synth1,synth(1%),7,49,0.5,AUROC,0.9999999999999999
synth1,synth(1%),7,49,0.5,Brier_neg,0.0
synth1,synth(1%),7,49,0.5,MCC_05,1.0
synth1,synth(1%),7,49,1.5,SoftMCC,0.9999999999999999
synth1,synth(1%),7,49,1.5,MCC_best,0.9999999999999999
synth1,synth(1%),7,49,1.5,F1_best,0.9999999999999999
synth1,synth(1%),7,49,1.5,AUPRC,0.9999999999999999
synth1,synth(1%),7,49,1.5,AUROC,0.9999999999999999
synth1,synth(1%),7,49,1.5,Brier_neg,0.8999999999999998
synth1,synth(1%),7,49,1.5,MCC_05,1.0
synth1,synth(1%),7,49,2.0,SoftMCC,0.9999999999999999
synth1,synth(1%),7,49,2.0,MCC_best,0.9999999999999999
synth1,synth(1%),7,49,2.0,F1_best,0.9999999999999999
synth1,synth(1%),7,49,2.0,AUPRC,0.9999999999999999
synth1,synth(1%),7,49,2.0,AUROC,0.9999999999999999
synth1,synth(1%),7,49,2.0,Brier_neg,0.7999999999999999
synth1,synth(1%),7,49,2.0,MCC_05,1.0
synth1,synth(1%),7,49,3.0,SoftMCC,0.9999999999999999
synth1,synth(1%),7,49,3.0,MCC_best,0.9999999999999999
synth1,synth(1%),7,49,3.0,F1_best,0.9999999999999999
synth1,synth(1%),7,49,3.0,AUPRC,0.9999999999999999
synth1,synth(1%),7,49,3.0,AUROC,0.9999999999999999
synth1,synth(1%),7,49,3.0,Brier_neg,0.49999999999999994
synth1,synth(1%),7,49,3.0,MCC_05,1.0
synth1,synth(1%),8,50,0.5,SoftMCC,0.3
synth1,synth(1%),8,50,0.5,MCC_best,1.0
synth1,synth(1%),8,50,0.5,F1_best,1.0
synth1,synth(1%),8,50,0.5,AUPRC,0.9999999999999999
synth1,synth(1%),8,50,0.5,AUROC,0.9999999999999999
synth1,synth(1%),8,50,0.5,Brier_neg,0.09999999999999999
synth1,synth(1%),8,50,0.5,MCC_05,1.0
synth1,synth(1%),8,50,1.5,SoftMCC,0.8999999999999998
synth1,synth(1%),8,50,1.5,MCC_best,1.0
synth1,synth(1%),8,50,1.5,F1_best,1.0
synth1,synth(1%),8,50,1.5,AUPRC,0.9999999999999999
synth1,synth(1%),8,50,1.5,AUROC,0.9999999999999999
synth1,synth(1%),8,50,1.5,Brier_neg,0.7
synth1,synth(1%),8,50,1.5,MCC_05,1.0
synth1,synth(1%),8,50,2.0,SoftMCC,0.8999999999999998
synth1,synth(1%),8,50,2.0,MCC_best,1.0
synth1,synth(1%),8,50,2.0,F1_best,1.0
synth1,synth(1%),8,50,2.0,AUPRC,0.9999999999999999
synth1,synth(1%),8,50,2.0,AUROC,0.9999999999999999
synth1,synth(1%),8,50,2.0,Brier_neg,0.7
synth1,synth(1%),8,50,2.0,MCC_05,1.0
synth1,synth(1%),8,50,3.0,SoftMCC,0.8999999999999998
synth1,synth(1%),8,50,3.0,MCC_best,1.0
synth1,synth(1%),8,50,3.0,F1_best,1.0
synth1,synth(1%),8,50,3.0,AUPRC,0.9999999999999999
synth1,synth(1%),8,50,3.0,AUROC,0.9999999999999999
synth1,synth(1%),8,50,3.0,Brier_neg,0.19999999999999998
synth1,synth(1%),8,50,3.0,MCC_05,1.0
synth1,synth(1%),9,51,0.5,SoftMCC,0.9999999999999999
synth1,synth(1%),9,51,0.5,MCC_best,0.9999999999999999
synth1,synth(1%),9,51,0.5,F1_best,0.9999999999999999
synth1,synth(1%),9,51,0.5,AUPRC,0.9999999999999999
synth1,synth(1%),9,51,0.5,AUROC,0.9999999999999999
synth1,synth(1%),9,51,0.5,Brier_neg,0.9999999999999999
synth1,synth(1%),9,51,0.5,MCC_05,1.0
synth1,synth(1%),9,51,1.5,SoftMCC,0.9999999999999999
synth1,synth(1%),9,51,1.5,MCC_best,0.9999999999999999
synth1,synth(1%),9,51,1.5,F1_best,0.9999999999999999
synth1,synth(1%),9,51,1.5,AUPRC,0.9999999999999999
synth1,synth(1%),9,51,1.5,AUROC,0.9999999999999999
synth1,synth(1%),9,51,1.5,Brier_neg,0.7
synth1,synth(1%),9,51,1.5,MCC_05,1.0
synth1,synth(1%),9,51,2.0,SoftMCC,0.9999999999999999
synth1,synth(1%),9,51,2.0,MCC_best,0.9999999999999999
synth1,synth(1%),9,51,2.0,F1_best,0.9999999999999999
synth1,synth(1%),9,51,2.0,AUPRC,0.9999999999999999
synth1,synth(1%),9,51,2.0,AUROC,0.9999999999999999
synth1,synth(1%),9,51,2.0,Brier_neg,0.7
synth1,synth(1%),9,51,2.0,MCC_05,1.0
synth1,synth(1%),9,51,3.0,SoftMCC,0.9999999999999999
synth1,synth(1%),9,51,3.0,MCC_best,0.9999999999999999
synth1,synth(1%),9,51,3.0,F1_best,0.9999999999999999
synth1,synth(1%),9,51,3.0,AUPRC,0.9999999999999999
synth1,synth(1%),9,51,3.0,AUROC,0.9999999999999999
synth1,synth(1%),9,51,3.0,Brier_neg,0.7
synth1,synth(1%),9,51,3.0,MCC_05,1.0
synth1,synth(1%),10,52,0.5,SoftMCC,0.9999999999999999
synth1,synth(1%),10,52,0.5,MCC_best,1.0
synth1,synth(1%),10,52,0.5,F1_best,1.0
synth1,synth(1%),10,52,0.5,AUPRC,0.9999999999999999
synth1,synth(1%),10,52,0.5,AUROC,0.9999999999999999
synth1,synth(1%),10,52,0.5,Brier_neg,0.9999999999999999
synth1,synth(1%),10,52,0.5,MCC_05,1.0
synth1,synth(1%),10,52,1.5,SoftMCC,0.8999999999999998
synth1,synth(1%),10,52,1.5,MCC_best,1.0
synth1,synth(1%),10,52,1.5,F1_best,1.0
synth1,synth(1%),10,52,1.5,AUPRC,0.9999999999999999
synth1,synth(1%),10,52,1.5,AUROC,0.9999999999999999
synth1,synth(1%),10,52,1.5,Brier_neg,-0.09999999999999999
synth1,synth(1%),10,52,1.5,MCC_05,1.0
synth1,synth(1%),10,52,2.0,SoftMCC,0.8999999999999998
synth1,synth(1%),10,52,2.0,MCC_best,1.0
synth1,synth(1%),10,52,2.0,F1_best,1.0
synth1,synth(1%),10,52,2.0,AUPRC,0.9999999999999999
synth1,synth(1%),10,52,2.0,AUROC,0.9999999999999999
synth1,synth(1%),10,52,2.0,Brier_neg,-0.6
synth1,synth(1%),10,52,2.0,MCC_05,1.0
synth1,synth(1%),10,52,3.0,SoftMCC,0.8999999999999998
synth1,synth(1%),10,52,3.0,MCC_best,1.0
synth1,synth(1%),10,52,3.0,F1_best,1.0
synth1,synth(1%),10,52,3.0,AUPRC,0.9999999999999999
synth1,synth(1%),10,52,3.0,AUROC,0.9999999999999999
synth1,synth(1%),10,52,3.0,Brier_neg,-0.6
synth1,synth(1%),10,52,3.0,MCC_05,1.0
synth1,synth(1%),11,53,0.5,SoftMCC,0.39999999999999997
synth1,synth(1%),11,53,0.5,MCC_best,0.9999999999999999
synth1,synth(1%),11,53,0.5,F1_best,0.9999999999999999
synth1,synth(1%),11,53,0.5,AUPRC,0.9999999999999999
synth1,synth(1%),11,53,0.5,AUROC,0.9999999999999999
synth1,synth(1%),11,53,0.5,Brier_neg,0.8999999999999998
synth1,synth(1%),11,53,0.5,MCC_05,1.0
synth1,synth(1%),11,53,1.5,SoftMCC,0.8999999999999998
synth1,synth(1%),11,53,1.5,MCC_best,0.9999999999999999
synth1,synth(1%),11,53,1.5,F1_best,0.9999999999999999
synth1,synth(1%),11,53,1.5,AUPRC,0.9999999999999999
synth1,synth(1%),11,53,1.5,AUROC,0.9999999999999999
synth1,synth(1%),11,53,1.5,Brier_neg,0.7
synth1,synth(1%),11,53,1.5,MCC_05,1.0
synth1,synth(1%),11,53,2.0,SoftMCC,0.7999999999999999
synth1,synth(1%),11,53,2.0,MCC_best,0.9999999999999999
synth1,synth(1%),11,53,2.0,F1_best,0.9999999999999999
synth1,synth(1%),11,53,2.0,AUPRC,0.9999999999999999
synth1,synth(1%),11,53,2.0,AUROC,0.9999999999999999
synth1,synth(1%),11,53,2.0,Brier_neg,0.39999999999999997
synth1,synth(1%),11,53,2.0,MCC_05,1.0
synth1,synth(1%),11,53,3.0,SoftMCC,0.6
synth1,synth(1%),11,53,3.0,MCC_best,0.9999999999999999
synth1,synth(1%),11,53,3.0,F1_best,0.9999999999999999
synth1,synth(1%),11,53,3.0,AUPRC,0.9999999999999999
synth1,synth(1%),11,53,3.0,AUROC,0.9999999999999999
synth1,synth(1%),11,53,3.0,Brier_neg,0.0
synth1,synth(1%),11,53,3.0,MCC_05,1.0
cc10,creditcard(1%),0,42,0.5,SoftMCC,0.7
cc10,creditcard(1%),0,42,0.5,MCC_best,1.0
cc10,creditcard(1%),0,42,0.5,F1_best,1.0
cc10,creditcard(1%),0,42,0.5,AUPRC,0.9999999999999999
cc10,creditcard(1%),0,42,0.5,AUROC,0.9999999999999999
cc10,creditcard(1%),0,42,0.5,Brier_neg,0.9999999999999999
cc10,creditcard(1%),0,42,0.5,MCC_05,1.0
cc10,creditcard(1%),0,42,1.5,SoftMCC,0.39999999999999997
cc10,creditcard(1%),0,42,1.5,MCC_best,1.0
cc10,creditcard(1%),0,42,1.5,F1_best,1.0
cc10,creditcard(1%),0,42,1.5,AUPRC,0.9999999999999999
cc10,creditcard(1%),0,42,1.5,AUROC,0.9999999999999999
cc10,creditcard(1%),0,42,1.5,Brier_neg,0.8999999999999998
cc10,creditcard(1%),0,42,1.5,MCC_05,1.0
cc10,creditcard(1%),0,42,2.0,SoftMCC,-0.09999999999999999
cc10,creditcard(1%),0,42,2.0,MCC_best,1.0
cc10,creditcard(1%),0,42,2.0,F1_best,1.0
cc10,creditcard(1%),0,42,2.0,AUPRC,0.9999999999999999
cc10,creditcard(1%),0,42,2.0,AUROC,0.9999999999999999
cc10,creditcard(1%),0,42,2.0,Brier_neg,0.9999999999999999
cc10,creditcard(1%),0,42,2.0,MCC_05,1.0
cc10,creditcard(1%),0,42,3.0,SoftMCC,-0.09999999999999999
cc10,creditcard(1%),0,42,3.0,MCC_best,1.0
cc10,creditcard(1%),0,42,3.0,F1_best,1.0
cc10,creditcard(1%),0,42,3.0,AUPRC,0.9999999999999999
cc10,creditcard(1%),0,42,3.0,AUROC,0.9999999999999999
cc10,creditcard(1%),0,42,3.0,Brier_neg,0.8999999999999998
cc10,creditcard(1%),0,42,3.0,MCC_05,1.0
cc10,creditcard(1%),1,43,0.5,SoftMCC,0.8999999999999998
cc10,creditcard(1%),1,43,0.5,MCC_best,1.0
cc10,creditcard(1%),1,43,0.5,F1_best,1.0
cc10,creditcard(1%),1,43,0.5,AUPRC,0.9999999999999999
cc10,creditcard(1%),1,43,0.5,AUROC,0.9999999999999999
cc10,creditcard(1%),1,43,0.5,Brier_neg,0.7999999999999999
cc10,creditcard(1%),1,43,0.5,MCC_05,0.9999999999999999
cc10,creditcard(1%),1,43,1.5,SoftMCC,0.8999999999999998
cc10,creditcard(1%),1,43,1.5,MCC_best,1.0
cc10,creditcard(1%),1,43,1.5,F1_best,1.0
cc10,creditcard(1%),1,43,1.5,AUPRC,0.9999999999999999
cc10,creditcard(1%),1,43,1.5,AUROC,0.9999999999999999
cc10,creditcard(1%),1,43,1.5,Brier_neg,0.8999999999999998
cc10,creditcard(1%),1,43,1.5,MCC_05,0.9999999999999999
cc10,creditcard(1%),1,43,2.0,SoftMCC,0.39999999999999997
cc10,creditcard(1%),1,43,2.0,MCC_best,1.0
cc10,creditcard(1%),1,43,2.0,F1_best,1.0
cc10,creditcard(1%),1,43,2.0,AUPRC,0.9999999999999999
cc10,creditcard(1%),1,43,2.0,AUROC,0.9999999999999999
cc10,creditcard(1%),1,43,2.0,Brier_neg,0.8999999999999998
cc10,creditcard(1%),1,43,2.0,MCC_05,0.9999999999999999
cc10,creditcard(1%),1,43,3.0,SoftMCC,0.39999999999999997
cc10,creditcard(1%),1,43,3.0,MCC_best,1.0
cc10,creditcard(1%),1,43,3.0,F1_best,1.0
cc10,creditcard(1%),1,43,3.0,AUPRC,0.9999999999999999
cc10,creditcard(1%),1,43,3.0,AUROC,0.9999999999999999
cc10,creditcard(1%),1,43,3.0,Brier_neg,-0.19999999999999998
cc10,creditcard(1%),1,43,3.0,MCC_05,0.9999999999999999
cc10,creditcard(1%),2,44,0.5,SoftMCC,0.8999999999999998
cc10,creditcard(1%),2,44,0.5,MCC_best,1.0
cc10,creditcard(1%),2,44,0.5,F1_best,1.0
cc10,creditcard(1%),2,44,0.5,AUPRC,0.9999999999999999
cc10,creditcard(1%),2,44,0.5,AUROC,0.9999999999999999
cc10,creditcard(1%),2,44,0.5,Brier_neg,0.7
cc10,creditcard(1%),2,44,0.5,MCC_05,0.9999999999999999
cc10,creditcard(1%),2,44,1.5,SoftMCC,0.9999999999999999
cc10,creditcard(1%),2,44,1.5,MCC_best,1.0
cc10,creditcard(1%),2,44,1.5,F1_best,1.0
cc10,creditcard(1%),2,44,1.5,AUPRC,0.9999999999999999
cc10,creditcard(1%),2,44,1.5,AUROC,0.9999999999999999
cc10,creditcard(1%),2,44,1.5,Brier_neg,0.8999999999999998
cc10,creditcard(1%),2,44,1.5,MCC_05,0.9999999999999999
cc10,creditcard(1%),2,44,2.0,SoftMCC,0.8999999999999998
cc10,creditcard(1%),2,44,2.0,MCC_best,1.0
cc10,creditcard(1%),2,44,2.0,F1_best,1.0
cc10,creditcard(1%),2,44,2.0,AUPRC,0.9999999999999999
cc10,creditcard(1%),2,44,2.0,AUROC,0.9999999999999999
cc10,creditcard(1%),2,44,2.0,Brier_neg,0.8999999999999998
cc10,creditcard(1%),2,44,2.0,MCC_05,0.9999999999999999
cc10,creditcard(1%),2,44,3.0,SoftMCC,0.7
cc10,creditcard(1%),2,44,3.0,MCC_best,1.0
cc10,creditcard(1%),2,44,3.0,F1_best,1.0
cc10,creditcard(1%),2,44,3.0,AUPRC,0.9999999999999999
cc10,creditcard(1%),2,44,3.0,AUROC,0.9999999999999999
cc10,creditcard(1%),2,44,3.0,Brier_neg,0.8999999999999998
cc10,creditcard(1%),2,44,3.0,MCC_05,0.9999999999999999
cc10,creditcard(1%),3,45,0.5,SoftMCC,0.09999999999999999
cc10,creditcard(1%),3,45,0.5,MCC_best,1.0
cc10,creditcard(1%),3,45,0.5,F1_best,1.0
cc10,creditcard(1%),3,45,0.5,AUPRC,0.9999999999999999
cc10,creditcard(1%),3,45,0.5,AUROC,0.9999999999999999
cc10,creditcard(1%),3,45,0.5,Brier_neg,0.8999999999999998
cc10,creditcard(1%),3,45,0.5,MCC_05,0.9999999999999999
cc10,creditcard(1%),3,45,1.5,SoftMCC,0.7
cc10,creditcard(1%),3,45,1.5,MCC_best,1.0
cc10,creditcard(1%),3,45,1.5,F1_best,1.0
cc10,creditcard(1%),3,45,1.5,AUPRC,0.9999999999999999
cc10,creditcard(1%),3,45,1.5,AUROC,0.9999999999999999
cc10,creditcard(1%),3,45,1.5,Brier_neg,0.8999999999999998
cc10,creditcard(1%),3,45,1.5,MCC_05,0.9999999999999999
cc10,creditcard(1%),3,45,2.0,SoftMCC,0.0
cc10,creditcard(1%),3,45,2.0,MCC_best,1.0
cc10,creditcard(1%),3,45,2.0,F1_best,1.0
cc10,creditcard(1%),3,45,2.0,AUPRC,0.9999999999999999
cc10,creditcard(1%),3,45,2.0,AUROC,0.9999999999999999
cc10,creditcard(1%),3,45,2.0,Brier_neg,0.7
cc10,creditcard(1%),3,45,2.0,MCC_05,0.9999999999999999
cc10,creditcard(1%),3,45,3.0,SoftMCC,-0.09999999999999999
cc10,creditcard(1%),3,45,3.0,MCC_best,1.0
cc10,creditcard(1%),3,45,3.0,F1_best,1.0
cc10,creditcard(1%),3,45,3.0,AUPRC,0.9999999999999999
cc10,creditcard(1%),3,45,3.0,AUROC,0.9999999999999999
cc10,creditcard(1%),3,45,3.0,Brier_neg,0.7999999999999999
cc10,creditcard(1%),3,45,3.0,MCC_05,0.9999999999999999
cc10,creditcard(1%),4,46,0.5,SoftMCC,0.8999999999999998
cc10,creditcard(1%),4,46,0.5,MCC_best,1.0
cc10,creditcard(1%),4,46,0.5,F1_best,1.0
cc10,creditcard(1%),4,46,0.5,AUPRC,0.9999999999999999
cc10,creditcard(1%),4,46,0.5,AUROC,0.9999999999999999
cc10,creditcard(1%),4,46,0.5,Brier_neg,0.9999999999999999
cc10,creditcard(1%),4,46,0.5,MCC_05,1.0
cc10,creditcard(1%),4,46,1.5,SoftMCC,0.8999999999999998
cc10,creditcard(1%),4,46,1.5,MCC_best,1.0
cc10,creditcard(1%),4,46,1.5,F1_best,1.0
cc10,creditcard(1%),4,46,1.5,AUPRC,0.9999999999999999
cc10,creditcard(1%),4,46,1.5,AUROC,0.9999999999999999
cc10,creditcard(1%),4,46,1.5,Brier_neg,0.8999999999999998
cc10,creditcard(1%),4,46,1.5,MCC_05,1.0
cc10,creditcard(1%),4,46,2.0,SoftMCC,0.7999999999999999
cc10,creditcard(1%),4,46,2.0,MCC_best,1.0
cc10,creditcard(1%),4,46,2.0,F1_best,1.0
cc10,creditcard(1%),4,46,2.0,AUPRC,0.9999999999999999
cc10,creditcard(1%),4,46,2.0,AUROC,0.9999999999999999
cc10,creditcard(1%),4,46,2.0,Brier_neg,0.9999999999999999
cc10,creditcard(1%),4,46,2.0,MCC_05,1.0
cc10,creditcard(1%),4,46,3.0,SoftMCC,0.7999999999999999
cc10,creditcard(1%),4,46,3.0,MCC_best,1.0
cc10,creditcard(1%),4,46,3.0,F1_best,1.0
cc10,creditcard(1%),4,46,3.0,AUPRC,0.9999999999999999
cc10,creditcard(1%),4,46,3.0,AUROC,0.9999999999999999
cc10,creditcard(1%),4,46,3.0,Brier_neg,0.8999999999999998
cc10,creditcard(1%),4,46,3.0,MCC_05,1.0
cc10,creditcard(1%),5,47,0.5,SoftMCC,0.9999999999999999
cc10,creditcard(1%),5,47,0.5,MCC_best,0.9999999999999999
cc10,creditcard(1%),5,47,0.5,F1_best,0.9999999999999999
cc10,creditcard(1%),5,47,0.5,AUPRC,0.9999999999999999
cc10,creditcard(1%),5,47,0.5,AUROC,0.9999999999999999
cc10,creditcard(1%),5,47,0.5,Brier_neg,0.7
cc10,creditcard(1%),5,47,0.5,MCC_05,1.0
cc10,creditcard(1%),5,47,1.5,SoftMCC,0.7
cc10,creditcard(1%),5,47,1.5,MCC_best,0.9999999999999999
cc10,creditcard(1%),5,47,1.5,F1_best,0.9999999999999999
cc10,creditcard(1%),5,47,1.5,AUPRC,0.9999999999999999
cc10,creditcard(1%),5,47,1.5,AUROC,0.9999999999999999
cc10,creditcard(1%),5,47,1.5,Brier_neg,0.9999999999999999
cc10,creditcard(1%),5,47,1.5,MCC_05,1.0
cc10,creditcard(1%),5,47,2.0,SoftMCC,0.7
cc10,creditcard(1%),5,47,2.0,MCC_best,0.9999999999999999
cc10,creditcard(1%),5,47,2.0,F1_best,0.9999999999999999
cc10,creditcard(1%),5,47,2.0,AUPRC,0.9999999999999999
cc10,creditcard(1%),5,47,2.0,AUROC,0.9999999999999999
cc10,creditcard(1%),5,47,2.0,Brier_neg,0.7
cc10,creditcard(1%),5,47,2.0,MCC_05,1.0
cc10,creditcard(1%),5,47,3.0,SoftMCC,0.7
cc10,creditcard(1%),5,47,3.0,MCC_best,0.9999999999999999
cc10,creditcard(1%),5,47,3.0,F1_best,0.9999999999999999
cc10,creditcard(1%),5,47,3.0,AUPRC,0.9999999999999999
cc10,creditcard(1%),5,47,3.0,AUROC,0.9999999999999999
cc10,creditcard(1%),5,47,3.0,Brier_neg,0.7
cc10,creditcard(1%),5,47,3.0,MCC_05,1.0
cc10,creditcard(1%),6,48,0.5,SoftMCC,0.9999999999999999
cc10,creditcard(1%),6,48,0.5,MCC_best,1.0
cc10,creditcard(1%),6,48,0.5,F1_best,1.0
cc10,creditcard(1%),6,48,0.5,AUPRC,0.9999999999999999
cc10,creditcard(1%),6,48,0.5,AUROC,0.9999999999999999
cc10,creditcard(1%),6,48,0.5,Brier_neg,0.8999999999999998
cc10,creditcard(1%),6,48,0.5,MCC_05,1.0
cc10,creditcard(1%),6,48,1.5,SoftMCC,0.8999999999999998
cc10,creditcard(1%),6,48,1.5,MCC_best,1.0
cc10,creditcard(1%),6,48,1.5,F1_best,1.0
cc10,creditcard(1%),6,48,1.5,AUPRC,0.9999999999999999
cc10,creditcard(1%),6,48,1.5,AUROC,0.9999999999999999
cc10,creditcard(1%),6,48,1.5,Brier_neg,0.8999999999999998
cc10,creditcard(1%),6,48,1.5,MCC_05,1.0
cc10,creditcard(1%),6,48,2.0,SoftMCC,0.49999999999999994
cc10,creditcard(1%),6,48,2.0,MCC_best,1.0
cc10,creditcard(1%),6,48,2.0,F1_best,1.0
cc10,creditcard(1%),6,48,2.0,AUPRC,0.9999999999999999
cc10,creditcard(1%),6,48,2.0,AUROC,0.9999999999999999
cc10,creditcard(1%),6,48,2.0,Brier_neg,0.8999999999999998
cc10,creditcard(1%),6,48,2.0,MCC_05,1.0
cc10,creditcard(1%),6,48,3.0,SoftMCC,-0.09999999999999999
cc10,creditcard(1%),6,48,3.0,MCC_best,1.0
cc10,creditcard(1%),6,48,3.0,F1_best,1.0
cc10,creditcard(1%),6,48,3.0,AUPRC,0.9999999999999999
cc10,creditcard(1%),6,48,3.0,AUROC,0.9999999999999999
cc10,creditcard(1%),6,48,3.0,Brier_neg,0.8999999999999998
cc10,creditcard(1%),6,48,3.0,MCC_05,1.0
cc10,creditcard(1%),7,49,0.5,SoftMCC,0.9999999999999999
cc10,creditcard(1%),7,49,0.5,MCC_best,1.0
cc10,creditcard(1%),7,49,0.5,F1_best,1.0
cc10,creditcard(1%),7,49,0.5,AUPRC,0.9999999999999999
cc10,creditcard(1%),7,49,0.5,AUROC,0.9999999999999999
cc10,creditcard(1%),7,49,0.5,Brier_neg,0.9999999999999999
cc10,creditcard(1%),7,49,0.5,MCC_05,0.9999999999999999
cc10,creditcard(1%),7,49,1.5,SoftMCC,0.7999999999999999
cc10,creditcard(1%),7,49,1.5,MCC_best,1.0
cc10,creditcard(1%),7,49,1.5,F1_best,1.0
cc10,creditcard(1%),7,49,1.5,AUPRC,0.9999999999999999
cc10,creditcard(1%),7,49,1.5,AUROC,0.9999999999999999
cc10,creditcard(1%),7,49,1.5,Brier_neg,0.8999999999999998
cc10,creditcard(1%),7,49,1.5,MCC_05,0.9999999999999999
cc10,creditcard(1%),7,49,2.0,SoftMCC,0.3
cc10,creditcard(1%),7,49,2.0,MCC_best,1.0
cc10,creditcard(1%),7,49,2.0,F1_best,1.0
cc10,creditcard(1%),7,49,2.0,AUPRC,0.9999999999999999
cc10,creditcard(1%),7,49,2.0,AUROC,0.9999999999999999
cc10,creditcard(1%),7,49,2.0,Brier_neg,0.9999999999999999
cc10,creditcard(1%),7,49,2.0,MCC_05,0.9999999999999999
cc10,creditcard(1%),7,49,3.0,SoftMCC,-0.09999999999999999
cc10,creditcard(1%),7,49,3.0,MCC_best,1.0
cc10,creditcard(1%),7,49,3.0,F1_best,1.0
cc10,creditcard(1%),7,49,3.0,AUPRC,0.9999999999999999
cc10,creditcard(1%),7,49,3.0,AUROC,0.9999999999999999
cc10,creditcard(1%),7,49,3.0,Brier_neg,-0.09999999999999999
cc10,creditcard(1%),7,49,3.0,MCC_05,0.9999999999999999
cc10,creditcard(1%),8,50,0.5,SoftMCC,0.6
cc10,creditcard(1%),8,50,0.5,MCC_best,0.9999999999999999
cc10,creditcard(1%),8,50,0.5,F1_best,0.9999999999999999
cc10,creditcard(1%),8,50,0.5,AUPRC,0.9999999999999999
cc10,creditcard(1%),8,50,0.5,AUROC,0.9999999999999999
cc10,creditcard(1%),8,50,0.5,Brier_neg,0.8999999999999998
cc10,creditcard(1%),8,50,0.5,MCC_05,0.9999999999999999
cc10,creditcard(1%),8,50,1.5,SoftMCC,0.8999999999999998
cc10,creditcard(1%),8,50,1.5,MCC_best,0.9999999999999999
cc10,creditcard(1%),8,50,1.5,F1_best,0.9999999999999999
cc10,creditcard(1%),8,50,1.5,AUPRC,0.9999999999999999
cc10,creditcard(1%),8,50,1.5,AUROC,0.9999999999999999
cc10,creditcard(1%),8,50,1.5,Brier_neg,0.9999999999999999
cc10,creditcard(1%),8,50,1.5,MCC_05,0.9999999999999999
cc10,creditcard(1%),8,50,2.0,SoftMCC,0.8999999999999998
cc10,creditcard(1%),8,50,2.0,MCC_best,0.9999999999999999
cc10,creditcard(1%),8,50,2.0,F1_best,0.9999999999999999
cc10,creditcard(1%),8,50,2.0,AUPRC,0.9999999999999999
cc10,creditcard(1%),8,50,2.0,AUROC,0.9999999999999999
cc10,creditcard(1%),8,50,2.0,Brier_neg,0.7
cc10,creditcard(1%),8,50,2.0,MCC_05,0.9999999999999999
cc10,creditcard(1%),8,50,3.0,SoftMCC,0.8999999999999998
cc10,creditcard(1%),8,50,3.0,MCC_best,0.9999999999999999
cc10,creditcard(1%),8,50,3.0,F1_best,0.9999999999999999
cc10,creditcard(1%),8,50,3.0,AUPRC,0.9999999999999999
cc10,creditcard(1%),8,50,3.0,AUROC,0.9999999999999999
cc10,creditcard(1%),8,50,3.0,Brier_neg,0.19999999999999998
cc10,creditcard(1%),8,50,3.0,MCC_05,0.9999999999999999
cc10,creditcard(1%),9,51,0.5,SoftMCC,0.9999999999999999
cc10,creditcard(1%),9,51,0.5,MCC_best,1.0
cc10,creditcard(1%),9,51,0.5,F1_best,1.0
cc10,creditcard(1%),9,51,0.5,AUPRC,0.9999999999999999
cc10,creditcard(1%),9,51,0.5,AUROC,0.9999999999999999
cc10,creditcard(1%),9,51,0.5,Brier_neg,0.9999999999999999
cc10,creditcard(1%),9,51,0.5,MCC_05,1.0
cc10,creditcard(1%),9,51,1.5,SoftMCC,0.8999999999999998
cc10,creditcard(1%),9,51,1.5,MCC_best,1.0
cc10,creditcard(1%),9,51,1.5,F1_best,1.0
cc10,creditcard(1%),9,51,1.5,AUPRC,0.9999999999999999
cc10,creditcard(1%),9,51,1.5,AUROC,0.9999999999999999
cc10,creditcard(1%),9,51,1.5,Brier_neg,0.9999999999999999
cc10,creditcard(1%),9,51,1.5,MCC_05,1.0
cc10,creditcard(1%),9,51,2.0,SoftMCC,0.8999999999999998
cc10,creditcard(1%),9,51,2.0,MCC_best,1.0
cc10,creditcard(1%),9,51,2.0,F1_best,1.0
cc10,creditcard(1%),9,51,2.0,AUPRC,0.9999999999999999
cc10,creditcard(1%),9,51,2.0,AUROC,0.9999999999999999
cc10,creditcard(1%),9,51,2.0,Brier_neg,0.8999999999999998
cc10,creditcard(1%),9,51,2.0,MCC_05,1.0
cc10,creditcard(1%),9,51,3.0,SoftMCC,0.8999999999999998
cc10,creditcard(1%),9,51,3.0,MCC_best,1.0
cc10,creditcard(1%),9,51,3.0,F1_best,1.0
cc10,creditcard(1%),9,51,3.0,AUPRC,0.9999999999999999
cc10,creditcard(1%),9,51,3.0,AUROC,0.9999999999999999
cc10,creditcard(1%),9,51,3.0,Brier_neg,0.8999999999999998
cc10,creditcard(1%),9,51,3.0,MCC_05,1.0
cc10,creditcard(1%),10,52,0.5,SoftMCC,0.9999999999999999
cc10,creditcard(1%),10,52,0.5,MCC_best,1.0
cc10,creditcard(1%),10,52,0.5,F1_best,1.0
cc10,creditcard(1%),10,52,0.5,AUPRC,0.9999999999999999
cc10,creditcard(1%),10,52,0.5,AUROC,0.9999999999999999
cc10,creditcard(1%),10,52,0.5,Brier_neg,0.9999999999999999
cc10,creditcard(1%),10,52,0.5,MCC_05,0.9999999999999999
cc10,creditcard(1%),10,52,1.5,SoftMCC,0.6
cc10,creditcard(1%),10,52,1.5,MCC_best,1.0
cc10,creditcard(1%),10,52,1.5,F1_best,1.0
cc10,creditcard(1%),10,52,1.5,AUPRC,0.9999999999999999
cc10,creditcard(1%),10,52,1.5,AUROC,0.9999999999999999
cc10,creditcard(1%),10,52,1.5,Brier_neg,0.9999999999999999
cc10,creditcard(1%),10,52,1.5,MCC_05,0.9999999999999999
cc10,creditcard(1%),10,52,2.0,SoftMCC,0.6
cc10,creditcard(1%),10,52,2.0,MCC_best,1.0
cc10,creditcard(1%),10,52,2.0,F1_best,1.0
cc10,creditcard(1%),10,52,2.0,AUPRC,0.9999999999999999
cc10,creditcard(1%),10,52,2.0,AUROC,0.9999999999999999
cc10,creditcard(1%),10,52,2.0,Brier_neg,0.8999999999999998
cc10,creditcard(1%),10,52,2.0,MCC_05,0.9999999999999999
cc10,creditcard(1%),10,52,3.0,SoftMCC,-0.6
cc10,creditcard(1%),10,52,3.0,MCC_best,1.0
cc10,creditcard(1%),10,52,3.0,F1_best,1.0
cc10,creditcard(1%),10,52,3.0,AUPRC,0.9999999999999999
cc10,creditcard(1%),10,52,3.0,AUROC,0.9999999999999999
cc10,creditcard(1%),10,52,3.0,Brier_neg,-0.09999999999999999
cc10,creditcard(1%),10,52,3.0,MCC_05,0.9999999999999999
cc10,creditcard(1%),11,53,0.5,SoftMCC,0.9999999999999999
cc10,creditcard(1%),11,53,0.5,MCC_best,1.0
cc10,creditcard(1%),11,53,0.5,F1_best,1.0
cc10,creditcard(1%),11,53,0.5,AUPRC,0.9999999999999999
cc10,creditcard(1%),11,53,0.5,AUROC,0.9999999999999999
cc10,creditcard(1%),11,53,0.5,Brier_neg,0.9999999999999999
cc10,creditcard(1%),11,53,0.5,MCC_05,0.9999999999999999
cc10,creditcard(1%),11,53,1.5,SoftMCC,-0.3
cc10,creditcard(1%),11,53,1.5,MCC_best,1.0
cc10,creditcard(1%),11,53,1.5,F1_best,1.0
cc10,creditcard(1%),11,53,1.5,AUPRC,0.9999999999999999
cc10,creditcard(1%),11,53,1.5,AUROC,0.9999999999999999
cc10,creditcard(1%),11,53,1.5,Brier_neg,0.8999999999999998
cc10,creditcard(1%),11,53,1.5,MCC_05,0.9999999999999999
cc10,creditcard(1%),11,53,2.0,SoftMCC,-0.8999999999999998
cc10,creditcard(1%),11,53,2.0,MCC_best,1.0
cc10,creditcard(1%),11,53,2.0,F1_best,1.0
cc10,creditcard(1%),11,53,2.0,AUPRC,0.9999999999999999
cc10,creditcard(1%),11,53,2.0,AUROC,0.9999999999999999
cc10,creditcard(1%),11,53,2.0,Brier_neg,0.7999999999999999
cc10,creditcard(1%),11,53,2.0,MCC_05,0.9999999999999999
cc10,creditcard(1%),11,53,3.0,SoftMCC,-0.8999999999999998
cc10,creditcard(1%),11,53,3.0,MCC_best,1.0
cc10,creditcard(1%),11,53,3.0,F1_best,1.0
cc10,creditcard(1%),11,53,3.0,AUPRC,0.9999999999999999
cc10,creditcard(1%),11,53,3.0,AUROC,0.9999999999999999
cc10,creditcard(1%),11,53,3.0,Brier_neg,-0.19999999999999998
cc10,creditcard(1%),11,53,3.0,MCC_05,0.9999999999999999
cc5,creditcard(0.5%),0,42,0.5,SoftMCC,0.9999999999999999
cc5,creditcard(0.5%),0,42,0.5,MCC_best,1.0
cc5,creditcard(0.5%),0,42,0.5,F1_best,1.0
cc5,creditcard(0.5%),0,42,0.5,AUPRC,0.9999999999999999
cc5,creditcard(0.5%),0,42,0.5,AUROC,0.9999999999999999
cc5,creditcard(0.5%),0,42,0.5,Brier_neg,0.9999999999999999
cc5,creditcard(0.5%),0,42,0.5,MCC_05,1.0
cc5,creditcard(0.5%),0,42,1.5,SoftMCC,0.9999999999999999
cc5,creditcard(0.5%),0,42,1.5,MCC_best,1.0
cc5,creditcard(0.5%),0,42,1.5,F1_best,1.0
cc5,creditcard(0.5%),0,42,1.5,AUPRC,0.9999999999999999
cc5,creditcard(0.5%),0,42,1.5,AUROC,0.9999999999999999
cc5,creditcard(0.5%),0,42,1.5,Brier_neg,0.7999999999999999
cc5,creditcard(0.5%),0,42,1.5,MCC_05,1.0
cc5,creditcard(0.5%),0,42,2.0,SoftMCC,0.9999999999999999
cc5,creditcard(0.5%),0,42,2.0,MCC_best,1.0
cc5,creditcard(0.5%),0,42,2.0,F1_best,1.0
cc5,creditcard(0.5%),0,42,2.0,AUPRC,0.9999999999999999
cc5,creditcard(0.5%),0,42,2.0,AUROC,0.9999999999999999
cc5,creditcard(0.5%),0,42,2.0,Brier_neg,0.9999999999999999
cc5,creditcard(0.5%),0,42,2.0,MCC_05,1.0
cc5,creditcard(0.5%),0,42,3.0,SoftMCC,0.9999999999999999
cc5,creditcard(0.5%),0,42,3.0,MCC_best,1.0
cc5,creditcard(0.5%),0,42,3.0,F1_best,1.0
cc5,creditcard(0.5%),0,42,3.0,AUPRC,0.9999999999999999
cc5,creditcard(0.5%),0,42,3.0,AUROC,0.9999999999999999
cc5,creditcard(0.5%),0,42,3.0,Brier_neg,0.7
cc5,creditcard(0.5%),0,42,3.0,MCC_05,1.0
cc5,creditcard(0.5%),1,43,0.5,SoftMCC,0.8999999999999998
cc5,creditcard(0.5%),1,43,0.5,MCC_best,0.9999999999999999
cc5,creditcard(0.5%),1,43,0.5,F1_best,0.9999999999999999
cc5,creditcard(0.5%),1,43,0.5,AUPRC,0.9999999999999999
cc5,creditcard(0.5%),1,43,0.5,AUROC,0.9999999999999999
cc5,creditcard(0.5%),1,43,0.5,Brier_neg,0.8999999999999998
cc5,creditcard(0.5%),1,43,0.5,MCC_05,1.0
cc5,creditcard(0.5%),1,43,1.5,SoftMCC,0.9999999999999999
cc5,creditcard(0.5%),1,43,1.5,MCC_best,0.9999999999999999
cc5,creditcard(0.5%),1,43,1.5,F1_best,0.9999999999999999
cc5,creditcard(0.5%),1,43,1.5,AUPRC,0.9999999999999999
cc5,creditcard(0.5%),1,43,1.5,AUROC,0.9999999999999999
cc5,creditcard(0.5%),1,43,1.5,Brier_neg,0.9999999999999999
cc5,creditcard(0.5%),1,43,1.5,MCC_05,1.0
cc5,creditcard(0.5%),1,43,2.0,SoftMCC,0.9999999999999999
cc5,creditcard(0.5%),1,43,2.0,MCC_best,0.9999999999999999
cc5,creditcard(0.5%),1,43,2.0,F1_best,0.9999999999999999
cc5,creditcard(0.5%),1,43,2.0,AUPRC,0.9999999999999999
cc5,creditcard(0.5%),1,43,2.0,AUROC,0.9999999999999999
cc5,creditcard(0.5%),1,43,2.0,Brier_neg,0.8999999999999998
cc5,creditcard(0.5%),1,43,2.0,MCC_05,1.0
cc5,creditcard(0.5%),1,43,3.0,SoftMCC,0.9999999999999999
cc5,creditcard(0.5%),1,43,3.0,MCC_best,0.9999999999999999
cc5,creditcard(0.5%),1,43,3.0,F1_best,0.9999999999999999
cc5,creditcard(0.5%),1,43,3.0,AUPRC,0.9999999999999999
cc5,creditcard(0.5%),1,43,3.0,AUROC,0.9999999999999999
cc5,creditcard(0.5%),1,43,3.0,Brier_neg,0.7999999999999999
cc5,creditcard(0.5%),1,43,3.0,MCC_05,1.0
cc5,creditcard(0.5%),2,44,0.5,SoftMCC,0.9999999999999999
cc5,creditcard(0.5%),2,44,0.5,MCC_best,0.9999999999999999
cc5,creditcard(0.5%),2,44,0.5,F1_best,0.9999999999999999
cc5,creditcard(0.5%),2,44,0.5,AUPRC,0.9999999999999999
cc5,creditcard(0.5%),2,44,0.5,AUROC,0.9999999999999999
cc5,creditcard(0.5%),2,44,0.5,Brier_neg,0.9999999999999999
cc5,creditcard(0.5%),2,44,0.5,MCC_05,0.9999999999999999
cc5,creditcard(0.5%),2,44,1.5,SoftMCC,0.9999999999999999
cc5,creditcard(0.5%),2,44,1.5,MCC_best,0.9999999999999999
cc5,creditcard(0.5%),2,44,1.5,F1_best,0.9999999999999999
cc5,creditcard(0.5%),2,44,1.5,AUPRC,0.9999999999999999
cc5,creditcard(0.5%),2,44,1.5,AUROC,0.9999999999999999
cc5,creditcard(0.5%),2,44,1.5,Brier_neg,0.9999999999999999
cc5,creditcard(0.5%),2,44,1.5,MCC_05,0.9999999999999999
cc5,creditcard(0.5%),2,44,2.0,SoftMCC,0.9999999999999999
cc5,creditcard(0.5%),2,44,2.0,MCC_best,0.9999999999999999
cc5,creditcard(0.5%),2,44,2.0,F1_best,0.9999999999999999
cc5,creditcard(0.5%),2,44,2.0,AUPRC,0.9999999999999999
cc5,creditcard(0.5%),2,44,2.0,AUROC,0.9999999999999999
cc5,creditcard(0.5%),2,44,2.0,Brier_neg,0.9999999999999999
cc5,creditcard(0.5%),2,44,2.0,MCC_05,0.9999999999999999
cc5,creditcard(0.5%),2,44,3.0,SoftMCC,0.9999999999999999
cc5,creditcard(0.5%),2,44,3.0,MCC_best,0.9999999999999999
cc5,creditcard(0.5%),2,44,3.0,F1_best,0.9999999999999999
cc5,creditcard(0.5%),2,44,3.0,AUPRC,0.9999999999999999
cc5,creditcard(0.5%),2,44,3.0,AUROC,0.9999999999999999
cc5,creditcard(0.5%),2,44,3.0,Brier_neg,0.9999999999999999
cc5,creditcard(0.5%),2,44,3.0,MCC_05,0.9999999999999999
cc5,creditcard(0.5%),3,45,0.5,SoftMCC,0.9999999999999999
cc5,creditcard(0.5%),3,45,0.5,MCC_best,0.9999999999999999
cc5,creditcard(0.5%),3,45,0.5,F1_best,0.9999999999999999
cc5,creditcard(0.5%),3,45,0.5,AUPRC,0.9999999999999999
cc5,creditcard(0.5%),3,45,0.5,AUROC,0.9999999999999999
cc5,creditcard(0.5%),3,45,0.5,Brier_neg,0.8999999999999998
cc5,creditcard(0.5%),3,45,0.5,MCC_05,0.9999999999999999
cc5,creditcard(0.5%),3,45,1.5,SoftMCC,0.8999999999999998
cc5,creditcard(0.5%),3,45,1.5,MCC_best,0.9999999999999999
cc5,creditcard(0.5%),3,45,1.5,F1_best,0.9999999999999999
cc5,creditcard(0.5%),3,45,1.5,AUPRC,0.9999999999999999
cc5,creditcard(0.5%),3,45,1.5,AUROC,0.9999999999999999
cc5,creditcard(0.5%),3,45,1.5,Brier_neg,0.8999999999999998
cc5,creditcard(0.5%),3,45,1.5,MCC_05,0.9999999999999999
cc5,creditcard(0.5%),3,45,2.0,SoftMCC,0.8999999999999998
cc5,creditcard(0.5%),3,45,2.0,MCC_best,0.9999999999999999
cc5,creditcard(0.5%),3,45,2.0,F1_best,0.9999999999999999
cc5,creditcard(0.5%),3,45,2.0,AUPRC,0.9999999999999999
cc5,creditcard(0.5%),3,45,2.0,AUROC,0.9999999999999999
cc5,creditcard(0.5%),3,45,2.0,Brier_neg,0.8999999999999998
cc5,creditcard(0.5%),3,45,2.0,MCC_05,0.9999999999999999
cc5,creditcard(0.5%),3,45,3.0,SoftMCC,0.8999999999999998
cc5,creditcard(0.5%),3,45,3.0,MCC_best,0.9999999999999999
cc5,creditcard(0.5%),3,45,3.0,F1_best,0.9999999999999999
cc5,creditcard(0.5%),3,45,3.0,AUPRC,0.9999999999999999
cc5,creditcard(0.5%),3,45,3.0,AUROC,0.9999999999999999
cc5,creditcard(0.5%),3,45,3.0,Brier_neg,0.7999999999999999
cc5,creditcard(0.5%),3,45,3.0,MCC_05,0.9999999999999999
cc5,creditcard(0.5%),4,46,0.5,SoftMCC,0.9999999999999999
cc5,creditcard(0.5%),4,46,0.5,MCC_best,0.9999999999999999
cc5,creditcard(0.5%),4,46,0.5,F1_best,0.9999999999999999
cc5,creditcard(0.5%),4,46,0.5,AUPRC,0.9999999999999999
cc5,creditcard(0.5%),4,46,0.5,AUROC,0.9999999999999999
cc5,creditcard(0.5%),4,46,0.5,Brier_neg,0.9999999999999999
cc5,creditcard(0.5%),4,46,0.5,MCC_05,1.0
cc5,creditcard(0.5%),4,46,1.5,SoftMCC,0.7
cc5,creditcard(0.5%),4,46,1.5,MCC_best,0.9999999999999999
cc5,creditcard(0.5%),4,46,1.5,F1_best,0.9999999999999999
cc5,creditcard(0.5%),4,46,1.5,AUPRC,0.9999999999999999
cc5,creditcard(0.5%),4,46,1.5,AUROC,0.9999999999999999
cc5,creditcard(0.5%),4,46,1.5,Brier_neg,0.9999999999999999
cc5,creditcard(0.5%),4,46,1.5,MCC_05,1.0
cc5,creditcard(0.5%),4,46,2.0,SoftMCC,0.8999999999999998
cc5,creditcard(0.5%),4,46,2.0,MCC_best,0.9999999999999999
cc5,creditcard(0.5%),4,46,2.0,F1_best,0.9999999999999999
cc5,creditcard(0.5%),4,46,2.0,AUPRC,0.9999999999999999
cc5,creditcard(0.5%),4,46,2.0,AUROC,0.9999999999999999
cc5,creditcard(0.5%),4,46,2.0,Brier_neg,0.8999999999999998
cc5,creditcard(0.5%),4,46,2.0,MCC_05,1.0
cc5,creditcard(0.5%),4,46,3.0,SoftMCC,0.9999999999999999
cc5,creditcard(0.5%),4,46,3.0,MCC_best,0.9999999999999999
cc5,creditcard(0.5%),4,46,3.0,F1_best,0.9999999999999999
cc5,creditcard(0.5%),4,46,3.0,AUPRC,0.9999999999999999
cc5,creditcard(0.5%),4,46,3.0,AUROC,0.9999999999999999
cc5,creditcard(0.5%),4,46,3.0,Brier_neg,0.6
cc5,creditcard(0.5%),4,46,3.0,MCC_05,1.0
cc5,creditcard(0.5%),5,47,0.5,SoftMCC,0.9999999999999999
cc5,creditcard(0.5%),5,47,0.5,MCC_best,1.0
cc5,creditcard(0.5%),5,47,0.5,F1_best,1.0
cc5,creditcard(0.5%),5,47,0.5,AUPRC,0.9999999999999999
cc5,creditcard(0.5%),5,47,0.5,AUROC,0.9999999999999999
cc5,creditcard(0.5%),5,47,0.5,Brier_neg,0.8999999999999998
cc5,creditcard(0.5%),5,47,0.5,MCC_05,0.9999999999999999
cc5,creditcard(0.5%),5,47,1.5,SoftMCC,0.9999999999999999
cc5,creditcard(0.5%),5,47,1.5,MCC_best,1.0
cc5,creditcard(0.5%),5,47,1.5,F1_best,1.0
cc5,creditcard(0.5%),5,47,1.5,AUPRC,0.9999999999999999
cc5,creditcard(0.5%),5,47,1.5,AUROC,0.9999999999999999
cc5,creditcard(0.5%),5,47,1.5,Brier_neg,0.7
cc5,creditcard(0.5%),5,47,1.5,MCC_05,0.9999999999999999
cc5,creditcard(0.5%),5,47,2.0,SoftMCC,0.9999999999999999
cc5,creditcard(0.5%),5,47,2.0,MCC_best,1.0
cc5,creditcard(0.5%),5,47,2.0,F1_best,1.0
cc5,creditcard(0.5%),5,47,2.0,AUPRC,0.9999999999999999
cc5,creditcard(0.5%),5,47,2.0,AUROC,0.9999999999999999
cc5,creditcard(0.5%),5,47,2.0,Brier_neg,0.39999999999999997
cc5,creditcard(0.5%),5,47,2.0,MCC_05,0.9999999999999999
cc5,creditcard(0.5%),5,47,3.0,SoftMCC,0.9999999999999999
cc5,creditcard(0.5%),5,47,3.0,MCC_best,1.0
cc5,creditcard(0.5%),5,47,3.0,F1_best,1.0
cc5,creditcard(0.5%),5,47,3.0,AUPRC,0.9999999999999999
cc5,creditcard(0.5%),5,47,3.0,AUROC,0.9999999999999999
cc5,creditcard(0.5%),5,47,3.0,Brier_neg,0.0
cc5,creditcard(0.5%),5,47,3.0,MCC_05,0.9999999999999999
cc5,creditcard(0.5%),6,48,0.5,SoftMCC,0.9999999999999999
cc5,creditcard(0.5%),6,48,0.5,MCC_best,0.9999999999999999
cc5,creditcard(0.5%),6,48,0.5,F1_best,0.9999999999999999
cc5,creditcard(0.5%),6,48,0.5,AUPRC,0.9999999999999999
cc5,creditcard(0.5%),6,48,0.5,AUROC,0.9999999999999999
cc5,creditcard(0.5%),6,48,0.5,Brier_neg,0.8999999999999998
cc5,creditcard(0.5%),6,48,0.5,MCC_05,1.0
cc5,creditcard(0.5%),6,48,1.5,SoftMCC,0.7
cc5,creditcard(0.5%),6,48,1.5,MCC_best,0.9999999999999999
cc5,creditcard(0.5%),6,48,1.5,F1_best,0.9999999999999999
cc5,creditcard(0.5%),6,48,1.5,AUPRC,0.9999999999999999
cc5,creditcard(0.5%),6,48,1.5,AUROC,0.9999999999999999
cc5,creditcard(0.5%),6,48,1.5,Brier_neg,0.9999999999999999
cc5,creditcard(0.5%),6,48,1.5,MCC_05,1.0
cc5,creditcard(0.5%),6,48,2.0,SoftMCC,0.7
cc5,creditcard(0.5%),6,48,2.0,MCC_best,0.9999999999999999
cc5,creditcard(0.5%),6,48,2.0,F1_best,0.9999999999999999
cc5,creditcard(0.5%),6,48,2.0,AUPRC,0.9999999999999999
cc5,creditcard(0.5%),6,48,2.0,AUROC,0.9999999999999999
cc5,creditcard(0.5%),6,48,2.0,Brier_neg,0.9999999999999999
cc5,creditcard(0.5%),6,48,2.0,MCC_05,1.0
cc5,creditcard(0.5%),6,48,3.0,SoftMCC,0.7
cc5,creditcard(0.5%),6,48,3.0,MCC_best,0.9999999999999999
cc5,creditcard(0.5%),6,48,3.0,F1_best,0.9999999999999999
cc5,creditcard(0.5%),6,48,3.0,AUPRC,0.9999999999999999
cc5,creditcard(0.5%),6,48,3.0,AUROC,0.9999999999999999
cc5,creditcard(0.5%),6,48,3.0,Brier_neg,0.6
cc5,creditcard(0.5%),6,48,3.0,MCC_05,1.0
cc5,creditcard(0.5%),7,49,0.5,SoftMCC,0.9999999999999999
cc5,creditcard(0.5%),7,49,0.5,MCC_best,0.9999999999999999
cc5,creditcard(0.5%),7,49,0.5,F1_best,0.9999999999999999
cc5,creditcard(0.5%),7,49,0.5,AUPRC,0.9999999999999999
cc5,creditcard(0.5%),7,49,0.5,AUROC,0.9999999999999999
cc5,creditcard(0.5%),7,49,0.5,Brier_neg,0.9999999999999999
cc5,creditcard(0.5%),7,49,0.5,MCC_05,0.9999999999999999
cc5,creditcard(0.5%),7,49,1.5,SoftMCC,0.8999999999999998
cc5,creditcard(0.5%),7,49,1.5,MCC_best,0.9999999999999999
cc5,creditcard(0.5%),7,49,1.5,F1_best,0.9999999999999999
cc5,creditcard(0.5%),7,49,1.5,AUPRC,0.9999999999999999
cc5,creditcard(0.5%),7,49,1.5,AUROC,0.9999999999999999
cc5,creditcard(0.5%),7,49,1.5,Brier_neg,0.9999999999999999
cc5,creditcard(0.5%),7,49,1.5,MCC_05,0.9999999999999999
cc5,creditcard(0.5%),7,49,2.0,SoftMCC,0.8999999999999998
cc5,creditcard(0.5%),7,49,2.0,MCC_best,0.9999999999999999
cc5,creditcard(0.5%),7,49,2.0,F1_best,0.9999999999999999
cc5,creditcard(0.5%),7,49,2.0,AUPRC,0.9999999999999999
cc5,creditcard(0.5%),7,49,2.0,AUROC,0.9999999999999999
cc5,creditcard(0.5%),7,49,2.0,Brier_neg,0.9999999999999999
cc5,creditcard(0.5%),7,49,2.0,MCC_05,0.9999999999999999
cc5,creditcard(0.5%),7,49,3.0,SoftMCC,0.9999999999999999
cc5,creditcard(0.5%),7,49,3.0,MCC_best,0.9999999999999999
cc5,creditcard(0.5%),7,49,3.0,F1_best,0.9999999999999999
cc5,creditcard(0.5%),7,49,3.0,AUPRC,0.9999999999999999
cc5,creditcard(0.5%),7,49,3.0,AUROC,0.9999999999999999
cc5,creditcard(0.5%),7,49,3.0,Brier_neg,0.7
cc5,creditcard(0.5%),7,49,3.0,MCC_05,0.9999999999999999
cc5,creditcard(0.5%),8,50,0.5,SoftMCC,0.6
cc5,creditcard(0.5%),8,50,0.5,MCC_best,0.9999999999999999
cc5,creditcard(0.5%),8,50,0.5,F1_best,0.9999999999999999
cc5,creditcard(0.5%),8,50,0.5,AUPRC,0.9999999999999999
cc5,creditcard(0.5%),8,50,0.5,AUROC,0.9999999999999999
cc5,creditcard(0.5%),8,50,0.5,Brier_neg,0.9999999999999999
cc5,creditcard(0.5%),8,50,0.5,MCC_05,0.9999999999999999
cc5,creditcard(0.5%),8,50,1.5,SoftMCC,0.8999999999999998
cc5,creditcard(0.5%),8,50,1.5,MCC_best,0.9999999999999999
cc5,creditcard(0.5%),8,50,1.5,F1_best,0.9999999999999999
cc5,creditcard(0.5%),8,50,1.5,AUPRC,0.9999999999999999
cc5,creditcard(0.5%),8,50,1.5,AUROC,0.9999999999999999
cc5,creditcard(0.5%),8,50,1.5,Brier_neg,0.7
cc5,creditcard(0.5%),8,50,1.5,MCC_05,0.9999999999999999
cc5,creditcard(0.5%),8,50,2.0,SoftMCC,0.8999999999999998
cc5,creditcard(0.5%),8,50,2.0,MCC_best,0.9999999999999999
cc5,creditcard(0.5%),8,50,2.0,F1_best,0.9999999999999999
cc5,creditcard(0.5%),8,50,2.0,AUPRC,0.9999999999999999
cc5,creditcard(0.5%),8,50,2.0,AUROC,0.9999999999999999
cc5,creditcard(0.5%),8,50,2.0,Brier_neg,0.8999999999999998
cc5,creditcard(0.5%),8,50,2.0,MCC_05,0.9999999999999999
cc5,creditcard(0.5%),8,50,3.0,SoftMCC,0.8999999999999998
cc5,creditcard(0.5%),8,50,3.0,MCC_best,0.9999999999999999
cc5,creditcard(0.5%),8,50,3.0,F1_best,0.9999999999999999
cc5,creditcard(0.5%),8,50,3.0,AUPRC,0.9999999999999999
cc5,creditcard(0.5%),8,50,3.0,AUROC,0.9999999999999999
cc5,creditcard(0.5%),8,50,3.0,Brier_neg,0.8999999999999998
cc5,creditcard(0.5%),8,50,3.0,MCC_05,0.9999999999999999
cc5,creditcard(0.5%),9,51,0.5,SoftMCC,0.9999999999999999
cc5,creditcard(0.5%),9,51,0.5,MCC_best,0.9999999999999999
cc5,creditcard(0.5%),9,51,0.5,F1_best,0.9999999999999999
cc5,creditcard(0.5%),9,51,0.5,AUPRC,0.9999999999999999
cc5,creditcard(0.5%),9,51,0.5,AUROC,0.9999999999999999
cc5,creditcard(0.5%),9,51,0.5,Brier_neg,0.9999999999999999
cc5,creditcard(0.5%),9,51,0.5,MCC_05,1.0
cc5,creditcard(0.5%),9,51,1.5,SoftMCC,0.9999999999999999
cc5,creditcard(0.5%),9,51,1.5,MCC_best,0.9999999999999999
cc5,creditcard(0.5%),9,51,1.5,F1_best,0.9999999999999999
cc5,creditcard(0.5%),9,51,1.5,AUPRC,0.9999999999999999
cc5,creditcard(0.5%),9,51,1.5,AUROC,0.9999999999999999
cc5,creditcard(0.5%),9,51,1.5,Brier_neg,0.8999999999999998
cc5,creditcard(0.5%),9,51,1.5,MCC_05,1.0
cc5,creditcard(0.5%),9,51,2.0,SoftMCC,0.8999999999999998
cc5,creditcard(0.5%),9,51,2.0,MCC_best,0.9999999999999999
cc5,creditcard(0.5%),9,51,2.0,F1_best,0.9999999999999999
cc5,creditcard(0.5%),9,51,2.0,AUPRC,0.9999999999999999
cc5,creditcard(0.5%),9,51,2.0,AUROC,0.9999999999999999
cc5,creditcard(0.5%),9,51,2.0,Brier_neg,0.8999999999999998
cc5,creditcard(0.5%),9,51,2.0,MCC_05,1.0
cc5,creditcard(0.5%),9,51,3.0,SoftMCC,0.9999999999999999
cc5,creditcard(0.5%),9,51,3.0,MCC_best,0.9999999999999999
cc5,creditcard(0.5%),9,51,3.0,F1_best,0.9999999999999999
cc5,creditcard(0.5%),9,51,3.0,AUPRC,0.9999999999999999
cc5,creditcard(0.5%),9,51,3.0,AUROC,0.9999999999999999
cc5,creditcard(0.5%),9,51,3.0,Brier_neg,0.6
cc5,creditcard(0.5%),9,51,3.0,MCC_05,1.0
cc5,creditcard(0.5%),10,52,0.5,SoftMCC,0.9999999999999999
cc5,creditcard(0.5%),10,52,0.5,MCC_best,0.9999999999999999
cc5,creditcard(0.5%),10,52,0.5,F1_best,0.9999999999999999
cc5,creditcard(0.5%),10,52,0.5,AUPRC,0.9999999999999999
cc5,creditcard(0.5%),10,52,0.5,AUROC,0.9999999999999999
cc5,creditcard(0.5%),10,52,0.5,Brier_neg,0.8999999999999998
cc5,creditcard(0.5%),10,52,0.5,MCC_05,1.0
cc5,creditcard(0.5%),10,52,1.5,SoftMCC,0.8999999999999998
cc5,creditcard(0.5%),10,52,1.5,MCC_best,0.9999999999999999
cc5,creditcard(0.5%),10,52,1.5,F1_best,0.9999999999999999
cc5,creditcard(0.5%),10,52,1.5,AUPRC,0.9999999999999999
cc5,creditcard(0.5%),10,52,1.5,AUROC,0.9999999999999999
cc5,creditcard(0.5%),10,52,1.5,Brier_neg,0.9999999999999999
cc5,creditcard(0.5%),10,52,1.5,MCC_05,1.0
cc5,creditcard(0.5%),10,52,2.0,SoftMCC,0.8999999999999998
cc5,creditcard(0.5%),10,52,2.0,MCC_best,0.9999999999999999
cc5,creditcard(0.5%),10,52,2.0,F1_best,0.9999999999999999
cc5,creditcard(0.5%),10,52,2.0,AUPRC,0.9999999999999999
cc5,creditcard(0.5%),10,52,2.0,AUROC,0.9999999999999999
cc5,creditcard(0.5%),10,52,2.0,Brier_neg,0.8999999999999998
cc5,creditcard(0.5%),10,52,2.0,MCC_05,1.0
cc5,creditcard(0.5%),10,52,3.0,SoftMCC,0.8999999999999998
cc5,creditcard(0.5%),10,52,3.0,MCC_best,0.9999999999999999
cc5,creditcard(0.5%),10,52,3.0,F1_best,0.9999999999999999
cc5,creditcard(0.5%),10,52,3.0,AUPRC,0.9999999999999999
cc5,creditcard(0.5%),10,52,3.0,AUROC,0.9999999999999999
cc5,creditcard(0.5%),10,52,3.0,Brier_neg,0.7
cc5,creditcard(0.5%),10,52,3.0,MCC_05,1.0
cc5,creditcard(0.5%),11,53,0.5,SoftMCC,0.9999999999999999
cc5,creditcard(0.5%),11,53,0.5,MCC_best,0.9999999999999999
cc5,creditcard(0.5%),11,53,0.5,F1_best,0.9999999999999999
cc5,creditcard(0.5%),11,53,0.5,AUPRC,0.9999999999999999
cc5,creditcard(0.5%),11,53,0.5,AUROC,0.9999999999999999
cc5,creditcard(0.5%),11,53,0.5,Brier_neg,0.9999999999999999
cc5,creditcard(0.5%),11,53,0.5,MCC_05,1.0
cc5,creditcard(0.5%),11,53,1.5,SoftMCC,0.8999999999999998
cc5,creditcard(0.5%),11,53,1.5,MCC_best,0.9999999999999999
cc5,creditcard(0.5%),11,53,1.5,F1_best,0.9999999999999999
cc5,creditcard(0.5%),11,53,1.5,AUPRC,0.9999999999999999
cc5,creditcard(0.5%),11,53,1.5,AUROC,0.9999999999999999
cc5,creditcard(0.5%),11,53,1.5,Brier_neg,0.9999999999999999
cc5,creditcard(0.5%),11,53,1.5,MCC_05,1.0
cc5,creditcard(0.5%),11,53,2.0,SoftMCC,0.8999999999999998
cc5,creditcard(0.5%),11,53,2.0,MCC_best,0.9999999999999999
cc5,creditcard(0.5%),11,53,2.0,F1_best,0.9999999999999999
cc5,creditcard(0.5%),11,53,2.0,AUPRC,0.9999999999999999
cc5,creditcard(0.5%),11,53,2.0,AUROC,0.9999999999999999
cc5,creditcard(0.5%),11,53,2.0,Brier_neg,0.9999999999999999
cc5,creditcard(0.5%),11,53,2.0,MCC_05,1.0
cc5,creditcard(0.5%),11,53,3.0,SoftMCC,0.8999999999999998
cc5,creditcard(0.5%),11,53,3.0,MCC_best,0.9999999999999999
cc5,creditcard(0.5%),11,53,3.0,F1_best,0.9999999999999999
cc5,creditcard(0.5%),11,53,3.0,AUPRC,0.9999999999999999
cc5,creditcard(0.5%),11,53,3.0,AUROC,0.9999999999999999
cc5,creditcard(0.5%),11,53,3.0,Brier_neg,0.8999999999999998
cc5,creditcard(0.5%),11,53,3.0,MCC_05,1.0
iot,iotid20(6.4%),0,42,0.5,SoftMCC,0.9999999999999999
iot,iotid20(6.4%),0,42,0.5,MCC_best,0.9999999999999999
iot,iotid20(6.4%),0,42,0.5,F1_best,0.9999999999999999
iot,iotid20(6.4%),0,42,0.5,AUPRC,0.9999999999999999
iot,iotid20(6.4%),0,42,0.5,AUROC,0.9999999999999999
iot,iotid20(6.4%),0,42,0.5,Brier_neg,0.8999999999999998
iot,iotid20(6.4%),0,42,0.5,MCC_05,0.9999999999999999
iot,iotid20(6.4%),0,42,1.5,SoftMCC,0.8999999999999998
iot,iotid20(6.4%),0,42,1.5,MCC_best,0.9999999999999999
iot,iotid20(6.4%),0,42,1.5,F1_best,0.9999999999999999
iot,iotid20(6.4%),0,42,1.5,AUPRC,0.9999999999999999
iot,iotid20(6.4%),0,42,1.5,AUROC,0.9999999999999999
iot,iotid20(6.4%),0,42,1.5,Brier_neg,0.9999999999999999
iot,iotid20(6.4%),0,42,1.5,MCC_05,0.9999999999999999
iot,iotid20(6.4%),0,42,2.0,SoftMCC,0.8999999999999998
iot,iotid20(6.4%),0,42,2.0,MCC_best,0.9999999999999999
iot,iotid20(6.4%),0,42,2.0,F1_best,0.9999999999999999
iot,iotid20(6.4%),0,42,2.0,AUPRC,0.9999999999999999
iot,iotid20(6.4%),0,42,2.0,AUROC,0.9999999999999999
iot,iotid20(6.4%),0,42,2.0,Brier_neg,0.9999999999999999
iot,iotid20(6.4%),0,42,2.0,MCC_05,0.9999999999999999
iot,iotid20(6.4%),0,42,3.0,SoftMCC,0.8999999999999998
iot,iotid20(6.4%),0,42,3.0,MCC_best,0.9999999999999999
iot,iotid20(6.4%),0,42,3.0,F1_best,0.9999999999999999
iot,iotid20(6.4%),0,42,3.0,AUPRC,0.9999999999999999
iot,iotid20(6.4%),0,42,3.0,AUROC,0.9999999999999999
iot,iotid20(6.4%),0,42,3.0,Brier_neg,0.7999999999999999
iot,iotid20(6.4%),0,42,3.0,MCC_05,0.9999999999999999
iot,iotid20(6.4%),1,43,0.5,SoftMCC,0.9999999999999999
iot,iotid20(6.4%),1,43,0.5,MCC_best,0.9999999999999999
iot,iotid20(6.4%),1,43,0.5,F1_best,0.9999999999999999
iot,iotid20(6.4%),1,43,0.5,AUPRC,0.9999999999999999
iot,iotid20(6.4%),1,43,0.5,AUROC,0.9999999999999999
iot,iotid20(6.4%),1,43,0.5,Brier_neg,0.9999999999999999
iot,iotid20(6.4%),1,43,0.5,MCC_05,0.9999999999999999
iot,iotid20(6.4%),1,43,1.5,SoftMCC,0.7999999999999999
iot,iotid20(6.4%),1,43,1.5,MCC_best,0.9999999999999999
iot,iotid20(6.4%),1,43,1.5,F1_best,0.9999999999999999
iot,iotid20(6.4%),1,43,1.5,AUPRC,0.9999999999999999
iot,iotid20(6.4%),1,43,1.5,AUROC,0.9999999999999999
iot,iotid20(6.4%),1,43,1.5,Brier_neg,0.9999999999999999
iot,iotid20(6.4%),1,43,1.5,MCC_05,0.9999999999999999
iot,iotid20(6.4%),1,43,2.0,SoftMCC,0.7999999999999999
iot,iotid20(6.4%),1,43,2.0,MCC_best,0.9999999999999999
iot,iotid20(6.4%),1,43,2.0,F1_best,0.9999999999999999
iot,iotid20(6.4%),1,43,2.0,AUPRC,0.9999999999999999
iot,iotid20(6.4%),1,43,2.0,AUROC,0.9999999999999999
iot,iotid20(6.4%),1,43,2.0,Brier_neg,0.7999999999999999
iot,iotid20(6.4%),1,43,2.0,MCC_05,0.9999999999999999
iot,iotid20(6.4%),1,43,3.0,SoftMCC,0.7999999999999999
iot,iotid20(6.4%),1,43,3.0,MCC_best,0.9999999999999999
iot,iotid20(6.4%),1,43,3.0,F1_best,0.9999999999999999
iot,iotid20(6.4%),1,43,3.0,AUPRC,0.9999999999999999
iot,iotid20(6.4%),1,43,3.0,AUROC,0.9999999999999999
iot,iotid20(6.4%),1,43,3.0,Brier_neg,0.7999999999999999
iot,iotid20(6.4%),1,43,3.0,MCC_05,0.9999999999999999
iot,iotid20(6.4%),2,44,0.5,SoftMCC,0.8999999999999998
iot,iotid20(6.4%),2,44,0.5,MCC_best,1.0
iot,iotid20(6.4%),2,44,0.5,F1_best,1.0
iot,iotid20(6.4%),2,44,0.5,AUPRC,0.9999999999999999
iot,iotid20(6.4%),2,44,0.5,AUROC,0.9999999999999999
iot,iotid20(6.4%),2,44,0.5,Brier_neg,0.9999999999999999
iot,iotid20(6.4%),2,44,0.5,MCC_05,0.9999999999999999
iot,iotid20(6.4%),2,44,1.5,SoftMCC,0.7999999999999999
iot,iotid20(6.4%),2,44,1.5,MCC_best,1.0
iot,iotid20(6.4%),2,44,1.5,F1_best,1.0
iot,iotid20(6.4%),2,44,1.5,AUPRC,0.9999999999999999
iot,iotid20(6.4%),2,44,1.5,AUROC,0.9999999999999999
iot,iotid20(6.4%),2,44,1.5,Brier_neg,0.8999999999999998
iot,iotid20(6.4%),2,44,1.5,MCC_05,0.9999999999999999
iot,iotid20(6.4%),2,44,2.0,SoftMCC,0.7999999999999999
iot,iotid20(6.4%),2,44,2.0,MCC_best,1.0
iot,iotid20(6.4%),2,44,2.0,F1_best,1.0
iot,iotid20(6.4%),2,44,2.0,AUPRC,0.9999999999999999
iot,iotid20(6.4%),2,44,2.0,AUROC,0.9999999999999999
iot,iotid20(6.4%),2,44,2.0,Brier_neg,0.6
iot,iotid20(6.4%),2,44,2.0,MCC_05,0.9999999999999999
iot,iotid20(6.4%),2,44,3.0,SoftMCC,0.6
iot,iotid20(6.4%),2,44,3.0,MCC_best,1.0
iot,iotid20(6.4%),2,44,3.0,F1_best,1.0
iot,iotid20(6.4%),2,44,3.0,AUPRC,0.9999999999999999
iot,iotid20(6.4%),2,44,3.0,AUROC,0.9999999999999999
iot,iotid20(6.4%),2,44,3.0,Brier_neg,0.49999999999999994
iot,iotid20(6.4%),2,44,3.0,MCC_05,0.9999999999999999
iot,iotid20(6.4%),3,45,0.5,SoftMCC,0.9999999999999999
iot,iotid20(6.4%),3,45,0.5,MCC_best,0.9999999999999999
iot,iotid20(6.4%),3,45,0.5,F1_best,0.9999999999999999
iot,iotid20(6.4%),3,45,0.5,AUPRC,0.9999999999999999
iot,iotid20(6.4%),3,45,0.5,AUROC,0.9999999999999999
iot,iotid20(6.4%),3,45,0.5,Brier_neg,0.9999999999999999
iot,iotid20(6.4%),3,45,0.5,MCC_05,0.9999999999999999
iot,iotid20(6.4%),3,45,1.5,SoftMCC,0.8999999999999998
iot,iotid20(6.4%),3,45,1.5,MCC_best,0.9999999999999999
iot,iotid20(6.4%),3,45,1.5,F1_best,0.9999999999999999
iot,iotid20(6.4%),3,45,1.5,AUPRC,0.9999999999999999
iot,iotid20(6.4%),3,45,1.5,AUROC,0.9999999999999999
iot,iotid20(6.4%),3,45,1.5,Brier_neg,0.9999999999999999
iot,iotid20(6.4%),3,45,1.5,MCC_05,0.9999999999999999
iot,iotid20(6.4%),3,45,2.0,SoftMCC,0.8999999999999998
iot,iotid20(6.4%),3,45,2.0,MCC_best,0.9999999999999999
iot,iotid20(6.4%),3,45,2.0,F1_best,0.9999999999999999
iot,iotid20(6.4%),3,45,2.0,AUPRC,0.9999999999999999
iot,iotid20(6.4%),3,45,2.0,AUROC,0.9999999999999999
iot,iotid20(6.4%),3,45,2.0,Brier_neg,0.8999999999999998
iot,iotid20(6.4%),3,45,2.0,MCC_05,0.9999999999999999
iot,iotid20(6.4%),3,45,3.0,SoftMCC,0.8999999999999998
iot,iotid20(6.4%),3,45,3.0,MCC_best,0.9999999999999999
iot,iotid20(6.4%),3,45,3.0,F1_best,0.9999999999999999
iot,iotid20(6.4%),3,45,3.0,AUPRC,0.9999999999999999
iot,iotid20(6.4%),3,45,3.0,AUROC,0.9999999999999999
iot,iotid20(6.4%),3,45,3.0,Brier_neg,0.9999999999999999
iot,iotid20(6.4%),3,45,3.0,MCC_05,0.9999999999999999
iot,iotid20(6.4%),4,46,0.5,SoftMCC,0.9999999999999999
iot,iotid20(6.4%),4,46,0.5,MCC_best,0.9999999999999999
iot,iotid20(6.4%),4,46,0.5,F1_best,0.9999999999999999
iot,iotid20(6.4%),4,46,0.5,AUPRC,0.9999999999999999
iot,iotid20(6.4%),4,46,0.5,AUROC,0.9999999999999999
iot,iotid20(6.4%),4,46,0.5,Brier_neg,0.9999999999999999
iot,iotid20(6.4%),4,46,0.5,MCC_05,0.9999999999999999
iot,iotid20(6.4%),4,46,1.5,SoftMCC,0.6
iot,iotid20(6.4%),4,46,1.5,MCC_best,0.9999999999999999
iot,iotid20(6.4%),4,46,1.5,F1_best,0.9999999999999999
iot,iotid20(6.4%),4,46,1.5,AUPRC,0.9999999999999999
iot,iotid20(6.4%),4,46,1.5,AUROC,0.9999999999999999
iot,iotid20(6.4%),4,46,1.5,Brier_neg,0.9999999999999999
iot,iotid20(6.4%),4,46,1.5,MCC_05,0.9999999999999999
iot,iotid20(6.4%),4,46,2.0,SoftMCC,0.6
iot,iotid20(6.4%),4,46,2.0,MCC_best,0.9999999999999999
iot,iotid20(6.4%),4,46,2.0,F1_best,0.9999999999999999
iot,iotid20(6.4%),4,46,2.0,AUPRC,0.9999999999999999
iot,iotid20(6.4%),4,46,2.0,AUROC,0.9999999999999999
iot,iotid20(6.4%),4,46,2.0,Brier_neg,0.8999999999999998
iot,iotid20(6.4%),4,46,2.0,MCC_05,0.9999999999999999
iot,iotid20(6.4%),4,46,3.0,SoftMCC,0.7
iot,iotid20(6.4%),4,46,3.0,MCC_best,0.9999999999999999
iot,iotid20(6.4%),4,46,3.0,F1_best,0.9999999999999999
iot,iotid20(6.4%),4,46,3.0,AUPRC,0.9999999999999999
iot,iotid20(6.4%),4,46,3.0,AUROC,0.9999999999999999
iot,iotid20(6.4%),4,46,3.0,Brier_neg,0.7
iot,iotid20(6.4%),4,46,3.0,MCC_05,0.9999999999999999
iot,iotid20(6.4%),5,47,0.5,SoftMCC,0.9999999999999999
iot,iotid20(6.4%),5,47,0.5,MCC_best,0.9999999999999999
iot,iotid20(6.4%),5,47,0.5,F1_best,0.9999999999999999
iot,iotid20(6.4%),5,47,0.5,AUPRC,0.9999999999999999
iot,iotid20(6.4%),5,47,0.5,AUROC,0.9999999999999999
iot,iotid20(6.4%),5,47,0.5,Brier_neg,0.9999999999999999
iot,iotid20(6.4%),5,47,0.5,MCC_05,0.9999999999999999
iot,iotid20(6.4%),5,47,1.5,SoftMCC,0.8999999999999998
iot,iotid20(6.4%),5,47,1.5,MCC_best,0.9999999999999999
iot,iotid20(6.4%),5,47,1.5,F1_best,0.9999999999999999
iot,iotid20(6.4%),5,47,1.5,AUPRC,0.9999999999999999
iot,iotid20(6.4%),5,47,1.5,AUROC,0.9999999999999999
iot,iotid20(6.4%),5,47,1.5,Brier_neg,0.9999999999999999
iot,iotid20(6.4%),5,47,1.5,MCC_05,0.9999999999999999
iot,iotid20(6.4%),5,47,2.0,SoftMCC,0.8999999999999998
iot,iotid20(6.4%),5,47,2.0,MCC_best,0.9999999999999999
iot,iotid20(6.4%),5,47,2.0,F1_best,0.9999999999999999
iot,iotid20(6.4%),5,47,2.0,AUPRC,0.9999999999999999
iot,iotid20(6.4%),5,47,2.0,AUROC,0.9999999999999999
iot,iotid20(6.4%),5,47,2.0,Brier_neg,0.9999999999999999
iot,iotid20(6.4%),5,47,2.0,MCC_05,0.9999999999999999
iot,iotid20(6.4%),5,47,3.0,SoftMCC,0.8999999999999998
iot,iotid20(6.4%),5,47,3.0,MCC_best,0.9999999999999999
iot,iotid20(6.4%),5,47,3.0,F1_best,0.9999999999999999
iot,iotid20(6.4%),5,47,3.0,AUPRC,0.9999999999999999
iot,iotid20(6.4%),5,47,3.0,AUROC,0.9999999999999999
iot,iotid20(6.4%),5,47,3.0,Brier_neg,0.8999999999999998
iot,iotid20(6.4%),5,47,3.0,MCC_05,0.9999999999999999
iot,iotid20(6.4%),6,48,0.5,SoftMCC,0.7
iot,iotid20(6.4%),6,48,0.5,MCC_best,0.9999999999999999
iot,iotid20(6.4%),6,48,0.5,F1_best,0.9999999999999999
iot,iotid20(6.4%),6,48,0.5,AUPRC,0.9999999999999999
iot,iotid20(6.4%),6,48,0.5,AUROC,0.9999999999999999
iot,iotid20(6.4%),6,48,0.5,Brier_neg,0.9999999999999999
iot,iotid20(6.4%),6,48,0.5,MCC_05,0.9999999999999999
iot,iotid20(6.4%),6,48,1.5,SoftMCC,0.9999999999999999
iot,iotid20(6.4%),6,48,1.5,MCC_best,0.9999999999999999
iot,iotid20(6.4%),6,48,1.5,F1_best,0.9999999999999999
iot,iotid20(6.4%),6,48,1.5,AUPRC,0.9999999999999999
iot,iotid20(6.4%),6,48,1.5,AUROC,0.9999999999999999
iot,iotid20(6.4%),6,48,1.5,Brier_neg,0.8999999999999998
iot,iotid20(6.4%),6,48,1.5,MCC_05,0.9999999999999999
iot,iotid20(6.4%),6,48,2.0,SoftMCC,0.9999999999999999
iot,iotid20(6.4%),6,48,2.0,MCC_best,0.9999999999999999
iot,iotid20(6.4%),6,48,2.0,F1_best,0.9999999999999999
iot,iotid20(6.4%),6,48,2.0,AUPRC,0.9999999999999999
iot,iotid20(6.4%),6,48,2.0,AUROC,0.9999999999999999
iot,iotid20(6.4%),6,48,2.0,Brier_neg,0.7
iot,iotid20(6.4%),6,48,2.0,MCC_05,0.9999999999999999
iot,iotid20(6.4%),6,48,3.0,SoftMCC,0.8999999999999998
iot,iotid20(6.4%),6,48,3.0,MCC_best,0.9999999999999999
iot,iotid20(6.4%),6,48,3.0,F1_best,0.9999999999999999
iot,iotid20(6.4%),6,48,3.0,AUPRC,0.9999999999999999
iot,iotid20(6.4%),6,48,3.0,AUROC,0.9999999999999999
iot,iotid20(6.4%),6,48,3.0,Brier_neg,0.6
iot,iotid20(6.4%),6,48,3.0,MCC_05,0.9999999999999999
iot,iotid20(6.4%),7,49,0.5,SoftMCC,0.8999999999999998
iot,iotid20(6.4%),7,49,0.5,MCC_best,1.0
iot,iotid20(6.4%),7,49,0.5,F1_best,1.0
iot,iotid20(6.4%),7,49,0.5,AUPRC,0.9999999999999999
iot,iotid20(6.4%),7,49,0.5,AUROC,0.9999999999999999
iot,iotid20(6.4%),7,49,0.5,Brier_neg,0.8999999999999998
iot,iotid20(6.4%),7,49,0.5,MCC_05,0.9999999999999999
iot,iotid20(6.4%),7,49,1.5,SoftMCC,0.9999999999999999
iot,iotid20(6.4%),7,49,1.5,MCC_best,1.0
iot,iotid20(6.4%),7,49,1.5,F1_best,1.0
iot,iotid20(6.4%),7,49,1.5,AUPRC,0.9999999999999999
iot,iotid20(6.4%),7,49,1.5,AUROC,0.9999999999999999
iot,iotid20(6.4%),7,49,1.5,Brier_neg,0.9999999999999999
iot,iotid20(6.4%),7,49,1.5,MCC_05,0.9999999999999999
iot,iotid20(6.4%),7,49,2.0,SoftMCC,0.9999999999999999
iot,iotid20(6.4%),7,49,2.0,MCC_best,1.0
iot,iotid20(6.4%),7,49,2.0,F1_best,1.0
iot,iotid20(6.4%),7,49,2.0,AUPRC,0.9999999999999999
iot,iotid20(6.4%),7,49,2.0,AUROC,0.9999999999999999
iot,iotid20(6.4%),7,49,2.0,Brier_neg,0.9999999999999999
iot,iotid20(6.4%),7,49,2.0,MCC_05,0.9999999999999999
iot,iotid20(6.4%),7,49,3.0,SoftMCC,0.9999999999999999
iot,iotid20(6.4%),7,49,3.0,MCC_best,1.0
iot,iotid20(6.4%),7,49,3.0,F1_best,1.0
iot,iotid20(6.4%),7,49,3.0,AUPRC,0.9999999999999999
iot,iotid20(6.4%),7,49,3.0,AUROC,0.9999999999999999
iot,iotid20(6.4%),7,49,3.0,Brier_neg,0.8999999999999998
iot,iotid20(6.4%),7,49,3.0,MCC_05,0.9999999999999999
iot,iotid20(6.4%),8,50,0.5,SoftMCC,0.8999999999999998
iot,iotid20(6.4%),8,50,0.5,MCC_best,1.0
iot,iotid20(6.4%),8,50,0.5,F1_best,1.0
iot,iotid20(6.4%),8,50,0.5,AUPRC,0.9999999999999999
iot,iotid20(6.4%),8,50,0.5,AUROC,0.9999999999999999
iot,iotid20(6.4%),8,50,0.5,Brier_neg,0.9999999999999999
iot,iotid20(6.4%),8,50,0.5,MCC_05,0.9999999999999999
iot,iotid20(6.4%),8,50,1.5,SoftMCC,0.9999999999999999
iot,iotid20(6.4%),8,50,1.5,MCC_best,1.0
iot,iotid20(6.4%),8,50,1.5,F1_best,1.0
iot,iotid20(6.4%),8,50,1.5,AUPRC,0.9999999999999999
iot,iotid20(6.4%),8,50,1.5,AUROC,0.9999999999999999
iot,iotid20(6.4%),8,50,1.5,Brier_neg,0.8999999999999998
iot,iotid20(6.4%),8,50,1.5,MCC_05,0.9999999999999999
iot,iotid20(6.4%),8,50,2.0,SoftMCC,0.9999999999999999
iot,iotid20(6.4%),8,50,2.0,MCC_best,1.0
iot,iotid20(6.4%),8,50,2.0,F1_best,1.0
iot,iotid20(6.4%),8,50,2.0,AUPRC,0.9999999999999999
iot,iotid20(6.4%),8,50,2.0,AUROC,0.9999999999999999
iot,iotid20(6.4%),8,50,2.0,Brier_neg,0.7999999999999999
iot,iotid20(6.4%),8,50,2.0,MCC_05,0.9999999999999999
iot,iotid20(6.4%),8,50,3.0,SoftMCC,0.9999999999999999
iot,iotid20(6.4%),8,50,3.0,MCC_best,1.0
iot,iotid20(6.4%),8,50,3.0,F1_best,1.0
iot,iotid20(6.4%),8,50,3.0,AUPRC,0.9999999999999999
iot,iotid20(6.4%),8,50,3.0,AUROC,0.9999999999999999
iot,iotid20(6.4%),8,50,3.0,Brier_neg,0.6
iot,iotid20(6.4%),8,50,3.0,MCC_05,0.9999999999999999
iot,iotid20(6.4%),9,51,0.5,SoftMCC,0.9999999999999999
iot,iotid20(6.4%),9,51,0.5,MCC_best,1.0
iot,iotid20(6.4%),9,51,0.5,F1_best,1.0
iot,iotid20(6.4%),9,51,0.5,AUPRC,0.9999999999999999
iot,iotid20(6.4%),9,51,0.5,AUROC,0.9999999999999999
iot,iotid20(6.4%),9,51,0.5,Brier_neg,0.8999999999999998
iot,iotid20(6.4%),9,51,0.5,MCC_05,0.9999999999999999
iot,iotid20(6.4%),9,51,1.5,SoftMCC,0.9999999999999999
iot,iotid20(6.4%),9,51,1.5,MCC_best,1.0
iot,iotid20(6.4%),9,51,1.5,F1_best,1.0
iot,iotid20(6.4%),9,51,1.5,AUPRC,0.9999999999999999
iot,iotid20(6.4%),9,51,1.5,AUROC,0.9999999999999999
iot,iotid20(6.4%),9,51,1.5,Brier_neg,0.9999999999999999
iot,iotid20(6.4%),9,51,1.5,MCC_05,0.9999999999999999
iot,iotid20(6.4%),9,51,2.0,SoftMCC,0.8999999999999998
iot,iotid20(6.4%),9,51,2.0,MCC_best,1.0
iot,iotid20(6.4%),9,51,2.0,F1_best,1.0
iot,iotid20(6.4%),9,51,2.0,AUPRC,0.9999999999999999
iot,iotid20(6.4%),9,51,2.0,AUROC,0.9999999999999999
iot,iotid20(6.4%),9,51,2.0,Brier_neg,0.9999999999999999
iot,iotid20(6.4%),9,51,2.0,MCC_05,0.9999999999999999
iot,iotid20(6.4%),9,51,3.0,SoftMCC,0.8999999999999998
iot,iotid20(6.4%),9,51,3.0,MCC_best,1.0
iot,iotid20(6.4%),9,51,3.0,F1_best,1.0
iot,iotid20(6.4%),9,51,3.0,AUPRC,0.9999999999999999
iot,iotid20(6.4%),9,51,3.0,AUROC,0.9999999999999999
iot,iotid20(6.4%),9,51,3.0,Brier_neg,0.8999999999999998
iot,iotid20(6.4%),9,51,3.0,MCC_05,0.9999999999999999
iot,iotid20(6.4%),10,52,0.5,SoftMCC,0.9999999999999999
iot,iotid20(6.4%),10,52,0.5,MCC_best,0.9999999999999999
iot,iotid20(6.4%),10,52,0.5,F1_best,0.9999999999999999
iot,iotid20(6.4%),10,52,0.5,AUPRC,0.9999999999999999
iot,iotid20(6.4%),10,52,0.5,AUROC,0.9999999999999999
iot,iotid20(6.4%),10,52,0.5,Brier_neg,0.9999999999999999
iot,iotid20(6.4%),10,52,0.5,MCC_05,0.9999999999999999
iot,iotid20(6.4%),10,52,1.5,SoftMCC,0.9999999999999999
iot,iotid20(6.4%),10,52,1.5,MCC_best,0.9999999999999999
iot,iotid20(6.4%),10,52,1.5,F1_best,0.9999999999999999
iot,iotid20(6.4%),10,52,1.5,AUPRC,0.9999999999999999
iot,iotid20(6.4%),10,52,1.5,AUROC,0.9999999999999999
iot,iotid20(6.4%),10,52,1.5,Brier_neg,0.9999999999999999
iot,iotid20(6.4%),10,52,1.5,MCC_05,0.9999999999999999
iot,iotid20(6.4%),10,52,2.0,SoftMCC,0.8999999999999998
iot,iotid20(6.4%),10,52,2.0,MCC_best,0.9999999999999999
iot,iotid20(6.4%),10,52,2.0,F1_best,0.9999999999999999
iot,iotid20(6.4%),10,52,2.0,AUPRC,0.9999999999999999
iot,iotid20(6.4%),10,52,2.0,AUROC,0.9999999999999999
iot,iotid20(6.4%),10,52,2.0,Brier_neg,0.8999999999999998
iot,iotid20(6.4%),10,52,2.0,MCC_05,0.9999999999999999
iot,iotid20(6.4%),10,52,3.0,SoftMCC,0.6
iot,iotid20(6.4%),10,52,3.0,MCC_best,0.9999999999999999
iot,iotid20(6.4%),10,52,3.0,F1_best,0.9999999999999999
iot,iotid20(6.4%),10,52,3.0,AUPRC,0.9999999999999999
iot,iotid20(6.4%),10,52,3.0,AUROC,0.9999999999999999
iot,iotid20(6.4%),10,52,3.0,Brier_neg,0.7
iot,iotid20(6.4%),10,52,3.0,MCC_05,0.9999999999999999
iot,iotid20(6.4%),11,53,0.5,SoftMCC,0.8999999999999998
iot,iotid20(6.4%),11,53,0.5,MCC_best,0.9999999999999999
iot,iotid20(6.4%),11,53,0.5,F1_best,0.9999999999999999
iot,iotid20(6.4%),11,53,0.5,AUPRC,0.9999999999999999
iot,iotid20(6.4%),11,53,0.5,AUROC,0.9999999999999999
iot,iotid20(6.4%),11,53,0.5,Brier_neg,0.9999999999999999
iot,iotid20(6.4%),11,53,0.5,MCC_05,0.9999999999999999
iot,iotid20(6.4%),11,53,1.5,SoftMCC,0.8999999999999998
iot,iotid20(6.4%),11,53,1.5,MCC_best,0.9999999999999999
iot,iotid20(6.4%),11,53,1.5,F1_best,0.9999999999999999
iot,iotid20(6.4%),11,53,1.5,AUPRC,0.9999999999999999
iot,iotid20(6.4%),11,53,1.5,AUROC,0.9999999999999999
iot,iotid20(6.4%),11,53,1.5,Brier_neg,0.9999999999999999
iot,iotid20(6.4%),11,53,1.5,MCC_05,0.9999999999999999
iot,iotid20(6.4%),11,53,2.0,SoftMCC,0.7999999999999999
iot,iotid20(6.4%),11,53,2.0,MCC_best,0.9999999999999999
iot,iotid20(6.4%),11,53,2.0,F1_best,0.9999999999999999
iot,iotid20(6.4%),11,53,2.0,AUPRC,0.9999999999999999
iot,iotid20(6.4%),11,53,2.0,AUROC,0.9999999999999999
iot,iotid20(6.4%),11,53,2.0,Brier_neg,0.9999999999999999
iot,iotid20(6.4%),11,53,2.0,MCC_05,0.9999999999999999
iot,iotid20(6.4%),11,53,3.0,SoftMCC,0.7999999999999999
iot,iotid20(6.4%),11,53,3.0,MCC_best,0.9999999999999999
iot,iotid20(6.4%),11,53,3.0,F1_best,0.9999999999999999
iot,iotid20(6.4%),11,53,3.0,AUPRC,0.9999999999999999
iot,iotid20(6.4%),11,53,3.0,AUROC,0.9999999999999999
iot,iotid20(6.4%),11,53,3.0,Brier_neg,0.7999999999999999
iot,iotid20(6.4%),11,53,3.0,MCC_05,0.9999999999999999
abalone,abalone(9.4%),0,42,0.5,SoftMCC,0.09999999999999999
abalone,abalone(9.4%),0,42,0.5,MCC_best,0.9999999999999999
abalone,abalone(9.4%),0,42,0.5,F1_best,0.9999999999999999
abalone,abalone(9.4%),0,42,0.5,AUPRC,0.9999999999999999
abalone,abalone(9.4%),0,42,0.5,AUROC,0.9999999999999999
abalone,abalone(9.4%),0,42,0.5,Brier_neg,0.3
abalone,abalone(9.4%),0,42,0.5,MCC_05,0.9999999999999999
abalone,abalone(9.4%),0,42,1.5,SoftMCC,0.7999999999999999
abalone,abalone(9.4%),0,42,1.5,MCC_best,0.9999999999999999
abalone,abalone(9.4%),0,42,1.5,F1_best,0.9999999999999999
abalone,abalone(9.4%),0,42,1.5,AUPRC,0.9999999999999999
abalone,abalone(9.4%),0,42,1.5,AUROC,0.9999999999999999
abalone,abalone(9.4%),0,42,1.5,Brier_neg,0.09999999999999999
abalone,abalone(9.4%),0,42,1.5,MCC_05,0.9999999999999999
abalone,abalone(9.4%),0,42,2.0,SoftMCC,0.7999999999999999
abalone,abalone(9.4%),0,42,2.0,MCC_best,0.9999999999999999
abalone,abalone(9.4%),0,42,2.0,F1_best,0.9999999999999999
abalone,abalone(9.4%),0,42,2.0,AUPRC,0.9999999999999999
abalone,abalone(9.4%),0,42,2.0,AUROC,0.9999999999999999
abalone,abalone(9.4%),0,42,2.0,Brier_neg,-0.3
abalone,abalone(9.4%),0,42,2.0,MCC_05,0.9999999999999999
abalone,abalone(9.4%),0,42,3.0,SoftMCC,0.49999999999999994
abalone,abalone(9.4%),0,42,3.0,MCC_best,0.9999999999999999
abalone,abalone(9.4%),0,42,3.0,F1_best,0.9999999999999999
abalone,abalone(9.4%),0,42,3.0,AUPRC,0.9999999999999999
abalone,abalone(9.4%),0,42,3.0,AUROC,0.9999999999999999
abalone,abalone(9.4%),0,42,3.0,Brier_neg,-0.39999999999999997
abalone,abalone(9.4%),0,42,3.0,MCC_05,0.9999999999999999
abalone,abalone(9.4%),1,43,0.5,SoftMCC,0.8999999999999998
abalone,abalone(9.4%),1,43,0.5,MCC_best,0.9999999999999999
abalone,abalone(9.4%),1,43,0.5,F1_best,0.9999999999999999
abalone,abalone(9.4%),1,43,0.5,AUPRC,0.9999999999999999
abalone,abalone(9.4%),1,43,0.5,AUROC,0.9999999999999999
abalone,abalone(9.4%),1,43,0.5,Brier_neg,0.8999999999999998
abalone,abalone(9.4%),1,43,0.5,MCC_05,0.9999999999999999
abalone,abalone(9.4%),1,43,1.5,SoftMCC,0.8999999999999998
abalone,abalone(9.4%),1,43,1.5,MCC_best,0.9999999999999999
abalone,abalone(9.4%),1,43,1.5,F1_best,0.9999999999999999
abalone,abalone(9.4%),1,43,1.5,AUPRC,0.9999999999999999
abalone,abalone(9.4%),1,43,1.5,AUROC,0.9999999999999999
abalone,abalone(9.4%),1,43,1.5,Brier_neg,0.8999999999999998
abalone,abalone(9.4%),1,43,1.5,MCC_05,0.9999999999999999
abalone,abalone(9.4%),1,43,2.0,SoftMCC,0.49999999999999994
abalone,abalone(9.4%),1,43,2.0,MCC_best,0.9999999999999999
abalone,abalone(9.4%),1,43,2.0,F1_best,0.9999999999999999
abalone,abalone(9.4%),1,43,2.0,AUPRC,0.9999999999999999
abalone,abalone(9.4%),1,43,2.0,AUROC,0.9999999999999999
abalone,abalone(9.4%),1,43,2.0,Brier_neg,0.7999999999999999
abalone,abalone(9.4%),1,43,2.0,MCC_05,0.9999999999999999
abalone,abalone(9.4%),1,43,3.0,SoftMCC,0.19999999999999998
abalone,abalone(9.4%),1,43,3.0,MCC_best,0.9999999999999999
abalone,abalone(9.4%),1,43,3.0,F1_best,0.9999999999999999
abalone,abalone(9.4%),1,43,3.0,AUPRC,0.9999999999999999
abalone,abalone(9.4%),1,43,3.0,AUROC,0.9999999999999999
abalone,abalone(9.4%),1,43,3.0,Brier_neg,0.3
abalone,abalone(9.4%),1,43,3.0,MCC_05,0.9999999999999999
abalone,abalone(9.4%),2,44,0.5,SoftMCC,0.8999999999999998
abalone,abalone(9.4%),2,44,0.5,MCC_best,0.9999999999999999
abalone,abalone(9.4%),2,44,0.5,F1_best,0.9999999999999999
abalone,abalone(9.4%),2,44,0.5,AUPRC,0.9999999999999999
abalone,abalone(9.4%),2,44,0.5,AUROC,0.9999999999999999
abalone,abalone(9.4%),2,44,0.5,Brier_neg,0.6
abalone,abalone(9.4%),2,44,0.5,MCC_05,0.9999999999999999
abalone,abalone(9.4%),2,44,1.5,SoftMCC,0.7
abalone,abalone(9.4%),2,44,1.5,MCC_best,0.9999999999999999
abalone,abalone(9.4%),2,44,1.5,F1_best,0.9999999999999999
abalone,abalone(9.4%),2,44,1.5,AUPRC,0.9999999999999999
abalone,abalone(9.4%),2,44,1.5,AUROC,0.9999999999999999
abalone,abalone(9.4%),2,44,1.5,Brier_neg,0.9999999999999999
abalone,abalone(9.4%),2,44,1.5,MCC_05,0.9999999999999999
abalone,abalone(9.4%),2,44,2.0,SoftMCC,0.39999999999999997
abalone,abalone(9.4%),2,44,2.0,MCC_best,0.9999999999999999
abalone,abalone(9.4%),2,44,2.0,F1_best,0.9999999999999999
abalone,abalone(9.4%),2,44,2.0,AUPRC,0.9999999999999999
abalone,abalone(9.4%),2,44,2.0,AUROC,0.9999999999999999
abalone,abalone(9.4%),2,44,2.0,Brier_neg,0.6
abalone,abalone(9.4%),2,44,2.0,MCC_05,0.9999999999999999
abalone,abalone(9.4%),2,44,3.0,SoftMCC,0.0
abalone,abalone(9.4%),2,44,3.0,MCC_best,0.9999999999999999
abalone,abalone(9.4%),2,44,3.0,F1_best,0.9999999999999999
abalone,abalone(9.4%),2,44,3.0,AUPRC,0.9999999999999999
abalone,abalone(9.4%),2,44,3.0,AUROC,0.9999999999999999
abalone,abalone(9.4%),2,44,3.0,Brier_neg,0.09999999999999999
abalone,abalone(9.4%),2,44,3.0,MCC_05,0.9999999999999999
abalone,abalone(9.4%),3,45,0.5,SoftMCC,0.3
abalone,abalone(9.4%),3,45,0.5,MCC_best,0.9999999999999999
abalone,abalone(9.4%),3,45,0.5,F1_best,0.9999999999999999
abalone,abalone(9.4%),3,45,0.5,AUPRC,0.9999999999999999
abalone,abalone(9.4%),3,45,0.5,AUROC,0.9999999999999999
abalone,abalone(9.4%),3,45,0.5,Brier_neg,0.39999999999999997
abalone,abalone(9.4%),3,45,0.5,MCC_05,1.0
abalone,abalone(9.4%),3,45,1.5,SoftMCC,0.9999999999999999
abalone,abalone(9.4%),3,45,1.5,MCC_best,0.9999999999999999
abalone,abalone(9.4%),3,45,1.5,F1_best,0.9999999999999999
abalone,abalone(9.4%),3,45,1.5,AUPRC,0.9999999999999999
abalone,abalone(9.4%),3,45,1.5,AUROC,0.9999999999999999
abalone,abalone(9.4%),3,45,1.5,Brier_neg,0.7
abalone,abalone(9.4%),3,45,1.5,MCC_05,1.0
abalone,abalone(9.4%),3,45,2.0,SoftMCC,0.6
abalone,abalone(9.4%),3,45,2.0,MCC_best,0.9999999999999999
abalone,abalone(9.4%),3,45,2.0,F1_best,0.9999999999999999
abalone,abalone(9.4%),3,45,2.0,AUPRC,0.9999999999999999
abalone,abalone(9.4%),3,45,2.0,AUROC,0.9999999999999999
abalone,abalone(9.4%),3,45,2.0,Brier_neg,0.39999999999999997
abalone,abalone(9.4%),3,45,2.0,MCC_05,1.0
abalone,abalone(9.4%),3,45,3.0,SoftMCC,0.19999999999999998
abalone,abalone(9.4%),3,45,3.0,MCC_best,0.9999999999999999
abalone,abalone(9.4%),3,45,3.0,F1_best,0.9999999999999999
abalone,abalone(9.4%),3,45,3.0,AUPRC,0.9999999999999999
abalone,abalone(9.4%),3,45,3.0,AUROC,0.9999999999999999
abalone,abalone(9.4%),3,45,3.0,Brier_neg,-0.49999999999999994
abalone,abalone(9.4%),3,45,3.0,MCC_05,1.0
abalone,abalone(9.4%),4,46,0.5,SoftMCC,0.8999999999999998
abalone,abalone(9.4%),4,46,0.5,MCC_best,0.9999999999999999
abalone,abalone(9.4%),4,46,0.5,F1_best,0.9999999999999999
abalone,abalone(9.4%),4,46,0.5,AUPRC,0.9999999999999999
abalone,abalone(9.4%),4,46,0.5,AUROC,0.9999999999999999
abalone,abalone(9.4%),4,46,0.5,Brier_neg,0.7
abalone,abalone(9.4%),4,46,0.5,MCC_05,0.9999999999999999
abalone,abalone(9.4%),4,46,1.5,SoftMCC,0.9999999999999999
abalone,abalone(9.4%),4,46,1.5,MCC_best,0.9999999999999999
abalone,abalone(9.4%),4,46,1.5,F1_best,0.9999999999999999
abalone,abalone(9.4%),4,46,1.5,AUPRC,0.9999999999999999
abalone,abalone(9.4%),4,46,1.5,AUROC,0.9999999999999999
abalone,abalone(9.4%),4,46,1.5,Brier_neg,0.9999999999999999
abalone,abalone(9.4%),4,46,1.5,MCC_05,0.9999999999999999
abalone,abalone(9.4%),4,46,2.0,SoftMCC,0.8999999999999998
abalone,abalone(9.4%),4,46,2.0,MCC_best,0.9999999999999999
abalone,abalone(9.4%),4,46,2.0,F1_best,0.9999999999999999
abalone,abalone(9.4%),4,46,2.0,AUPRC,0.9999999999999999
abalone,abalone(9.4%),4,46,2.0,AUROC,0.9999999999999999
abalone,abalone(9.4%),4,46,2.0,Brier_neg,0.9999999999999999
abalone,abalone(9.4%),4,46,2.0,MCC_05,0.9999999999999999
abalone,abalone(9.4%),4,46,3.0,SoftMCC,0.49999999999999994
abalone,abalone(9.4%),4,46,3.0,MCC_best,0.9999999999999999
abalone,abalone(9.4%),4,46,3.0,F1_best,0.9999999999999999
abalone,abalone(9.4%),4,46,3.0,AUPRC,0.9999999999999999
abalone,abalone(9.4%),4,46,3.0,AUROC,0.9999999999999999
abalone,abalone(9.4%),4,46,3.0,Brier_neg,0.49999999999999994
abalone,abalone(9.4%),4,46,3.0,MCC_05,0.9999999999999999
abalone,abalone(9.4%),5,47,0.5,SoftMCC,0.8999999999999998
abalone,abalone(9.4%),5,47,0.5,MCC_best,0.9999999999999999
abalone,abalone(9.4%),5,47,0.5,F1_best,0.9999999999999999
abalone,abalone(9.4%),5,47,0.5,AUPRC,0.9999999999999999
abalone,abalone(9.4%),5,47,0.5,AUROC,0.9999999999999999
abalone,abalone(9.4%),5,47,0.5,Brier_neg,0.9999999999999999
abalone,abalone(9.4%),5,47,0.5,MCC_05,1.0
abalone,abalone(9.4%),5,47,1.5,SoftMCC,0.9999999999999999
abalone,abalone(9.4%),5,47,1.5,MCC_best,0.9999999999999999
abalone,abalone(9.4%),5,47,1.5,F1_best,0.9999999999999999
abalone,abalone(9.4%),5,47,1.5,AUPRC,0.9999999999999999
abalone,abalone(9.4%),5,47,1.5,AUROC,0.9999999999999999
abalone,abalone(9.4%),5,47,1.5,Brier_neg,0.8999999999999998
abalone,abalone(9.4%),5,47,1.5,MCC_05,1.0
abalone,abalone(9.4%),5,47,2.0,SoftMCC,0.6
abalone,abalone(9.4%),5,47,2.0,MCC_best,0.9999999999999999
abalone,abalone(9.4%),5,47,2.0,F1_best,0.9999999999999999
abalone,abalone(9.4%),5,47,2.0,AUPRC,0.9999999999999999
abalone,abalone(9.4%),5,47,2.0,AUROC,0.9999999999999999
abalone,abalone(9.4%),5,47,2.0,Brier_neg,0.8999999999999998
abalone,abalone(9.4%),5,47,2.0,MCC_05,1.0
abalone,abalone(9.4%),5,47,3.0,SoftMCC,0.6
abalone,abalone(9.4%),5,47,3.0,MCC_best,0.9999999999999999
abalone,abalone(9.4%),5,47,3.0,F1_best,0.9999999999999999
abalone,abalone(9.4%),5,47,3.0,AUPRC,0.9999999999999999
abalone,abalone(9.4%),5,47,3.0,AUROC,0.9999999999999999
abalone,abalone(9.4%),5,47,3.0,Brier_neg,0.49999999999999994
abalone,abalone(9.4%),5,47,3.0,MCC_05,1.0
abalone,abalone(9.4%),6,48,0.5,SoftMCC,0.9999999999999999
abalone,abalone(9.4%),6,48,0.5,MCC_best,0.9999999999999999
abalone,abalone(9.4%),6,48,0.5,F1_best,0.9999999999999999
abalone,abalone(9.4%),6,48,0.5,AUPRC,0.9999999999999999
abalone,abalone(9.4%),6,48,0.5,AUROC,0.9999999999999999
abalone,abalone(9.4%),6,48,0.5,Brier_neg,0.6
abalone,abalone(9.4%),6,48,0.5,MCC_05,0.9999999999999999
abalone,abalone(9.4%),6,48,1.5,SoftMCC,0.9999999999999999
abalone,abalone(9.4%),6,48,1.5,MCC_best,0.9999999999999999
abalone,abalone(9.4%),6,48,1.5,F1_best,0.9999999999999999
abalone,abalone(9.4%),6,48,1.5,AUPRC,0.9999999999999999
abalone,abalone(9.4%),6,48,1.5,AUROC,0.9999999999999999
abalone,abalone(9.4%),6,48,1.5,Brier_neg,0.9999999999999999
abalone,abalone(9.4%),6,48,1.5,MCC_05,0.9999999999999999
abalone,abalone(9.4%),6,48,2.0,SoftMCC,0.9999999999999999
abalone,abalone(9.4%),6,48,2.0,MCC_best,0.9999999999999999
abalone,abalone(9.4%),6,48,2.0,F1_best,0.9999999999999999
abalone,abalone(9.4%),6,48,2.0,AUPRC,0.9999999999999999
abalone,abalone(9.4%),6,48,2.0,AUROC,0.9999999999999999
abalone,abalone(9.4%),6,48,2.0,Brier_neg,0.9999999999999999
abalone,abalone(9.4%),6,48,2.0,MCC_05,0.9999999999999999
abalone,abalone(9.4%),6,48,3.0,SoftMCC,0.9999999999999999
abalone,abalone(9.4%),6,48,3.0,MCC_best,0.9999999999999999
abalone,abalone(9.4%),6,48,3.0,F1_best,0.9999999999999999
abalone,abalone(9.4%),6,48,3.0,AUPRC,0.9999999999999999
abalone,abalone(9.4%),6,48,3.0,AUROC,0.9999999999999999
abalone,abalone(9.4%),6,48,3.0,Brier_neg,0.8999999999999998
abalone,abalone(9.4%),6,48,3.0,MCC_05,0.9999999999999999
abalone,abalone(9.4%),7,49,0.5,SoftMCC,0.09999999999999999
abalone,abalone(9.4%),7,49,0.5,MCC_best,0.9999999999999999
abalone,abalone(9.4%),7,49,0.5,F1_best,0.9999999999999999
abalone,abalone(9.4%),7,49,0.5,AUPRC,0.9999999999999999
abalone,abalone(9.4%),7,49,0.5,AUROC,0.9999999999999999
abalone,abalone(9.4%),7,49,0.5,Brier_neg,0.8999999999999998
abalone,abalone(9.4%),7,49,0.5,MCC_05,0.9999999999999999
abalone,abalone(9.4%),7,49,1.5,SoftMCC,0.8999999999999998
abalone,abalone(9.4%),7,49,1.5,MCC_best,0.9999999999999999
abalone,abalone(9.4%),7,49,1.5,F1_best,0.9999999999999999
abalone,abalone(9.4%),7,49,1.5,AUPRC,0.9999999999999999
abalone,abalone(9.4%),7,49,1.5,AUROC,0.9999999999999999
abalone,abalone(9.4%),7,49,1.5,Brier_neg,0.7
abalone,abalone(9.4%),7,49,1.5,MCC_05,0.9999999999999999
abalone,abalone(9.4%),7,49,2.0,SoftMCC,0.7
abalone,abalone(9.4%),7,49,2.0,MCC_best,0.9999999999999999
abalone,abalone(9.4%),7,49,2.0,F1_best,0.9999999999999999
abalone,abalone(9.4%),7,49,2.0,AUPRC,0.9999999999999999
abalone,abalone(9.4%),7,49,2.0,AUROC,0.9999999999999999
abalone,abalone(9.4%),7,49,2.0,Brier_neg,-0.19999999999999998
abalone,abalone(9.4%),7,49,2.0,MCC_05,0.9999999999999999
abalone,abalone(9.4%),7,49,3.0,SoftMCC,0.7
abalone,abalone(9.4%),7,49,3.0,MCC_best,0.9999999999999999
abalone,abalone(9.4%),7,49,3.0,F1_best,0.9999999999999999
abalone,abalone(9.4%),7,49,3.0,AUPRC,0.9999999999999999
abalone,abalone(9.4%),7,49,3.0,AUROC,0.9999999999999999
abalone,abalone(9.4%),7,49,3.0,Brier_neg,-0.6
abalone,abalone(9.4%),7,49,3.0,MCC_05,0.9999999999999999
abalone,abalone(9.4%),8,50,0.5,SoftMCC,0.9999999999999999
abalone,abalone(9.4%),8,50,0.5,MCC_best,0.9999999999999999
abalone,abalone(9.4%),8,50,0.5,F1_best,0.9999999999999999
abalone,abalone(9.4%),8,50,0.5,AUPRC,0.9999999999999999
abalone,abalone(9.4%),8,50,0.5,AUROC,0.9999999999999999
abalone,abalone(9.4%),8,50,0.5,Brier_neg,0.9999999999999999
abalone,abalone(9.4%),8,50,0.5,MCC_05,1.0
abalone,abalone(9.4%),8,50,1.5,SoftMCC,0.9999999999999999
abalone,abalone(9.4%),8,50,1.5,MCC_best,0.9999999999999999
abalone,abalone(9.4%),8,50,1.5,F1_best,0.9999999999999999
abalone,abalone(9.4%),8,50,1.5,AUPRC,0.9999999999999999
abalone,abalone(9.4%),8,50,1.5,AUROC,0.9999999999999999
abalone,abalone(9.4%),8,50,1.5,Brier_neg,0.7
abalone,abalone(9.4%),8,50,1.5,MCC_05,1.0
abalone,abalone(9.4%),8,50,2.0,SoftMCC,0.9999999999999999
abalone,abalone(9.4%),8,50,2.0,MCC_best,0.9999999999999999
abalone,abalone(9.4%),8,50,2.0,F1_best,0.9999999999999999
abalone,abalone(9.4%),8,50,2.0,AUPRC,0.9999999999999999
abalone,abalone(9.4%),8,50,2.0,AUROC,0.9999999999999999
abalone,abalone(9.4%),8,50,2.0,Brier_neg,0.7
abalone,abalone(9.4%),8,50,2.0,MCC_05,1.0
abalone,abalone(9.4%),8,50,3.0,SoftMCC,0.9999999999999999
abalone,abalone(9.4%),8,50,3.0,MCC_best,0.9999999999999999
abalone,abalone(9.4%),8,50,3.0,F1_best,0.9999999999999999
abalone,abalone(9.4%),8,50,3.0,AUPRC,0.9999999999999999
abalone,abalone(9.4%),8,50,3.0,AUROC,0.9999999999999999
abalone,abalone(9.4%),8,50,3.0,Brier_neg,0.7
abalone,abalone(9.4%),8,50,3.0,MCC_05,1.0
abalone,abalone(9.4%),9,51,0.5,SoftMCC,0.7999999999999999
abalone,abalone(9.4%),9,51,0.5,MCC_best,0.9999999999999999
abalone,abalone(9.4%),9,51,0.5,F1_best,0.9999999999999999
abalone,abalone(9.4%),9,51,0.5,AUPRC,0.9999999999999999
abalone,abalone(9.4%),9,51,0.5,AUROC,0.9999999999999999
abalone,abalone(9.4%),9,51,0.5,Brier_neg,0.7
abalone,abalone(9.4%),9,51,0.5,MCC_05,1.0
abalone,abalone(9.4%),9,51,1.5,SoftMCC,0.8999999999999998
abalone,abalone(9.4%),9,51,1.5,MCC_best,0.9999999999999999
abalone,abalone(9.4%),9,51,1.5,F1_best,0.9999999999999999
abalone,abalone(9.4%),9,51,1.5,AUPRC,0.9999999999999999
abalone,abalone(9.4%),9,51,1.5,AUROC,0.9999999999999999
abalone,abalone(9.4%),9,51,1.5,Brier_neg,0.8999999999999998
abalone,abalone(9.4%),9,51,1.5,MCC_05,1.0
abalone,abalone(9.4%),9,51,2.0,SoftMCC,0.49999999999999994
abalone,abalone(9.4%),9,51,2.0,MCC_best,0.9999999999999999
abalone,abalone(9.4%),9,51,2.0,F1_best,0.9999999999999999
abalone,abalone(9.4%),9,51,2.0,AUPRC,0.9999999999999999
abalone,abalone(9.4%),9,51,2.0,AUROC,0.9999999999999999
abalone,abalone(9.4%),9,51,2.0,Brier_neg,0.49999999999999994
abalone,abalone(9.4%),9,51,2.0,MCC_05,1.0
abalone,abalone(9.4%),9,51,3.0,SoftMCC,0.19999999999999998
abalone,abalone(9.4%),9,51,3.0,MCC_best,0.9999999999999999
abalone,abalone(9.4%),9,51,3.0,F1_best,0.9999999999999999
abalone,abalone(9.4%),9,51,3.0,AUPRC,0.9999999999999999
abalone,abalone(9.4%),9,51,3.0,AUROC,0.9999999999999999
abalone,abalone(9.4%),9,51,3.0,Brier_neg,0.19999999999999998
abalone,abalone(9.4%),9,51,3.0,MCC_05,1.0
abalone,abalone(9.4%),10,52,0.5,SoftMCC,0.7999999999999999
abalone,abalone(9.4%),10,52,0.5,MCC_best,0.9999999999999999
abalone,abalone(9.4%),10,52,0.5,F1_best,0.9999999999999999
abalone,abalone(9.4%),10,52,0.5,AUPRC,0.9999999999999999
abalone,abalone(9.4%),10,52,0.5,AUROC,0.9999999999999999
abalone,abalone(9.4%),10,52,0.5,Brier_neg,0.8999999999999998
abalone,abalone(9.4%),10,52,0.5,MCC_05,1.0
abalone,abalone(9.4%),10,52,1.5,SoftMCC,0.7999999999999999
abalone,abalone(9.4%),10,52,1.5,MCC_best,0.9999999999999999
abalone,abalone(9.4%),10,52,1.5,F1_best,0.9999999999999999
abalone,abalone(9.4%),10,52,1.5,AUPRC,0.9999999999999999
abalone,abalone(9.4%),10,52,1.5,AUROC,0.9999999999999999
abalone,abalone(9.4%),10,52,1.5,Brier_neg,0.8999999999999998
abalone,abalone(9.4%),10,52,1.5,MCC_05,1.0
abalone,abalone(9.4%),10,52,2.0,SoftMCC,0.7999999999999999
abalone,abalone(9.4%),10,52,2.0,MCC_best,0.9999999999999999
abalone,abalone(9.4%),10,52,2.0,F1_best,0.9999999999999999
abalone,abalone(9.4%),10,52,2.0,AUPRC,0.9999999999999999
abalone,abalone(9.4%),10,52,2.0,AUROC,0.9999999999999999
abalone,abalone(9.4%),10,52,2.0,Brier_neg,0.6
abalone,abalone(9.4%),10,52,2.0,MCC_05,1.0
abalone,abalone(9.4%),10,52,3.0,SoftMCC,0.3
abalone,abalone(9.4%),10,52,3.0,MCC_best,0.9999999999999999
abalone,abalone(9.4%),10,52,3.0,F1_best,0.9999999999999999
abalone,abalone(9.4%),10,52,3.0,AUPRC,0.9999999999999999
abalone,abalone(9.4%),10,52,3.0,AUROC,0.9999999999999999
abalone,abalone(9.4%),10,52,3.0,Brier_neg,-0.3
abalone,abalone(9.4%),10,52,3.0,MCC_05,1.0
abalone,abalone(9.4%),11,53,0.5,SoftMCC,0.8999999999999998
abalone,abalone(9.4%),11,53,0.5,MCC_best,0.9999999999999999
abalone,abalone(9.4%),11,53,0.5,F1_best,0.9999999999999999
abalone,abalone(9.4%),11,53,0.5,AUPRC,0.9999999999999999
abalone,abalone(9.4%),11,53,0.5,AUROC,0.9999999999999999
abalone,abalone(9.4%),11,53,0.5,Brier_neg,0.9999999999999999
abalone,abalone(9.4%),11,53,0.5,MCC_05,1.0
abalone,abalone(9.4%),11,53,1.5,SoftMCC,0.8999999999999998
abalone,abalone(9.4%),11,53,1.5,MCC_best,0.9999999999999999
abalone,abalone(9.4%),11,53,1.5,F1_best,0.9999999999999999
abalone,abalone(9.4%),11,53,1.5,AUPRC,0.9999999999999999
abalone,abalone(9.4%),11,53,1.5,AUROC,0.9999999999999999
abalone,abalone(9.4%),11,53,1.5,Brier_neg,0.9999999999999999
abalone,abalone(9.4%),11,53,1.5,MCC_05,1.0
abalone,abalone(9.4%),11,53,2.0,SoftMCC,0.49999999999999994
abalone,abalone(9.4%),11,53,2.0,MCC_best,0.9999999999999999
abalone,abalone(9.4%),11,53,2.0,F1_best,0.9999999999999999
abalone,abalone(9.4%),11,53,2.0,AUPRC,0.9999999999999999
abalone,abalone(9.4%),11,53,2.0,AUROC,0.9999999999999999
abalone,abalone(9.4%),11,53,2.0,Brier_neg,0.7999999999999999
abalone,abalone(9.4%),11,53,2.0,MCC_05,1.0
abalone,abalone(9.4%),11,53,3.0,SoftMCC,0.19999999999999998
abalone,abalone(9.4%),11,53,3.0,MCC_best,0.9999999999999999
abalone,abalone(9.4%),11,53,3.0,F1_best,0.9999999999999999
abalone,abalone(9.4%),11,53,3.0,AUPRC,0.9999999999999999
abalone,abalone(9.4%),11,53,3.0,AUROC,0.9999999999999999
abalone,abalone(9.4%),11,53,3.0,Brier_neg,-0.09999999999999999
abalone,abalone(9.4%),11,53,3.0,MCC_05,1.0
car_eval_34,car_eval_34(7.8%),0,42,0.5,SoftMCC,0.9999999999999999
car_eval_34,car_eval_34(7.8%),0,42,0.5,MCC_best,0.9999999999999999
car_eval_34,car_eval_34(7.8%),0,42,0.5,F1_best,0.9999999999999999
car_eval_34,car_eval_34(7.8%),0,42,0.5,AUPRC,0.9999999999999999
car_eval_34,car_eval_34(7.8%),0,42,0.5,AUROC,0.9999999999999999
car_eval_34,car_eval_34(7.8%),0,42,0.5,Brier_neg,0.9999999999999999
car_eval_34,car_eval_34(7.8%),0,42,0.5,MCC_05,0.9999999999999999
car_eval_34,car_eval_34(7.8%),0,42,1.5,SoftMCC,0.8999999999999998
car_eval_34,car_eval_34(7.8%),0,42,1.5,MCC_best,0.9999999999999999
car_eval_34,car_eval_34(7.8%),0,42,1.5,F1_best,0.9999999999999999
car_eval_34,car_eval_34(7.8%),0,42,1.5,AUPRC,0.9999999999999999
car_eval_34,car_eval_34(7.8%),0,42,1.5,AUROC,0.9999999999999999
car_eval_34,car_eval_34(7.8%),0,42,1.5,Brier_neg,0.9999999999999999
car_eval_34,car_eval_34(7.8%),0,42,1.5,MCC_05,0.9999999999999999
car_eval_34,car_eval_34(7.8%),0,42,2.0,SoftMCC,0.8999999999999998
car_eval_34,car_eval_34(7.8%),0,42,2.0,MCC_best,0.9999999999999999
car_eval_34,car_eval_34(7.8%),0,42,2.0,F1_best,0.9999999999999999
car_eval_34,car_eval_34(7.8%),0,42,2.0,AUPRC,0.9999999999999999
car_eval_34,car_eval_34(7.8%),0,42,2.0,AUROC,0.9999999999999999
car_eval_34,car_eval_34(7.8%),0,42,2.0,Brier_neg,0.9999999999999999
car_eval_34,car_eval_34(7.8%),0,42,2.0,MCC_05,0.9999999999999999
car_eval_34,car_eval_34(7.8%),0,42,3.0,SoftMCC,0.8999999999999998
car_eval_34,car_eval_34(7.8%),0,42,3.0,MCC_best,0.9999999999999999
car_eval_34,car_eval_34(7.8%),0,42,3.0,F1_best,0.9999999999999999
car_eval_34,car_eval_34(7.8%),0,42,3.0,AUPRC,0.9999999999999999
car_eval_34,car_eval_34(7.8%),0,42,3.0,AUROC,0.9999999999999999
car_eval_34,car_eval_34(7.8%),0,42,3.0,Brier_neg,0.8999999999999998
car_eval_34,car_eval_34(7.8%),0,42,3.0,MCC_05,0.9999999999999999
car_eval_34,car_eval_34(7.8%),1,43,0.5,SoftMCC,0.9999999999999999
car_eval_34,car_eval_34(7.8%),1,43,0.5,MCC_best,0.9999999999999999
car_eval_34,car_eval_34(7.8%),1,43,0.5,F1_best,0.9999999999999999
car_eval_34,car_eval_34(7.8%),1,43,0.5,AUPRC,0.9999999999999999
car_eval_34,car_eval_34(7.8%),1,43,0.5,AUROC,0.9999999999999999
car_eval_34,car_eval_34(7.8%),1,43,0.5,Brier_neg,0.8999999999999998
car_eval_34,car_eval_34(7.8%),1,43,0.5,MCC_05,0.9999999999999999
car_eval_34,car_eval_34(7.8%),1,43,1.5,SoftMCC,0.7
car_eval_34,car_eval_34(7.8%),1,43,1.5,MCC_best,0.9999999999999999
car_eval_34,car_eval_34(7.8%),1,43,1.5,F1_best,0.9999999999999999
car_eval_34,car_eval_34(7.8%),1,43,1.5,AUPRC,0.9999999999999999
car_eval_34,car_eval_34(7.8%),1,43,1.5,AUROC,0.9999999999999999
car_eval_34,car_eval_34(7.8%),1,43,1.5,Brier_neg,0.9999999999999999
car_eval_34,car_eval_34(7.8%),1,43,1.5,MCC_05,0.9999999999999999
car_eval_34,car_eval_34(7.8%),1,43,2.0,SoftMCC,0.7
car_eval_34,car_eval_34(7.8%),1,43,2.0,MCC_best,0.9999999999999999
car_eval_34,car_eval_34(7.8%),1,43,2.0,F1_best,0.9999999999999999
car_eval_34,car_eval_34(7.8%),1,43,2.0,AUPRC,0.9999999999999999
car_eval_34,car_eval_34(7.8%),1,43,2.0,AUROC,0.9999999999999999
car_eval_34,car_eval_34(7.8%),1,43,2.0,Brier_neg,0.8999999999999998
car_eval_34,car_eval_34(7.8%),1,43,2.0,MCC_05,0.9999999999999999
car_eval_34,car_eval_34(7.8%),1,43,3.0,SoftMCC,0.7
car_eval_34,car_eval_34(7.8%),1,43,3.0,MCC_best,0.9999999999999999
car_eval_34,car_eval_34(7.8%),1,43,3.0,F1_best,0.9999999999999999
car_eval_34,car_eval_34(7.8%),1,43,3.0,AUPRC,0.9999999999999999
car_eval_34,car_eval_34(7.8%),1,43,3.0,AUROC,0.9999999999999999
car_eval_34,car_eval_34(7.8%),1,43,3.0,Brier_neg,0.8999999999999998
car_eval_34,car_eval_34(7.8%),1,43,3.0,MCC_05,0.9999999999999999
car_eval_34,car_eval_34(7.8%),2,44,0.5,SoftMCC,0.9999999999999999
car_eval_34,car_eval_34(7.8%),2,44,0.5,MCC_best,1.0
car_eval_34,car_eval_34(7.8%),2,44,0.5,F1_best,1.0
car_eval_34,car_eval_34(7.8%),2,44,0.5,AUPRC,0.9999999999999999
car_eval_34,car_eval_34(7.8%),2,44,0.5,AUROC,0.9999999999999999
car_eval_34,car_eval_34(7.8%),2,44,0.5,Brier_neg,0.9999999999999999
car_eval_34,car_eval_34(7.8%),2,44,0.5,MCC_05,0.9999999999999999
car_eval_34,car_eval_34(7.8%),2,44,1.5,SoftMCC,0.9999999999999999
car_eval_34,car_eval_34(7.8%),2,44,1.5,MCC_best,1.0
car_eval_34,car_eval_34(7.8%),2,44,1.5,F1_best,1.0
car_eval_34,car_eval_34(7.8%),2,44,1.5,AUPRC,0.9999999999999999
car_eval_34,car_eval_34(7.8%),2,44,1.5,AUROC,0.9999999999999999
car_eval_34,car_eval_34(7.8%),2,44,1.5,Brier_neg,0.9999999999999999
car_eval_34,car_eval_34(7.8%),2,44,1.5,MCC_05,0.9999999999999999
car_eval_34,car_eval_34(7.8%),2,44,2.0,SoftMCC,0.9999999999999999
car_eval_34,car_eval_34(7.8%),2,44,2.0,MCC_best,1.0
car_eval_34,car_eval_34(7.8%),2,44,2.0,F1_best,1.0
car_eval_34,car_eval_34(7.8%),2,44,2.0,AUPRC,0.9999999999999999
car_eval_34,car_eval_34(7.8%),2,44,2.0,AUROC,0.9999999999999999
car_eval_34,car_eval_34(7.8%),2,44,2.0,Brier_neg,0.9999999999999999
car_eval_34,car_eval_34(7.8%),2,44,2.0,MCC_05,0.9999999999999999
car_eval_34,car_eval_34(7.8%),2,44,3.0,SoftMCC,0.49999999999999994
car_eval_34,car_eval_34(7.8%),2,44,3.0,MCC_best,1.0
car_eval_34,car_eval_34(7.8%),2,44,3.0,F1_best,1.0
car_eval_34,car_eval_34(7.8%),2,44,3.0,AUPRC,0.9999999999999999
car_eval_34,car_eval_34(7.8%),2,44,3.0,AUROC,0.9999999999999999
car_eval_34,car_eval_34(7.8%),2,44,3.0,Brier_neg,0.19999999999999998
car_eval_34,car_eval_34(7.8%),2,44,3.0,MCC_05,0.9999999999999999
car_eval_34,car_eval_34(7.8%),3,45,0.5,SoftMCC,0.9999999999999999
car_eval_34,car_eval_34(7.8%),3,45,0.5,MCC_best,0.9999999999999999
car_eval_34,car_eval_34(7.8%),3,45,0.5,F1_best,0.9999999999999999
car_eval_34,car_eval_34(7.8%),3,45,0.5,AUPRC,0.9999999999999999
car_eval_34,car_eval_34(7.8%),3,45,0.5,AUROC,0.9999999999999999
car_eval_34,car_eval_34(7.8%),3,45,0.5,Brier_neg,0.9999999999999999
car_eval_34,car_eval_34(7.8%),3,45,0.5,MCC_05,0.9999999999999999
car_eval_34,car_eval_34(7.8%),3,45,1.5,SoftMCC,0.9999999999999999
car_eval_34,car_eval_34(7.8%),3,45,1.5,MCC_best,0.9999999999999999
car_eval_34,car_eval_34(7.8%),3,45,1.5,F1_best,0.9999999999999999
car_eval_34,car_eval_34(7.8%),3,45,1.5,AUPRC,0.9999999999999999
car_eval_34,car_eval_34(7.8%),3,45,1.5,AUROC,0.9999999999999999
car_eval_34,car_eval_34(7.8%),3,45,1.5,Brier_neg,0.9999999999999999
car_eval_34,car_eval_34(7.8%),3,45,1.5,MCC_05,0.9999999999999999
car_eval_34,car_eval_34(7.8%),3,45,2.0,SoftMCC,0.9999999999999999
car_eval_34,car_eval_34(7.8%),3,45,2.0,MCC_best,0.9999999999999999
car_eval_34,car_eval_34(7.8%),3,45,2.0,F1_best,0.9999999999999999
car_eval_34,car_eval_34(7.8%),3,45,2.0,AUPRC,0.9999999999999999
car_eval_34,car_eval_34(7.8%),3,45,2.0,AUROC,0.9999999999999999
car_eval_34,car_eval_34(7.8%),3,45,2.0,Brier_neg,0.9999999999999999
car_eval_34,car_eval_34(7.8%),3,45,2.0,MCC_05,0.9999999999999999
car_eval_34,car_eval_34(7.8%),3,45,3.0,SoftMCC,0.9999999999999999
car_eval_34,car_eval_34(7.8%),3,45,3.0,MCC_best,0.9999999999999999
car_eval_34,car_eval_34(7.8%),3,45,3.0,F1_best,0.9999999999999999
car_eval_34,car_eval_34(7.8%),3,45,3.0,AUPRC,0.9999999999999999
car_eval_34,car_eval_34(7.8%),3,45,3.0,AUROC,0.9999999999999999
car_eval_34,car_eval_34(7.8%),3,45,3.0,Brier_neg,0.9999999999999999
car_eval_34,car_eval_34(7.8%),3,45,3.0,MCC_05,0.9999999999999999
car_eval_34,car_eval_34(7.8%),4,46,0.5,SoftMCC,0.7
car_eval_34,car_eval_34(7.8%),4,46,0.5,MCC_best,0.9999999999999999
car_eval_34,car_eval_34(7.8%),4,46,0.5,F1_best,0.9999999999999999
car_eval_34,car_eval_34(7.8%),4,46,0.5,AUPRC,0.9999999999999999
car_eval_34,car_eval_34(7.8%),4,46,0.5,AUROC,0.9999999999999999
car_eval_34,car_eval_34(7.8%),4,46,0.5,Brier_neg,0.9999999999999999
car_eval_34,car_eval_34(7.8%),4,46,0.5,MCC_05,0.9999999999999999
car_eval_34,car_eval_34(7.8%),4,46,1.5,SoftMCC,0.8999999999999998
car_eval_34,car_eval_34(7.8%),4,46,1.5,MCC_best,0.9999999999999999
car_eval_34,car_eval_34(7.8%),4,46,1.5,F1_best,0.9999999999999999
car_eval_34,car_eval_34(7.8%),4,46,1.5,AUPRC,0.9999999999999999
car_eval_34,car_eval_34(7.8%),4,46,1.5,AUROC,0.9999999999999999
car_eval_34,car_eval_34(7.8%),4,46,1.5,Brier_neg,0.7
car_eval_34,car_eval_34(7.8%),4,46,1.5,MCC_05,0.9999999999999999
car_eval_34,car_eval_34(7.8%),4,46,2.0,SoftMCC,0.8999999999999998
car_eval_34,car_eval_34(7.8%),4,46,2.0,MCC_best,0.9999999999999999
car_eval_34,car_eval_34(7.8%),4,46,2.0,F1_best,0.9999999999999999
car_eval_34,car_eval_34(7.8%),4,46,2.0,AUPRC,0.9999999999999999
car_eval_34,car_eval_34(7.8%),4,46,2.0,AUROC,0.9999999999999999
car_eval_34,car_eval_34(7.8%),4,46,2.0,Brier_neg,0.7
car_eval_34,car_eval_34(7.8%),4,46,2.0,MCC_05,0.9999999999999999
car_eval_34,car_eval_34(7.8%),4,46,3.0,SoftMCC,0.7999999999999999
car_eval_34,car_eval_34(7.8%),4,46,3.0,MCC_best,0.9999999999999999
car_eval_34,car_eval_34(7.8%),4,46,3.0,F1_best,0.9999999999999999
car_eval_34,car_eval_34(7.8%),4,46,3.0,AUPRC,0.9999999999999999
car_eval_34,car_eval_34(7.8%),4,46,3.0,AUROC,0.9999999999999999
car_eval_34,car_eval_34(7.8%),4,46,3.0,Brier_neg,0.7
car_eval_34,car_eval_34(7.8%),4,46,3.0,MCC_05,0.9999999999999999
car_eval_34,car_eval_34(7.8%),5,47,0.5,SoftMCC,0.9999999999999999
car_eval_34,car_eval_34(7.8%),5,47,0.5,MCC_best,0.9999999999999999
car_eval_34,car_eval_34(7.8%),5,47,0.5,F1_best,0.9999999999999999
car_eval_34,car_eval_34(7.8%),5,47,0.5,AUPRC,0.9999999999999999
car_eval_34,car_eval_34(7.8%),5,47,0.5,AUROC,0.9999999999999999
car_eval_34,car_eval_34(7.8%),5,47,0.5,Brier_neg,0.9999999999999999
car_eval_34,car_eval_34(7.8%),5,47,0.5,MCC_05,1.0
car_eval_34,car_eval_34(7.8%),5,47,1.5,SoftMCC,0.9999999999999999
car_eval_34,car_eval_34(7.8%),5,47,1.5,MCC_best,0.9999999999999999
car_eval_34,car_eval_34(7.8%),5,47,1.5,F1_best,0.9999999999999999
car_eval_34,car_eval_34(7.8%),5,47,1.5,AUPRC,0.9999999999999999
car_eval_34,car_eval_34(7.8%),5,47,1.5,AUROC,0.9999999999999999
car_eval_34,car_eval_34(7.8%),5,47,1.5,Brier_neg,0.9999999999999999
car_eval_34,car_eval_34(7.8%),5,47,1.5,MCC_05,1.0
car_eval_34,car_eval_34(7.8%),5,47,2.0,SoftMCC,0.9999999999999999
car_eval_34,car_eval_34(7.8%),5,47,2.0,MCC_best,0.9999999999999999
car_eval_34,car_eval_34(7.8%),5,47,2.0,F1_best,0.9999999999999999
car_eval_34,car_eval_34(7.8%),5,47,2.0,AUPRC,0.9999999999999999
car_eval_34,car_eval_34(7.8%),5,47,2.0,AUROC,0.9999999999999999
car_eval_34,car_eval_34(7.8%),5,47,2.0,Brier_neg,0.9999999999999999
car_eval_34,car_eval_34(7.8%),5,47,2.0,MCC_05,1.0
car_eval_34,car_eval_34(7.8%),5,47,3.0,SoftMCC,0.9999999999999999
car_eval_34,car_eval_34(7.8%),5,47,3.0,MCC_best,0.9999999999999999
car_eval_34,car_eval_34(7.8%),5,47,3.0,F1_best,0.9999999999999999
car_eval_34,car_eval_34(7.8%),5,47,3.0,AUPRC,0.9999999999999999
car_eval_34,car_eval_34(7.8%),5,47,3.0,AUROC,0.9999999999999999
car_eval_34,car_eval_34(7.8%),5,47,3.0,Brier_neg,0.8999999999999998
car_eval_34,car_eval_34(7.8%),5,47,3.0,MCC_05,1.0
car_eval_34,car_eval_34(7.8%),6,48,0.5,SoftMCC,0.9999999999999999
car_eval_34,car_eval_34(7.8%),6,48,0.5,MCC_best,0.9999999999999999
car_eval_34,car_eval_34(7.8%),6,48,0.5,F1_best,0.9999999999999999
car_eval_34,car_eval_34(7.8%),6,48,0.5,AUPRC,0.9999999999999999
car_eval_34,car_eval_34(7.8%),6,48,0.5,AUROC,0.9999999999999999
car_eval_34,car_eval_34(7.8%),6,48,0.5,Brier_neg,0.8999999999999998
car_eval_34,car_eval_34(7.8%),6,48,0.5,MCC_05,0.9999999999999999
car_eval_34,car_eval_34(7.8%),6,48,1.5,SoftMCC,0.9999999999999999
car_eval_34,car_eval_34(7.8%),6,48,1.5,MCC_best,0.9999999999999999
car_eval_34,car_eval_34(7.8%),6,48,1.5,F1_best,0.9999999999999999
car_eval_34,car_eval_34(7.8%),6,48,1.5,AUPRC,0.9999999999999999
car_eval_34,car_eval_34(7.8%),6,48,1.5,AUROC,0.9999999999999999
car_eval_34,car_eval_34(7.8%),6,48,1.5,Brier_neg,0.9999999999999999
car_eval_34,car_eval_34(7.8%),6,48,1.5,MCC_05,0.9999999999999999
car_eval_34,car_eval_34(7.8%),6,48,2.0,SoftMCC,0.9999999999999999
car_eval_34,car_eval_34(7.8%),6,48,2.0,MCC_best,0.9999999999999999
car_eval_34,car_eval_34(7.8%),6,48,2.0,F1_best,0.9999999999999999
car_eval_34,car_eval_34(7.8%),6,48,2.0,AUPRC,0.9999999999999999
car_eval_34,car_eval_34(7.8%),6,48,2.0,AUROC,0.9999999999999999
car_eval_34,car_eval_34(7.8%),6,48,2.0,Brier_neg,0.9999999999999999
car_eval_34,car_eval_34(7.8%),6,48,2.0,MCC_05,0.9999999999999999
car_eval_34,car_eval_34(7.8%),6,48,3.0,SoftMCC,0.9999999999999999
car_eval_34,car_eval_34(7.8%),6,48,3.0,MCC_best,0.9999999999999999
car_eval_34,car_eval_34(7.8%),6,48,3.0,F1_best,0.9999999999999999
car_eval_34,car_eval_34(7.8%),6,48,3.0,AUPRC,0.9999999999999999
car_eval_34,car_eval_34(7.8%),6,48,3.0,AUROC,0.9999999999999999
car_eval_34,car_eval_34(7.8%),6,48,3.0,Brier_neg,0.9999999999999999
car_eval_34,car_eval_34(7.8%),6,48,3.0,MCC_05,0.9999999999999999
car_eval_34,car_eval_34(7.8%),7,49,0.5,SoftMCC,0.9999999999999999
car_eval_34,car_eval_34(7.8%),7,49,0.5,MCC_best,0.9999999999999999
car_eval_34,car_eval_34(7.8%),7,49,0.5,F1_best,0.9999999999999999
car_eval_34,car_eval_34(7.8%),7,49,0.5,AUPRC,0.9999999999999999
car_eval_34,car_eval_34(7.8%),7,49,0.5,AUROC,0.9999999999999999
car_eval_34,car_eval_34(7.8%),7,49,0.5,Brier_neg,0.9999999999999999
car_eval_34,car_eval_34(7.8%),7,49,0.5,MCC_05,0.9999999999999999
car_eval_34,car_eval_34(7.8%),7,49,1.5,SoftMCC,0.9999999999999999
car_eval_34,car_eval_34(7.8%),7,49,1.5,MCC_best,0.9999999999999999
car_eval_34,car_eval_34(7.8%),7,49,1.5,F1_best,0.9999999999999999
car_eval_34,car_eval_34(7.8%),7,49,1.5,AUPRC,0.9999999999999999
car_eval_34,car_eval_34(7.8%),7,49,1.5,AUROC,0.9999999999999999
car_eval_34,car_eval_34(7.8%),7,49,1.5,Brier_neg,0.9999999999999999
car_eval_34,car_eval_34(7.8%),7,49,1.5,MCC_05,0.9999999999999999
car_eval_34,car_eval_34(7.8%),7,49,2.0,SoftMCC,0.9999999999999999
car_eval_34,car_eval_34(7.8%),7,49,2.0,MCC_best,0.9999999999999999
car_eval_34,car_eval_34(7.8%),7,49,2.0,F1_best,0.9999999999999999
car_eval_34,car_eval_34(7.8%),7,49,2.0,AUPRC,0.9999999999999999
car_eval_34,car_eval_34(7.8%),7,49,2.0,AUROC,0.9999999999999999
car_eval_34,car_eval_34(7.8%),7,49,2.0,Brier_neg,0.9999999999999999
car_eval_34,car_eval_34(7.8%),7,49,2.0,MCC_05,0.9999999999999999
car_eval_34,car_eval_34(7.8%),7,49,3.0,SoftMCC,0.9999999999999999
car_eval_34,car_eval_34(7.8%),7,49,3.0,MCC_best,0.9999999999999999
car_eval_34,car_eval_34(7.8%),7,49,3.0,F1_best,0.9999999999999999
car_eval_34,car_eval_34(7.8%),7,49,3.0,AUPRC,0.9999999999999999
car_eval_34,car_eval_34(7.8%),7,49,3.0,AUROC,0.9999999999999999
car_eval_34,car_eval_34(7.8%),7,49,3.0,Brier_neg,0.9999999999999999
car_eval_34,car_eval_34(7.8%),7,49,3.0,MCC_05,0.9999999999999999
car_eval_34,car_eval_34(7.8%),8,50,0.5,SoftMCC,0.8999999999999998
car_eval_34,car_eval_34(7.8%),8,50,0.5,MCC_best,0.9999999999999999
car_eval_34,car_eval_34(7.8%),8,50,0.5,F1_best,0.9999999999999999
car_eval_34,car_eval_34(7.8%),8,50,0.5,AUPRC,0.9999999999999999
car_eval_34,car_eval_34(7.8%),8,50,0.5,AUROC,0.9999999999999999
car_eval_34,car_eval_34(7.8%),8,50,0.5,Brier_neg,0.8999999999999998
car_eval_34,car_eval_34(7.8%),8,50,0.5,MCC_05,1.0
car_eval_34,car_eval_34(7.8%),8,50,1.5,SoftMCC,0.8999999999999998
car_eval_34,car_eval_34(7.8%),8,50,1.5,MCC_best,0.9999999999999999
car_eval_34,car_eval_34(7.8%),8,50,1.5,F1_best,0.9999999999999999
car_eval_34,car_eval_34(7.8%),8,50,1.5,AUPRC,0.9999999999999999
car_eval_34,car_eval_34(7.8%),8,50,1.5,AUROC,0.9999999999999999
car_eval_34,car_eval_34(7.8%),8,50,1.5,Brier_neg,0.9999999999999999
car_eval_34,car_eval_34(7.8%),8,50,1.5,MCC_05,1.0
car_eval_34,car_eval_34(7.8%),8,50,2.0,SoftMCC,0.6
car_eval_34,car_eval_34(7.8%),8,50,2.0,MCC_best,0.9999999999999999
car_eval_34,car_eval_34(7.8%),8,50,2.0,F1_best,0.9999999999999999
car_eval_34,car_eval_34(7.8%),8,50,2.0,AUPRC,0.9999999999999999
car_eval_34,car_eval_34(7.8%),8,50,2.0,AUROC,0.9999999999999999
car_eval_34,car_eval_34(7.8%),8,50,2.0,Brier_neg,0.6
car_eval_34,car_eval_34(7.8%),8,50,2.0,MCC_05,1.0
car_eval_34,car_eval_34(7.8%),8,50,3.0,SoftMCC,0.3
car_eval_34,car_eval_34(7.8%),8,50,3.0,MCC_best,0.9999999999999999
car_eval_34,car_eval_34(7.8%),8,50,3.0,F1_best,0.9999999999999999
car_eval_34,car_eval_34(7.8%),8,50,3.0,AUPRC,0.9999999999999999
car_eval_34,car_eval_34(7.8%),8,50,3.0,AUROC,0.9999999999999999
car_eval_34,car_eval_34(7.8%),8,50,3.0,Brier_neg,-0.19999999999999998
car_eval_34,car_eval_34(7.8%),8,50,3.0,MCC_05,1.0
car_eval_34,car_eval_34(7.8%),9,51,0.5,SoftMCC,0.8999999999999998
car_eval_34,car_eval_34(7.8%),9,51,0.5,MCC_best,0.9999999999999999
car_eval_34,car_eval_34(7.8%),9,51,0.5,F1_best,0.9999999999999999
car_eval_34,car_eval_34(7.8%),9,51,0.5,AUPRC,0.9999999999999999
car_eval_34,car_eval_34(7.8%),9,51,0.5,AUROC,0.9999999999999999
car_eval_34,car_eval_34(7.8%),9,51,0.5,Brier_neg,0.8999999999999998
car_eval_34,car_eval_34(7.8%),9,51,0.5,MCC_05,1.0
car_eval_34,car_eval_34(7.8%),9,51,1.5,SoftMCC,0.9999999999999999
car_eval_34,car_eval_34(7.8%),9,51,1.5,MCC_best,0.9999999999999999
car_eval_34,car_eval_34(7.8%),9,51,1.5,F1_best,0.9999999999999999
car_eval_34,car_eval_34(7.8%),9,51,1.5,AUPRC,0.9999999999999999
car_eval_34,car_eval_34(7.8%),9,51,1.5,AUROC,0.9999999999999999
car_eval_34,car_eval_34(7.8%),9,51,1.5,Brier_neg,0.9999999999999999
car_eval_34,car_eval_34(7.8%),9,51,1.5,MCC_05,1.0
car_eval_34,car_eval_34(7.8%),9,51,2.0,SoftMCC,0.9999999999999999
car_eval_34,car_eval_34(7.8%),9,51,2.0,MCC_best,0.9999999999999999
car_eval_34,car_eval_34(7.8%),9,51,2.0,F1_best,0.9999999999999999
car_eval_34,car_eval_34(7.8%),9,51,2.0,AUPRC,0.9999999999999999
car_eval_34,car_eval_34(7.8%),9,51,2.0,AUROC,0.9999999999999999
car_eval_34,car_eval_34(7.8%),9,51,2.0,Brier_neg,0.9999999999999999
car_eval_34,car_eval_34(7.8%),9,51,2.0,MCC_05,1.0
car_eval_34,car_eval_34(7.8%),9,51,3.0,SoftMCC,0.9999999999999999
car_eval_34,car_eval_34(7.8%),9,51,3.0,MCC_best,0.9999999999999999
car_eval_34,car_eval_34(7.8%),9,51,3.0,F1_best,0.9999999999999999
car_eval_34,car_eval_34(7.8%),9,51,3.0,AUPRC,0.9999999999999999
car_eval_34,car_eval_34(7.8%),9,51,3.0,AUROC,0.9999999999999999
car_eval_34,car_eval_34(7.8%),9,51,3.0,Brier_neg,0.9999999999999999
car_eval_34,car_eval_34(7.8%),9,51,3.0,MCC_05,1.0
car_eval_34,car_eval_34(7.8%),10,52,0.5,SoftMCC,0.9999999999999999
car_eval_34,car_eval_34(7.8%),10,52,0.5,MCC_best,0.9999999999999999
car_eval_34,car_eval_34(7.8%),10,52,0.5,F1_best,0.9999999999999999
car_eval_34,car_eval_34(7.8%),10,52,0.5,AUPRC,0.9999999999999999
car_eval_34,car_eval_34(7.8%),10,52,0.5,AUROC,0.9999999999999999
car_eval_34,car_eval_34(7.8%),10,52,0.5,Brier_neg,0.6
car_eval_34,car_eval_34(7.8%),10,52,0.5,MCC_05,0.9999999999999999
car_eval_34,car_eval_34(7.8%),10,52,1.5,SoftMCC,0.9999999999999999
car_eval_34,car_eval_34(7.8%),10,52,1.5,MCC_best,0.9999999999999999
car_eval_34,car_eval_34(7.8%),10,52,1.5,F1_best,0.9999999999999999
car_eval_34,car_eval_34(7.8%),10,52,1.5,AUPRC,0.9999999999999999
car_eval_34,car_eval_34(7.8%),10,52,1.5,AUROC,0.9999999999999999
car_eval_34,car_eval_34(7.8%),10,52,1.5,Brier_neg,0.9999999999999999
car_eval_34,car_eval_34(7.8%),10,52,1.5,MCC_05,0.9999999999999999
car_eval_34,car_eval_34(7.8%),10,52,2.0,SoftMCC,0.9999999999999999
car_eval_34,car_eval_34(7.8%),10,52,2.0,MCC_best,0.9999999999999999
car_eval_34,car_eval_34(7.8%),10,52,2.0,F1_best,0.9999999999999999
car_eval_34,car_eval_34(7.8%),10,52,2.0,AUPRC,0.9999999999999999
car_eval_34,car_eval_34(7.8%),10,52,2.0,AUROC,0.9999999999999999
car_eval_34,car_eval_34(7.8%),10,52,2.0,Brier_neg,0.9999999999999999
car_eval_34,car_eval_34(7.8%),10,52,2.0,MCC_05,0.9999999999999999
car_eval_34,car_eval_34(7.8%),10,52,3.0,SoftMCC,0.9999999999999999
car_eval_34,car_eval_34(7.8%),10,52,3.0,MCC_best,0.9999999999999999
car_eval_34,car_eval_34(7.8%),10,52,3.0,F1_best,0.9999999999999999
car_eval_34,car_eval_34(7.8%),10,52,3.0,AUPRC,0.9999999999999999
car_eval_34,car_eval_34(7.8%),10,52,3.0,AUROC,0.9999999999999999
car_eval_34,car_eval_34(7.8%),10,52,3.0,Brier_neg,0.9999999999999999
car_eval_34,car_eval_34(7.8%),10,52,3.0,MCC_05,0.9999999999999999
car_eval_34,car_eval_34(7.8%),11,53,0.5,SoftMCC,0.9999999999999999
car_eval_34,car_eval_34(7.8%),11,53,0.5,MCC_best,0.9999999999999999
car_eval_34,car_eval_34(7.8%),11,53,0.5,F1_best,0.9999999999999999
car_eval_34,car_eval_34(7.8%),11,53,0.5,AUPRC,0.9999999999999999
car_eval_34,car_eval_34(7.8%),11,53,0.5,AUROC,0.9999999999999999
car_eval_34,car_eval_34(7.8%),11,53,0.5,Brier_neg,0.6
car_eval_34,car_eval_34(7.8%),11,53,0.5,MCC_05,0.9999999999999999
car_eval_34,car_eval_34(7.8%),11,53,1.5,SoftMCC,0.9999999999999999
car_eval_34,car_eval_34(7.8%),11,53,1.5,MCC_best,0.9999999999999999
car_eval_34,car_eval_34(7.8%),11,53,1.5,F1_best,0.9999999999999999
car_eval_34,car_eval_34(7.8%),11,53,1.5,AUPRC,0.9999999999999999
car_eval_34,car_eval_34(7.8%),11,53,1.5,AUROC,0.9999999999999999
car_eval_34,car_eval_34(7.8%),11,53,1.5,Brier_neg,0.9999999999999999
car_eval_34,car_eval_34(7.8%),11,53,1.5,MCC_05,0.9999999999999999
car_eval_34,car_eval_34(7.8%),11,53,2.0,SoftMCC,0.9999999999999999
car_eval_34,car_eval_34(7.8%),11,53,2.0,MCC_best,0.9999999999999999
car_eval_34,car_eval_34(7.8%),11,53,2.0,F1_best,0.9999999999999999
car_eval_34,car_eval_34(7.8%),11,53,2.0,AUPRC,0.9999999999999999
car_eval_34,car_eval_34(7.8%),11,53,2.0,AUROC,0.9999999999999999
car_eval_34,car_eval_34(7.8%),11,53,2.0,Brier_neg,0.8999999999999998
car_eval_34,car_eval_34(7.8%),11,53,2.0,MCC_05,0.9999999999999999
car_eval_34,car_eval_34(7.8%),11,53,3.0,SoftMCC,0.9999999999999999
car_eval_34,car_eval_34(7.8%),11,53,3.0,MCC_best,0.9999999999999999
car_eval_34,car_eval_34(7.8%),11,53,3.0,F1_best,0.9999999999999999
car_eval_34,car_eval_34(7.8%),11,53,3.0,AUPRC,0.9999999999999999
car_eval_34,car_eval_34(7.8%),11,53,3.0,AUROC,0.9999999999999999
car_eval_34,car_eval_34(7.8%),11,53,3.0,Brier_neg,0.9999999999999999
car_eval_34,car_eval_34(7.8%),11,53,3.0,MCC_05,0.9999999999999999
car_eval_4,car_eval_4(3.8%),0,42,0.5,SoftMCC,0.9999999999999999
car_eval_4,car_eval_4(3.8%),0,42,0.5,MCC_best,0.9999999999999999
car_eval_4,car_eval_4(3.8%),0,42,0.5,F1_best,0.9999999999999999
car_eval_4,car_eval_4(3.8%),0,42,0.5,AUPRC,0.9999999999999999
car_eval_4,car_eval_4(3.8%),0,42,0.5,AUROC,0.9999999999999999
car_eval_4,car_eval_4(3.8%),0,42,0.5,Brier_neg,0.9999999999999999
car_eval_4,car_eval_4(3.8%),0,42,0.5,MCC_05,1.0
car_eval_4,car_eval_4(3.8%),0,42,1.5,SoftMCC,0.9999999999999999
car_eval_4,car_eval_4(3.8%),0,42,1.5,MCC_best,0.9999999999999999
car_eval_4,car_eval_4(3.8%),0,42,1.5,F1_best,0.9999999999999999
car_eval_4,car_eval_4(3.8%),0,42,1.5,AUPRC,0.9999999999999999
car_eval_4,car_eval_4(3.8%),0,42,1.5,AUROC,0.9999999999999999
car_eval_4,car_eval_4(3.8%),0,42,1.5,Brier_neg,0.9999999999999999
car_eval_4,car_eval_4(3.8%),0,42,1.5,MCC_05,1.0
car_eval_4,car_eval_4(3.8%),0,42,2.0,SoftMCC,0.9999999999999999
car_eval_4,car_eval_4(3.8%),0,42,2.0,MCC_best,0.9999999999999999
car_eval_4,car_eval_4(3.8%),0,42,2.0,F1_best,0.9999999999999999
car_eval_4,car_eval_4(3.8%),0,42,2.0,AUPRC,0.9999999999999999
car_eval_4,car_eval_4(3.8%),0,42,2.0,AUROC,0.9999999999999999
car_eval_4,car_eval_4(3.8%),0,42,2.0,Brier_neg,0.8999999999999998
car_eval_4,car_eval_4(3.8%),0,42,2.0,MCC_05,1.0
car_eval_4,car_eval_4(3.8%),0,42,3.0,SoftMCC,0.9999999999999999
car_eval_4,car_eval_4(3.8%),0,42,3.0,MCC_best,0.9999999999999999
car_eval_4,car_eval_4(3.8%),0,42,3.0,F1_best,0.9999999999999999
car_eval_4,car_eval_4(3.8%),0,42,3.0,AUPRC,0.9999999999999999
car_eval_4,car_eval_4(3.8%),0,42,3.0,AUROC,0.9999999999999999
car_eval_4,car_eval_4(3.8%),0,42,3.0,Brier_neg,0.8999999999999998
car_eval_4,car_eval_4(3.8%),0,42,3.0,MCC_05,1.0
car_eval_4,car_eval_4(3.8%),1,43,0.5,SoftMCC,0.9999999999999999
car_eval_4,car_eval_4(3.8%),1,43,0.5,MCC_best,0.9999999999999999
car_eval_4,car_eval_4(3.8%),1,43,0.5,F1_best,0.9999999999999999
car_eval_4,car_eval_4(3.8%),1,43,0.5,AUPRC,0.9999999999999999
car_eval_4,car_eval_4(3.8%),1,43,0.5,AUROC,0.9999999999999999
car_eval_4,car_eval_4(3.8%),1,43,0.5,Brier_neg,0.9999999999999999
car_eval_4,car_eval_4(3.8%),1,43,0.5,MCC_05,0.9999999999999999
car_eval_4,car_eval_4(3.8%),1,43,1.5,SoftMCC,0.9999999999999999
car_eval_4,car_eval_4(3.8%),1,43,1.5,MCC_best,0.9999999999999999
car_eval_4,car_eval_4(3.8%),1,43,1.5,F1_best,0.9999999999999999
car_eval_4,car_eval_4(3.8%),1,43,1.5,AUPRC,0.9999999999999999
car_eval_4,car_eval_4(3.8%),1,43,1.5,AUROC,0.9999999999999999
car_eval_4,car_eval_4(3.8%),1,43,1.5,Brier_neg,0.9999999999999999
car_eval_4,car_eval_4(3.8%),1,43,1.5,MCC_05,0.9999999999999999
car_eval_4,car_eval_4(3.8%),1,43,2.0,SoftMCC,0.9999999999999999
car_eval_4,car_eval_4(3.8%),1,43,2.0,MCC_best,0.9999999999999999
car_eval_4,car_eval_4(3.8%),1,43,2.0,F1_best,0.9999999999999999
car_eval_4,car_eval_4(3.8%),1,43,2.0,AUPRC,0.9999999999999999
car_eval_4,car_eval_4(3.8%),1,43,2.0,AUROC,0.9999999999999999
car_eval_4,car_eval_4(3.8%),1,43,2.0,Brier_neg,0.9999999999999999
car_eval_4,car_eval_4(3.8%),1,43,2.0,MCC_05,0.9999999999999999
car_eval_4,car_eval_4(3.8%),1,43,3.0,SoftMCC,0.9999999999999999
car_eval_4,car_eval_4(3.8%),1,43,3.0,MCC_best,0.9999999999999999
car_eval_4,car_eval_4(3.8%),1,43,3.0,F1_best,0.9999999999999999
car_eval_4,car_eval_4(3.8%),1,43,3.0,AUPRC,0.9999999999999999
car_eval_4,car_eval_4(3.8%),1,43,3.0,AUROC,0.9999999999999999
car_eval_4,car_eval_4(3.8%),1,43,3.0,Brier_neg,0.9999999999999999
car_eval_4,car_eval_4(3.8%),1,43,3.0,MCC_05,0.9999999999999999
car_eval_4,car_eval_4(3.8%),2,44,0.5,SoftMCC,0.8999999999999998
car_eval_4,car_eval_4(3.8%),2,44,0.5,MCC_best,1.0
car_eval_4,car_eval_4(3.8%),2,44,0.5,F1_best,1.0
car_eval_4,car_eval_4(3.8%),2,44,0.5,AUPRC,0.9999999999999999
car_eval_4,car_eval_4(3.8%),2,44,0.5,AUROC,0.9999999999999999
car_eval_4,car_eval_4(3.8%),2,44,0.5,Brier_neg,0.9999999999999999
car_eval_4,car_eval_4(3.8%),2,44,0.5,MCC_05,1.0
car_eval_4,car_eval_4(3.8%),2,44,1.5,SoftMCC,0.9999999999999999
car_eval_4,car_eval_4(3.8%),2,44,1.5,MCC_best,1.0
car_eval_4,car_eval_4(3.8%),2,44,1.5,F1_best,1.0
car_eval_4,car_eval_4(3.8%),2,44,1.5,AUPRC,0.9999999999999999
car_eval_4,car_eval_4(3.8%),2,44,1.5,AUROC,0.9999999999999999
car_eval_4,car_eval_4(3.8%),2,44,1.5,Brier_neg,0.8999999999999998
car_eval_4,car_eval_4(3.8%),2,44,1.5,MCC_05,1.0
car_eval_4,car_eval_4(3.8%),2,44,2.0,SoftMCC,0.9999999999999999
car_eval_4,car_eval_4(3.8%),2,44,2.0,MCC_best,1.0
car_eval_4,car_eval_4(3.8%),2,44,2.0,F1_best,1.0
car_eval_4,car_eval_4(3.8%),2,44,2.0,AUPRC,0.9999999999999999
car_eval_4,car_eval_4(3.8%),2,44,2.0,AUROC,0.9999999999999999
car_eval_4,car_eval_4(3.8%),2,44,2.0,Brier_neg,0.8999999999999998
car_eval_4,car_eval_4(3.8%),2,44,2.0,MCC_05,1.0
car_eval_4,car_eval_4(3.8%),2,44,3.0,SoftMCC,0.9999999999999999
car_eval_4,car_eval_4(3.8%),2,44,3.0,MCC_best,1.0
car_eval_4,car_eval_4(3.8%),2,44,3.0,F1_best,1.0
car_eval_4,car_eval_4(3.8%),2,44,3.0,AUPRC,0.9999999999999999
car_eval_4,car_eval_4(3.8%),2,44,3.0,AUROC,0.9999999999999999
car_eval_4,car_eval_4(3.8%),2,44,3.0,Brier_neg,0.8999999999999998
car_eval_4,car_eval_4(3.8%),2,44,3.0,MCC_05,1.0
car_eval_4,car_eval_4(3.8%),3,45,0.5,SoftMCC,0.9999999999999999
car_eval_4,car_eval_4(3.8%),3,45,0.5,MCC_best,1.0
car_eval_4,car_eval_4(3.8%),3,45,0.5,F1_best,1.0
car_eval_4,car_eval_4(3.8%),3,45,0.5,AUPRC,0.9999999999999999
car_eval_4,car_eval_4(3.8%),3,45,0.5,AUROC,0.9999999999999999
car_eval_4,car_eval_4(3.8%),3,45,0.5,Brier_neg,0.9999999999999999
car_eval_4,car_eval_4(3.8%),3,45,0.5,MCC_05,0.9999999999999999
car_eval_4,car_eval_4(3.8%),3,45,1.5,SoftMCC,0.9999999999999999
car_eval_4,car_eval_4(3.8%),3,45,1.5,MCC_best,1.0
car_eval_4,car_eval_4(3.8%),3,45,1.5,F1_best,1.0
car_eval_4,car_eval_4(3.8%),3,45,1.5,AUPRC,0.9999999999999999
car_eval_4,car_eval_4(3.8%),3,45,1.5,AUROC,0.9999999999999999
car_eval_4,car_eval_4(3.8%),3,45,1.5,Brier_neg,0.9999999999999999
car_eval_4,car_eval_4(3.8%),3,45,1.5,MCC_05,0.9999999999999999
car_eval_4,car_eval_4(3.8%),3,45,2.0,SoftMCC,0.9999999999999999
car_eval_4,car_eval_4(3.8%),3,45,2.0,MCC_best,1.0
car_eval_4,car_eval_4(3.8%),3,45,2.0,F1_best,1.0
car_eval_4,car_eval_4(3.8%),3,45,2.0,AUPRC,0.9999999999999999
car_eval_4,car_eval_4(3.8%),3,45,2.0,AUROC,0.9999999999999999
car_eval_4,car_eval_4(3.8%),3,45,2.0,Brier_neg,0.9999999999999999
car_eval_4,car_eval_4(3.8%),3,45,2.0,MCC_05,0.9999999999999999
car_eval_4,car_eval_4(3.8%),3,45,3.0,SoftMCC,0.8999999999999998
car_eval_4,car_eval_4(3.8%),3,45,3.0,MCC_best,1.0
car_eval_4,car_eval_4(3.8%),3,45,3.0,F1_best,1.0
car_eval_4,car_eval_4(3.8%),3,45,3.0,AUPRC,0.9999999999999999
car_eval_4,car_eval_4(3.8%),3,45,3.0,AUROC,0.9999999999999999
car_eval_4,car_eval_4(3.8%),3,45,3.0,Brier_neg,0.9999999999999999
car_eval_4,car_eval_4(3.8%),3,45,3.0,MCC_05,0.9999999999999999
car_eval_4,car_eval_4(3.8%),4,46,0.5,SoftMCC,0.9999999999999999
car_eval_4,car_eval_4(3.8%),4,46,0.5,MCC_best,1.0
car_eval_4,car_eval_4(3.8%),4,46,0.5,F1_best,1.0
car_eval_4,car_eval_4(3.8%),4,46,0.5,AUPRC,0.9999999999999999
car_eval_4,car_eval_4(3.8%),4,46,0.5,AUROC,1.0
car_eval_4,car_eval_4(3.8%),4,46,0.5,Brier_neg,0.8999999999999998
car_eval_4,car_eval_4(3.8%),4,46,0.5,MCC_05,1.0
car_eval_4,car_eval_4(3.8%),4,46,1.5,SoftMCC,0.9999999999999999
car_eval_4,car_eval_4(3.8%),4,46,1.5,MCC_best,1.0
car_eval_4,car_eval_4(3.8%),4,46,1.5,F1_best,1.0
car_eval_4,car_eval_4(3.8%),4,46,1.5,AUPRC,0.9999999999999999
car_eval_4,car_eval_4(3.8%),4,46,1.5,AUROC,1.0
car_eval_4,car_eval_4(3.8%),4,46,1.5,Brier_neg,0.9999999999999999
car_eval_4,car_eval_4(3.8%),4,46,1.5,MCC_05,1.0
car_eval_4,car_eval_4(3.8%),4,46,2.0,SoftMCC,0.9999999999999999
car_eval_4,car_eval_4(3.8%),4,46,2.0,MCC_best,1.0
car_eval_4,car_eval_4(3.8%),4,46,2.0,F1_best,1.0
car_eval_4,car_eval_4(3.8%),4,46,2.0,AUPRC,0.9999999999999999
car_eval_4,car_eval_4(3.8%),4,46,2.0,AUROC,1.0
car_eval_4,car_eval_4(3.8%),4,46,2.0,Brier_neg,0.9999999999999999
car_eval_4,car_eval_4(3.8%),4,46,2.0,MCC_05,1.0
car_eval_4,car_eval_4(3.8%),4,46,3.0,SoftMCC,0.9999999999999999
car_eval_4,car_eval_4(3.8%),4,46,3.0,MCC_best,1.0
car_eval_4,car_eval_4(3.8%),4,46,3.0,F1_best,1.0
car_eval_4,car_eval_4(3.8%),4,46,3.0,AUPRC,0.9999999999999999
car_eval_4,car_eval_4(3.8%),4,46,3.0,AUROC,1.0
car_eval_4,car_eval_4(3.8%),4,46,3.0,Brier_neg,0.8999999999999998
car_eval_4,car_eval_4(3.8%),4,46,3.0,MCC_05,1.0
car_eval_4,car_eval_4(3.8%),5,47,0.5,SoftMCC,0.9999999999999999
car_eval_4,car_eval_4(3.8%),5,47,0.5,MCC_best,0.9999999999999999
car_eval_4,car_eval_4(3.8%),5,47,0.5,F1_best,0.9999999999999999
car_eval_4,car_eval_4(3.8%),5,47,0.5,AUPRC,0.9999999999999999
car_eval_4,car_eval_4(3.8%),5,47,0.5,AUROC,0.9999999999999999
car_eval_4,car_eval_4(3.8%),5,47,0.5,Brier_neg,0.9999999999999999
car_eval_4,car_eval_4(3.8%),5,47,0.5,MCC_05,1.0
car_eval_4,car_eval_4(3.8%),5,47,1.5,SoftMCC,0.9999999999999999
car_eval_4,car_eval_4(3.8%),5,47,1.5,MCC_best,0.9999999999999999
car_eval_4,car_eval_4(3.8%),5,47,1.5,F1_best,0.9999999999999999
car_eval_4,car_eval_4(3.8%),5,47,1.5,AUPRC,0.9999999999999999
car_eval_4,car_eval_4(3.8%),5,47,1.5,AUROC,0.9999999999999999
car_eval_4,car_eval_4(3.8%),5,47,1.5,Brier_neg,0.9999999999999999
car_eval_4,car_eval_4(3.8%),5,47,1.5,MCC_05,1.0
car_eval_4,car_eval_4(3.8%),5,47,2.0,SoftMCC,0.9999999999999999
car_eval_4,car_eval_4(3.8%),5,47,2.0,MCC_best,0.9999999999999999
car_eval_4,car_eval_4(3.8%),5,47,2.0,F1_best,0.9999999999999999
car_eval_4,car_eval_4(3.8%),5,47,2.0,AUPRC,0.9999999999999999
car_eval_4,car_eval_4(3.8%),5,47,2.0,AUROC,0.9999999999999999
car_eval_4,car_eval_4(3.8%),5,47,2.0,Brier_neg,0.9999999999999999
car_eval_4,car_eval_4(3.8%),5,47,2.0,MCC_05,1.0
car_eval_4,car_eval_4(3.8%),5,47,3.0,SoftMCC,0.9999999999999999
car_eval_4,car_eval_4(3.8%),5,47,3.0,MCC_best,0.9999999999999999
car_eval_4,car_eval_4(3.8%),5,47,3.0,F1_best,0.9999999999999999
car_eval_4,car_eval_4(3.8%),5,47,3.0,AUPRC,0.9999999999999999
car_eval_4,car_eval_4(3.8%),5,47,3.0,AUROC,0.9999999999999999
car_eval_4,car_eval_4(3.8%),5,47,3.0,Brier_neg,0.9999999999999999
car_eval_4,car_eval_4(3.8%),5,47,3.0,MCC_05,1.0
car_eval_4,car_eval_4(3.8%),6,48,0.5,SoftMCC,0.8999999999999998
car_eval_4,car_eval_4(3.8%),6,48,0.5,MCC_best,0.9999999999999999
car_eval_4,car_eval_4(3.8%),6,48,0.5,F1_best,0.9999999999999999
car_eval_4,car_eval_4(3.8%),6,48,0.5,AUPRC,0.9999999999999999
car_eval_4,car_eval_4(3.8%),6,48,0.5,AUROC,0.9999999999999999
car_eval_4,car_eval_4(3.8%),6,48,0.5,Brier_neg,0.8999999999999998
car_eval_4,car_eval_4(3.8%),6,48,0.5,MCC_05,0.9999999999999999
car_eval_4,car_eval_4(3.8%),6,48,1.5,SoftMCC,0.7999999999999999
car_eval_4,car_eval_4(3.8%),6,48,1.5,MCC_best,0.9999999999999999
car_eval_4,car_eval_4(3.8%),6,48,1.5,F1_best,0.9999999999999999
car_eval_4,car_eval_4(3.8%),6,48,1.5,AUPRC,0.9999999999999999
car_eval_4,car_eval_4(3.8%),6,48,1.5,AUROC,0.9999999999999999
car_eval_4,car_eval_4(3.8%),6,48,1.5,Brier_neg,0.9999999999999999
car_eval_4,car_eval_4(3.8%),6,48,1.5,MCC_05,0.9999999999999999
car_eval_4,car_eval_4(3.8%),6,48,2.0,SoftMCC,0.7999999999999999
car_eval_4,car_eval_4(3.8%),6,48,2.0,MCC_best,0.9999999999999999
car_eval_4,car_eval_4(3.8%),6,48,2.0,F1_best,0.9999999999999999
car_eval_4,car_eval_4(3.8%),6,48,2.0,AUPRC,0.9999999999999999
car_eval_4,car_eval_4(3.8%),6,48,2.0,AUROC,0.9999999999999999
car_eval_4,car_eval_4(3.8%),6,48,2.0,Brier_neg,0.9999999999999999
car_eval_4,car_eval_4(3.8%),6,48,2.0,MCC_05,0.9999999999999999
car_eval_4,car_eval_4(3.8%),6,48,3.0,SoftMCC,0.7999999999999999
car_eval_4,car_eval_4(3.8%),6,48,3.0,MCC_best,0.9999999999999999
car_eval_4,car_eval_4(3.8%),6,48,3.0,F1_best,0.9999999999999999
car_eval_4,car_eval_4(3.8%),6,48,3.0,AUPRC,0.9999999999999999
car_eval_4,car_eval_4(3.8%),6,48,3.0,AUROC,0.9999999999999999
car_eval_4,car_eval_4(3.8%),6,48,3.0,Brier_neg,0.7999999999999999
car_eval_4,car_eval_4(3.8%),6,48,3.0,MCC_05,0.9999999999999999
car_eval_4,car_eval_4(3.8%),7,49,0.5,SoftMCC,0.9999999999999999
car_eval_4,car_eval_4(3.8%),7,49,0.5,MCC_best,1.0
car_eval_4,car_eval_4(3.8%),7,49,0.5,F1_best,1.0
car_eval_4,car_eval_4(3.8%),7,49,0.5,AUPRC,0.9999999999999999
car_eval_4,car_eval_4(3.8%),7,49,0.5,AUROC,0.9999999999999999
car_eval_4,car_eval_4(3.8%),7,49,0.5,Brier_neg,0.9999999999999999
car_eval_4,car_eval_4(3.8%),7,49,0.5,MCC_05,1.0
car_eval_4,car_eval_4(3.8%),7,49,1.5,SoftMCC,0.9999999999999999
car_eval_4,car_eval_4(3.8%),7,49,1.5,MCC_best,1.0
car_eval_4,car_eval_4(3.8%),7,49,1.5,F1_best,1.0
car_eval_4,car_eval_4(3.8%),7,49,1.5,AUPRC,0.9999999999999999
car_eval_4,car_eval_4(3.8%),7,49,1.5,AUROC,0.9999999999999999
car_eval_4,car_eval_4(3.8%),7,49,1.5,Brier_neg,0.9999999999999999
car_eval_4,car_eval_4(3.8%),7,49,1.5,MCC_05,1.0
car_eval_4,car_eval_4(3.8%),7,49,2.0,SoftMCC,0.9999999999999999
car_eval_4,car_eval_4(3.8%),7,49,2.0,MCC_best,1.0
car_eval_4,car_eval_4(3.8%),7,49,2.0,F1_best,1.0
car_eval_4,car_eval_4(3.8%),7,49,2.0,AUPRC,0.9999999999999999
car_eval_4,car_eval_4(3.8%),7,49,2.0,AUROC,0.9999999999999999
car_eval_4,car_eval_4(3.8%),7,49,2.0,Brier_neg,0.9999999999999999
car_eval_4,car_eval_4(3.8%),7,49,2.0,MCC_05,1.0
car_eval_4,car_eval_4(3.8%),7,49,3.0,SoftMCC,0.9999999999999999
car_eval_4,car_eval_4(3.8%),7,49,3.0,MCC_best,1.0
car_eval_4,car_eval_4(3.8%),7,49,3.0,F1_best,1.0
car_eval_4,car_eval_4(3.8%),7,49,3.0,AUPRC,0.9999999999999999
car_eval_4,car_eval_4(3.8%),7,49,3.0,AUROC,0.9999999999999999
car_eval_4,car_eval_4(3.8%),7,49,3.0,Brier_neg,0.9999999999999999
car_eval_4,car_eval_4(3.8%),7,49,3.0,MCC_05,1.0
car_eval_4,car_eval_4(3.8%),8,50,0.5,SoftMCC,0.9999999999999999
car_eval_4,car_eval_4(3.8%),8,50,0.5,MCC_best,0.9999999999999999
car_eval_4,car_eval_4(3.8%),8,50,0.5,F1_best,0.9999999999999999
car_eval_4,car_eval_4(3.8%),8,50,0.5,AUPRC,0.9999999999999999
car_eval_4,car_eval_4(3.8%),8,50,0.5,AUROC,0.9999999999999999
car_eval_4,car_eval_4(3.8%),8,50,0.5,Brier_neg,0.9999999999999999
car_eval_4,car_eval_4(3.8%),8,50,0.5,MCC_05,0.9999999999999999
car_eval_4,car_eval_4(3.8%),8,50,1.5,SoftMCC,0.8999999999999998
car_eval_4,car_eval_4(3.8%),8,50,1.5,MCC_best,0.9999999999999999
car_eval_4,car_eval_4(3.8%),8,50,1.5,F1_best,0.9999999999999999
car_eval_4,car_eval_4(3.8%),8,50,1.5,AUPRC,0.9999999999999999
car_eval_4,car_eval_4(3.8%),8,50,1.5,AUROC,0.9999999999999999
car_eval_4,car_eval_4(3.8%),8,50,1.5,Brier_neg,0.9999999999999999
car_eval_4,car_eval_4(3.8%),8,50,1.5,MCC_05,0.9999999999999999
car_eval_4,car_eval_4(3.8%),8,50,2.0,SoftMCC,0.8999999999999998
car_eval_4,car_eval_4(3.8%),8,50,2.0,MCC_best,0.9999999999999999
car_eval_4,car_eval_4(3.8%),8,50,2.0,F1_best,0.9999999999999999
car_eval_4,car_eval_4(3.8%),8,50,2.0,AUPRC,0.9999999999999999
car_eval_4,car_eval_4(3.8%),8,50,2.0,AUROC,0.9999999999999999
car_eval_4,car_eval_4(3.8%),8,50,2.0,Brier_neg,0.8999999999999998
car_eval_4,car_eval_4(3.8%),8,50,2.0,MCC_05,0.9999999999999999
car_eval_4,car_eval_4(3.8%),8,50,3.0,SoftMCC,0.8999999999999998
car_eval_4,car_eval_4(3.8%),8,50,3.0,MCC_best,0.9999999999999999
car_eval_4,car_eval_4(3.8%),8,50,3.0,F1_best,0.9999999999999999
car_eval_4,car_eval_4(3.8%),8,50,3.0,AUPRC,0.9999999999999999
car_eval_4,car_eval_4(3.8%),8,50,3.0,AUROC,0.9999999999999999
car_eval_4,car_eval_4(3.8%),8,50,3.0,Brier_neg,0.8999999999999998
car_eval_4,car_eval_4(3.8%),8,50,3.0,MCC_05,0.9999999999999999
car_eval_4,car_eval_4(3.8%),9,51,0.5,SoftMCC,0.9999999999999999
car_eval_4,car_eval_4(3.8%),9,51,0.5,MCC_best,1.0
car_eval_4,car_eval_4(3.8%),9,51,0.5,F1_best,1.0
car_eval_4,car_eval_4(3.8%),9,51,0.5,AUPRC,0.9999999999999999
car_eval_4,car_eval_4(3.8%),9,51,0.5,AUROC,0.9999999999999999
car_eval_4,car_eval_4(3.8%),9,51,0.5,Brier_neg,0.9999999999999999
car_eval_4,car_eval_4(3.8%),9,51,0.5,MCC_05,0.9999999999999999
car_eval_4,car_eval_4(3.8%),9,51,1.5,SoftMCC,0.7999999999999999
car_eval_4,car_eval_4(3.8%),9,51,1.5,MCC_best,1.0
car_eval_4,car_eval_4(3.8%),9,51,1.5,F1_best,1.0
car_eval_4,car_eval_4(3.8%),9,51,1.5,AUPRC,0.9999999999999999
car_eval_4,car_eval_4(3.8%),9,51,1.5,AUROC,0.9999999999999999
car_eval_4,car_eval_4(3.8%),9,51,1.5,Brier_neg,0.9999999999999999
car_eval_4,car_eval_4(3.8%),9,51,1.5,MCC_05,0.9999999999999999
car_eval_4,car_eval_4(3.8%),9,51,2.0,SoftMCC,0.7999999999999999
car_eval_4,car_eval_4(3.8%),9,51,2.0,MCC_best,1.0
car_eval_4,car_eval_4(3.8%),9,51,2.0,F1_best,1.0
car_eval_4,car_eval_4(3.8%),9,51,2.0,AUPRC,0.9999999999999999
car_eval_4,car_eval_4(3.8%),9,51,2.0,AUROC,0.9999999999999999
car_eval_4,car_eval_4(3.8%),9,51,2.0,Brier_neg,0.9999999999999999
car_eval_4,car_eval_4(3.8%),9,51,2.0,MCC_05,0.9999999999999999
car_eval_4,car_eval_4(3.8%),9,51,3.0,SoftMCC,0.7999999999999999
car_eval_4,car_eval_4(3.8%),9,51,3.0,MCC_best,1.0
car_eval_4,car_eval_4(3.8%),9,51,3.0,F1_best,1.0
car_eval_4,car_eval_4(3.8%),9,51,3.0,AUPRC,0.9999999999999999
car_eval_4,car_eval_4(3.8%),9,51,3.0,AUROC,0.9999999999999999
car_eval_4,car_eval_4(3.8%),9,51,3.0,Brier_neg,0.8999999999999998
car_eval_4,car_eval_4(3.8%),9,51,3.0,MCC_05,0.9999999999999999
car_eval_4,car_eval_4(3.8%),10,52,0.5,SoftMCC,0.9999999999999999
car_eval_4,car_eval_4(3.8%),10,52,0.5,MCC_best,0.9999999999999999
car_eval_4,car_eval_4(3.8%),10,52,0.5,F1_best,0.9999999999999999
car_eval_4,car_eval_4(3.8%),10,52,0.5,AUPRC,0.9999999999999999
car_eval_4,car_eval_4(3.8%),10,52,0.5,AUROC,0.9999999999999999
car_eval_4,car_eval_4(3.8%),10,52,0.5,Brier_neg,0.9999999999999999
car_eval_4,car_eval_4(3.8%),10,52,0.5,MCC_05,1.0
car_eval_4,car_eval_4(3.8%),10,52,1.5,SoftMCC,0.8999999999999998
car_eval_4,car_eval_4(3.8%),10,52,1.5,MCC_best,0.9999999999999999
car_eval_4,car_eval_4(3.8%),10,52,1.5,F1_best,0.9999999999999999
car_eval_4,car_eval_4(3.8%),10,52,1.5,AUPRC,0.9999999999999999
car_eval_4,car_eval_4(3.8%),10,52,1.5,AUROC,0.9999999999999999
car_eval_4,car_eval_4(3.8%),10,52,1.5,Brier_neg,0.9999999999999999
car_eval_4,car_eval_4(3.8%),10,52,1.5,MCC_05,1.0
car_eval_4,car_eval_4(3.8%),10,52,2.0,SoftMCC,0.8999999999999998
car_eval_4,car_eval_4(3.8%),10,52,2.0,MCC_best,0.9999999999999999
car_eval_4,car_eval_4(3.8%),10,52,2.0,F1_best,0.9999999999999999
car_eval_4,car_eval_4(3.8%),10,52,2.0,AUPRC,0.9999999999999999
car_eval_4,car_eval_4(3.8%),10,52,2.0,AUROC,0.9999999999999999
car_eval_4,car_eval_4(3.8%),10,52,2.0,Brier_neg,0.9999999999999999
car_eval_4,car_eval_4(3.8%),10,52,2.0,MCC_05,1.0
car_eval_4,car_eval_4(3.8%),10,52,3.0,SoftMCC,0.8999999999999998
car_eval_4,car_eval_4(3.8%),10,52,3.0,MCC_best,0.9999999999999999
car_eval_4,car_eval_4(3.8%),10,52,3.0,F1_best,0.9999999999999999
car_eval_4,car_eval_4(3.8%),10,52,3.0,AUPRC,0.9999999999999999
car_eval_4,car_eval_4(3.8%),10,52,3.0,AUROC,0.9999999999999999
car_eval_4,car_eval_4(3.8%),10,52,3.0,Brier_neg,0.8999999999999998
car_eval_4,car_eval_4(3.8%),10,52,3.0,MCC_05,1.0
car_eval_4,car_eval_4(3.8%),11,53,0.5,SoftMCC,0.8999999999999998
car_eval_4,car_eval_4(3.8%),11,53,0.5,MCC_best,0.9999999999999999
car_eval_4,car_eval_4(3.8%),11,53,0.5,F1_best,0.9999999999999999
car_eval_4,car_eval_4(3.8%),11,53,0.5,AUPRC,0.9999999999999999
car_eval_4,car_eval_4(3.8%),11,53,0.5,AUROC,0.9999999999999999
car_eval_4,car_eval_4(3.8%),11,53,0.5,Brier_neg,0.9999999999999999
car_eval_4,car_eval_4(3.8%),11,53,0.5,MCC_05,1.0
car_eval_4,car_eval_4(3.8%),11,53,1.5,SoftMCC,0.8999999999999998
car_eval_4,car_eval_4(3.8%),11,53,1.5,MCC_best,0.9999999999999999
car_eval_4,car_eval_4(3.8%),11,53,1.5,F1_best,0.9999999999999999
car_eval_4,car_eval_4(3.8%),11,53,1.5,AUPRC,0.9999999999999999
car_eval_4,car_eval_4(3.8%),11,53,1.5,AUROC,0.9999999999999999
car_eval_4,car_eval_4(3.8%),11,53,1.5,Brier_neg,0.8999999999999998
car_eval_4,car_eval_4(3.8%),11,53,1.5,MCC_05,1.0
car_eval_4,car_eval_4(3.8%),11,53,2.0,SoftMCC,0.8999999999999998
car_eval_4,car_eval_4(3.8%),11,53,2.0,MCC_best,0.9999999999999999
car_eval_4,car_eval_4(3.8%),11,53,2.0,F1_best,0.9999999999999999
car_eval_4,car_eval_4(3.8%),11,53,2.0,AUPRC,0.9999999999999999
car_eval_4,car_eval_4(3.8%),11,53,2.0,AUROC,0.9999999999999999
car_eval_4,car_eval_4(3.8%),11,53,2.0,Brier_neg,0.8999999999999998
car_eval_4,car_eval_4(3.8%),11,53,2.0,MCC_05,1.0
car_eval_4,car_eval_4(3.8%),11,53,3.0,SoftMCC,0.8999999999999998
car_eval_4,car_eval_4(3.8%),11,53,3.0,MCC_best,0.9999999999999999
car_eval_4,car_eval_4(3.8%),11,53,3.0,F1_best,0.9999999999999999
car_eval_4,car_eval_4(3.8%),11,53,3.0,AUPRC,0.9999999999999999
car_eval_4,car_eval_4(3.8%),11,53,3.0,AUROC,0.9999999999999999
car_eval_4,car_eval_4(3.8%),11,53,3.0,Brier_neg,0.8999999999999998
car_eval_4,car_eval_4(3.8%),11,53,3.0,MCC_05,1.0
coil_2000,coil_2000(6.0%),0,42,0.5,SoftMCC,0.8999999999999998
coil_2000,coil_2000(6.0%),0,42,0.5,MCC_best,0.9999999999999999
coil_2000,coil_2000(6.0%),0,42,0.5,F1_best,0.9999999999999999
coil_2000,coil_2000(6.0%),0,42,0.5,AUPRC,0.9999999999999999
coil_2000,coil_2000(6.0%),0,42,0.5,AUROC,0.9999999999999999
coil_2000,coil_2000(6.0%),0,42,0.5,Brier_neg,0.9999999999999999
coil_2000,coil_2000(6.0%),0,42,0.5,MCC_05,1.0
coil_2000,coil_2000(6.0%),0,42,1.5,SoftMCC,0.8999999999999998
coil_2000,coil_2000(6.0%),0,42,1.5,MCC_best,0.9999999999999999
coil_2000,coil_2000(6.0%),0,42,1.5,F1_best,0.9999999999999999
coil_2000,coil_2000(6.0%),0,42,1.5,AUPRC,0.9999999999999999
coil_2000,coil_2000(6.0%),0,42,1.5,AUROC,0.9999999999999999
coil_2000,coil_2000(6.0%),0,42,1.5,Brier_neg,0.9999999999999999
coil_2000,coil_2000(6.0%),0,42,1.5,MCC_05,1.0
coil_2000,coil_2000(6.0%),0,42,2.0,SoftMCC,0.8999999999999998
coil_2000,coil_2000(6.0%),0,42,2.0,MCC_best,0.9999999999999999
coil_2000,coil_2000(6.0%),0,42,2.0,F1_best,0.9999999999999999
coil_2000,coil_2000(6.0%),0,42,2.0,AUPRC,0.9999999999999999
coil_2000,coil_2000(6.0%),0,42,2.0,AUROC,0.9999999999999999
coil_2000,coil_2000(6.0%),0,42,2.0,Brier_neg,0.9999999999999999
coil_2000,coil_2000(6.0%),0,42,2.0,MCC_05,1.0
coil_2000,coil_2000(6.0%),0,42,3.0,SoftMCC,0.7
coil_2000,coil_2000(6.0%),0,42,3.0,MCC_best,0.9999999999999999
coil_2000,coil_2000(6.0%),0,42,3.0,F1_best,0.9999999999999999
coil_2000,coil_2000(6.0%),0,42,3.0,AUPRC,0.9999999999999999
coil_2000,coil_2000(6.0%),0,42,3.0,AUROC,0.9999999999999999
coil_2000,coil_2000(6.0%),0,42,3.0,Brier_neg,0.8999999999999998
coil_2000,coil_2000(6.0%),0,42,3.0,MCC_05,1.0
coil_2000,coil_2000(6.0%),1,43,0.5,SoftMCC,0.7999999999999999
coil_2000,coil_2000(6.0%),1,43,0.5,MCC_best,0.9999999999999999
coil_2000,coil_2000(6.0%),1,43,0.5,F1_best,0.9999999999999999
coil_2000,coil_2000(6.0%),1,43,0.5,AUPRC,0.9999999999999999
coil_2000,coil_2000(6.0%),1,43,0.5,AUROC,0.9999999999999999
coil_2000,coil_2000(6.0%),1,43,0.5,Brier_neg,0.8999999999999998
coil_2000,coil_2000(6.0%),1,43,0.5,MCC_05,0.9999999999999999
coil_2000,coil_2000(6.0%),1,43,1.5,SoftMCC,0.9999999999999999
coil_2000,coil_2000(6.0%),1,43,1.5,MCC_best,0.9999999999999999
coil_2000,coil_2000(6.0%),1,43,1.5,F1_best,0.9999999999999999
coil_2000,coil_2000(6.0%),1,43,1.5,AUPRC,0.9999999999999999
coil_2000,coil_2000(6.0%),1,43,1.5,AUROC,0.9999999999999999
coil_2000,coil_2000(6.0%),1,43,1.5,Brier_neg,0.9999999999999999
coil_2000,coil_2000(6.0%),1,43,1.5,MCC_05,0.9999999999999999
coil_2000,coil_2000(6.0%),1,43,2.0,SoftMCC,0.9999999999999999
coil_2000,coil_2000(6.0%),1,43,2.0,MCC_best,0.9999999999999999
coil_2000,coil_2000(6.0%),1,43,2.0,F1_best,0.9999999999999999
coil_2000,coil_2000(6.0%),1,43,2.0,AUPRC,0.9999999999999999
coil_2000,coil_2000(6.0%),1,43,2.0,AUROC,0.9999999999999999
coil_2000,coil_2000(6.0%),1,43,2.0,Brier_neg,0.8999999999999998
coil_2000,coil_2000(6.0%),1,43,2.0,MCC_05,0.9999999999999999
coil_2000,coil_2000(6.0%),1,43,3.0,SoftMCC,0.9999999999999999
coil_2000,coil_2000(6.0%),1,43,3.0,MCC_best,0.9999999999999999
coil_2000,coil_2000(6.0%),1,43,3.0,F1_best,0.9999999999999999
coil_2000,coil_2000(6.0%),1,43,3.0,AUPRC,0.9999999999999999
coil_2000,coil_2000(6.0%),1,43,3.0,AUROC,0.9999999999999999
coil_2000,coil_2000(6.0%),1,43,3.0,Brier_neg,0.7
coil_2000,coil_2000(6.0%),1,43,3.0,MCC_05,0.9999999999999999
coil_2000,coil_2000(6.0%),2,44,0.5,SoftMCC,0.9999999999999999
coil_2000,coil_2000(6.0%),2,44,0.5,MCC_best,0.9999999999999999
coil_2000,coil_2000(6.0%),2,44,0.5,F1_best,0.9999999999999999
coil_2000,coil_2000(6.0%),2,44,0.5,AUPRC,0.9999999999999999
coil_2000,coil_2000(6.0%),2,44,0.5,AUROC,0.9999999999999999
coil_2000,coil_2000(6.0%),2,44,0.5,Brier_neg,0.8999999999999998
coil_2000,coil_2000(6.0%),2,44,0.5,MCC_05,1.0
coil_2000,coil_2000(6.0%),2,44,1.5,SoftMCC,0.9999999999999999
coil_2000,coil_2000(6.0%),2,44,1.5,MCC_best,0.9999999999999999
coil_2000,coil_2000(6.0%),2,44,1.5,F1_best,0.9999999999999999
coil_2000,coil_2000(6.0%),2,44,1.5,AUPRC,0.9999999999999999
coil_2000,coil_2000(6.0%),2,44,1.5,AUROC,0.9999999999999999
coil_2000,coil_2000(6.0%),2,44,1.5,Brier_neg,0.8999999999999998
coil_2000,coil_2000(6.0%),2,44,1.5,MCC_05,1.0
coil_2000,coil_2000(6.0%),2,44,2.0,SoftMCC,0.8999999999999998
coil_2000,coil_2000(6.0%),2,44,2.0,MCC_best,0.9999999999999999
coil_2000,coil_2000(6.0%),2,44,2.0,F1_best,0.9999999999999999
coil_2000,coil_2000(6.0%),2,44,2.0,AUPRC,0.9999999999999999
coil_2000,coil_2000(6.0%),2,44,2.0,AUROC,0.9999999999999999
coil_2000,coil_2000(6.0%),2,44,2.0,Brier_neg,0.6
coil_2000,coil_2000(6.0%),2,44,2.0,MCC_05,1.0
coil_2000,coil_2000(6.0%),2,44,3.0,SoftMCC,0.8999999999999998
coil_2000,coil_2000(6.0%),2,44,3.0,MCC_best,0.9999999999999999
coil_2000,coil_2000(6.0%),2,44,3.0,F1_best,0.9999999999999999
coil_2000,coil_2000(6.0%),2,44,3.0,AUPRC,0.9999999999999999
coil_2000,coil_2000(6.0%),2,44,3.0,AUROC,0.9999999999999999
coil_2000,coil_2000(6.0%),2,44,3.0,Brier_neg,0.6
coil_2000,coil_2000(6.0%),2,44,3.0,MCC_05,1.0
coil_2000,coil_2000(6.0%),3,45,0.5,SoftMCC,0.8999999999999998
coil_2000,coil_2000(6.0%),3,45,0.5,MCC_best,0.9999999999999999
coil_2000,coil_2000(6.0%),3,45,0.5,F1_best,0.9999999999999999
coil_2000,coil_2000(6.0%),3,45,0.5,AUPRC,0.9999999999999999
coil_2000,coil_2000(6.0%),3,45,0.5,AUROC,0.9999999999999999
coil_2000,coil_2000(6.0%),3,45,0.5,Brier_neg,0.8999999999999998
coil_2000,coil_2000(6.0%),3,45,0.5,MCC_05,0.9999999999999999
coil_2000,coil_2000(6.0%),3,45,1.5,SoftMCC,0.9999999999999999
coil_2000,coil_2000(6.0%),3,45,1.5,MCC_best,0.9999999999999999
coil_2000,coil_2000(6.0%),3,45,1.5,F1_best,0.9999999999999999
coil_2000,coil_2000(6.0%),3,45,1.5,AUPRC,0.9999999999999999
coil_2000,coil_2000(6.0%),3,45,1.5,AUROC,0.9999999999999999
coil_2000,coil_2000(6.0%),3,45,1.5,Brier_neg,0.8999999999999998
coil_2000,coil_2000(6.0%),3,45,1.5,MCC_05,0.9999999999999999
coil_2000,coil_2000(6.0%),3,45,2.0,SoftMCC,0.9999999999999999
coil_2000,coil_2000(6.0%),3,45,2.0,MCC_best,0.9999999999999999
coil_2000,coil_2000(6.0%),3,45,2.0,F1_best,0.9999999999999999
coil_2000,coil_2000(6.0%),3,45,2.0,AUPRC,0.9999999999999999
coil_2000,coil_2000(6.0%),3,45,2.0,AUROC,0.9999999999999999
coil_2000,coil_2000(6.0%),3,45,2.0,Brier_neg,0.7
coil_2000,coil_2000(6.0%),3,45,2.0,MCC_05,0.9999999999999999
coil_2000,coil_2000(6.0%),3,45,3.0,SoftMCC,0.9999999999999999
coil_2000,coil_2000(6.0%),3,45,3.0,MCC_best,0.9999999999999999
coil_2000,coil_2000(6.0%),3,45,3.0,F1_best,0.9999999999999999
coil_2000,coil_2000(6.0%),3,45,3.0,AUPRC,0.9999999999999999
coil_2000,coil_2000(6.0%),3,45,3.0,AUROC,0.9999999999999999
coil_2000,coil_2000(6.0%),3,45,3.0,Brier_neg,0.3
coil_2000,coil_2000(6.0%),3,45,3.0,MCC_05,0.9999999999999999
coil_2000,coil_2000(6.0%),4,46,0.5,SoftMCC,0.8999999999999998
coil_2000,coil_2000(6.0%),4,46,0.5,MCC_best,0.9999999999999999
coil_2000,coil_2000(6.0%),4,46,0.5,F1_best,0.9999999999999999
coil_2000,coil_2000(6.0%),4,46,0.5,AUPRC,0.9999999999999999
coil_2000,coil_2000(6.0%),4,46,0.5,AUROC,0.9999999999999999
coil_2000,coil_2000(6.0%),4,46,0.5,Brier_neg,0.7
coil_2000,coil_2000(6.0%),4,46,0.5,MCC_05,1.0
coil_2000,coil_2000(6.0%),4,46,1.5,SoftMCC,0.9999999999999999
coil_2000,coil_2000(6.0%),4,46,1.5,MCC_best,0.9999999999999999
coil_2000,coil_2000(6.0%),4,46,1.5,F1_best,0.9999999999999999
coil_2000,coil_2000(6.0%),4,46,1.5,AUPRC,0.9999999999999999
coil_2000,coil_2000(6.0%),4,46,1.5,AUROC,0.9999999999999999
coil_2000,coil_2000(6.0%),4,46,1.5,Brier_neg,0.49999999999999994
coil_2000,coil_2000(6.0%),4,46,1.5,MCC_05,1.0
coil_2000,coil_2000(6.0%),4,46,2.0,SoftMCC,0.8999999999999998
coil_2000,coil_2000(6.0%),4,46,2.0,MCC_best,0.9999999999999999
coil_2000,coil_2000(6.0%),4,46,2.0,F1_best,0.9999999999999999
coil_2000,coil_2000(6.0%),4,46,2.0,AUPRC,0.9999999999999999
coil_2000,coil_2000(6.0%),4,46,2.0,AUROC,0.9999999999999999
coil_2000,coil_2000(6.0%),4,46,2.0,Brier_neg,0.49999999999999994
coil_2000,coil_2000(6.0%),4,46,2.0,MCC_05,1.0
coil_2000,coil_2000(6.0%),4,46,3.0,SoftMCC,0.8999999999999998
coil_2000,coil_2000(6.0%),4,46,3.0,MCC_best,0.9999999999999999
coil_2000,coil_2000(6.0%),4,46,3.0,F1_best,0.9999999999999999
coil_2000,coil_2000(6.0%),4,46,3.0,AUPRC,0.9999999999999999
coil_2000,coil_2000(6.0%),4,46,3.0,AUROC,0.9999999999999999
coil_2000,coil_2000(6.0%),4,46,3.0,Brier_neg,0.3
coil_2000,coil_2000(6.0%),4,46,3.0,MCC_05,1.0
coil_2000,coil_2000(6.0%),5,47,0.5,SoftMCC,0.9999999999999999
coil_2000,coil_2000(6.0%),5,47,0.5,MCC_best,0.9999999999999999
coil_2000,coil_2000(6.0%),5,47,0.5,F1_best,0.9999999999999999
coil_2000,coil_2000(6.0%),5,47,0.5,AUPRC,0.9999999999999999
coil_2000,coil_2000(6.0%),5,47,0.5,AUROC,0.9999999999999999
coil_2000,coil_2000(6.0%),5,47,0.5,Brier_neg,0.9999999999999999
coil_2000,coil_2000(6.0%),5,47,0.5,MCC_05,1.0
coil_2000,coil_2000(6.0%),5,47,1.5,SoftMCC,0.9999999999999999
coil_2000,coil_2000(6.0%),5,47,1.5,MCC_best,0.9999999999999999
coil_2000,coil_2000(6.0%),5,47,1.5,F1_best,0.9999999999999999
coil_2000,coil_2000(6.0%),5,47,1.5,AUPRC,0.9999999999999999
coil_2000,coil_2000(6.0%),5,47,1.5,AUROC,0.9999999999999999
coil_2000,coil_2000(6.0%),5,47,1.5,Brier_neg,0.9999999999999999
coil_2000,coil_2000(6.0%),5,47,1.5,MCC_05,1.0
coil_2000,coil_2000(6.0%),5,47,2.0,SoftMCC,0.9999999999999999
coil_2000,coil_2000(6.0%),5,47,2.0,MCC_best,0.9999999999999999
coil_2000,coil_2000(6.0%),5,47,2.0,F1_best,0.9999999999999999
coil_2000,coil_2000(6.0%),5,47,2.0,AUPRC,0.9999999999999999
coil_2000,coil_2000(6.0%),5,47,2.0,AUROC,0.9999999999999999
coil_2000,coil_2000(6.0%),5,47,2.0,Brier_neg,0.9999999999999999
coil_2000,coil_2000(6.0%),5,47,2.0,MCC_05,1.0
coil_2000,coil_2000(6.0%),5,47,3.0,SoftMCC,0.8999999999999998
coil_2000,coil_2000(6.0%),5,47,3.0,MCC_best,0.9999999999999999
coil_2000,coil_2000(6.0%),5,47,3.0,F1_best,0.9999999999999999
coil_2000,coil_2000(6.0%),5,47,3.0,AUPRC,0.9999999999999999
coil_2000,coil_2000(6.0%),5,47,3.0,AUROC,0.9999999999999999
coil_2000,coil_2000(6.0%),5,47,3.0,Brier_neg,0.8999999999999998
coil_2000,coil_2000(6.0%),5,47,3.0,MCC_05,1.0
coil_2000,coil_2000(6.0%),6,48,0.5,SoftMCC,0.9999999999999999
coil_2000,coil_2000(6.0%),6,48,0.5,MCC_best,0.9999999999999999
coil_2000,coil_2000(6.0%),6,48,0.5,F1_best,0.9999999999999999
coil_2000,coil_2000(6.0%),6,48,0.5,AUPRC,0.9999999999999999
coil_2000,coil_2000(6.0%),6,48,0.5,AUROC,0.9999999999999999
coil_2000,coil_2000(6.0%),6,48,0.5,Brier_neg,0.7
coil_2000,coil_2000(6.0%),6,48,0.5,MCC_05,1.0
coil_2000,coil_2000(6.0%),6,48,1.5,SoftMCC,0.9999999999999999
coil_2000,coil_2000(6.0%),6,48,1.5,MCC_best,0.9999999999999999
coil_2000,coil_2000(6.0%),6,48,1.5,F1_best,0.9999999999999999
coil_2000,coil_2000(6.0%),6,48,1.5,AUPRC,0.9999999999999999
coil_2000,coil_2000(6.0%),6,48,1.5,AUROC,0.9999999999999999
coil_2000,coil_2000(6.0%),6,48,1.5,Brier_neg,0.7
coil_2000,coil_2000(6.0%),6,48,1.5,MCC_05,1.0
coil_2000,coil_2000(6.0%),6,48,2.0,SoftMCC,0.9999999999999999
coil_2000,coil_2000(6.0%),6,48,2.0,MCC_best,0.9999999999999999
coil_2000,coil_2000(6.0%),6,48,2.0,F1_best,0.9999999999999999
coil_2000,coil_2000(6.0%),6,48,2.0,AUPRC,0.9999999999999999
coil_2000,coil_2000(6.0%),6,48,2.0,AUROC,0.9999999999999999
coil_2000,coil_2000(6.0%),6,48,2.0,Brier_neg,0.7
coil_2000,coil_2000(6.0%),6,48,2.0,MCC_05,1.0
coil_2000,coil_2000(6.0%),6,48,3.0,SoftMCC,0.9999999999999999
coil_2000,coil_2000(6.0%),6,48,3.0,MCC_best,0.9999999999999999
coil_2000,coil_2000(6.0%),6,48,3.0,F1_best,0.9999999999999999
coil_2000,coil_2000(6.0%),6,48,3.0,AUPRC,0.9999999999999999
coil_2000,coil_2000(6.0%),6,48,3.0,AUROC,0.9999999999999999
coil_2000,coil_2000(6.0%),6,48,3.0,Brier_neg,0.7
coil_2000,coil_2000(6.0%),6,48,3.0,MCC_05,1.0
coil_2000,coil_2000(6.0%),7,49,0.5,SoftMCC,0.49999999999999994
coil_2000,coil_2000(6.0%),7,49,0.5,MCC_best,0.9999999999999999
coil_2000,coil_2000(6.0%),7,49,0.5,F1_best,0.9999999999999999
coil_2000,coil_2000(6.0%),7,49,0.5,AUPRC,0.9999999999999999
coil_2000,coil_2000(6.0%),7,49,0.5,AUROC,0.9999999999999999
coil_2000,coil_2000(6.0%),7,49,0.5,Brier_neg,0.09999999999999999
coil_2000,coil_2000(6.0%),7,49,0.5,MCC_05,1.0
coil_2000,coil_2000(6.0%),7,49,1.5,SoftMCC,0.8999999999999998
coil_2000,coil_2000(6.0%),7,49,1.5,MCC_best,0.9999999999999999
coil_2000,coil_2000(6.0%),7,49,1.5,F1_best,0.9999999999999999
coil_2000,coil_2000(6.0%),7,49,1.5,AUPRC,0.9999999999999999
coil_2000,coil_2000(6.0%),7,49,1.5,AUROC,0.9999999999999999
coil_2000,coil_2000(6.0%),7,49,1.5,Brier_neg,0.9999999999999999
coil_2000,coil_2000(6.0%),7,49,1.5,MCC_05,1.0
coil_2000,coil_2000(6.0%),7,49,2.0,SoftMCC,0.7999999999999999
coil_2000,coil_2000(6.0%),7,49,2.0,MCC_best,0.9999999999999999
coil_2000,coil_2000(6.0%),7,49,2.0,F1_best,0.9999999999999999
coil_2000,coil_2000(6.0%),7,49,2.0,AUPRC,0.9999999999999999
coil_2000,coil_2000(6.0%),7,49,2.0,AUROC,0.9999999999999999
coil_2000,coil_2000(6.0%),7,49,2.0,Brier_neg,0.7
coil_2000,coil_2000(6.0%),7,49,2.0,MCC_05,1.0
coil_2000,coil_2000(6.0%),7,49,3.0,SoftMCC,0.7999999999999999
coil_2000,coil_2000(6.0%),7,49,3.0,MCC_best,0.9999999999999999
coil_2000,coil_2000(6.0%),7,49,3.0,F1_best,0.9999999999999999
coil_2000,coil_2000(6.0%),7,49,3.0,AUPRC,0.9999999999999999
coil_2000,coil_2000(6.0%),7,49,3.0,AUROC,0.9999999999999999
coil_2000,coil_2000(6.0%),7,49,3.0,Brier_neg,0.49999999999999994
coil_2000,coil_2000(6.0%),7,49,3.0,MCC_05,1.0
coil_2000,coil_2000(6.0%),8,50,0.5,SoftMCC,0.8999999999999998
coil_2000,coil_2000(6.0%),8,50,0.5,MCC_best,0.9999999999999999
coil_2000,coil_2000(6.0%),8,50,0.5,F1_best,0.9999999999999999
coil_2000,coil_2000(6.0%),8,50,0.5,AUPRC,0.9999999999999999
coil_2000,coil_2000(6.0%),8,50,0.5,AUROC,0.9999999999999999
coil_2000,coil_2000(6.0%),8,50,0.5,Brier_neg,0.7
coil_2000,coil_2000(6.0%),8,50,0.5,MCC_05,1.0
coil_2000,coil_2000(6.0%),8,50,1.5,SoftMCC,0.9999999999999999
coil_2000,coil_2000(6.0%),8,50,1.5,MCC_best,0.9999999999999999
coil_2000,coil_2000(6.0%),8,50,1.5,F1_best,0.9999999999999999
coil_2000,coil_2000(6.0%),8,50,1.5,AUPRC,0.9999999999999999
coil_2000,coil_2000(6.0%),8,50,1.5,AUROC,0.9999999999999999
coil_2000,coil_2000(6.0%),8,50,1.5,Brier_neg,0.9999999999999999
coil_2000,coil_2000(6.0%),8,50,1.5,MCC_05,1.0
coil_2000,coil_2000(6.0%),8,50,2.0,SoftMCC,0.8999999999999998
coil_2000,coil_2000(6.0%),8,50,2.0,MCC_best,0.9999999999999999
coil_2000,coil_2000(6.0%),8,50,2.0,F1_best,0.9999999999999999
coil_2000,coil_2000(6.0%),8,50,2.0,AUPRC,0.9999999999999999
coil_2000,coil_2000(6.0%),8,50,2.0,AUROC,0.9999999999999999
coil_2000,coil_2000(6.0%),8,50,2.0,Brier_neg,0.7
coil_2000,coil_2000(6.0%),8,50,2.0,MCC_05,1.0
coil_2000,coil_2000(6.0%),8,50,3.0,SoftMCC,0.7999999999999999
coil_2000,coil_2000(6.0%),8,50,3.0,MCC_best,0.9999999999999999
coil_2000,coil_2000(6.0%),8,50,3.0,F1_best,0.9999999999999999
coil_2000,coil_2000(6.0%),8,50,3.0,AUPRC,0.9999999999999999
coil_2000,coil_2000(6.0%),8,50,3.0,AUROC,0.9999999999999999
coil_2000,coil_2000(6.0%),8,50,3.0,Brier_neg,0.49999999999999994
coil_2000,coil_2000(6.0%),8,50,3.0,MCC_05,1.0
coil_2000,coil_2000(6.0%),9,51,0.5,SoftMCC,0.39999999999999997
coil_2000,coil_2000(6.0%),9,51,0.5,MCC_best,0.9999999999999999
coil_2000,coil_2000(6.0%),9,51,0.5,F1_best,0.9999999999999999
coil_2000,coil_2000(6.0%),9,51,0.5,AUPRC,0.9999999999999999
coil_2000,coil_2000(6.0%),9,51,0.5,AUROC,0.9999999999999999
coil_2000,coil_2000(6.0%),9,51,0.5,Brier_neg,0.7
coil_2000,coil_2000(6.0%),9,51,0.5,MCC_05,0.9999999999999999
coil_2000,coil_2000(6.0%),9,51,1.5,SoftMCC,0.9999999999999999
coil_2000,coil_2000(6.0%),9,51,1.5,MCC_best,0.9999999999999999
coil_2000,coil_2000(6.0%),9,51,1.5,F1_best,0.9999999999999999
coil_2000,coil_2000(6.0%),9,51,1.5,AUPRC,0.9999999999999999
coil_2000,coil_2000(6.0%),9,51,1.5,AUROC,0.9999999999999999
coil_2000,coil_2000(6.0%),9,51,1.5,Brier_neg,0.9999999999999999
coil_2000,coil_2000(6.0%),9,51,1.5,MCC_05,0.9999999999999999
coil_2000,coil_2000(6.0%),9,51,2.0,SoftMCC,0.9999999999999999
coil_2000,coil_2000(6.0%),9,51,2.0,MCC_best,0.9999999999999999
coil_2000,coil_2000(6.0%),9,51,2.0,F1_best,0.9999999999999999
coil_2000,coil_2000(6.0%),9,51,2.0,AUPRC,0.9999999999999999
coil_2000,coil_2000(6.0%),9,51,2.0,AUROC,0.9999999999999999
coil_2000,coil_2000(6.0%),9,51,2.0,Brier_neg,0.9999999999999999
coil_2000,coil_2000(6.0%),9,51,2.0,MCC_05,0.9999999999999999
coil_2000,coil_2000(6.0%),9,51,3.0,SoftMCC,0.9999999999999999
coil_2000,coil_2000(6.0%),9,51,3.0,MCC_best,0.9999999999999999
coil_2000,coil_2000(6.0%),9,51,3.0,F1_best,0.9999999999999999
coil_2000,coil_2000(6.0%),9,51,3.0,AUPRC,0.9999999999999999
coil_2000,coil_2000(6.0%),9,51,3.0,AUROC,0.9999999999999999
coil_2000,coil_2000(6.0%),9,51,3.0,Brier_neg,0.9999999999999999
coil_2000,coil_2000(6.0%),9,51,3.0,MCC_05,0.9999999999999999
coil_2000,coil_2000(6.0%),10,52,0.5,SoftMCC,0.7999999999999999
coil_2000,coil_2000(6.0%),10,52,0.5,MCC_best,0.9999999999999999
coil_2000,coil_2000(6.0%),10,52,0.5,F1_best,0.9999999999999999
coil_2000,coil_2000(6.0%),10,52,0.5,AUPRC,0.9999999999999999
coil_2000,coil_2000(6.0%),10,52,0.5,AUROC,0.9999999999999999
coil_2000,coil_2000(6.0%),10,52,0.5,Brier_neg,0.9999999999999999
coil_2000,coil_2000(6.0%),10,52,0.5,MCC_05,1.0
coil_2000,coil_2000(6.0%),10,52,1.5,SoftMCC,0.8999999999999998
coil_2000,coil_2000(6.0%),10,52,1.5,MCC_best,0.9999999999999999
coil_2000,coil_2000(6.0%),10,52,1.5,F1_best,0.9999999999999999
coil_2000,coil_2000(6.0%),10,52,1.5,AUPRC,0.9999999999999999
coil_2000,coil_2000(6.0%),10,52,1.5,AUROC,0.9999999999999999
coil_2000,coil_2000(6.0%),10,52,1.5,Brier_neg,0.8999999999999998
coil_2000,coil_2000(6.0%),10,52,1.5,MCC_05,1.0
coil_2000,coil_2000(6.0%),10,52,2.0,SoftMCC,0.8999999999999998
coil_2000,coil_2000(6.0%),10,52,2.0,MCC_best,0.9999999999999999
coil_2000,coil_2000(6.0%),10,52,2.0,F1_best,0.9999999999999999
coil_2000,coil_2000(6.0%),10,52,2.0,AUPRC,0.9999999999999999
coil_2000,coil_2000(6.0%),10,52,2.0,AUROC,0.9999999999999999
coil_2000,coil_2000(6.0%),10,52,2.0,Brier_neg,0.6
coil_2000,coil_2000(6.0%),10,52,2.0,MCC_05,1.0
coil_2000,coil_2000(6.0%),10,52,3.0,SoftMCC,0.8999999999999998
coil_2000,coil_2000(6.0%),10,52,3.0,MCC_best,0.9999999999999999
coil_2000,coil_2000(6.0%),10,52,3.0,F1_best,0.9999999999999999
coil_2000,coil_2000(6.0%),10,52,3.0,AUPRC,0.9999999999999999
coil_2000,coil_2000(6.0%),10,52,3.0,AUROC,0.9999999999999999
coil_2000,coil_2000(6.0%),10,52,3.0,Brier_neg,0.19999999999999998
coil_2000,coil_2000(6.0%),10,52,3.0,MCC_05,1.0
coil_2000,coil_2000(6.0%),11,53,0.5,SoftMCC,0.9999999999999999
coil_2000,coil_2000(6.0%),11,53,0.5,MCC_best,0.9999999999999999
coil_2000,coil_2000(6.0%),11,53,0.5,F1_best,0.9999999999999999
coil_2000,coil_2000(6.0%),11,53,0.5,AUPRC,0.9999999999999999
coil_2000,coil_2000(6.0%),11,53,0.5,AUROC,0.9999999999999999
coil_2000,coil_2000(6.0%),11,53,0.5,Brier_neg,0.9999999999999999
coil_2000,coil_2000(6.0%),11,53,0.5,MCC_05,1.0
coil_2000,coil_2000(6.0%),11,53,1.5,SoftMCC,0.8999999999999998
coil_2000,coil_2000(6.0%),11,53,1.5,MCC_best,0.9999999999999999
coil_2000,coil_2000(6.0%),11,53,1.5,F1_best,0.9999999999999999
coil_2000,coil_2000(6.0%),11,53,1.5,AUPRC,0.9999999999999999
coil_2000,coil_2000(6.0%),11,53,1.5,AUROC,0.9999999999999999
coil_2000,coil_2000(6.0%),11,53,1.5,Brier_neg,0.49999999999999994
coil_2000,coil_2000(6.0%),11,53,1.5,MCC_05,1.0
coil_2000,coil_2000(6.0%),11,53,2.0,SoftMCC,0.8999999999999998
coil_2000,coil_2000(6.0%),11,53,2.0,MCC_best,0.9999999999999999
coil_2000,coil_2000(6.0%),11,53,2.0,F1_best,0.9999999999999999
coil_2000,coil_2000(6.0%),11,53,2.0,AUPRC,0.9999999999999999
coil_2000,coil_2000(6.0%),11,53,2.0,AUROC,0.9999999999999999
coil_2000,coil_2000(6.0%),11,53,2.0,Brier_neg,0.3
coil_2000,coil_2000(6.0%),11,53,2.0,MCC_05,1.0
coil_2000,coil_2000(6.0%),11,53,3.0,SoftMCC,0.8999999999999998
coil_2000,coil_2000(6.0%),11,53,3.0,MCC_best,0.9999999999999999
coil_2000,coil_2000(6.0%),11,53,3.0,F1_best,0.9999999999999999
coil_2000,coil_2000(6.0%),11,53,3.0,AUPRC,0.9999999999999999
coil_2000,coil_2000(6.0%),11,53,3.0,AUROC,0.9999999999999999
coil_2000,coil_2000(6.0%),11,53,3.0,Brier_neg,0.3
coil_2000,coil_2000(6.0%),11,53,3.0,MCC_05,1.0
mammography,mammography(2.3%),0,42,0.5,SoftMCC,0.8999999999999998
mammography,mammography(2.3%),0,42,0.5,MCC_best,1.0
mammography,mammography(2.3%),0,42,0.5,F1_best,1.0
mammography,mammography(2.3%),0,42,0.5,AUPRC,0.9999999999999999
mammography,mammography(2.3%),0,42,0.5,AUROC,0.9999999999999999
mammography,mammography(2.3%),0,42,0.5,Brier_neg,0.8999999999999998
mammography,mammography(2.3%),0,42,0.5,MCC_05,1.0
mammography,mammography(2.3%),0,42,1.5,SoftMCC,0.9999999999999999
mammography,mammography(2.3%),0,42,1.5,MCC_best,1.0
mammography,mammography(2.3%),0,42,1.5,F1_best,1.0
mammography,mammography(2.3%),0,42,1.5,AUPRC,0.9999999999999999
mammography,mammography(2.3%),0,42,1.5,AUROC,0.9999999999999999
mammography,mammography(2.3%),0,42,1.5,Brier_neg,0.8999999999999998
mammography,mammography(2.3%),0,42,1.5,MCC_05,1.0
mammography,mammography(2.3%),0,42,2.0,SoftMCC,0.9999999999999999
mammography,mammography(2.3%),0,42,2.0,MCC_best,1.0
mammography,mammography(2.3%),0,42,2.0,F1_best,1.0
mammography,mammography(2.3%),0,42,2.0,AUPRC,0.9999999999999999
mammography,mammography(2.3%),0,42,2.0,AUROC,0.9999999999999999
mammography,mammography(2.3%),0,42,2.0,Brier_neg,0.7
mammography,mammography(2.3%),0,42,2.0,MCC_05,1.0
mammography,mammography(2.3%),0,42,3.0,SoftMCC,0.9999999999999999
mammography,mammography(2.3%),0,42,3.0,MCC_best,1.0
mammography,mammography(2.3%),0,42,3.0,F1_best,1.0
mammography,mammography(2.3%),0,42,3.0,AUPRC,0.9999999999999999
mammography,mammography(2.3%),0,42,3.0,AUROC,0.9999999999999999
mammography,mammography(2.3%),0,42,3.0,Brier_neg,0.7
mammography,mammography(2.3%),0,42,3.0,MCC_05,1.0
mammography,mammography(2.3%),1,43,0.5,SoftMCC,0.8999999999999998
mammography,mammography(2.3%),1,43,0.5,MCC_best,0.9999999999999999
mammography,mammography(2.3%),1,43,0.5,F1_best,0.9999999999999999
mammography,mammography(2.3%),1,43,0.5,AUPRC,0.9999999999999999
mammography,mammography(2.3%),1,43,0.5,AUROC,0.9999999999999999
mammography,mammography(2.3%),1,43,0.5,Brier_neg,0.8999999999999998
mammography,mammography(2.3%),1,43,0.5,MCC_05,0.9999999999999999
mammography,mammography(2.3%),1,43,1.5,SoftMCC,0.8999999999999998
mammography,mammography(2.3%),1,43,1.5,MCC_best,0.9999999999999999
mammography,mammography(2.3%),1,43,1.5,F1_best,0.9999999999999999
mammography,mammography(2.3%),1,43,1.5,AUPRC,0.9999999999999999
mammography,mammography(2.3%),1,43,1.5,AUROC,0.9999999999999999
mammography,mammography(2.3%),1,43,1.5,Brier_neg,0.9999999999999999
mammography,mammography(2.3%),1,43,1.5,MCC_05,0.9999999999999999
mammography,mammography(2.3%),1,43,2.0,SoftMCC,0.8999999999999998
mammography,mammography(2.3%),1,43,2.0,MCC_best,0.9999999999999999
mammography,mammography(2.3%),1,43,2.0,F1_best,0.9999999999999999
mammography,mammography(2.3%),1,43,2.0,AUPRC,0.9999999999999999
mammography,mammography(2.3%),1,43,2.0,AUROC,0.9999999999999999
mammography,mammography(2.3%),1,43,2.0,Brier_neg,0.9999999999999999
mammography,mammography(2.3%),1,43,2.0,MCC_05,0.9999999999999999
mammography,mammography(2.3%),1,43,3.0,SoftMCC,0.7999999999999999
mammography,mammography(2.3%),1,43,3.0,MCC_best,0.9999999999999999
mammography,mammography(2.3%),1,43,3.0,F1_best,0.9999999999999999
mammography,mammography(2.3%),1,43,3.0,AUPRC,0.9999999999999999
mammography,mammography(2.3%),1,43,3.0,AUROC,0.9999999999999999
mammography,mammography(2.3%),1,43,3.0,Brier_neg,0.8999999999999998
mammography,mammography(2.3%),1,43,3.0,MCC_05,0.9999999999999999
mammography,mammography(2.3%),2,44,0.5,SoftMCC,0.9999999999999999
mammography,mammography(2.3%),2,44,0.5,MCC_best,1.0
mammography,mammography(2.3%),2,44,0.5,F1_best,1.0
mammography,mammography(2.3%),2,44,0.5,AUPRC,0.9999999999999999
mammography,mammography(2.3%),2,44,0.5,AUROC,0.9999999999999999
mammography,mammography(2.3%),2,44,0.5,Brier_neg,0.7
mammography,mammography(2.3%),2,44,0.5,MCC_05,0.9999999999999999
mammography,mammography(2.3%),2,44,1.5,SoftMCC,0.9999999999999999
mammography,mammography(2.3%),2,44,1.5,MCC_best,1.0
mammography,mammography(2.3%),2,44,1.5,F1_best,1.0
mammography,mammography(2.3%),2,44,1.5,AUPRC,0.9999999999999999
mammography,mammography(2.3%),2,44,1.5,AUROC,0.9999999999999999
mammography,mammography(2.3%),2,44,1.5,Brier_neg,0.8999999999999998
mammography,mammography(2.3%),2,44,1.5,MCC_05,0.9999999999999999
mammography,mammography(2.3%),2,44,2.0,SoftMCC,0.9999999999999999
mammography,mammography(2.3%),2,44,2.0,MCC_best,1.0
mammography,mammography(2.3%),2,44,2.0,F1_best,1.0
mammography,mammography(2.3%),2,44,2.0,AUPRC,0.9999999999999999
mammography,mammography(2.3%),2,44,2.0,AUROC,0.9999999999999999
mammography,mammography(2.3%),2,44,2.0,Brier_neg,0.7999999999999999
mammography,mammography(2.3%),2,44,2.0,MCC_05,0.9999999999999999
mammography,mammography(2.3%),2,44,3.0,SoftMCC,0.7
mammography,mammography(2.3%),2,44,3.0,MCC_best,1.0
mammography,mammography(2.3%),2,44,3.0,F1_best,1.0
mammography,mammography(2.3%),2,44,3.0,AUPRC,0.9999999999999999
mammography,mammography(2.3%),2,44,3.0,AUROC,0.9999999999999999
mammography,mammography(2.3%),2,44,3.0,Brier_neg,0.8999999999999998
mammography,mammography(2.3%),2,44,3.0,MCC_05,0.9999999999999999
mammography,mammography(2.3%),3,45,0.5,SoftMCC,0.9999999999999999
mammography,mammography(2.3%),3,45,0.5,MCC_best,0.9999999999999999
mammography,mammography(2.3%),3,45,0.5,F1_best,0.9999999999999999
mammography,mammography(2.3%),3,45,0.5,AUPRC,0.9999999999999999
mammography,mammography(2.3%),3,45,0.5,AUROC,0.9999999999999999
mammography,mammography(2.3%),3,45,0.5,Brier_neg,0.9999999999999999
mammography,mammography(2.3%),3,45,0.5,MCC_05,1.0
mammography,mammography(2.3%),3,45,1.5,SoftMCC,0.8999999999999998
mammography,mammography(2.3%),3,45,1.5,MCC_best,0.9999999999999999
mammography,mammography(2.3%),3,45,1.5,F1_best,0.9999999999999999
mammography,mammography(2.3%),3,45,1.5,AUPRC,0.9999999999999999
mammography,mammography(2.3%),3,45,1.5,AUROC,0.9999999999999999
mammography,mammography(2.3%),3,45,1.5,Brier_neg,0.9999999999999999
mammography,mammography(2.3%),3,45,1.5,MCC_05,1.0
mammography,mammography(2.3%),3,45,2.0,SoftMCC,0.8999999999999998
mammography,mammography(2.3%),3,45,2.0,MCC_best,0.9999999999999999
mammography,mammography(2.3%),3,45,2.0,F1_best,0.9999999999999999
mammography,mammography(2.3%),3,45,2.0,AUPRC,0.9999999999999999
mammography,mammography(2.3%),3,45,2.0,AUROC,0.9999999999999999
mammography,mammography(2.3%),3,45,2.0,Brier_neg,0.8999999999999998
mammography,mammography(2.3%),3,45,2.0,MCC_05,1.0
mammography,mammography(2.3%),3,45,3.0,SoftMCC,0.8999999999999998
mammography,mammography(2.3%),3,45,3.0,MCC_best,0.9999999999999999
mammography,mammography(2.3%),3,45,3.0,F1_best,0.9999999999999999
mammography,mammography(2.3%),3,45,3.0,AUPRC,0.9999999999999999
mammography,mammography(2.3%),3,45,3.0,AUROC,0.9999999999999999
mammography,mammography(2.3%),3,45,3.0,Brier_neg,0.7999999999999999
mammography,mammography(2.3%),3,45,3.0,MCC_05,1.0
mammography,mammography(2.3%),4,46,0.5,SoftMCC,0.8999999999999998
mammography,mammography(2.3%),4,46,0.5,MCC_best,1.0
mammography,mammography(2.3%),4,46,0.5,F1_best,1.0
mammography,mammography(2.3%),4,46,0.5,AUPRC,0.9999999999999999
mammography,mammography(2.3%),4,46,0.5,AUROC,0.9999999999999999
mammography,mammography(2.3%),4,46,0.5,Brier_neg,0.9999999999999999
mammography,mammography(2.3%),4,46,0.5,MCC_05,0.9999999999999999
mammography,mammography(2.3%),4,46,1.5,SoftMCC,0.9999999999999999
mammography,mammography(2.3%),4,46,1.5,MCC_best,1.0
mammography,mammography(2.3%),4,46,1.5,F1_best,1.0
mammography,mammography(2.3%),4,46,1.5,AUPRC,0.9999999999999999
mammography,mammography(2.3%),4,46,1.5,AUROC,0.9999999999999999
mammography,mammography(2.3%),4,46,1.5,Brier_neg,0.9999999999999999
mammography,mammography(2.3%),4,46,1.5,MCC_05,0.9999999999999999
mammography,mammography(2.3%),4,46,2.0,SoftMCC,0.6
mammography,mammography(2.3%),4,46,2.0,MCC_best,1.0
mammography,mammography(2.3%),4,46,2.0,F1_best,1.0
mammography,mammography(2.3%),4,46,2.0,AUPRC,0.9999999999999999
mammography,mammography(2.3%),4,46,2.0,AUROC,0.9999999999999999
mammography,mammography(2.3%),4,46,2.0,Brier_neg,0.7
mammography,mammography(2.3%),4,46,2.0,MCC_05,0.9999999999999999
mammography,mammography(2.3%),4,46,3.0,SoftMCC,0.49999999999999994
mammography,mammography(2.3%),4,46,3.0,MCC_best,1.0
mammography,mammography(2.3%),4,46,3.0,F1_best,1.0
mammography,mammography(2.3%),4,46,3.0,AUPRC,0.9999999999999999
mammography,mammography(2.3%),4,46,3.0,AUROC,0.9999999999999999
mammography,mammography(2.3%),4,46,3.0,Brier_neg,0.6
mammography,mammography(2.3%),4,46,3.0,MCC_05,0.9999999999999999
mammography,mammography(2.3%),5,47,0.5,SoftMCC,0.9999999999999999
mammography,mammography(2.3%),5,47,0.5,MCC_best,0.9999999999999999
mammography,mammography(2.3%),5,47,0.5,F1_best,1.0
mammography,mammography(2.3%),5,47,0.5,AUPRC,0.9999999999999999
mammography,mammography(2.3%),5,47,0.5,AUROC,0.9999999999999999
mammography,mammography(2.3%),5,47,0.5,Brier_neg,0.8999999999999998
mammography,mammography(2.3%),5,47,0.5,MCC_05,1.0
mammography,mammography(2.3%),5,47,1.5,SoftMCC,0.9999999999999999
mammography,mammography(2.3%),5,47,1.5,MCC_best,0.9999999999999999
mammography,mammography(2.3%),5,47,1.5,F1_best,1.0
mammography,mammography(2.3%),5,47,1.5,AUPRC,0.9999999999999999
mammography,mammography(2.3%),5,47,1.5,AUROC,0.9999999999999999
mammography,mammography(2.3%),5,47,1.5,Brier_neg,0.8999999999999998
mammography,mammography(2.3%),5,47,1.5,MCC_05,1.0
mammography,mammography(2.3%),5,47,2.0,SoftMCC,0.9999999999999999
mammography,mammography(2.3%),5,47,2.0,MCC_best,0.9999999999999999
mammography,mammography(2.3%),5,47,2.0,F1_best,1.0
mammography,mammography(2.3%),5,47,2.0,AUPRC,0.9999999999999999
mammography,mammography(2.3%),5,47,2.0,AUROC,0.9999999999999999
mammography,mammography(2.3%),5,47,2.0,Brier_neg,0.7999999999999999
mammography,mammography(2.3%),5,47,2.0,MCC_05,1.0
mammography,mammography(2.3%),5,47,3.0,SoftMCC,0.9999999999999999
mammography,mammography(2.3%),5,47,3.0,MCC_best,0.9999999999999999
mammography,mammography(2.3%),5,47,3.0,F1_best,1.0
mammography,mammography(2.3%),5,47,3.0,AUPRC,0.9999999999999999
mammography,mammography(2.3%),5,47,3.0,AUROC,0.9999999999999999
mammography,mammography(2.3%),5,47,3.0,Brier_neg,0.7999999999999999
mammography,mammography(2.3%),5,47,3.0,MCC_05,1.0
mammography,mammography(2.3%),6,48,0.5,SoftMCC,0.8999999999999998
mammography,mammography(2.3%),6,48,0.5,MCC_best,0.9999999999999999
mammography,mammography(2.3%),6,48,0.5,F1_best,0.9999999999999999
mammography,mammography(2.3%),6,48,0.5,AUPRC,0.9999999999999999
mammography,mammography(2.3%),6,48,0.5,AUROC,0.9999999999999999
mammography,mammography(2.3%),6,48,0.5,Brier_neg,0.9999999999999999
mammography,mammography(2.3%),6,48,0.5,MCC_05,1.0
mammography,mammography(2.3%),6,48,1.5,SoftMCC,0.9999999999999999
mammography,mammography(2.3%),6,48,1.5,MCC_best,0.9999999999999999
mammography,mammography(2.3%),6,48,1.5,F1_best,0.9999999999999999
mammography,mammography(2.3%),6,48,1.5,AUPRC,0.9999999999999999
mammography,mammography(2.3%),6,48,1.5,AUROC,0.9999999999999999
mammography,mammography(2.3%),6,48,1.5,Brier_neg,0.9999999999999999
mammography,mammography(2.3%),6,48,1.5,MCC_05,1.0
mammography,mammography(2.3%),6,48,2.0,SoftMCC,0.9999999999999999
mammography,mammography(2.3%),6,48,2.0,MCC_best,0.9999999999999999
mammography,mammography(2.3%),6,48,2.0,F1_best,0.9999999999999999
mammography,mammography(2.3%),6,48,2.0,AUPRC,0.9999999999999999
mammography,mammography(2.3%),6,48,2.0,AUROC,0.9999999999999999
mammography,mammography(2.3%),6,48,2.0,Brier_neg,0.9999999999999999
mammography,mammography(2.3%),6,48,2.0,MCC_05,1.0
mammography,mammography(2.3%),6,48,3.0,SoftMCC,0.9999999999999999
mammography,mammography(2.3%),6,48,3.0,MCC_best,0.9999999999999999
mammography,mammography(2.3%),6,48,3.0,F1_best,0.9999999999999999
mammography,mammography(2.3%),6,48,3.0,AUPRC,0.9999999999999999
mammography,mammography(2.3%),6,48,3.0,AUROC,0.9999999999999999
mammography,mammography(2.3%),6,48,3.0,Brier_neg,0.9999999999999999
mammography,mammography(2.3%),6,48,3.0,MCC_05,1.0
mammography,mammography(2.3%),7,49,0.5,SoftMCC,0.8999999999999998
mammography,mammography(2.3%),7,49,0.5,MCC_best,0.9999999999999999
mammography,mammography(2.3%),7,49,0.5,F1_best,0.9999999999999999
mammography,mammography(2.3%),7,49,0.5,AUPRC,0.9999999999999999
mammography,mammography(2.3%),7,49,0.5,AUROC,0.9999999999999999
mammography,mammography(2.3%),7,49,0.5,Brier_neg,0.9999999999999999
mammography,mammography(2.3%),7,49,0.5,MCC_05,1.0
mammography,mammography(2.3%),7,49,1.5,SoftMCC,0.9999999999999999
mammography,mammography(2.3%),7,49,1.5,MCC_best,0.9999999999999999
mammography,mammography(2.3%),7,49,1.5,F1_best,0.9999999999999999
mammography,mammography(2.3%),7,49,1.5,AUPRC,0.9999999999999999
mammography,mammography(2.3%),7,49,1.5,AUROC,0.9999999999999999
mammography,mammography(2.3%),7,49,1.5,Brier_neg,0.8999999999999998
mammography,mammography(2.3%),7,49,1.5,MCC_05,1.0
mammography,mammography(2.3%),7,49,2.0,SoftMCC,0.8999999999999998
mammography,mammography(2.3%),7,49,2.0,MCC_best,0.9999999999999999
mammography,mammography(2.3%),7,49,2.0,F1_best,0.9999999999999999
mammography,mammography(2.3%),7,49,2.0,AUPRC,0.9999999999999999
mammography,mammography(2.3%),7,49,2.0,AUROC,0.9999999999999999
mammography,mammography(2.3%),7,49,2.0,Brier_neg,0.7
mammography,mammography(2.3%),7,49,2.0,MCC_05,1.0
mammography,mammography(2.3%),7,49,3.0,SoftMCC,0.8999999999999998
mammography,mammography(2.3%),7,49,3.0,MCC_best,0.9999999999999999
mammography,mammography(2.3%),7,49,3.0,F1_best,0.9999999999999999
mammography,mammography(2.3%),7,49,3.0,AUPRC,0.9999999999999999
mammography,mammography(2.3%),7,49,3.0,AUROC,0.9999999999999999
mammography,mammography(2.3%),7,49,3.0,Brier_neg,0.7
mammography,mammography(2.3%),7,49,3.0,MCC_05,1.0
mammography,mammography(2.3%),8,50,0.5,SoftMCC,0.8999999999999998
mammography,mammography(2.3%),8,50,0.5,MCC_best,0.9999999999999999
mammography,mammography(2.3%),8,50,0.5,F1_best,0.9999999999999999
mammography,mammography(2.3%),8,50,0.5,AUPRC,0.9999999999999999
mammography,mammography(2.3%),8,50,0.5,AUROC,0.9999999999999999
mammography,mammography(2.3%),8,50,0.5,Brier_neg,0.7
mammography,mammography(2.3%),8,50,0.5,MCC_05,1.0
mammography,mammography(2.3%),8,50,1.5,SoftMCC,0.9999999999999999
mammography,mammography(2.3%),8,50,1.5,MCC_best,0.9999999999999999
mammography,mammography(2.3%),8,50,1.5,F1_best,0.9999999999999999
mammography,mammography(2.3%),8,50,1.5,AUPRC,0.9999999999999999
mammography,mammography(2.3%),8,50,1.5,AUROC,0.9999999999999999
mammography,mammography(2.3%),8,50,1.5,Brier_neg,0.8999999999999998
mammography,mammography(2.3%),8,50,1.5,MCC_05,1.0
mammography,mammography(2.3%),8,50,2.0,SoftMCC,0.9999999999999999
mammography,mammography(2.3%),8,50,2.0,MCC_best,0.9999999999999999
mammography,mammography(2.3%),8,50,2.0,F1_best,0.9999999999999999
mammography,mammography(2.3%),8,50,2.0,AUPRC,0.9999999999999999
mammography,mammography(2.3%),8,50,2.0,AUROC,0.9999999999999999
mammography,mammography(2.3%),8,50,2.0,Brier_neg,0.8999999999999998
mammography,mammography(2.3%),8,50,2.0,MCC_05,1.0
mammography,mammography(2.3%),8,50,3.0,SoftMCC,0.9999999999999999
mammography,mammography(2.3%),8,50,3.0,MCC_best,0.9999999999999999
mammography,mammography(2.3%),8,50,3.0,F1_best,0.9999999999999999
mammography,mammography(2.3%),8,50,3.0,AUPRC,0.9999999999999999
mammography,mammography(2.3%),8,50,3.0,AUROC,0.9999999999999999
mammography,mammography(2.3%),8,50,3.0,Brier_neg,0.8999999999999998
mammography,mammography(2.3%),8,50,3.0,MCC_05,1.0
mammography,mammography(2.3%),9,51,0.5,SoftMCC,0.6
mammography,mammography(2.3%),9,51,0.5,MCC_best,0.9999999999999999
mammography,mammography(2.3%),9,51,0.5,F1_best,1.0
mammography,mammography(2.3%),9,51,0.5,AUPRC,0.9999999999999999
mammography,mammography(2.3%),9,51,0.5,AUROC,0.9999999999999999
mammography,mammography(2.3%),9,51,0.5,Brier_neg,0.9999999999999999
mammography,mammography(2.3%),9,51,0.5,MCC_05,0.9999999999999999
mammography,mammography(2.3%),9,51,1.5,SoftMCC,0.9999999999999999
mammography,mammography(2.3%),9,51,1.5,MCC_best,0.9999999999999999
mammography,mammography(2.3%),9,51,1.5,F1_best,1.0
mammography,mammography(2.3%),9,51,1.5,AUPRC,0.9999999999999999
mammography,mammography(2.3%),9,51,1.5,AUROC,0.9999999999999999
mammography,mammography(2.3%),9,51,1.5,Brier_neg,0.9999999999999999
mammography,mammography(2.3%),9,51,1.5,MCC_05,0.9999999999999999
mammography,mammography(2.3%),9,51,2.0,SoftMCC,0.9999999999999999
mammography,mammography(2.3%),9,51,2.0,MCC_best,0.9999999999999999
mammography,mammography(2.3%),9,51,2.0,F1_best,1.0
mammography,mammography(2.3%),9,51,2.0,AUPRC,0.9999999999999999
mammography,mammography(2.3%),9,51,2.0,AUROC,0.9999999999999999
mammography,mammography(2.3%),9,51,2.0,Brier_neg,0.9999999999999999
mammography,mammography(2.3%),9,51,2.0,MCC_05,0.9999999999999999
mammography,mammography(2.3%),9,51,3.0,SoftMCC,0.8999999999999998
mammography,mammography(2.3%),9,51,3.0,MCC_best,0.9999999999999999
mammography,mammography(2.3%),9,51,3.0,F1_best,1.0
mammography,mammography(2.3%),9,51,3.0,AUPRC,0.9999999999999999
mammography,mammography(2.3%),9,51,3.0,AUROC,0.9999999999999999
mammography,mammography(2.3%),9,51,3.0,Brier_neg,0.9999999999999999
mammography,mammography(2.3%),9,51,3.0,MCC_05,0.9999999999999999
mammography,mammography(2.3%),10,52,0.5,SoftMCC,0.9999999999999999
mammography,mammography(2.3%),10,52,0.5,MCC_best,1.0
mammography,mammography(2.3%),10,52,0.5,F1_best,1.0
mammography,mammography(2.3%),10,52,0.5,AUPRC,0.9999999999999999
mammography,mammography(2.3%),10,52,0.5,AUROC,0.9999999999999999
mammography,mammography(2.3%),10,52,0.5,Brier_neg,0.8999999999999998
mammography,mammography(2.3%),10,52,0.5,MCC_05,0.9999999999999999
mammography,mammography(2.3%),10,52,1.5,SoftMCC,0.9999999999999999
mammography,mammography(2.3%),10,52,1.5,MCC_best,1.0
mammography,mammography(2.3%),10,52,1.5,F1_best,1.0
mammography,mammography(2.3%),10,52,1.5,AUPRC,0.9999999999999999
mammography,mammography(2.3%),10,52,1.5,AUROC,0.9999999999999999
mammography,mammography(2.3%),10,52,1.5,Brier_neg,0.9999999999999999
mammography,mammography(2.3%),10,52,1.5,MCC_05,0.9999999999999999
mammography,mammography(2.3%),10,52,2.0,SoftMCC,0.9999999999999999
mammography,mammography(2.3%),10,52,2.0,MCC_best,1.0
mammography,mammography(2.3%),10,52,2.0,F1_best,1.0
mammography,mammography(2.3%),10,52,2.0,AUPRC,0.9999999999999999
mammography,mammography(2.3%),10,52,2.0,AUROC,0.9999999999999999
mammography,mammography(2.3%),10,52,2.0,Brier_neg,0.9999999999999999
mammography,mammography(2.3%),10,52,2.0,MCC_05,0.9999999999999999
mammography,mammography(2.3%),10,52,3.0,SoftMCC,0.8999999999999998
mammography,mammography(2.3%),10,52,3.0,MCC_best,1.0
mammography,mammography(2.3%),10,52,3.0,F1_best,1.0
mammography,mammography(2.3%),10,52,3.0,AUPRC,0.9999999999999999
mammography,mammography(2.3%),10,52,3.0,AUROC,0.9999999999999999
mammography,mammography(2.3%),10,52,3.0,Brier_neg,0.7
mammography,mammography(2.3%),10,52,3.0,MCC_05,0.9999999999999999
mammography,mammography(2.3%),11,53,0.5,SoftMCC,0.9999999999999999
mammography,mammography(2.3%),11,53,0.5,MCC_best,0.9999999999999999
mammography,mammography(2.3%),11,53,0.5,F1_best,0.9999999999999999
mammography,mammography(2.3%),11,53,0.5,AUPRC,0.9999999999999999
mammography,mammography(2.3%),11,53,0.5,AUROC,0.9999999999999999
mammography,mammography(2.3%),11,53,0.5,Brier_neg,0.9999999999999999
mammography,mammography(2.3%),11,53,0.5,MCC_05,0.9999999999999999
mammography,mammography(2.3%),11,53,1.5,SoftMCC,0.7999999999999999
mammography,mammography(2.3%),11,53,1.5,MCC_best,0.9999999999999999
mammography,mammography(2.3%),11,53,1.5,F1_best,0.9999999999999999
mammography,mammography(2.3%),11,53,1.5,AUPRC,0.9999999999999999
mammography,mammography(2.3%),11,53,1.5,AUROC,0.9999999999999999
mammography,mammography(2.3%),11,53,1.5,Brier_neg,0.8999999999999998
mammography,mammography(2.3%),11,53,1.5,MCC_05,0.9999999999999999
mammography,mammography(2.3%),11,53,2.0,SoftMCC,0.7999999999999999
mammography,mammography(2.3%),11,53,2.0,MCC_best,0.9999999999999999
mammography,mammography(2.3%),11,53,2.0,F1_best,0.9999999999999999
mammography,mammography(2.3%),11,53,2.0,AUPRC,0.9999999999999999
mammography,mammography(2.3%),11,53,2.0,AUROC,0.9999999999999999
mammography,mammography(2.3%),11,53,2.0,Brier_neg,0.7999999999999999
mammography,mammography(2.3%),11,53,2.0,MCC_05,0.9999999999999999
mammography,mammography(2.3%),11,53,3.0,SoftMCC,0.49999999999999994
mammography,mammography(2.3%),11,53,3.0,MCC_best,0.9999999999999999
mammography,mammography(2.3%),11,53,3.0,F1_best,0.9999999999999999
mammography,mammography(2.3%),11,53,3.0,AUPRC,0.9999999999999999
mammography,mammography(2.3%),11,53,3.0,AUROC,0.9999999999999999
mammography,mammography(2.3%),11,53,3.0,Brier_neg,0.49999999999999994
mammography,mammography(2.3%),11,53,3.0,MCC_05,0.9999999999999999
ozone_level,ozone_level(2.9%),0,42,0.5,SoftMCC,0.8999999999999998
ozone_level,ozone_level(2.9%),0,42,0.5,MCC_best,0.9999999999999999
ozone_level,ozone_level(2.9%),0,42,0.5,F1_best,0.9999999999999999
ozone_level,ozone_level(2.9%),0,42,0.5,AUPRC,0.9999999999999999
ozone_level,ozone_level(2.9%),0,42,0.5,AUROC,0.9999999999999999
ozone_level,ozone_level(2.9%),0,42,0.5,Brier_neg,0.8999999999999998
ozone_level,ozone_level(2.9%),0,42,0.5,MCC_05,1.0
ozone_level,ozone_level(2.9%),0,42,1.5,SoftMCC,0.8999999999999998
ozone_level,ozone_level(2.9%),0,42,1.5,MCC_best,0.9999999999999999
ozone_level,ozone_level(2.9%),0,42,1.5,F1_best,0.9999999999999999
ozone_level,ozone_level(2.9%),0,42,1.5,AUPRC,0.9999999999999999
ozone_level,ozone_level(2.9%),0,42,1.5,AUROC,0.9999999999999999
ozone_level,ozone_level(2.9%),0,42,1.5,Brier_neg,0.9999999999999999
ozone_level,ozone_level(2.9%),0,42,1.5,MCC_05,1.0
ozone_level,ozone_level(2.9%),0,42,2.0,SoftMCC,0.7
ozone_level,ozone_level(2.9%),0,42,2.0,MCC_best,0.9999999999999999
ozone_level,ozone_level(2.9%),0,42,2.0,F1_best,0.9999999999999999
ozone_level,ozone_level(2.9%),0,42,2.0,AUPRC,0.9999999999999999
ozone_level,ozone_level(2.9%),0,42,2.0,AUROC,0.9999999999999999
ozone_level,ozone_level(2.9%),0,42,2.0,Brier_neg,0.3
ozone_level,ozone_level(2.9%),0,42,2.0,MCC_05,1.0
ozone_level,ozone_level(2.9%),0,42,3.0,SoftMCC,-0.09999999999999999
ozone_level,ozone_level(2.9%),0,42,3.0,MCC_best,0.9999999999999999
ozone_level,ozone_level(2.9%),0,42,3.0,F1_best,0.9999999999999999
ozone_level,ozone_level(2.9%),0,42,3.0,AUPRC,0.9999999999999999
ozone_level,ozone_level(2.9%),0,42,3.0,AUROC,0.9999999999999999
ozone_level,ozone_level(2.9%),0,42,3.0,Brier_neg,-0.7
ozone_level,ozone_level(2.9%),0,42,3.0,MCC_05,1.0
ozone_level,ozone_level(2.9%),1,43,0.5,SoftMCC,0.9999999999999999
ozone_level,ozone_level(2.9%),1,43,0.5,MCC_best,0.9999999999999999
ozone_level,ozone_level(2.9%),1,43,0.5,F1_best,0.9999999999999999
ozone_level,ozone_level(2.9%),1,43,0.5,AUPRC,0.9999999999999999
ozone_level,ozone_level(2.9%),1,43,0.5,AUROC,0.9999999999999999
ozone_level,ozone_level(2.9%),1,43,0.5,Brier_neg,0.8999999999999998
ozone_level,ozone_level(2.9%),1,43,0.5,MCC_05,0.9999999999999999
ozone_level,ozone_level(2.9%),1,43,1.5,SoftMCC,0.9999999999999999
ozone_level,ozone_level(2.9%),1,43,1.5,MCC_best,0.9999999999999999
ozone_level,ozone_level(2.9%),1,43,1.5,F1_best,0.9999999999999999
ozone_level,ozone_level(2.9%),1,43,1.5,AUPRC,0.9999999999999999
ozone_level,ozone_level(2.9%),1,43,1.5,AUROC,0.9999999999999999
ozone_level,ozone_level(2.9%),1,43,1.5,Brier_neg,0.8999999999999998
ozone_level,ozone_level(2.9%),1,43,1.5,MCC_05,0.9999999999999999
ozone_level,ozone_level(2.9%),1,43,2.0,SoftMCC,0.8999999999999998
ozone_level,ozone_level(2.9%),1,43,2.0,MCC_best,0.9999999999999999
ozone_level,ozone_level(2.9%),1,43,2.0,F1_best,0.9999999999999999
ozone_level,ozone_level(2.9%),1,43,2.0,AUPRC,0.9999999999999999
ozone_level,ozone_level(2.9%),1,43,2.0,AUROC,0.9999999999999999
ozone_level,ozone_level(2.9%),1,43,2.0,Brier_neg,0.6
ozone_level,ozone_level(2.9%),1,43,2.0,MCC_05,0.9999999999999999
ozone_level,ozone_level(2.9%),1,43,3.0,SoftMCC,0.8999999999999998
ozone_level,ozone_level(2.9%),1,43,3.0,MCC_best,0.9999999999999999
ozone_level,ozone_level(2.9%),1,43,3.0,F1_best,0.9999999999999999
ozone_level,ozone_level(2.9%),1,43,3.0,AUPRC,0.9999999999999999
ozone_level,ozone_level(2.9%),1,43,3.0,AUROC,0.9999999999999999
ozone_level,ozone_level(2.9%),1,43,3.0,Brier_neg,0.6
ozone_level,ozone_level(2.9%),1,43,3.0,MCC_05,0.9999999999999999
ozone_level,ozone_level(2.9%),2,44,0.5,SoftMCC,0.8999999999999998
ozone_level,ozone_level(2.9%),2,44,0.5,MCC_best,0.9999999999999999
ozone_level,ozone_level(2.9%),2,44,0.5,F1_best,0.9999999999999999
ozone_level,ozone_level(2.9%),2,44,0.5,AUPRC,0.9999999999999999
ozone_level,ozone_level(2.9%),2,44,0.5,AUROC,0.9999999999999999
ozone_level,ozone_level(2.9%),2,44,0.5,Brier_neg,0.6
ozone_level,ozone_level(2.9%),2,44,0.5,MCC_05,1.0
ozone_level,ozone_level(2.9%),2,44,1.5,SoftMCC,0.9999999999999999
ozone_level,ozone_level(2.9%),2,44,1.5,MCC_best,0.9999999999999999
ozone_level,ozone_level(2.9%),2,44,1.5,F1_best,0.9999999999999999
ozone_level,ozone_level(2.9%),2,44,1.5,AUPRC,0.9999999999999999
ozone_level,ozone_level(2.9%),2,44,1.5,AUROC,0.9999999999999999
ozone_level,ozone_level(2.9%),2,44,1.5,Brier_neg,0.9999999999999999
ozone_level,ozone_level(2.9%),2,44,1.5,MCC_05,1.0
ozone_level,ozone_level(2.9%),2,44,2.0,SoftMCC,0.3
ozone_level,ozone_level(2.9%),2,44,2.0,MCC_best,0.9999999999999999
ozone_level,ozone_level(2.9%),2,44,2.0,F1_best,0.9999999999999999
ozone_level,ozone_level(2.9%),2,44,2.0,AUPRC,0.9999999999999999
ozone_level,ozone_level(2.9%),2,44,2.0,AUROC,0.9999999999999999
ozone_level,ozone_level(2.9%),2,44,2.0,Brier_neg,0.8999999999999998
ozone_level,ozone_level(2.9%),2,44,2.0,MCC_05,1.0
ozone_level,ozone_level(2.9%),2,44,3.0,SoftMCC,0.0
ozone_level,ozone_level(2.9%),2,44,3.0,MCC_best,0.9999999999999999
ozone_level,ozone_level(2.9%),2,44,3.0,F1_best,0.9999999999999999
ozone_level,ozone_level(2.9%),2,44,3.0,AUPRC,0.9999999999999999
ozone_level,ozone_level(2.9%),2,44,3.0,AUROC,0.9999999999999999
ozone_level,ozone_level(2.9%),2,44,3.0,Brier_neg,0.0
ozone_level,ozone_level(2.9%),2,44,3.0,MCC_05,1.0
ozone_level,ozone_level(2.9%),3,45,0.5,SoftMCC,0.8999999999999998
ozone_level,ozone_level(2.9%),3,45,0.5,MCC_best,0.9999999999999999
ozone_level,ozone_level(2.9%),3,45,0.5,F1_best,0.9999999999999999
ozone_level,ozone_level(2.9%),3,45,0.5,AUPRC,0.9999999999999999
ozone_level,ozone_level(2.9%),3,45,0.5,AUROC,0.9999999999999999
ozone_level,ozone_level(2.9%),3,45,0.5,Brier_neg,0.8999999999999998
ozone_level,ozone_level(2.9%),3,45,0.5,MCC_05,0.9999999999999999
ozone_level,ozone_level(2.9%),3,45,1.5,SoftMCC,0.9999999999999999
ozone_level,ozone_level(2.9%),3,45,1.5,MCC_best,0.9999999999999999
ozone_level,ozone_level(2.9%),3,45,1.5,F1_best,0.9999999999999999
ozone_level,ozone_level(2.9%),3,45,1.5,AUPRC,0.9999999999999999
ozone_level,ozone_level(2.9%),3,45,1.5,AUROC,0.9999999999999999
ozone_level,ozone_level(2.9%),3,45,1.5,Brier_neg,0.9999999999999999
ozone_level,ozone_level(2.9%),3,45,1.5,MCC_05,0.9999999999999999
ozone_level,ozone_level(2.9%),3,45,2.0,SoftMCC,0.9999999999999999
ozone_level,ozone_level(2.9%),3,45,2.0,MCC_best,0.9999999999999999
ozone_level,ozone_level(2.9%),3,45,2.0,F1_best,0.9999999999999999
ozone_level,ozone_level(2.9%),3,45,2.0,AUPRC,0.9999999999999999
ozone_level,ozone_level(2.9%),3,45,2.0,AUROC,0.9999999999999999
ozone_level,ozone_level(2.9%),3,45,2.0,Brier_neg,0.7
ozone_level,ozone_level(2.9%),3,45,2.0,MCC_05,0.9999999999999999
ozone_level,ozone_level(2.9%),3,45,3.0,SoftMCC,0.9999999999999999
ozone_level,ozone_level(2.9%),3,45,3.0,MCC_best,0.9999999999999999
ozone_level,ozone_level(2.9%),3,45,3.0,F1_best,0.9999999999999999
ozone_level,ozone_level(2.9%),3,45,3.0,AUPRC,0.9999999999999999
ozone_level,ozone_level(2.9%),3,45,3.0,AUROC,0.9999999999999999
ozone_level,ozone_level(2.9%),3,45,3.0,Brier_neg,0.49999999999999994
ozone_level,ozone_level(2.9%),3,45,3.0,MCC_05,0.9999999999999999
ozone_level,ozone_level(2.9%),4,46,0.5,SoftMCC,0.9999999999999999
ozone_level,ozone_level(2.9%),4,46,0.5,MCC_best,0.9999999999999999
ozone_level,ozone_level(2.9%),4,46,0.5,F1_best,1.0
ozone_level,ozone_level(2.9%),4,46,0.5,AUPRC,0.9999999999999999
ozone_level,ozone_level(2.9%),4,46,0.5,AUROC,0.9999999999999999
ozone_level,ozone_level(2.9%),4,46,0.5,Brier_neg,0.3
ozone_level,ozone_level(2.9%),4,46,0.5,MCC_05,0.9999999999999999
ozone_level,ozone_level(2.9%),4,46,1.5,SoftMCC,0.9999999999999999
ozone_level,ozone_level(2.9%),4,46,1.5,MCC_best,0.9999999999999999
ozone_level,ozone_level(2.9%),4,46,1.5,F1_best,1.0
ozone_level,ozone_level(2.9%),4,46,1.5,AUPRC,0.9999999999999999
ozone_level,ozone_level(2.9%),4,46,1.5,AUROC,0.9999999999999999
ozone_level,ozone_level(2.9%),4,46,1.5,Brier_neg,0.7999999999999999
ozone_level,ozone_level(2.9%),4,46,1.5,MCC_05,0.9999999999999999
ozone_level,ozone_level(2.9%),4,46,2.0,SoftMCC,0.9999999999999999
ozone_level,ozone_level(2.9%),4,46,2.0,MCC_best,0.9999999999999999
ozone_level,ozone_level(2.9%),4,46,2.0,F1_best,1.0
ozone_level,ozone_level(2.9%),4,46,2.0,AUPRC,0.9999999999999999
ozone_level,ozone_level(2.9%),4,46,2.0,AUROC,0.9999999999999999
ozone_level,ozone_level(2.9%),4,46,2.0,Brier_neg,-0.09999999999999999
ozone_level,ozone_level(2.9%),4,46,2.0,MCC_05,0.9999999999999999
ozone_level,ozone_level(2.9%),4,46,3.0,SoftMCC,0.9999999999999999
ozone_level,ozone_level(2.9%),4,46,3.0,MCC_best,0.9999999999999999
ozone_level,ozone_level(2.9%),4,46,3.0,F1_best,1.0
ozone_level,ozone_level(2.9%),4,46,3.0,AUPRC,0.9999999999999999
ozone_level,ozone_level(2.9%),4,46,3.0,AUROC,0.9999999999999999
ozone_level,ozone_level(2.9%),4,46,3.0,Brier_neg,-0.09999999999999999
ozone_level,ozone_level(2.9%),4,46,3.0,MCC_05,0.9999999999999999
ozone_level,ozone_level(2.9%),5,47,0.5,SoftMCC,0.8999999999999998
ozone_level,ozone_level(2.9%),5,47,0.5,MCC_best,0.9999999999999999
ozone_level,ozone_level(2.9%),5,47,0.5,F1_best,0.9999999999999999
ozone_level,ozone_level(2.9%),5,47,0.5,AUPRC,0.9999999999999999
ozone_level,ozone_level(2.9%),5,47,0.5,AUROC,0.9999999999999999
ozone_level,ozone_level(2.9%),5,47,0.5,Brier_neg,0.7
ozone_level,ozone_level(2.9%),5,47,0.5,MCC_05,0.9999999999999999
ozone_level,ozone_level(2.9%),5,47,1.5,SoftMCC,0.9999999999999999
ozone_level,ozone_level(2.9%),5,47,1.5,MCC_best,0.9999999999999999
ozone_level,ozone_level(2.9%),5,47,1.5,F1_best,0.9999999999999999
ozone_level,ozone_level(2.9%),5,47,1.5,AUPRC,0.9999999999999999
ozone_level,ozone_level(2.9%),5,47,1.5,AUROC,0.9999999999999999
ozone_level,ozone_level(2.9%),5,47,1.5,Brier_neg,0.3
ozone_level,ozone_level(2.9%),5,47,1.5,MCC_05,0.9999999999999999
ozone_level,ozone_level(2.9%),5,47,2.0,SoftMCC,0.8999999999999998
ozone_level,ozone_level(2.9%),5,47,2.0,MCC_best,0.9999999999999999
ozone_level,ozone_level(2.9%),5,47,2.0,F1_best,0.9999999999999999
ozone_level,ozone_level(2.9%),5,47,2.0,AUPRC,0.9999999999999999
ozone_level,ozone_level(2.9%),5,47,2.0,AUROC,0.9999999999999999
ozone_level,ozone_level(2.9%),5,47,2.0,Brier_neg,0.09999999999999999
ozone_level,ozone_level(2.9%),5,47,2.0,MCC_05,0.9999999999999999
ozone_level,ozone_level(2.9%),5,47,3.0,SoftMCC,0.8999999999999998
ozone_level,ozone_level(2.9%),5,47,3.0,MCC_best,0.9999999999999999
ozone_level,ozone_level(2.9%),5,47,3.0,F1_best,0.9999999999999999
ozone_level,ozone_level(2.9%),5,47,3.0,AUPRC,0.9999999999999999
ozone_level,ozone_level(2.9%),5,47,3.0,AUROC,0.9999999999999999
ozone_level,ozone_level(2.9%),5,47,3.0,Brier_neg,0.09999999999999999
ozone_level,ozone_level(2.9%),5,47,3.0,MCC_05,0.9999999999999999
ozone_level,ozone_level(2.9%),6,48,0.5,SoftMCC,0.8999999999999998
ozone_level,ozone_level(2.9%),6,48,0.5,MCC_best,1.0
ozone_level,ozone_level(2.9%),6,48,0.5,F1_best,1.0
ozone_level,ozone_level(2.9%),6,48,0.5,AUPRC,0.9999999999999999
ozone_level,ozone_level(2.9%),6,48,0.5,AUROC,0.9999999999999999
ozone_level,ozone_level(2.9%),6,48,0.5,Brier_neg,0.9999999999999999
ozone_level,ozone_level(2.9%),6,48,0.5,MCC_05,0.9999999999999999
ozone_level,ozone_level(2.9%),6,48,1.5,SoftMCC,0.9999999999999999
ozone_level,ozone_level(2.9%),6,48,1.5,MCC_best,1.0
ozone_level,ozone_level(2.9%),6,48,1.5,F1_best,1.0
ozone_level,ozone_level(2.9%),6,48,1.5,AUPRC,0.9999999999999999
ozone_level,ozone_level(2.9%),6,48,1.5,AUROC,0.9999999999999999
ozone_level,ozone_level(2.9%),6,48,1.5,Brier_neg,0.9999999999999999
ozone_level,ozone_level(2.9%),6,48,1.5,MCC_05,0.9999999999999999
ozone_level,ozone_level(2.9%),6,48,2.0,SoftMCC,0.9999999999999999
ozone_level,ozone_level(2.9%),6,48,2.0,MCC_best,1.0
ozone_level,ozone_level(2.9%),6,48,2.0,F1_best,1.0
ozone_level,ozone_level(2.9%),6,48,2.0,AUPRC,0.9999999999999999
ozone_level,ozone_level(2.9%),6,48,2.0,AUROC,0.9999999999999999
ozone_level,ozone_level(2.9%),6,48,2.0,Brier_neg,0.7999999999999999
ozone_level,ozone_level(2.9%),6,48,2.0,MCC_05,0.9999999999999999
ozone_level,ozone_level(2.9%),6,48,3.0,SoftMCC,0.9999999999999999
ozone_level,ozone_level(2.9%),6,48,3.0,MCC_best,1.0
ozone_level,ozone_level(2.9%),6,48,3.0,F1_best,1.0
ozone_level,ozone_level(2.9%),6,48,3.0,AUPRC,0.9999999999999999
ozone_level,ozone_level(2.9%),6,48,3.0,AUROC,0.9999999999999999
ozone_level,ozone_level(2.9%),6,48,3.0,Brier_neg,0.7999999999999999
ozone_level,ozone_level(2.9%),6,48,3.0,MCC_05,0.9999999999999999
ozone_level,ozone_level(2.9%),7,49,0.5,SoftMCC,0.9999999999999999
ozone_level,ozone_level(2.9%),7,49,0.5,MCC_best,0.9999999999999999
ozone_level,ozone_level(2.9%),7,49,0.5,F1_best,0.9999999999999999
ozone_level,ozone_level(2.9%),7,49,0.5,AUPRC,0.9999999999999999
ozone_level,ozone_level(2.9%),7,49,0.5,AUROC,0.9999999999999999
ozone_level,ozone_level(2.9%),7,49,0.5,Brier_neg,0.8999999999999998
ozone_level,ozone_level(2.9%),7,49,0.5,MCC_05,0.9999999999999999
ozone_level,ozone_level(2.9%),7,49,1.5,SoftMCC,0.9999999999999999
ozone_level,ozone_level(2.9%),7,49,1.5,MCC_best,0.9999999999999999
ozone_level,ozone_level(2.9%),7,49,1.5,F1_best,0.9999999999999999
ozone_level,ozone_level(2.9%),7,49,1.5,AUPRC,0.9999999999999999
ozone_level,ozone_level(2.9%),7,49,1.5,AUROC,0.9999999999999999
ozone_level,ozone_level(2.9%),7,49,1.5,Brier_neg,0.8999999999999998
ozone_level,ozone_level(2.9%),7,49,1.5,MCC_05,0.9999999999999999
ozone_level,ozone_level(2.9%),7,49,2.0,SoftMCC,0.9999999999999999
ozone_level,ozone_level(2.9%),7,49,2.0,MCC_best,0.9999999999999999
ozone_level,ozone_level(2.9%),7,49,2.0,F1_best,0.9999999999999999
ozone_level,ozone_level(2.9%),7,49,2.0,AUPRC,0.9999999999999999
ozone_level,ozone_level(2.9%),7,49,2.0,AUROC,0.9999999999999999
ozone_level,ozone_level(2.9%),7,49,2.0,Brier_neg,0.8999999999999998
ozone_level,ozone_level(2.9%),7,49,2.0,MCC_05,0.9999999999999999
ozone_level,ozone_level(2.9%),7,49,3.0,SoftMCC,0.9999999999999999
ozone_level,ozone_level(2.9%),7,49,3.0,MCC_best,0.9999999999999999
ozone_level,ozone_level(2.9%),7,49,3.0,F1_best,0.9999999999999999
ozone_level,ozone_level(2.9%),7,49,3.0,AUPRC,0.9999999999999999
ozone_level,ozone_level(2.9%),7,49,3.0,AUROC,0.9999999999999999
ozone_level,ozone_level(2.9%),7,49,3.0,Brier_neg,0.8999999999999998
ozone_level,ozone_level(2.9%),7,49,3.0,MCC_05,0.9999999999999999
ozone_level,ozone_level(2.9%),8,50,0.5,SoftMCC,0.8999999999999998
ozone_level,ozone_level(2.9%),8,50,0.5,MCC_best,0.9999999999999999
ozone_level,ozone_level(2.9%),8,50,0.5,F1_best,0.9999999999999999
ozone_level,ozone_level(2.9%),8,50,0.5,AUPRC,0.9999999999999999
ozone_level,ozone_level(2.9%),8,50,0.5,AUROC,0.9999999999999999
ozone_level,ozone_level(2.9%),8,50,0.5,Brier_neg,0.6
ozone_level,ozone_level(2.9%),8,50,0.5,MCC_05,1.0
ozone_level,ozone_level(2.9%),8,50,1.5,SoftMCC,0.9999999999999999
ozone_level,ozone_level(2.9%),8,50,1.5,MCC_best,0.9999999999999999
ozone_level,ozone_level(2.9%),8,50,1.5,F1_best,0.9999999999999999
ozone_level,ozone_level(2.9%),8,50,1.5,AUPRC,0.9999999999999999
ozone_level,ozone_level(2.9%),8,50,1.5,AUROC,0.9999999999999999
ozone_level,ozone_level(2.9%),8,50,1.5,Brier_neg,0.9999999999999999
ozone_level,ozone_level(2.9%),8,50,1.5,MCC_05,1.0
ozone_level,ozone_level(2.9%),8,50,2.0,SoftMCC,0.7
ozone_level,ozone_level(2.9%),8,50,2.0,MCC_best,0.9999999999999999
ozone_level,ozone_level(2.9%),8,50,2.0,F1_best,0.9999999999999999
ozone_level,ozone_level(2.9%),8,50,2.0,AUPRC,0.9999999999999999
ozone_level,ozone_level(2.9%),8,50,2.0,AUROC,0.9999999999999999
ozone_level,ozone_level(2.9%),8,50,2.0,Brier_neg,0.9999999999999999
ozone_level,ozone_level(2.9%),8,50,2.0,MCC_05,1.0
ozone_level,ozone_level(2.9%),8,50,3.0,SoftMCC,0.7
ozone_level,ozone_level(2.9%),8,50,3.0,MCC_best,0.9999999999999999
ozone_level,ozone_level(2.9%),8,50,3.0,F1_best,0.9999999999999999
ozone_level,ozone_level(2.9%),8,50,3.0,AUPRC,0.9999999999999999
ozone_level,ozone_level(2.9%),8,50,3.0,AUROC,0.9999999999999999
ozone_level,ozone_level(2.9%),8,50,3.0,Brier_neg,0.8999999999999998
ozone_level,ozone_level(2.9%),8,50,3.0,MCC_05,1.0
ozone_level,ozone_level(2.9%),9,51,0.5,SoftMCC,0.8999999999999998
ozone_level,ozone_level(2.9%),9,51,0.5,MCC_best,0.9999999999999999
ozone_level,ozone_level(2.9%),9,51,0.5,F1_best,0.9999999999999999
ozone_level,ozone_level(2.9%),9,51,0.5,AUPRC,0.9999999999999999
ozone_level,ozone_level(2.9%),9,51,0.5,AUROC,0.9999999999999999
ozone_level,ozone_level(2.9%),9,51,0.5,Brier_neg,0.9999999999999999
ozone_level,ozone_level(2.9%),9,51,0.5,MCC_05,0.9999999999999999
ozone_level,ozone_level(2.9%),9,51,1.5,SoftMCC,0.9999999999999999
ozone_level,ozone_level(2.9%),9,51,1.5,MCC_best,0.9999999999999999
ozone_level,ozone_level(2.9%),9,51,1.5,F1_best,0.9999999999999999
ozone_level,ozone_level(2.9%),9,51,1.5,AUPRC,0.9999999999999999
ozone_level,ozone_level(2.9%),9,51,1.5,AUROC,0.9999999999999999
ozone_level,ozone_level(2.9%),9,51,1.5,Brier_neg,0.9999999999999999
ozone_level,ozone_level(2.9%),9,51,1.5,MCC_05,0.9999999999999999
ozone_level,ozone_level(2.9%),9,51,2.0,SoftMCC,0.9999999999999999
ozone_level,ozone_level(2.9%),9,51,2.0,MCC_best,0.9999999999999999
ozone_level,ozone_level(2.9%),9,51,2.0,F1_best,0.9999999999999999
ozone_level,ozone_level(2.9%),9,51,2.0,AUPRC,0.9999999999999999
ozone_level,ozone_level(2.9%),9,51,2.0,AUROC,0.9999999999999999
ozone_level,ozone_level(2.9%),9,51,2.0,Brier_neg,0.6
ozone_level,ozone_level(2.9%),9,51,2.0,MCC_05,0.9999999999999999
ozone_level,ozone_level(2.9%),9,51,3.0,SoftMCC,0.9999999999999999
ozone_level,ozone_level(2.9%),9,51,3.0,MCC_best,0.9999999999999999
ozone_level,ozone_level(2.9%),9,51,3.0,F1_best,0.9999999999999999
ozone_level,ozone_level(2.9%),9,51,3.0,AUPRC,0.9999999999999999
ozone_level,ozone_level(2.9%),9,51,3.0,AUROC,0.9999999999999999
ozone_level,ozone_level(2.9%),9,51,3.0,Brier_neg,0.6
ozone_level,ozone_level(2.9%),9,51,3.0,MCC_05,0.9999999999999999
ozone_level,ozone_level(2.9%),10,52,0.5,SoftMCC,0.8999999999999998
ozone_level,ozone_level(2.9%),10,52,0.5,MCC_best,0.9999999999999999
ozone_level,ozone_level(2.9%),10,52,0.5,F1_best,0.9999999999999999
ozone_level,ozone_level(2.9%),10,52,0.5,AUPRC,0.9999999999999999
ozone_level,ozone_level(2.9%),10,52,0.5,AUROC,0.9999999999999999
ozone_level,ozone_level(2.9%),10,52,0.5,Brier_neg,0.8999999999999998
ozone_level,ozone_level(2.9%),10,52,0.5,MCC_05,1.0
ozone_level,ozone_level(2.9%),10,52,1.5,SoftMCC,0.9999999999999999
ozone_level,ozone_level(2.9%),10,52,1.5,MCC_best,0.9999999999999999
ozone_level,ozone_level(2.9%),10,52,1.5,F1_best,0.9999999999999999
ozone_level,ozone_level(2.9%),10,52,1.5,AUPRC,0.9999999999999999
ozone_level,ozone_level(2.9%),10,52,1.5,AUROC,0.9999999999999999
ozone_level,ozone_level(2.9%),10,52,1.5,Brier_neg,0.9999999999999999
ozone_level,ozone_level(2.9%),10,52,1.5,MCC_05,1.0
ozone_level,ozone_level(2.9%),10,52,2.0,SoftMCC,0.9999999999999999
ozone_level,ozone_level(2.9%),10,52,2.0,MCC_best,0.9999999999999999
ozone_level,ozone_level(2.9%),10,52,2.0,F1_best,0.9999999999999999
ozone_level,ozone_level(2.9%),10,52,2.0,AUPRC,0.9999999999999999
ozone_level,ozone_level(2.9%),10,52,2.0,AUROC,0.9999999999999999
ozone_level,ozone_level(2.9%),10,52,2.0,Brier_neg,0.9999999999999999
ozone_level,ozone_level(2.9%),10,52,2.0,MCC_05,1.0
ozone_level,ozone_level(2.9%),10,52,3.0,SoftMCC,0.9999999999999999
ozone_level,ozone_level(2.9%),10,52,3.0,MCC_best,0.9999999999999999
ozone_level,ozone_level(2.9%),10,52,3.0,F1_best,0.9999999999999999
ozone_level,ozone_level(2.9%),10,52,3.0,AUPRC,0.9999999999999999
ozone_level,ozone_level(2.9%),10,52,3.0,AUROC,0.9999999999999999
ozone_level,ozone_level(2.9%),10,52,3.0,Brier_neg,0.8999999999999998
ozone_level,ozone_level(2.9%),10,52,3.0,MCC_05,1.0
ozone_level,ozone_level(2.9%),11,53,0.5,SoftMCC,0.8999999999999998
ozone_level,ozone_level(2.9%),11,53,0.5,MCC_best,0.9999999999999999
ozone_level,ozone_level(2.9%),11,53,0.5,F1_best,0.9999999999999999
ozone_level,ozone_level(2.9%),11,53,0.5,AUPRC,0.9999999999999999
ozone_level,ozone_level(2.9%),11,53,0.5,AUROC,0.9999999999999999
ozone_level,ozone_level(2.9%),11,53,0.5,Brier_neg,0.8999999999999998
ozone_level,ozone_level(2.9%),11,53,0.5,MCC_05,1.0
ozone_level,ozone_level(2.9%),11,53,1.5,SoftMCC,0.9999999999999999
ozone_level,ozone_level(2.9%),11,53,1.5,MCC_best,0.9999999999999999
ozone_level,ozone_level(2.9%),11,53,1.5,F1_best,0.9999999999999999
ozone_level,ozone_level(2.9%),11,53,1.5,AUPRC,0.9999999999999999
ozone_level,ozone_level(2.9%),11,53,1.5,AUROC,0.9999999999999999
ozone_level,ozone_level(2.9%),11,53,1.5,Brier_neg,0.9999999999999999
ozone_level,ozone_level(2.9%),11,53,1.5,MCC_05,1.0
ozone_level,ozone_level(2.9%),11,53,2.0,SoftMCC,0.9999999999999999
ozone_level,ozone_level(2.9%),11,53,2.0,MCC_best,0.9999999999999999
ozone_level,ozone_level(2.9%),11,53,2.0,F1_best,0.9999999999999999
ozone_level,ozone_level(2.9%),11,53,2.0,AUPRC,0.9999999999999999
ozone_level,ozone_level(2.9%),11,53,2.0,AUROC,0.9999999999999999
ozone_level,ozone_level(2.9%),11,53,2.0,Brier_neg,0.8999999999999998
ozone_level,ozone_level(2.9%),11,53,2.0,MCC_05,1.0
ozone_level,ozone_level(2.9%),11,53,3.0,SoftMCC,0.9999999999999999
ozone_level,ozone_level(2.9%),11,53,3.0,MCC_best,0.9999999999999999
ozone_level,ozone_level(2.9%),11,53,3.0,F1_best,0.9999999999999999
ozone_level,ozone_level(2.9%),11,53,3.0,AUPRC,0.9999999999999999
ozone_level,ozone_level(2.9%),11,53,3.0,AUROC,0.9999999999999999
ozone_level,ozone_level(2.9%),11,53,3.0,Brier_neg,0.49999999999999994
ozone_level,ozone_level(2.9%),11,53,3.0,MCC_05,1.0
protein_homo,protein_homo(0.9%),0,42,0.5,SoftMCC,0.7
protein_homo,protein_homo(0.9%),0,42,0.5,MCC_best,0.9999999999999999
protein_homo,protein_homo(0.9%),0,42,0.5,F1_best,0.9999999999999999
protein_homo,protein_homo(0.9%),0,42,0.5,AUPRC,0.9999999999999999
protein_homo,protein_homo(0.9%),0,42,0.5,AUROC,0.9999999999999999
protein_homo,protein_homo(0.9%),0,42,0.5,Brier_neg,0.8999999999999998
protein_homo,protein_homo(0.9%),0,42,0.5,MCC_05,1.0
protein_homo,protein_homo(0.9%),0,42,1.5,SoftMCC,0.9999999999999999
protein_homo,protein_homo(0.9%),0,42,1.5,MCC_best,0.9999999999999999
protein_homo,protein_homo(0.9%),0,42,1.5,F1_best,0.9999999999999999
protein_homo,protein_homo(0.9%),0,42,1.5,AUPRC,0.9999999999999999
protein_homo,protein_homo(0.9%),0,42,1.5,AUROC,0.9999999999999999
protein_homo,protein_homo(0.9%),0,42,1.5,Brier_neg,0.39999999999999997
protein_homo,protein_homo(0.9%),0,42,1.5,MCC_05,1.0
protein_homo,protein_homo(0.9%),0,42,2.0,SoftMCC,0.8999999999999998
protein_homo,protein_homo(0.9%),0,42,2.0,MCC_best,0.9999999999999999
protein_homo,protein_homo(0.9%),0,42,2.0,F1_best,0.9999999999999999
protein_homo,protein_homo(0.9%),0,42,2.0,AUPRC,0.9999999999999999
protein_homo,protein_homo(0.9%),0,42,2.0,AUROC,0.9999999999999999
protein_homo,protein_homo(0.9%),0,42,2.0,Brier_neg,-0.49999999999999994
protein_homo,protein_homo(0.9%),0,42,2.0,MCC_05,1.0
protein_homo,protein_homo(0.9%),0,42,3.0,SoftMCC,0.8999999999999998
protein_homo,protein_homo(0.9%),0,42,3.0,MCC_best,0.9999999999999999
protein_homo,protein_homo(0.9%),0,42,3.0,F1_best,0.9999999999999999
protein_homo,protein_homo(0.9%),0,42,3.0,AUPRC,0.9999999999999999
protein_homo,protein_homo(0.9%),0,42,3.0,AUROC,0.9999999999999999
protein_homo,protein_homo(0.9%),0,42,3.0,Brier_neg,-0.6
protein_homo,protein_homo(0.9%),0,42,3.0,MCC_05,1.0
protein_homo,protein_homo(0.9%),1,43,0.5,SoftMCC,0.19999999999999998
protein_homo,protein_homo(0.9%),1,43,0.5,MCC_best,1.0
protein_homo,protein_homo(0.9%),1,43,0.5,F1_best,1.0
protein_homo,protein_homo(0.9%),1,43,0.5,AUPRC,0.9999999999999999
protein_homo,protein_homo(0.9%),1,43,0.5,AUROC,0.9999999999999999
protein_homo,protein_homo(0.9%),1,43,0.5,Brier_neg,0.39999999999999997
protein_homo,protein_homo(0.9%),1,43,0.5,MCC_05,1.0
protein_homo,protein_homo(0.9%),1,43,1.5,SoftMCC,0.7
protein_homo,protein_homo(0.9%),1,43,1.5,MCC_best,1.0
protein_homo,protein_homo(0.9%),1,43,1.5,F1_best,1.0
protein_homo,protein_homo(0.9%),1,43,1.5,AUPRC,0.9999999999999999
protein_homo,protein_homo(0.9%),1,43,1.5,AUROC,0.9999999999999999
protein_homo,protein_homo(0.9%),1,43,1.5,Brier_neg,0.7
protein_homo,protein_homo(0.9%),1,43,1.5,MCC_05,1.0
protein_homo,protein_homo(0.9%),1,43,2.0,SoftMCC,0.7
protein_homo,protein_homo(0.9%),1,43,2.0,MCC_best,1.0
protein_homo,protein_homo(0.9%),1,43,2.0,F1_best,1.0
protein_homo,protein_homo(0.9%),1,43,2.0,AUPRC,0.9999999999999999
protein_homo,protein_homo(0.9%),1,43,2.0,AUROC,0.9999999999999999
protein_homo,protein_homo(0.9%),1,43,2.0,Brier_neg,-0.49999999999999994
protein_homo,protein_homo(0.9%),1,43,2.0,MCC_05,1.0
protein_homo,protein_homo(0.9%),1,43,3.0,SoftMCC,0.7
protein_homo,protein_homo(0.9%),1,43,3.0,MCC_best,1.0
protein_homo,protein_homo(0.9%),1,43,3.0,F1_best,1.0
protein_homo,protein_homo(0.9%),1,43,3.0,AUPRC,0.9999999999999999
protein_homo,protein_homo(0.9%),1,43,3.0,AUROC,0.9999999999999999
protein_homo,protein_homo(0.9%),1,43,3.0,Brier_neg,-0.49999999999999994
protein_homo,protein_homo(0.9%),1,43,3.0,MCC_05,1.0
protein_homo,protein_homo(0.9%),2,44,0.5,SoftMCC,-0.49999999999999994
protein_homo,protein_homo(0.9%),2,44,0.5,MCC_best,0.9999999999999999
protein_homo,protein_homo(0.9%),2,44,0.5,F1_best,0.9999999999999999
protein_homo,protein_homo(0.9%),2,44,0.5,AUPRC,0.9999999999999999
protein_homo,protein_homo(0.9%),2,44,0.5,AUROC,0.9999999999999999
protein_homo,protein_homo(0.9%),2,44,0.5,Brier_neg,0.19999999999999998
protein_homo,protein_homo(0.9%),2,44,0.5,MCC_05,0.9999999999999999
protein_homo,protein_homo(0.9%),2,44,1.5,SoftMCC,0.8999999999999998
protein_homo,protein_homo(0.9%),2,44,1.5,MCC_best,0.9999999999999999
protein_homo,protein_homo(0.9%),2,44,1.5,F1_best,0.9999999999999999
protein_homo,protein_homo(0.9%),2,44,1.5,AUPRC,0.9999999999999999
protein_homo,protein_homo(0.9%),2,44,1.5,AUROC,0.9999999999999999
protein_homo,protein_homo(0.9%),2,44,1.5,Brier_neg,0.7
protein_homo,protein_homo(0.9%),2,44,1.5,MCC_05,0.9999999999999999
protein_homo,protein_homo(0.9%),2,44,2.0,SoftMCC,0.8999999999999998
protein_homo,protein_homo(0.9%),2,44,2.0,MCC_best,0.9999999999999999
protein_homo,protein_homo(0.9%),2,44,2.0,F1_best,0.9999999999999999
protein_homo,protein_homo(0.9%),2,44,2.0,AUPRC,0.9999999999999999
protein_homo,protein_homo(0.9%),2,44,2.0,AUROC,0.9999999999999999
protein_homo,protein_homo(0.9%),2,44,2.0,Brier_neg,0.7
protein_homo,protein_homo(0.9%),2,44,2.0,MCC_05,0.9999999999999999
protein_homo,protein_homo(0.9%),2,44,3.0,SoftMCC,0.8999999999999998
protein_homo,protein_homo(0.9%),2,44,3.0,MCC_best,0.9999999999999999
protein_homo,protein_homo(0.9%),2,44,3.0,F1_best,0.9999999999999999
protein_homo,protein_homo(0.9%),2,44,3.0,AUPRC,0.9999999999999999
protein_homo,protein_homo(0.9%),2,44,3.0,AUROC,0.9999999999999999
protein_homo,protein_homo(0.9%),2,44,3.0,Brier_neg,0.39999999999999997
protein_homo,protein_homo(0.9%),2,44,3.0,MCC_05,0.9999999999999999
protein_homo,protein_homo(0.9%),3,45,0.5,SoftMCC,0.8999999999999998
protein_homo,protein_homo(0.9%),3,45,0.5,MCC_best,0.9999999999999999
protein_homo,protein_homo(0.9%),3,45,0.5,F1_best,0.9999999999999999
protein_homo,protein_homo(0.9%),3,45,0.5,AUPRC,0.9999999999999999
protein_homo,protein_homo(0.9%),3,45,0.5,AUROC,0.9999999999999999
protein_homo,protein_homo(0.9%),3,45,0.5,Brier_neg,0.9999999999999999
protein_homo,protein_homo(0.9%),3,45,0.5,MCC_05,1.0
protein_homo,protein_homo(0.9%),3,45,1.5,SoftMCC,0.8999999999999998
protein_homo,protein_homo(0.9%),3,45,1.5,MCC_best,0.9999999999999999
protein_homo,protein_homo(0.9%),3,45,1.5,F1_best,0.9999999999999999
protein_homo,protein_homo(0.9%),3,45,1.5,AUPRC,0.9999999999999999
protein_homo,protein_homo(0.9%),3,45,1.5,AUROC,0.9999999999999999
protein_homo,protein_homo(0.9%),3,45,1.5,Brier_neg,0.9999999999999999
protein_homo,protein_homo(0.9%),3,45,1.5,MCC_05,1.0
protein_homo,protein_homo(0.9%),3,45,2.0,SoftMCC,0.8999999999999998
protein_homo,protein_homo(0.9%),3,45,2.0,MCC_best,0.9999999999999999
protein_homo,protein_homo(0.9%),3,45,2.0,F1_best,0.9999999999999999
protein_homo,protein_homo(0.9%),3,45,2.0,AUPRC,0.9999999999999999
protein_homo,protein_homo(0.9%),3,45,2.0,AUROC,0.9999999999999999
protein_homo,protein_homo(0.9%),3,45,2.0,Brier_neg,0.9999999999999999
protein_homo,protein_homo(0.9%),3,45,2.0,MCC_05,1.0
protein_homo,protein_homo(0.9%),3,45,3.0,SoftMCC,0.8999999999999998
protein_homo,protein_homo(0.9%),3,45,3.0,MCC_best,0.9999999999999999
protein_homo,protein_homo(0.9%),3,45,3.0,F1_best,0.9999999999999999
protein_homo,protein_homo(0.9%),3,45,3.0,AUPRC,0.9999999999999999
protein_homo,protein_homo(0.9%),3,45,3.0,AUROC,0.9999999999999999
protein_homo,protein_homo(0.9%),3,45,3.0,Brier_neg,0.9999999999999999
protein_homo,protein_homo(0.9%),3,45,3.0,MCC_05,1.0
protein_homo,protein_homo(0.9%),4,46,0.5,SoftMCC,-0.09999999999999999
protein_homo,protein_homo(0.9%),4,46,0.5,MCC_best,0.9999999999999999
protein_homo,protein_homo(0.9%),4,46,0.5,F1_best,0.9999999999999999
protein_homo,protein_homo(0.9%),4,46,0.5,AUPRC,0.9999999999999999
protein_homo,protein_homo(0.9%),4,46,0.5,AUROC,0.9999999999999999
protein_homo,protein_homo(0.9%),4,46,0.5,Brier_neg,0.8999999999999998
protein_homo,protein_homo(0.9%),4,46,0.5,MCC_05,0.9999999999999999
protein_homo,protein_homo(0.9%),4,46,1.5,SoftMCC,0.7
protein_homo,protein_homo(0.9%),4,46,1.5,MCC_best,0.9999999999999999
protein_homo,protein_homo(0.9%),4,46,1.5,F1_best,0.9999999999999999
protein_homo,protein_homo(0.9%),4,46,1.5,AUPRC,0.9999999999999999
protein_homo,protein_homo(0.9%),4,46,1.5,AUROC,0.9999999999999999
protein_homo,protein_homo(0.9%),4,46,1.5,Brier_neg,0.9999999999999999
protein_homo,protein_homo(0.9%),4,46,1.5,MCC_05,0.9999999999999999
protein_homo,protein_homo(0.9%),4,46,2.0,SoftMCC,0.7
protein_homo,protein_homo(0.9%),4,46,2.0,MCC_best,0.9999999999999999
protein_homo,protein_homo(0.9%),4,46,2.0,F1_best,0.9999999999999999
protein_homo,protein_homo(0.9%),4,46,2.0,AUPRC,0.9999999999999999
protein_homo,protein_homo(0.9%),4,46,2.0,AUROC,0.9999999999999999
protein_homo,protein_homo(0.9%),4,46,2.0,Brier_neg,-0.6
protein_homo,protein_homo(0.9%),4,46,2.0,MCC_05,0.9999999999999999
protein_homo,protein_homo(0.9%),4,46,3.0,SoftMCC,0.6
protein_homo,protein_homo(0.9%),4,46,3.0,MCC_best,0.9999999999999999
protein_homo,protein_homo(0.9%),4,46,3.0,F1_best,0.9999999999999999
protein_homo,protein_homo(0.9%),4,46,3.0,AUPRC,0.9999999999999999
protein_homo,protein_homo(0.9%),4,46,3.0,AUROC,0.9999999999999999
protein_homo,protein_homo(0.9%),4,46,3.0,Brier_neg,-0.6
protein_homo,protein_homo(0.9%),4,46,3.0,MCC_05,0.9999999999999999
protein_homo,protein_homo(0.9%),5,47,0.5,SoftMCC,0.8999999999999998
protein_homo,protein_homo(0.9%),5,47,0.5,MCC_best,0.9999999999999999
protein_homo,protein_homo(0.9%),5,47,0.5,F1_best,0.9999999999999999
protein_homo,protein_homo(0.9%),5,47,0.5,AUPRC,0.9999999999999999
protein_homo,protein_homo(0.9%),5,47,0.5,AUROC,0.9999999999999999
protein_homo,protein_homo(0.9%),5,47,0.5,Brier_neg,0.8999999999999998
protein_homo,protein_homo(0.9%),5,47,0.5,MCC_05,0.9999999999999999
protein_homo,protein_homo(0.9%),5,47,1.5,SoftMCC,0.9999999999999999
protein_homo,protein_homo(0.9%),5,47,1.5,MCC_best,0.9999999999999999
protein_homo,protein_homo(0.9%),5,47,1.5,F1_best,0.9999999999999999
protein_homo,protein_homo(0.9%),5,47,1.5,AUPRC,0.9999999999999999
protein_homo,protein_homo(0.9%),5,47,1.5,AUROC,0.9999999999999999
protein_homo,protein_homo(0.9%),5,47,1.5,Brier_neg,0.9999999999999999
protein_homo,protein_homo(0.9%),5,47,1.5,MCC_05,0.9999999999999999
protein_homo,protein_homo(0.9%),5,47,2.0,SoftMCC,0.9999999999999999
protein_homo,protein_homo(0.9%),5,47,2.0,MCC_best,0.9999999999999999
protein_homo,protein_homo(0.9%),5,47,2.0,F1_best,0.9999999999999999
protein_homo,protein_homo(0.9%),5,47,2.0,AUPRC,0.9999999999999999
protein_homo,protein_homo(0.9%),5,47,2.0,AUROC,0.9999999999999999
protein_homo,protein_homo(0.9%),5,47,2.0,Brier_neg,0.9999999999999999
protein_homo,protein_homo(0.9%),5,47,2.0,MCC_05,0.9999999999999999
protein_homo,protein_homo(0.9%),5,47,3.0,SoftMCC,0.9999999999999999
protein_homo,protein_homo(0.9%),5,47,3.0,MCC_best,0.9999999999999999
protein_homo,protein_homo(0.9%),5,47,3.0,F1_best,0.9999999999999999
protein_homo,protein_homo(0.9%),5,47,3.0,AUPRC,0.9999999999999999
protein_homo,protein_homo(0.9%),5,47,3.0,AUROC,0.9999999999999999
protein_homo,protein_homo(0.9%),5,47,3.0,Brier_neg,0.9999999999999999
protein_homo,protein_homo(0.9%),5,47,3.0,MCC_05,0.9999999999999999
protein_homo,protein_homo(0.9%),6,48,0.5,SoftMCC,-0.49999999999999994
protein_homo,protein_homo(0.9%),6,48,0.5,MCC_best,1.0
protein_homo,protein_homo(0.9%),6,48,0.5,F1_best,1.0
protein_homo,protein_homo(0.9%),6,48,0.5,AUPRC,0.9999999999999999
protein_homo,protein_homo(0.9%),6,48,0.5,AUROC,0.9999999999999999
protein_homo,protein_homo(0.9%),6,48,0.5,Brier_neg,0.7
protein_homo,protein_homo(0.9%),6,48,0.5,MCC_05,0.9999999999999999
protein_homo,protein_homo(0.9%),6,48,1.5,SoftMCC,0.9999999999999999
protein_homo,protein_homo(0.9%),6,48,1.5,MCC_best,1.0
protein_homo,protein_homo(0.9%),6,48,1.5,F1_best,1.0
protein_homo,protein_homo(0.9%),6,48,1.5,AUPRC,0.9999999999999999
protein_homo,protein_homo(0.9%),6,48,1.5,AUROC,0.9999999999999999
protein_homo,protein_homo(0.9%),6,48,1.5,Brier_neg,0.7999999999999999
protein_homo,protein_homo(0.9%),6,48,1.5,MCC_05,0.9999999999999999
protein_homo,protein_homo(0.9%),6,48,2.0,SoftMCC,0.9999999999999999
protein_homo,protein_homo(0.9%),6,48,2.0,MCC_best,1.0
protein_homo,protein_homo(0.9%),6,48,2.0,F1_best,1.0
protein_homo,protein_homo(0.9%),6,48,2.0,AUPRC,0.9999999999999999
protein_homo,protein_homo(0.9%),6,48,2.0,AUROC,0.9999999999999999
protein_homo,protein_homo(0.9%),6,48,2.0,Brier_neg,0.19999999999999998
protein_homo,protein_homo(0.9%),6,48,2.0,MCC_05,0.9999999999999999
protein_homo,protein_homo(0.9%),6,48,3.0,SoftMCC,0.9999999999999999
protein_homo,protein_homo(0.9%),6,48,3.0,MCC_best,1.0
protein_homo,protein_homo(0.9%),6,48,3.0,F1_best,1.0
protein_homo,protein_homo(0.9%),6,48,3.0,AUPRC,0.9999999999999999
protein_homo,protein_homo(0.9%),6,48,3.0,AUROC,0.9999999999999999
protein_homo,protein_homo(0.9%),6,48,3.0,Brier_neg,0.19999999999999998
protein_homo,protein_homo(0.9%),6,48,3.0,MCC_05,0.9999999999999999
protein_homo,protein_homo(0.9%),7,49,0.5,SoftMCC,0.8999999999999998
protein_homo,protein_homo(0.9%),7,49,0.5,MCC_best,1.0
protein_homo,protein_homo(0.9%),7,49,0.5,F1_best,1.0
protein_homo,protein_homo(0.9%),7,49,0.5,AUPRC,0.9999999999999999
protein_homo,protein_homo(0.9%),7,49,0.5,AUROC,0.9999999999999999
protein_homo,protein_homo(0.9%),7,49,0.5,Brier_neg,0.8999999999999998
protein_homo,protein_homo(0.9%),7,49,0.5,MCC_05,1.0
protein_homo,protein_homo(0.9%),7,49,1.5,SoftMCC,0.9999999999999999
protein_homo,protein_homo(0.9%),7,49,1.5,MCC_best,1.0
protein_homo,protein_homo(0.9%),7,49,1.5,F1_best,1.0
protein_homo,protein_homo(0.9%),7,49,1.5,AUPRC,0.9999999999999999
protein_homo,protein_homo(0.9%),7,49,1.5,AUROC,0.9999999999999999
protein_homo,protein_homo(0.9%),7,49,1.5,Brier_neg,0.9999999999999999
protein_homo,protein_homo(0.9%),7,49,1.5,MCC_05,1.0
protein_homo,protein_homo(0.9%),7,49,2.0,SoftMCC,0.9999999999999999
protein_homo,protein_homo(0.9%),7,49,2.0,MCC_best,1.0
protein_homo,protein_homo(0.9%),7,49,2.0,F1_best,1.0
protein_homo,protein_homo(0.9%),7,49,2.0,AUPRC,0.9999999999999999
protein_homo,protein_homo(0.9%),7,49,2.0,AUROC,0.9999999999999999
protein_homo,protein_homo(0.9%),7,49,2.0,Brier_neg,0.9999999999999999
protein_homo,protein_homo(0.9%),7,49,2.0,MCC_05,1.0
protein_homo,protein_homo(0.9%),7,49,3.0,SoftMCC,0.9999999999999999
protein_homo,protein_homo(0.9%),7,49,3.0,MCC_best,1.0
protein_homo,protein_homo(0.9%),7,49,3.0,F1_best,1.0
protein_homo,protein_homo(0.9%),7,49,3.0,AUPRC,0.9999999999999999
protein_homo,protein_homo(0.9%),7,49,3.0,AUROC,0.9999999999999999
protein_homo,protein_homo(0.9%),7,49,3.0,Brier_neg,0.9999999999999999
protein_homo,protein_homo(0.9%),7,49,3.0,MCC_05,1.0
protein_homo,protein_homo(0.9%),8,50,0.5,SoftMCC,0.8999999999999998
protein_homo,protein_homo(0.9%),8,50,0.5,MCC_best,0.9999999999999999
protein_homo,protein_homo(0.9%),8,50,0.5,F1_best,0.9999999999999999
protein_homo,protein_homo(0.9%),8,50,0.5,AUPRC,0.9999999999999999
protein_homo,protein_homo(0.9%),8,50,0.5,AUROC,0.9999999999999999
protein_homo,protein_homo(0.9%),8,50,0.5,Brier_neg,0.7
protein_homo,protein_homo(0.9%),8,50,0.5,MCC_05,0.9999999999999999
protein_homo,protein_homo(0.9%),8,50,1.5,SoftMCC,0.9999999999999999
protein_homo,protein_homo(0.9%),8,50,1.5,MCC_best,0.9999999999999999
protein_homo,protein_homo(0.9%),8,50,1.5,F1_best,0.9999999999999999
protein_homo,protein_homo(0.9%),8,50,1.5,AUPRC,0.9999999999999999
protein_homo,protein_homo(0.9%),8,50,1.5,AUROC,0.9999999999999999
protein_homo,protein_homo(0.9%),8,50,1.5,Brier_neg,0.8999999999999998
protein_homo,protein_homo(0.9%),8,50,1.5,MCC_05,0.9999999999999999
protein_homo,protein_homo(0.9%),8,50,2.0,SoftMCC,0.9999999999999999
protein_homo,protein_homo(0.9%),8,50,2.0,MCC_best,0.9999999999999999
protein_homo,protein_homo(0.9%),8,50,2.0,F1_best,0.9999999999999999
protein_homo,protein_homo(0.9%),8,50,2.0,AUPRC,0.9999999999999999
protein_homo,protein_homo(0.9%),8,50,2.0,AUROC,0.9999999999999999
protein_homo,protein_homo(0.9%),8,50,2.0,Brier_neg,0.39999999999999997
protein_homo,protein_homo(0.9%),8,50,2.0,MCC_05,0.9999999999999999
protein_homo,protein_homo(0.9%),8,50,3.0,SoftMCC,0.9999999999999999
protein_homo,protein_homo(0.9%),8,50,3.0,MCC_best,0.9999999999999999
protein_homo,protein_homo(0.9%),8,50,3.0,F1_best,0.9999999999999999
protein_homo,protein_homo(0.9%),8,50,3.0,AUPRC,0.9999999999999999
protein_homo,protein_homo(0.9%),8,50,3.0,AUROC,0.9999999999999999
protein_homo,protein_homo(0.9%),8,50,3.0,Brier_neg,0.39999999999999997
protein_homo,protein_homo(0.9%),8,50,3.0,MCC_05,0.9999999999999999
protein_homo,protein_homo(0.9%),9,51,0.5,SoftMCC,0.9999999999999999
protein_homo,protein_homo(0.9%),9,51,0.5,MCC_best,0.9999999999999999
protein_homo,protein_homo(0.9%),9,51,0.5,F1_best,0.9999999999999999
protein_homo,protein_homo(0.9%),9,51,0.5,AUPRC,0.9999999999999999
protein_homo,protein_homo(0.9%),9,51,0.5,AUROC,0.9999999999999999
protein_homo,protein_homo(0.9%),9,51,0.5,Brier_neg,0.9999999999999999
protein_homo,protein_homo(0.9%),9,51,0.5,MCC_05,0.9999999999999999
protein_homo,protein_homo(0.9%),9,51,1.5,SoftMCC,0.9999999999999999
protein_homo,protein_homo(0.9%),9,51,1.5,MCC_best,0.9999999999999999
protein_homo,protein_homo(0.9%),9,51,1.5,F1_best,0.9999999999999999
protein_homo,protein_homo(0.9%),9,51,1.5,AUPRC,0.9999999999999999
protein_homo,protein_homo(0.9%),9,51,1.5,AUROC,0.9999999999999999
protein_homo,protein_homo(0.9%),9,51,1.5,Brier_neg,0.9999999999999999
protein_homo,protein_homo(0.9%),9,51,1.5,MCC_05,0.9999999999999999
protein_homo,protein_homo(0.9%),9,51,2.0,SoftMCC,0.9999999999999999
protein_homo,protein_homo(0.9%),9,51,2.0,MCC_best,0.9999999999999999
protein_homo,protein_homo(0.9%),9,51,2.0,F1_best,0.9999999999999999
protein_homo,protein_homo(0.9%),9,51,2.0,AUPRC,0.9999999999999999
protein_homo,protein_homo(0.9%),9,51,2.0,AUROC,0.9999999999999999
protein_homo,protein_homo(0.9%),9,51,2.0,Brier_neg,0.9999999999999999
protein_homo,protein_homo(0.9%),9,51,2.0,MCC_05,0.9999999999999999
protein_homo,protein_homo(0.9%),9,51,3.0,SoftMCC,0.9999999999999999
protein_homo,protein_homo(0.9%),9,51,3.0,MCC_best,0.9999999999999999
protein_homo,protein_homo(0.9%),9,51,3.0,F1_best,0.9999999999999999
protein_homo,protein_homo(0.9%),9,51,3.0,AUPRC,0.9999999999999999
protein_homo,protein_homo(0.9%),9,51,3.0,AUROC,0.9999999999999999
protein_homo,protein_homo(0.9%),9,51,3.0,Brier_neg,0.9999999999999999
protein_homo,protein_homo(0.9%),9,51,3.0,MCC_05,0.9999999999999999
protein_homo,protein_homo(0.9%),10,52,0.5,SoftMCC,0.8999999999999998
protein_homo,protein_homo(0.9%),10,52,0.5,MCC_best,0.9999999999999999
protein_homo,protein_homo(0.9%),10,52,0.5,F1_best,0.9999999999999999
protein_homo,protein_homo(0.9%),10,52,0.5,AUPRC,0.9999999999999999
protein_homo,protein_homo(0.9%),10,52,0.5,AUROC,0.9999999999999999
protein_homo,protein_homo(0.9%),10,52,0.5,Brier_neg,0.9999999999999999
protein_homo,protein_homo(0.9%),10,52,0.5,MCC_05,0.9999999999999999
protein_homo,protein_homo(0.9%),10,52,1.5,SoftMCC,0.8999999999999998
protein_homo,protein_homo(0.9%),10,52,1.5,MCC_best,0.9999999999999999
protein_homo,protein_homo(0.9%),10,52,1.5,F1_best,0.9999999999999999
protein_homo,protein_homo(0.9%),10,52,1.5,AUPRC,0.9999999999999999
protein_homo,protein_homo(0.9%),10,52,1.5,AUROC,0.9999999999999999
protein_homo,protein_homo(0.9%),10,52,1.5,Brier_neg,0.9999999999999999
protein_homo,protein_homo(0.9%),10,52,1.5,MCC_05,0.9999999999999999
protein_homo,protein_homo(0.9%),10,52,2.0,SoftMCC,0.8999999999999998
protein_homo,protein_homo(0.9%),10,52,2.0,MCC_best,0.9999999999999999
protein_homo,protein_homo(0.9%),10,52,2.0,F1_best,0.9999999999999999
protein_homo,protein_homo(0.9%),10,52,2.0,AUPRC,0.9999999999999999
protein_homo,protein_homo(0.9%),10,52,2.0,AUROC,0.9999999999999999
protein_homo,protein_homo(0.9%),10,52,2.0,Brier_neg,0.8999999999999998
protein_homo,protein_homo(0.9%),10,52,2.0,MCC_05,0.9999999999999999
protein_homo,protein_homo(0.9%),10,52,3.0,SoftMCC,0.8999999999999998
protein_homo,protein_homo(0.9%),10,52,3.0,MCC_best,0.9999999999999999
protein_homo,protein_homo(0.9%),10,52,3.0,F1_best,0.9999999999999999
protein_homo,protein_homo(0.9%),10,52,3.0,AUPRC,0.9999999999999999
protein_homo,protein_homo(0.9%),10,52,3.0,AUROC,0.9999999999999999
protein_homo,protein_homo(0.9%),10,52,3.0,Brier_neg,0.8999999999999998
protein_homo,protein_homo(0.9%),10,52,3.0,MCC_05,0.9999999999999999
protein_homo,protein_homo(0.9%),11,53,0.5,SoftMCC,0.9999999999999999
protein_homo,protein_homo(0.9%),11,53,0.5,MCC_best,0.9999999999999999
protein_homo,protein_homo(0.9%),11,53,0.5,F1_best,0.9999999999999999
protein_homo,protein_homo(0.9%),11,53,0.5,AUPRC,0.9999999999999999
protein_homo,protein_homo(0.9%),11,53,0.5,AUROC,0.9999999999999999
protein_homo,protein_homo(0.9%),11,53,0.5,Brier_neg,0.9999999999999999
protein_homo,protein_homo(0.9%),11,53,0.5,MCC_05,1.0
protein_homo,protein_homo(0.9%),11,53,1.5,SoftMCC,0.9999999999999999
protein_homo,protein_homo(0.9%),11,53,1.5,MCC_best,0.9999999999999999
protein_homo,protein_homo(0.9%),11,53,1.5,F1_best,0.9999999999999999
protein_homo,protein_homo(0.9%),11,53,1.5,AUPRC,0.9999999999999999
protein_homo,protein_homo(0.9%),11,53,1.5,AUROC,0.9999999999999999
protein_homo,protein_homo(0.9%),11,53,1.5,Brier_neg,0.7
protein_homo,protein_homo(0.9%),11,53,1.5,MCC_05,1.0
protein_homo,protein_homo(0.9%),11,53,2.0,SoftMCC,0.9999999999999999
protein_homo,protein_homo(0.9%),11,53,2.0,MCC_best,0.9999999999999999
protein_homo,protein_homo(0.9%),11,53,2.0,F1_best,0.9999999999999999
protein_homo,protein_homo(0.9%),11,53,2.0,AUPRC,0.9999999999999999
protein_homo,protein_homo(0.9%),11,53,2.0,AUROC,0.9999999999999999
protein_homo,protein_homo(0.9%),11,53,2.0,Brier_neg,0.9999999999999999
protein_homo,protein_homo(0.9%),11,53,2.0,MCC_05,1.0
protein_homo,protein_homo(0.9%),11,53,3.0,SoftMCC,0.8999999999999998
protein_homo,protein_homo(0.9%),11,53,3.0,MCC_best,0.9999999999999999
protein_homo,protein_homo(0.9%),11,53,3.0,F1_best,0.9999999999999999
protein_homo,protein_homo(0.9%),11,53,3.0,AUPRC,0.9999999999999999
protein_homo,protein_homo(0.9%),11,53,3.0,AUROC,0.9999999999999999
protein_homo,protein_homo(0.9%),11,53,3.0,Brier_neg,0.8999999999999998
protein_homo,protein_homo(0.9%),11,53,3.0,MCC_05,1.0
sick_euthyroid,sick_euthyroid(9.3%),0,42,0.5,SoftMCC,0.8999999999999998
sick_euthyroid,sick_euthyroid(9.3%),0,42,0.5,MCC_best,0.9999999999999999
sick_euthyroid,sick_euthyroid(9.3%),0,42,0.5,F1_best,0.9999999999999999
sick_euthyroid,sick_euthyroid(9.3%),0,42,0.5,AUPRC,0.9999999999999999
sick_euthyroid,sick_euthyroid(9.3%),0,42,0.5,AUROC,0.9999999999999999
sick_euthyroid,sick_euthyroid(9.3%),0,42,0.5,Brier_neg,0.9999999999999999
sick_euthyroid,sick_euthyroid(9.3%),0,42,0.5,MCC_05,0.9999999999999999
sick_euthyroid,sick_euthyroid(9.3%),0,42,1.5,SoftMCC,0.8999999999999998
sick_euthyroid,sick_euthyroid(9.3%),0,42,1.5,MCC_best,0.9999999999999999
sick_euthyroid,sick_euthyroid(9.3%),0,42,1.5,F1_best,0.9999999999999999
sick_euthyroid,sick_euthyroid(9.3%),0,42,1.5,AUPRC,0.9999999999999999
sick_euthyroid,sick_euthyroid(9.3%),0,42,1.5,AUROC,0.9999999999999999
sick_euthyroid,sick_euthyroid(9.3%),0,42,1.5,Brier_neg,0.8999999999999998
sick_euthyroid,sick_euthyroid(9.3%),0,42,1.5,MCC_05,0.9999999999999999
sick_euthyroid,sick_euthyroid(9.3%),0,42,2.0,SoftMCC,0.8999999999999998
sick_euthyroid,sick_euthyroid(9.3%),0,42,2.0,MCC_best,0.9999999999999999
sick_euthyroid,sick_euthyroid(9.3%),0,42,2.0,F1_best,0.9999999999999999
sick_euthyroid,sick_euthyroid(9.3%),0,42,2.0,AUPRC,0.9999999999999999
sick_euthyroid,sick_euthyroid(9.3%),0,42,2.0,AUROC,0.9999999999999999
sick_euthyroid,sick_euthyroid(9.3%),0,42,2.0,Brier_neg,0.6
sick_euthyroid,sick_euthyroid(9.3%),0,42,2.0,MCC_05,0.9999999999999999
sick_euthyroid,sick_euthyroid(9.3%),0,42,3.0,SoftMCC,0.8999999999999998
sick_euthyroid,sick_euthyroid(9.3%),0,42,3.0,MCC_best,0.9999999999999999
sick_euthyroid,sick_euthyroid(9.3%),0,42,3.0,F1_best,0.9999999999999999
sick_euthyroid,sick_euthyroid(9.3%),0,42,3.0,AUPRC,0.9999999999999999
sick_euthyroid,sick_euthyroid(9.3%),0,42,3.0,AUROC,0.9999999999999999
sick_euthyroid,sick_euthyroid(9.3%),0,42,3.0,Brier_neg,0.6
sick_euthyroid,sick_euthyroid(9.3%),0,42,3.0,MCC_05,0.9999999999999999
sick_euthyroid,sick_euthyroid(9.3%),1,43,0.5,SoftMCC,0.8999999999999998
sick_euthyroid,sick_euthyroid(9.3%),1,43,0.5,MCC_best,0.9999999999999999
sick_euthyroid,sick_euthyroid(9.3%),1,43,0.5,F1_best,0.9999999999999999
sick_euthyroid,sick_euthyroid(9.3%),1,43,0.5,AUPRC,0.9999999999999999
sick_euthyroid,sick_euthyroid(9.3%),1,43,0.5,AUROC,0.9999999999999999
sick_euthyroid,sick_euthyroid(9.3%),1,43,0.5,Brier_neg,0.6
sick_euthyroid,sick_euthyroid(9.3%),1,43,0.5,MCC_05,0.9999999999999999
sick_euthyroid,sick_euthyroid(9.3%),1,43,1.5,SoftMCC,0.9999999999999999
sick_euthyroid,sick_euthyroid(9.3%),1,43,1.5,MCC_best,0.9999999999999999
sick_euthyroid,sick_euthyroid(9.3%),1,43,1.5,F1_best,0.9999999999999999
sick_euthyroid,sick_euthyroid(9.3%),1,43,1.5,AUPRC,0.9999999999999999
sick_euthyroid,sick_euthyroid(9.3%),1,43,1.5,AUROC,0.9999999999999999
sick_euthyroid,sick_euthyroid(9.3%),1,43,1.5,Brier_neg,0.9999999999999999
sick_euthyroid,sick_euthyroid(9.3%),1,43,1.5,MCC_05,0.9999999999999999
sick_euthyroid,sick_euthyroid(9.3%),1,43,2.0,SoftMCC,0.6
sick_euthyroid,sick_euthyroid(9.3%),1,43,2.0,MCC_best,0.9999999999999999
sick_euthyroid,sick_euthyroid(9.3%),1,43,2.0,F1_best,0.9999999999999999
sick_euthyroid,sick_euthyroid(9.3%),1,43,2.0,AUPRC,0.9999999999999999
sick_euthyroid,sick_euthyroid(9.3%),1,43,2.0,AUROC,0.9999999999999999
sick_euthyroid,sick_euthyroid(9.3%),1,43,2.0,Brier_neg,0.8999999999999998
sick_euthyroid,sick_euthyroid(9.3%),1,43,2.0,MCC_05,0.9999999999999999
sick_euthyroid,sick_euthyroid(9.3%),1,43,3.0,SoftMCC,0.49999999999999994
sick_euthyroid,sick_euthyroid(9.3%),1,43,3.0,MCC_best,0.9999999999999999
sick_euthyroid,sick_euthyroid(9.3%),1,43,3.0,F1_best,0.9999999999999999
sick_euthyroid,sick_euthyroid(9.3%),1,43,3.0,AUPRC,0.9999999999999999
sick_euthyroid,sick_euthyroid(9.3%),1,43,3.0,AUROC,0.9999999999999999
sick_euthyroid,sick_euthyroid(9.3%),1,43,3.0,Brier_neg,0.8999999999999998
sick_euthyroid,sick_euthyroid(9.3%),1,43,3.0,MCC_05,0.9999999999999999
sick_euthyroid,sick_euthyroid(9.3%),2,44,0.5,SoftMCC,0.8999999999999998
sick_euthyroid,sick_euthyroid(9.3%),2,44,0.5,MCC_best,0.9999999999999999
sick_euthyroid,sick_euthyroid(9.3%),2,44,0.5,F1_best,0.9999999999999999
sick_euthyroid,sick_euthyroid(9.3%),2,44,0.5,AUPRC,0.9999999999999999
sick_euthyroid,sick_euthyroid(9.3%),2,44,0.5,AUROC,0.9999999999999999
sick_euthyroid,sick_euthyroid(9.3%),2,44,0.5,Brier_neg,0.8999999999999998
sick_euthyroid,sick_euthyroid(9.3%),2,44,0.5,MCC_05,0.9999999999999999
sick_euthyroid,sick_euthyroid(9.3%),2,44,1.5,SoftMCC,0.9999999999999999
sick_euthyroid,sick_euthyroid(9.3%),2,44,1.5,MCC_best,0.9999999999999999
sick_euthyroid,sick_euthyroid(9.3%),2,44,1.5,F1_best,0.9999999999999999
sick_euthyroid,sick_euthyroid(9.3%),2,44,1.5,AUPRC,0.9999999999999999
sick_euthyroid,sick_euthyroid(9.3%),2,44,1.5,AUROC,0.9999999999999999
sick_euthyroid,sick_euthyroid(9.3%),2,44,1.5,Brier_neg,0.9999999999999999
sick_euthyroid,sick_euthyroid(9.3%),2,44,1.5,MCC_05,0.9999999999999999
sick_euthyroid,sick_euthyroid(9.3%),2,44,2.0,SoftMCC,0.8999999999999998
sick_euthyroid,sick_euthyroid(9.3%),2,44,2.0,MCC_best,0.9999999999999999
sick_euthyroid,sick_euthyroid(9.3%),2,44,2.0,F1_best,0.9999999999999999
sick_euthyroid,sick_euthyroid(9.3%),2,44,2.0,AUPRC,0.9999999999999999
sick_euthyroid,sick_euthyroid(9.3%),2,44,2.0,AUROC,0.9999999999999999
sick_euthyroid,sick_euthyroid(9.3%),2,44,2.0,Brier_neg,0.8999999999999998
sick_euthyroid,sick_euthyroid(9.3%),2,44,2.0,MCC_05,0.9999999999999999
sick_euthyroid,sick_euthyroid(9.3%),2,44,3.0,SoftMCC,0.8999999999999998
sick_euthyroid,sick_euthyroid(9.3%),2,44,3.0,MCC_best,0.9999999999999999
sick_euthyroid,sick_euthyroid(9.3%),2,44,3.0,F1_best,0.9999999999999999
sick_euthyroid,sick_euthyroid(9.3%),2,44,3.0,AUPRC,0.9999999999999999
sick_euthyroid,sick_euthyroid(9.3%),2,44,3.0,AUROC,0.9999999999999999
sick_euthyroid,sick_euthyroid(9.3%),2,44,3.0,Brier_neg,0.7999999999999999
sick_euthyroid,sick_euthyroid(9.3%),2,44,3.0,MCC_05,0.9999999999999999
sick_euthyroid,sick_euthyroid(9.3%),3,45,0.5,SoftMCC,0.9999999999999999
sick_euthyroid,sick_euthyroid(9.3%),3,45,0.5,MCC_best,0.9999999999999999
sick_euthyroid,sick_euthyroid(9.3%),3,45,0.5,F1_best,0.9999999999999999
sick_euthyroid,sick_euthyroid(9.3%),3,45,0.5,AUPRC,0.9999999999999999
sick_euthyroid,sick_euthyroid(9.3%),3,45,0.5,AUROC,0.9999999999999999
sick_euthyroid,sick_euthyroid(9.3%),3,45,0.5,Brier_neg,0.8999999999999998
sick_euthyroid,sick_euthyroid(9.3%),3,45,0.5,MCC_05,0.9999999999999999
sick_euthyroid,sick_euthyroid(9.3%),3,45,1.5,SoftMCC,0.8999999999999998
sick_euthyroid,sick_euthyroid(9.3%),3,45,1.5,MCC_best,0.9999999999999999
sick_euthyroid,sick_euthyroid(9.3%),3,45,1.5,F1_best,0.9999999999999999
sick_euthyroid,sick_euthyroid(9.3%),3,45,1.5,AUPRC,0.9999999999999999
sick_euthyroid,sick_euthyroid(9.3%),3,45,1.5,AUROC,0.9999999999999999
sick_euthyroid,sick_euthyroid(9.3%),3,45,1.5,Brier_neg,0.8999999999999998
sick_euthyroid,sick_euthyroid(9.3%),3,45,1.5,MCC_05,0.9999999999999999
sick_euthyroid,sick_euthyroid(9.3%),3,45,2.0,SoftMCC,0.7999999999999999
sick_euthyroid,sick_euthyroid(9.3%),3,45,2.0,MCC_best,0.9999999999999999
sick_euthyroid,sick_euthyroid(9.3%),3,45,2.0,F1_best,0.9999999999999999
sick_euthyroid,sick_euthyroid(9.3%),3,45,2.0,AUPRC,0.9999999999999999
sick_euthyroid,sick_euthyroid(9.3%),3,45,2.0,AUROC,0.9999999999999999
sick_euthyroid,sick_euthyroid(9.3%),3,45,2.0,Brier_neg,0.8999999999999998
sick_euthyroid,sick_euthyroid(9.3%),3,45,2.0,MCC_05,0.9999999999999999
sick_euthyroid,sick_euthyroid(9.3%),3,45,3.0,SoftMCC,0.6
sick_euthyroid,sick_euthyroid(9.3%),3,45,3.0,MCC_best,0.9999999999999999
sick_euthyroid,sick_euthyroid(9.3%),3,45,3.0,F1_best,0.9999999999999999
sick_euthyroid,sick_euthyroid(9.3%),3,45,3.0,AUPRC,0.9999999999999999
sick_euthyroid,sick_euthyroid(9.3%),3,45,3.0,AUROC,0.9999999999999999
sick_euthyroid,sick_euthyroid(9.3%),3,45,3.0,Brier_neg,0.9999999999999999
sick_euthyroid,sick_euthyroid(9.3%),3,45,3.0,MCC_05,0.9999999999999999
sick_euthyroid,sick_euthyroid(9.3%),4,46,0.5,SoftMCC,0.9999999999999999
sick_euthyroid,sick_euthyroid(9.3%),4,46,0.5,MCC_best,0.9999999999999999
sick_euthyroid,sick_euthyroid(9.3%),4,46,0.5,F1_best,0.9999999999999999
sick_euthyroid,sick_euthyroid(9.3%),4,46,0.5,AUPRC,0.9999999999999999
sick_euthyroid,sick_euthyroid(9.3%),4,46,0.5,AUROC,0.9999999999999999
sick_euthyroid,sick_euthyroid(9.3%),4,46,0.5,Brier_neg,0.9999999999999999
sick_euthyroid,sick_euthyroid(9.3%),4,46,0.5,MCC_05,0.9999999999999999
sick_euthyroid,sick_euthyroid(9.3%),4,46,1.5,SoftMCC,0.9999999999999999
sick_euthyroid,sick_euthyroid(9.3%),4,46,1.5,MCC_best,0.9999999999999999
sick_euthyroid,sick_euthyroid(9.3%),4,46,1.5,F1_best,0.9999999999999999
sick_euthyroid,sick_euthyroid(9.3%),4,46,1.5,AUPRC,0.9999999999999999
sick_euthyroid,sick_euthyroid(9.3%),4,46,1.5,AUROC,0.9999999999999999
sick_euthyroid,sick_euthyroid(9.3%),4,46,1.5,Brier_neg,0.9999999999999999
sick_euthyroid,sick_euthyroid(9.3%),4,46,1.5,MCC_05,0.9999999999999999
sick_euthyroid,sick_euthyroid(9.3%),4,46,2.0,SoftMCC,0.9999999999999999
sick_euthyroid,sick_euthyroid(9.3%),4,46,2.0,MCC_best,0.9999999999999999
sick_euthyroid,sick_euthyroid(9.3%),4,46,2.0,F1_best,0.9999999999999999
sick_euthyroid,sick_euthyroid(9.3%),4,46,2.0,AUPRC,0.9999999999999999
sick_euthyroid,sick_euthyroid(9.3%),4,46,2.0,AUROC,0.9999999999999999
sick_euthyroid,sick_euthyroid(9.3%),4,46,2.0,Brier_neg,0.9999999999999999
sick_euthyroid,sick_euthyroid(9.3%),4,46,2.0,MCC_05,0.9999999999999999
sick_euthyroid,sick_euthyroid(9.3%),4,46,3.0,SoftMCC,0.7
sick_euthyroid,sick_euthyroid(9.3%),4,46,3.0,MCC_best,0.9999999999999999
sick_euthyroid,sick_euthyroid(9.3%),4,46,3.0,F1_best,0.9999999999999999
sick_euthyroid,sick_euthyroid(9.3%),4,46,3.0,AUPRC,0.9999999999999999
sick_euthyroid,sick_euthyroid(9.3%),4,46,3.0,AUROC,0.9999999999999999
sick_euthyroid,sick_euthyroid(9.3%),4,46,3.0,Brier_neg,0.9999999999999999
sick_euthyroid,sick_euthyroid(9.3%),4,46,3.0,MCC_05,0.9999999999999999
sick_euthyroid,sick_euthyroid(9.3%),5,47,0.5,SoftMCC,0.8999999999999998
sick_euthyroid,sick_euthyroid(9.3%),5,47,0.5,MCC_best,0.9999999999999999
sick_euthyroid,sick_euthyroid(9.3%),5,47,0.5,F1_best,0.9999999999999999
sick_euthyroid,sick_euthyroid(9.3%),5,47,0.5,AUPRC,0.9999999999999999
sick_euthyroid,sick_euthyroid(9.3%),5,47,0.5,AUROC,0.9999999999999999
sick_euthyroid,sick_euthyroid(9.3%),5,47,0.5,Brier_neg,0.7999999999999999
sick_euthyroid,sick_euthyroid(9.3%),5,47,0.5,MCC_05,0.9999999999999999
sick_euthyroid,sick_euthyroid(9.3%),5,47,1.5,SoftMCC,0.8999999999999998
sick_euthyroid,sick_euthyroid(9.3%),5,47,1.5,MCC_best,0.9999999999999999
sick_euthyroid,sick_euthyroid(9.3%),5,47,1.5,F1_best,0.9999999999999999
sick_euthyroid,sick_euthyroid(9.3%),5,47,1.5,AUPRC,0.9999999999999999
sick_euthyroid,sick_euthyroid(9.3%),5,47,1.5,AUROC,0.9999999999999999
sick_euthyroid,sick_euthyroid(9.3%),5,47,1.5,Brier_neg,0.9999999999999999
sick_euthyroid,sick_euthyroid(9.3%),5,47,1.5,MCC_05,0.9999999999999999
sick_euthyroid,sick_euthyroid(9.3%),5,47,2.0,SoftMCC,0.8999999999999998
sick_euthyroid,sick_euthyroid(9.3%),5,47,2.0,MCC_best,0.9999999999999999
sick_euthyroid,sick_euthyroid(9.3%),5,47,2.0,F1_best,0.9999999999999999
sick_euthyroid,sick_euthyroid(9.3%),5,47,2.0,AUPRC,0.9999999999999999
sick_euthyroid,sick_euthyroid(9.3%),5,47,2.0,AUROC,0.9999999999999999
sick_euthyroid,sick_euthyroid(9.3%),5,47,2.0,Brier_neg,0.8999999999999998
sick_euthyroid,sick_euthyroid(9.3%),5,47,2.0,MCC_05,0.9999999999999999
sick_euthyroid,sick_euthyroid(9.3%),5,47,3.0,SoftMCC,0.7999999999999999
sick_euthyroid,sick_euthyroid(9.3%),5,47,3.0,MCC_best,0.9999999999999999
sick_euthyroid,sick_euthyroid(9.3%),5,47,3.0,F1_best,0.9999999999999999
sick_euthyroid,sick_euthyroid(9.3%),5,47,3.0,AUPRC,0.9999999999999999
sick_euthyroid,sick_euthyroid(9.3%),5,47,3.0,AUROC,0.9999999999999999
sick_euthyroid,sick_euthyroid(9.3%),5,47,3.0,Brier_neg,0.7999999999999999
sick_euthyroid,sick_euthyroid(9.3%),5,47,3.0,MCC_05,0.9999999999999999
sick_euthyroid,sick_euthyroid(9.3%),6,48,0.5,SoftMCC,0.9999999999999999
sick_euthyroid,sick_euthyroid(9.3%),6,48,0.5,MCC_best,0.9999999999999999
sick_euthyroid,sick_euthyroid(9.3%),6,48,0.5,F1_best,0.9999999999999999
sick_euthyroid,sick_euthyroid(9.3%),6,48,0.5,AUPRC,0.9999999999999999
sick_euthyroid,sick_euthyroid(9.3%),6,48,0.5,AUROC,0.9999999999999999
sick_euthyroid,sick_euthyroid(9.3%),6,48,0.5,Brier_neg,0.8999999999999998
sick_euthyroid,sick_euthyroid(9.3%),6,48,0.5,MCC_05,0.9999999999999999
sick_euthyroid,sick_euthyroid(9.3%),6,48,1.5,SoftMCC,0.9999999999999999
sick_euthyroid,sick_euthyroid(9.3%),6,48,1.5,MCC_best,0.9999999999999999
sick_euthyroid,sick_euthyroid(9.3%),6,48,1.5,F1_best,0.9999999999999999
sick_euthyroid,sick_euthyroid(9.3%),6,48,1.5,AUPRC,0.9999999999999999
sick_euthyroid,sick_euthyroid(9.3%),6,48,1.5,AUROC,0.9999999999999999
sick_euthyroid,sick_euthyroid(9.3%),6,48,1.5,Brier_neg,0.8999999999999998
sick_euthyroid,sick_euthyroid(9.3%),6,48,1.5,MCC_05,0.9999999999999999
sick_euthyroid,sick_euthyroid(9.3%),6,48,2.0,SoftMCC,0.8999999999999998
sick_euthyroid,sick_euthyroid(9.3%),6,48,2.0,MCC_best,0.9999999999999999
sick_euthyroid,sick_euthyroid(9.3%),6,48,2.0,F1_best,0.9999999999999999
sick_euthyroid,sick_euthyroid(9.3%),6,48,2.0,AUPRC,0.9999999999999999
sick_euthyroid,sick_euthyroid(9.3%),6,48,2.0,AUROC,0.9999999999999999
sick_euthyroid,sick_euthyroid(9.3%),6,48,2.0,Brier_neg,0.8999999999999998
sick_euthyroid,sick_euthyroid(9.3%),6,48,2.0,MCC_05,0.9999999999999999
sick_euthyroid,sick_euthyroid(9.3%),6,48,3.0,SoftMCC,0.8999999999999998
sick_euthyroid,sick_euthyroid(9.3%),6,48,3.0,MCC_best,0.9999999999999999
sick_euthyroid,sick_euthyroid(9.3%),6,48,3.0,F1_best,0.9999999999999999
sick_euthyroid,sick_euthyroid(9.3%),6,48,3.0,AUPRC,0.9999999999999999
sick_euthyroid,sick_euthyroid(9.3%),6,48,3.0,AUROC,0.9999999999999999
sick_euthyroid,sick_euthyroid(9.3%),6,48,3.0,Brier_neg,0.8999999999999998
sick_euthyroid,sick_euthyroid(9.3%),6,48,3.0,MCC_05,0.9999999999999999
sick_euthyroid,sick_euthyroid(9.3%),7,49,0.5,SoftMCC,0.9999999999999999
sick_euthyroid,sick_euthyroid(9.3%),7,49,0.5,MCC_best,1.0
sick_euthyroid,sick_euthyroid(9.3%),7,49,0.5,F1_best,1.0
sick_euthyroid,sick_euthyroid(9.3%),7,49,0.5,AUPRC,0.9999999999999999
sick_euthyroid,sick_euthyroid(9.3%),7,49,0.5,AUROC,0.9999999999999999
sick_euthyroid,sick_euthyroid(9.3%),7,49,0.5,Brier_neg,0.8999999999999998
sick_euthyroid,sick_euthyroid(9.3%),7,49,0.5,MCC_05,0.9999999999999999
sick_euthyroid,sick_euthyroid(9.3%),7,49,1.5,SoftMCC,0.9999999999999999
sick_euthyroid,sick_euthyroid(9.3%),7,49,1.5,MCC_best,1.0
sick_euthyroid,sick_euthyroid(9.3%),7,49,1.5,F1_best,1.0
sick_euthyroid,sick_euthyroid(9.3%),7,49,1.5,AUPRC,0.9999999999999999
sick_euthyroid,sick_euthyroid(9.3%),7,49,1.5,AUROC,0.9999999999999999
sick_euthyroid,sick_euthyroid(9.3%),7,49,1.5,Brier_neg,0.8999999999999998
sick_euthyroid,sick_euthyroid(9.3%),7,49,1.5,MCC_05,0.9999999999999999
sick_euthyroid,sick_euthyroid(9.3%),7,49,2.0,SoftMCC,0.9999999999999999
sick_euthyroid,sick_euthyroid(9.3%),7,49,2.0,MCC_best,1.0
sick_euthyroid,sick_euthyroid(9.3%),7,49,2.0,F1_best,1.0
sick_euthyroid,sick_euthyroid(9.3%),7,49,2.0,AUPRC,0.9999999999999999
sick_euthyroid,sick_euthyroid(9.3%),7,49,2.0,AUROC,0.9999999999999999
sick_euthyroid,sick_euthyroid(9.3%),7,49,2.0,Brier_neg,0.8999999999999998
sick_euthyroid,sick_euthyroid(9.3%),7,49,2.0,MCC_05,0.9999999999999999
sick_euthyroid,sick_euthyroid(9.3%),7,49,3.0,SoftMCC,0.9999999999999999
sick_euthyroid,sick_euthyroid(9.3%),7,49,3.0,MCC_best,1.0
sick_euthyroid,sick_euthyroid(9.3%),7,49,3.0,F1_best,1.0
sick_euthyroid,sick_euthyroid(9.3%),7,49,3.0,AUPRC,0.9999999999999999
sick_euthyroid,sick_euthyroid(9.3%),7,49,3.0,AUROC,0.9999999999999999
sick_euthyroid,sick_euthyroid(9.3%),7,49,3.0,Brier_neg,0.8999999999999998
sick_euthyroid,sick_euthyroid(9.3%),7,49,3.0,MCC_05,0.9999999999999999
sick_euthyroid,sick_euthyroid(9.3%),8,50,0.5,SoftMCC,0.8999999999999998
sick_euthyroid,sick_euthyroid(9.3%),8,50,0.5,MCC_best,0.9999999999999999
sick_euthyroid,sick_euthyroid(9.3%),8,50,0.5,F1_best,0.9999999999999999
sick_euthyroid,sick_euthyroid(9.3%),8,50,0.5,AUPRC,0.9999999999999999
sick_euthyroid,sick_euthyroid(9.3%),8,50,0.5,AUROC,0.9999999999999999
sick_euthyroid,sick_euthyroid(9.3%),8,50,0.5,Brier_neg,0.9999999999999999
sick_euthyroid,sick_euthyroid(9.3%),8,50,0.5,MCC_05,1.0
sick_euthyroid,sick_euthyroid(9.3%),8,50,1.5,SoftMCC,0.8999999999999998
sick_euthyroid,sick_euthyroid(9.3%),8,50,1.5,MCC_best,0.9999999999999999
sick_euthyroid,sick_euthyroid(9.3%),8,50,1.5,F1_best,0.9999999999999999
sick_euthyroid,sick_euthyroid(9.3%),8,50,1.5,AUPRC,0.9999999999999999
sick_euthyroid,sick_euthyroid(9.3%),8,50,1.5,AUROC,0.9999999999999999
sick_euthyroid,sick_euthyroid(9.3%),8,50,1.5,Brier_neg,0.9999999999999999
sick_euthyroid,sick_euthyroid(9.3%),8,50,1.5,MCC_05,1.0
sick_euthyroid,sick_euthyroid(9.3%),8,50,2.0,SoftMCC,0.8999999999999998
sick_euthyroid,sick_euthyroid(9.3%),8,50,2.0,MCC_best,0.9999999999999999
sick_euthyroid,sick_euthyroid(9.3%),8,50,2.0,F1_best,0.9999999999999999
sick_euthyroid,sick_euthyroid(9.3%),8,50,2.0,AUPRC,0.9999999999999999
sick_euthyroid,sick_euthyroid(9.3%),8,50,2.0,AUROC,0.9999999999999999
sick_euthyroid,sick_euthyroid(9.3%),8,50,2.0,Brier_neg,0.8999999999999998
sick_euthyroid,sick_euthyroid(9.3%),8,50,2.0,MCC_05,1.0
sick_euthyroid,sick_euthyroid(9.3%),8,50,3.0,SoftMCC,0.8999999999999998
sick_euthyroid,sick_euthyroid(9.3%),8,50,3.0,MCC_best,0.9999999999999999
sick_euthyroid,sick_euthyroid(9.3%),8,50,3.0,F1_best,0.9999999999999999
sick_euthyroid,sick_euthyroid(9.3%),8,50,3.0,AUPRC,0.9999999999999999
sick_euthyroid,sick_euthyroid(9.3%),8,50,3.0,AUROC,0.9999999999999999
sick_euthyroid,sick_euthyroid(9.3%),8,50,3.0,Brier_neg,0.8999999999999998
sick_euthyroid,sick_euthyroid(9.3%),8,50,3.0,MCC_05,1.0
sick_euthyroid,sick_euthyroid(9.3%),9,51,0.5,SoftMCC,0.9999999999999999
sick_euthyroid,sick_euthyroid(9.3%),9,51,0.5,MCC_best,0.9999999999999999
sick_euthyroid,sick_euthyroid(9.3%),9,51,0.5,F1_best,0.9999999999999999
sick_euthyroid,sick_euthyroid(9.3%),9,51,0.5,AUPRC,0.9999999999999999
sick_euthyroid,sick_euthyroid(9.3%),9,51,0.5,AUROC,0.9999999999999999
sick_euthyroid,sick_euthyroid(9.3%),9,51,0.5,Brier_neg,0.7999999999999999
sick_euthyroid,sick_euthyroid(9.3%),9,51,0.5,MCC_05,0.9999999999999999
sick_euthyroid,sick_euthyroid(9.3%),9,51,1.5,SoftMCC,0.9999999999999999
sick_euthyroid,sick_euthyroid(9.3%),9,51,1.5,MCC_best,0.9999999999999999
sick_euthyroid,sick_euthyroid(9.3%),9,51,1.5,F1_best,0.9999999999999999
sick_euthyroid,sick_euthyroid(9.3%),9,51,1.5,AUPRC,0.9999999999999999
sick_euthyroid,sick_euthyroid(9.3%),9,51,1.5,AUROC,0.9999999999999999
sick_euthyroid,sick_euthyroid(9.3%),9,51,1.5,Brier_neg,0.9999999999999999
sick_euthyroid,sick_euthyroid(9.3%),9,51,1.5,MCC_05,0.9999999999999999
sick_euthyroid,sick_euthyroid(9.3%),9,51,2.0,SoftMCC,0.8999999999999998
sick_euthyroid,sick_euthyroid(9.3%),9,51,2.0,MCC_best,0.9999999999999999
sick_euthyroid,sick_euthyroid(9.3%),9,51,2.0,F1_best,0.9999999999999999
sick_euthyroid,sick_euthyroid(9.3%),9,51,2.0,AUPRC,0.9999999999999999
sick_euthyroid,sick_euthyroid(9.3%),9,51,2.0,AUROC,0.9999999999999999
sick_euthyroid,sick_euthyroid(9.3%),9,51,2.0,Brier_neg,0.9999999999999999
sick_euthyroid,sick_euthyroid(9.3%),9,51,2.0,MCC_05,0.9999999999999999
sick_euthyroid,sick_euthyroid(9.3%),9,51,3.0,SoftMCC,0.9999999999999999
sick_euthyroid,sick_euthyroid(9.3%),9,51,3.0,MCC_best,0.9999999999999999
sick_euthyroid,sick_euthyroid(9.3%),9,51,3.0,F1_best,0.9999999999999999
sick_euthyroid,sick_euthyroid(9.3%),9,51,3.0,AUPRC,0.9999999999999999
sick_euthyroid,sick_euthyroid(9.3%),9,51,3.0,AUROC,0.9999999999999999
sick_euthyroid,sick_euthyroid(9.3%),9,51,3.0,Brier_neg,0.9999999999999999
sick_euthyroid,sick_euthyroid(9.3%),9,51,3.0,MCC_05,0.9999999999999999
sick_euthyroid,sick_euthyroid(9.3%),10,52,0.5,SoftMCC,0.9999999999999999
sick_euthyroid,sick_euthyroid(9.3%),10,52,0.5,MCC_best,0.9999999999999999
sick_euthyroid,sick_euthyroid(9.3%),10,52,0.5,F1_best,0.9999999999999999
sick_euthyroid,sick_euthyroid(9.3%),10,52,0.5,AUPRC,0.9999999999999999
sick_euthyroid,sick_euthyroid(9.3%),10,52,0.5,AUROC,0.9999999999999999
sick_euthyroid,sick_euthyroid(9.3%),10,52,0.5,Brier_neg,0.8999999999999998
sick_euthyroid,sick_euthyroid(9.3%),10,52,0.5,MCC_05,0.9999999999999999
sick_euthyroid,sick_euthyroid(9.3%),10,52,1.5,SoftMCC,0.9999999999999999
sick_euthyroid,sick_euthyroid(9.3%),10,52,1.5,MCC_best,0.9999999999999999
sick_euthyroid,sick_euthyroid(9.3%),10,52,1.5,F1_best,0.9999999999999999
sick_euthyroid,sick_euthyroid(9.3%),10,52,1.5,AUPRC,0.9999999999999999
sick_euthyroid,sick_euthyroid(9.3%),10,52,1.5,AUROC,0.9999999999999999
sick_euthyroid,sick_euthyroid(9.3%),10,52,1.5,Brier_neg,0.8999999999999998
sick_euthyroid,sick_euthyroid(9.3%),10,52,1.5,MCC_05,0.9999999999999999
sick_euthyroid,sick_euthyroid(9.3%),10,52,2.0,SoftMCC,0.9999999999999999
sick_euthyroid,sick_euthyroid(9.3%),10,52,2.0,MCC_best,0.9999999999999999
sick_euthyroid,sick_euthyroid(9.3%),10,52,2.0,F1_best,0.9999999999999999
sick_euthyroid,sick_euthyroid(9.3%),10,52,2.0,AUPRC,0.9999999999999999
sick_euthyroid,sick_euthyroid(9.3%),10,52,2.0,AUROC,0.9999999999999999
sick_euthyroid,sick_euthyroid(9.3%),10,52,2.0,Brier_neg,0.8999999999999998
sick_euthyroid,sick_euthyroid(9.3%),10,52,2.0,MCC_05,0.9999999999999999
sick_euthyroid,sick_euthyroid(9.3%),10,52,3.0,SoftMCC,0.9999999999999999
sick_euthyroid,sick_euthyroid(9.3%),10,52,3.0,MCC_best,0.9999999999999999
sick_euthyroid,sick_euthyroid(9.3%),10,52,3.0,F1_best,0.9999999999999999
sick_euthyroid,sick_euthyroid(9.3%),10,52,3.0,AUPRC,0.9999999999999999
sick_euthyroid,sick_euthyroid(9.3%),10,52,3.0,AUROC,0.9999999999999999
sick_euthyroid,sick_euthyroid(9.3%),10,52,3.0,Brier_neg,0.8999999999999998
sick_euthyroid,sick_euthyroid(9.3%),10,52,3.0,MCC_05,0.9999999999999999
sick_euthyroid,sick_euthyroid(9.3%),11,53,0.5,SoftMCC,0.8999999999999998
sick_euthyroid,sick_euthyroid(9.3%),11,53,0.5,MCC_best,0.9999999999999999
sick_euthyroid,sick_euthyroid(9.3%),11,53,0.5,F1_best,0.9999999999999999
sick_euthyroid,sick_euthyroid(9.3%),11,53,0.5,AUPRC,0.9999999999999999
sick_euthyroid,sick_euthyroid(9.3%),11,53,0.5,AUROC,0.9999999999999999
sick_euthyroid,sick_euthyroid(9.3%),11,53,0.5,Brier_neg,0.9999999999999999
sick_euthyroid,sick_euthyroid(9.3%),11,53,0.5,MCC_05,0.9999999999999999
sick_euthyroid,sick_euthyroid(9.3%),11,53,1.5,SoftMCC,0.8999999999999998
sick_euthyroid,sick_euthyroid(9.3%),11,53,1.5,MCC_best,0.9999999999999999
sick_euthyroid,sick_euthyroid(9.3%),11,53,1.5,F1_best,0.9999999999999999
sick_euthyroid,sick_euthyroid(9.3%),11,53,1.5,AUPRC,0.9999999999999999
sick_euthyroid,sick_euthyroid(9.3%),11,53,1.5,AUROC,0.9999999999999999
sick_euthyroid,sick_euthyroid(9.3%),11,53,1.5,Brier_neg,0.9999999999999999
sick_euthyroid,sick_euthyroid(9.3%),11,53,1.5,MCC_05,0.9999999999999999
sick_euthyroid,sick_euthyroid(9.3%),11,53,2.0,SoftMCC,0.7999999999999999
sick_euthyroid,sick_euthyroid(9.3%),11,53,2.0,MCC_best,0.9999999999999999
sick_euthyroid,sick_euthyroid(9.3%),11,53,2.0,F1_best,0.9999999999999999
sick_euthyroid,sick_euthyroid(9.3%),11,53,2.0,AUPRC,0.9999999999999999
sick_euthyroid,sick_euthyroid(9.3%),11,53,2.0,AUROC,0.9999999999999999
sick_euthyroid,sick_euthyroid(9.3%),11,53,2.0,Brier_neg,0.9999999999999999
sick_euthyroid,sick_euthyroid(9.3%),11,53,2.0,MCC_05,0.9999999999999999
sick_euthyroid,sick_euthyroid(9.3%),11,53,3.0,SoftMCC,0.7999999999999999
sick_euthyroid,sick_euthyroid(9.3%),11,53,3.0,MCC_best,0.9999999999999999
sick_euthyroid,sick_euthyroid(9.3%),11,53,3.0,F1_best,0.9999999999999999
sick_euthyroid,sick_euthyroid(9.3%),11,53,3.0,AUPRC,0.9999999999999999
sick_euthyroid,sick_euthyroid(9.3%),11,53,3.0,AUROC,0.9999999999999999
sick_euthyroid,sick_euthyroid(9.3%),11,53,3.0,Brier_neg,0.7999999999999999
sick_euthyroid,sick_euthyroid(9.3%),11,53,3.0,MCC_05,0.9999999999999999
thyroid_sick,thyroid_sick(6.1%),0,42,0.5,SoftMCC,0.9999999999999999
thyroid_sick,thyroid_sick(6.1%),0,42,0.5,MCC_best,0.9999999999999999
thyroid_sick,thyroid_sick(6.1%),0,42,0.5,F1_best,0.9999999999999999
thyroid_sick,thyroid_sick(6.1%),0,42,0.5,AUPRC,0.9999999999999999
thyroid_sick,thyroid_sick(6.1%),0,42,0.5,AUROC,0.9999999999999999
thyroid_sick,thyroid_sick(6.1%),0,42,0.5,Brier_neg,0.9999999999999999
thyroid_sick,thyroid_sick(6.1%),0,42,0.5,MCC_05,0.9999999999999999
thyroid_sick,thyroid_sick(6.1%),0,42,1.5,SoftMCC,0.9999999999999999
thyroid_sick,thyroid_sick(6.1%),0,42,1.5,MCC_best,0.9999999999999999
thyroid_sick,thyroid_sick(6.1%),0,42,1.5,F1_best,0.9999999999999999
thyroid_sick,thyroid_sick(6.1%),0,42,1.5,AUPRC,0.9999999999999999
thyroid_sick,thyroid_sick(6.1%),0,42,1.5,AUROC,0.9999999999999999
thyroid_sick,thyroid_sick(6.1%),0,42,1.5,Brier_neg,0.8999999999999998
thyroid_sick,thyroid_sick(6.1%),0,42,1.5,MCC_05,0.9999999999999999
thyroid_sick,thyroid_sick(6.1%),0,42,2.0,SoftMCC,0.9999999999999999
thyroid_sick,thyroid_sick(6.1%),0,42,2.0,MCC_best,0.9999999999999999
thyroid_sick,thyroid_sick(6.1%),0,42,2.0,F1_best,0.9999999999999999
thyroid_sick,thyroid_sick(6.1%),0,42,2.0,AUPRC,0.9999999999999999
thyroid_sick,thyroid_sick(6.1%),0,42,2.0,AUROC,0.9999999999999999
thyroid_sick,thyroid_sick(6.1%),0,42,2.0,Brier_neg,0.8999999999999998
thyroid_sick,thyroid_sick(6.1%),0,42,2.0,MCC_05,0.9999999999999999
thyroid_sick,thyroid_sick(6.1%),0,42,3.0,SoftMCC,0.9999999999999999
thyroid_sick,thyroid_sick(6.1%),0,42,3.0,MCC_best,0.9999999999999999
thyroid_sick,thyroid_sick(6.1%),0,42,3.0,F1_best,0.9999999999999999
thyroid_sick,thyroid_sick(6.1%),0,42,3.0,AUPRC,0.9999999999999999
thyroid_sick,thyroid_sick(6.1%),0,42,3.0,AUROC,0.9999999999999999
thyroid_sick,thyroid_sick(6.1%),0,42,3.0,Brier_neg,0.8999999999999998
thyroid_sick,thyroid_sick(6.1%),0,42,3.0,MCC_05,0.9999999999999999
thyroid_sick,thyroid_sick(6.1%),1,43,0.5,SoftMCC,0.8999999999999998
thyroid_sick,thyroid_sick(6.1%),1,43,0.5,MCC_best,0.9999999999999999
thyroid_sick,thyroid_sick(6.1%),1,43,0.5,F1_best,0.9999999999999999
thyroid_sick,thyroid_sick(6.1%),1,43,0.5,AUPRC,0.9999999999999999
thyroid_sick,thyroid_sick(6.1%),1,43,0.5,AUROC,0.9999999999999999
thyroid_sick,thyroid_sick(6.1%),1,43,0.5,Brier_neg,0.9999999999999999
thyroid_sick,thyroid_sick(6.1%),1,43,0.5,MCC_05,0.9999999999999999
thyroid_sick,thyroid_sick(6.1%),1,43,1.5,SoftMCC,0.9999999999999999
thyroid_sick,thyroid_sick(6.1%),1,43,1.5,MCC_best,0.9999999999999999
thyroid_sick,thyroid_sick(6.1%),1,43,1.5,F1_best,0.9999999999999999
thyroid_sick,thyroid_sick(6.1%),1,43,1.5,AUPRC,0.9999999999999999
thyroid_sick,thyroid_sick(6.1%),1,43,1.5,AUROC,0.9999999999999999
thyroid_sick,thyroid_sick(6.1%),1,43,1.5,Brier_neg,0.9999999999999999
thyroid_sick,thyroid_sick(6.1%),1,43,1.5,MCC_05,0.9999999999999999
thyroid_sick,thyroid_sick(6.1%),1,43,2.0,SoftMCC,0.9999999999999999
thyroid_sick,thyroid_sick(6.1%),1,43,2.0,MCC_best,0.9999999999999999
thyroid_sick,thyroid_sick(6.1%),1,43,2.0,F1_best,0.9999999999999999
thyroid_sick,thyroid_sick(6.1%),1,43,2.0,AUPRC,0.9999999999999999
thyroid_sick,thyroid_sick(6.1%),1,43,2.0,AUROC,0.9999999999999999
thyroid_sick,thyroid_sick(6.1%),1,43,2.0,Brier_neg,0.9999999999999999
thyroid_sick,thyroid_sick(6.1%),1,43,2.0,MCC_05,0.9999999999999999
thyroid_sick,thyroid_sick(6.1%),1,43,3.0,SoftMCC,0.9999999999999999
thyroid_sick,thyroid_sick(6.1%),1,43,3.0,MCC_best,0.9999999999999999
thyroid_sick,thyroid_sick(6.1%),1,43,3.0,F1_best,0.9999999999999999
thyroid_sick,thyroid_sick(6.1%),1,43,3.0,AUPRC,0.9999999999999999
thyroid_sick,thyroid_sick(6.1%),1,43,3.0,AUROC,0.9999999999999999
thyroid_sick,thyroid_sick(6.1%),1,43,3.0,Brier_neg,0.9999999999999999
thyroid_sick,thyroid_sick(6.1%),1,43,3.0,MCC_05,0.9999999999999999
thyroid_sick,thyroid_sick(6.1%),2,44,0.5,SoftMCC,0.8999999999999998
thyroid_sick,thyroid_sick(6.1%),2,44,0.5,MCC_best,0.9999999999999999
thyroid_sick,thyroid_sick(6.1%),2,44,0.5,F1_best,0.9999999999999999
thyroid_sick,thyroid_sick(6.1%),2,44,0.5,AUPRC,0.9999999999999999
thyroid_sick,thyroid_sick(6.1%),2,44,0.5,AUROC,0.9999999999999999
thyroid_sick,thyroid_sick(6.1%),2,44,0.5,Brier_neg,0.9999999999999999
thyroid_sick,thyroid_sick(6.1%),2,44,0.5,MCC_05,0.9999999999999999
thyroid_sick,thyroid_sick(6.1%),2,44,1.5,SoftMCC,0.8999999999999998
thyroid_sick,thyroid_sick(6.1%),2,44,1.5,MCC_best,0.9999999999999999
thyroid_sick,thyroid_sick(6.1%),2,44,1.5,F1_best,0.9999999999999999
thyroid_sick,thyroid_sick(6.1%),2,44,1.5,AUPRC,0.9999999999999999
thyroid_sick,thyroid_sick(6.1%),2,44,1.5,AUROC,0.9999999999999999
thyroid_sick,thyroid_sick(6.1%),2,44,1.5,Brier_neg,0.9999999999999999
thyroid_sick,thyroid_sick(6.1%),2,44,1.5,MCC_05,0.9999999999999999
thyroid_sick,thyroid_sick(6.1%),2,44,2.0,SoftMCC,0.8999999999999998
thyroid_sick,thyroid_sick(6.1%),2,44,2.0,MCC_best,0.9999999999999999
thyroid_sick,thyroid_sick(6.1%),2,44,2.0,F1_best,0.9999999999999999
thyroid_sick,thyroid_sick(6.1%),2,44,2.0,AUPRC,0.9999999999999999
thyroid_sick,thyroid_sick(6.1%),2,44,2.0,AUROC,0.9999999999999999
thyroid_sick,thyroid_sick(6.1%),2,44,2.0,Brier_neg,0.6
thyroid_sick,thyroid_sick(6.1%),2,44,2.0,MCC_05,0.9999999999999999
thyroid_sick,thyroid_sick(6.1%),2,44,3.0,SoftMCC,0.8999999999999998
thyroid_sick,thyroid_sick(6.1%),2,44,3.0,MCC_best,0.9999999999999999
thyroid_sick,thyroid_sick(6.1%),2,44,3.0,F1_best,0.9999999999999999
thyroid_sick,thyroid_sick(6.1%),2,44,3.0,AUPRC,0.9999999999999999
thyroid_sick,thyroid_sick(6.1%),2,44,3.0,AUROC,0.9999999999999999
thyroid_sick,thyroid_sick(6.1%),2,44,3.0,Brier_neg,0.6
thyroid_sick,thyroid_sick(6.1%),2,44,3.0,MCC_05,0.9999999999999999
thyroid_sick,thyroid_sick(6.1%),3,45,0.5,SoftMCC,0.9999999999999999
thyroid_sick,thyroid_sick(6.1%),3,45,0.5,MCC_best,0.9999999999999999
thyroid_sick,thyroid_sick(6.1%),3,45,0.5,F1_best,0.9999999999999999
thyroid_sick,thyroid_sick(6.1%),3,45,0.5,AUPRC,0.9999999999999999
thyroid_sick,thyroid_sick(6.1%),3,45,0.5,AUROC,0.9999999999999999
thyroid_sick,thyroid_sick(6.1%),3,45,0.5,Brier_neg,0.8999999999999998
thyroid_sick,thyroid_sick(6.1%),3,45,0.5,MCC_05,0.9999999999999999
thyroid_sick,thyroid_sick(6.1%),3,45,1.5,SoftMCC,0.9999999999999999
thyroid_sick,thyroid_sick(6.1%),3,45,1.5,MCC_best,0.9999999999999999
thyroid_sick,thyroid_sick(6.1%),3,45,1.5,F1_best,0.9999999999999999
thyroid_sick,thyroid_sick(6.1%),3,45,1.5,AUPRC,0.9999999999999999
thyroid_sick,thyroid_sick(6.1%),3,45,1.5,AUROC,0.9999999999999999
thyroid_sick,thyroid_sick(6.1%),3,45,1.5,Brier_neg,0.9999999999999999
thyroid_sick,thyroid_sick(6.1%),3,45,1.5,MCC_05,0.9999999999999999
thyroid_sick,thyroid_sick(6.1%),3,45,2.0,SoftMCC,0.7999999999999999
thyroid_sick,thyroid_sick(6.1%),3,45,2.0,MCC_best,0.9999999999999999
thyroid_sick,thyroid_sick(6.1%),3,45,2.0,F1_best,0.9999999999999999
thyroid_sick,thyroid_sick(6.1%),3,45,2.0,AUPRC,0.9999999999999999
thyroid_sick,thyroid_sick(6.1%),3,45,2.0,AUROC,0.9999999999999999
thyroid_sick,thyroid_sick(6.1%),3,45,2.0,Brier_neg,0.9999999999999999
thyroid_sick,thyroid_sick(6.1%),3,45,2.0,MCC_05,0.9999999999999999
thyroid_sick,thyroid_sick(6.1%),3,45,3.0,SoftMCC,0.7999999999999999
thyroid_sick,thyroid_sick(6.1%),3,45,3.0,MCC_best,0.9999999999999999
thyroid_sick,thyroid_sick(6.1%),3,45,3.0,F1_best,0.9999999999999999
thyroid_sick,thyroid_sick(6.1%),3,45,3.0,AUPRC,0.9999999999999999
thyroid_sick,thyroid_sick(6.1%),3,45,3.0,AUROC,0.9999999999999999
thyroid_sick,thyroid_sick(6.1%),3,45,3.0,Brier_neg,0.8999999999999998
thyroid_sick,thyroid_sick(6.1%),3,45,3.0,MCC_05,0.9999999999999999
thyroid_sick,thyroid_sick(6.1%),4,46,0.5,SoftMCC,0.9999999999999999
thyroid_sick,thyroid_sick(6.1%),4,46,0.5,MCC_best,0.9999999999999999
thyroid_sick,thyroid_sick(6.1%),4,46,0.5,F1_best,0.9999999999999999
thyroid_sick,thyroid_sick(6.1%),4,46,0.5,AUPRC,0.9999999999999999
thyroid_sick,thyroid_sick(6.1%),4,46,0.5,AUROC,0.9999999999999999
thyroid_sick,thyroid_sick(6.1%),4,46,0.5,Brier_neg,0.9999999999999999
thyroid_sick,thyroid_sick(6.1%),4,46,0.5,MCC_05,0.9999999999999999
thyroid_sick,thyroid_sick(6.1%),4,46,1.5,SoftMCC,0.8999999999999998
thyroid_sick,thyroid_sick(6.1%),4,46,1.5,MCC_best,0.9999999999999999
thyroid_sick,thyroid_sick(6.1%),4,46,1.5,F1_best,0.9999999999999999
thyroid_sick,thyroid_sick(6.1%),4,46,1.5,AUPRC,0.9999999999999999
thyroid_sick,thyroid_sick(6.1%),4,46,1.5,AUROC,0.9999999999999999
thyroid_sick,thyroid_sick(6.1%),4,46,1.5,Brier_neg,0.9999999999999999
thyroid_sick,thyroid_sick(6.1%),4,46,1.5,MCC_05,0.9999999999999999
thyroid_sick,thyroid_sick(6.1%),4,46,2.0,SoftMCC,0.8999999999999998
thyroid_sick,thyroid_sick(6.1%),4,46,2.0,MCC_best,0.9999999999999999
thyroid_sick,thyroid_sick(6.1%),4,46,2.0,F1_best,0.9999999999999999
thyroid_sick,thyroid_sick(6.1%),4,46,2.0,AUPRC,0.9999999999999999
thyroid_sick,thyroid_sick(6.1%),4,46,2.0,AUROC,0.9999999999999999
thyroid_sick,thyroid_sick(6.1%),4,46,2.0,Brier_neg,0.8999999999999998
thyroid_sick,thyroid_sick(6.1%),4,46,2.0,MCC_05,0.9999999999999999
thyroid_sick,thyroid_sick(6.1%),4,46,3.0,SoftMCC,0.7999999999999999
thyroid_sick,thyroid_sick(6.1%),4,46,3.0,MCC_best,0.9999999999999999
thyroid_sick,thyroid_sick(6.1%),4,46,3.0,F1_best,0.9999999999999999
thyroid_sick,thyroid_sick(6.1%),4,46,3.0,AUPRC,0.9999999999999999
thyroid_sick,thyroid_sick(6.1%),4,46,3.0,AUROC,0.9999999999999999
thyroid_sick,thyroid_sick(6.1%),4,46,3.0,Brier_neg,0.7999999999999999
thyroid_sick,thyroid_sick(6.1%),4,46,3.0,MCC_05,0.9999999999999999
thyroid_sick,thyroid_sick(6.1%),5,47,0.5,SoftMCC,0.8999999999999998
thyroid_sick,thyroid_sick(6.1%),5,47,0.5,MCC_best,0.9999999999999999
thyroid_sick,thyroid_sick(6.1%),5,47,0.5,F1_best,0.9999999999999999
thyroid_sick,thyroid_sick(6.1%),5,47,0.5,AUPRC,0.9999999999999999
thyroid_sick,thyroid_sick(6.1%),5,47,0.5,AUROC,0.9999999999999999
thyroid_sick,thyroid_sick(6.1%),5,47,0.5,Brier_neg,0.9999999999999999
thyroid_sick,thyroid_sick(6.1%),5,47,0.5,MCC_05,0.9999999999999999
thyroid_sick,thyroid_sick(6.1%),5,47,1.5,SoftMCC,0.9999999999999999
thyroid_sick,thyroid_sick(6.1%),5,47,1.5,MCC_best,0.9999999999999999
thyroid_sick,thyroid_sick(6.1%),5,47,1.5,F1_best,0.9999999999999999
thyroid_sick,thyroid_sick(6.1%),5,47,1.5,AUPRC,0.9999999999999999
thyroid_sick,thyroid_sick(6.1%),5,47,1.5,AUROC,0.9999999999999999
thyroid_sick,thyroid_sick(6.1%),5,47,1.5,Brier_neg,0.9999999999999999
thyroid_sick,thyroid_sick(6.1%),5,47,1.5,MCC_05,0.9999999999999999
thyroid_sick,thyroid_sick(6.1%),5,47,2.0,SoftMCC,0.9999999999999999
thyroid_sick,thyroid_sick(6.1%),5,47,2.0,MCC_best,0.9999999999999999
thyroid_sick,thyroid_sick(6.1%),5,47,2.0,F1_best,0.9999999999999999
thyroid_sick,thyroid_sick(6.1%),5,47,2.0,AUPRC,0.9999999999999999
thyroid_sick,thyroid_sick(6.1%),5,47,2.0,AUROC,0.9999999999999999
thyroid_sick,thyroid_sick(6.1%),5,47,2.0,Brier_neg,0.9999999999999999
thyroid_sick,thyroid_sick(6.1%),5,47,2.0,MCC_05,0.9999999999999999
thyroid_sick,thyroid_sick(6.1%),5,47,3.0,SoftMCC,0.8999999999999998
thyroid_sick,thyroid_sick(6.1%),5,47,3.0,MCC_best,0.9999999999999999
thyroid_sick,thyroid_sick(6.1%),5,47,3.0,F1_best,0.9999999999999999
thyroid_sick,thyroid_sick(6.1%),5,47,3.0,AUPRC,0.9999999999999999
thyroid_sick,thyroid_sick(6.1%),5,47,3.0,AUROC,0.9999999999999999
thyroid_sick,thyroid_sick(6.1%),5,47,3.0,Brier_neg,0.7
thyroid_sick,thyroid_sick(6.1%),5,47,3.0,MCC_05,0.9999999999999999
thyroid_sick,thyroid_sick(6.1%),6,48,0.5,SoftMCC,0.9999999999999999
thyroid_sick,thyroid_sick(6.1%),6,48,0.5,MCC_best,0.9999999999999999
thyroid_sick,thyroid_sick(6.1%),6,48,0.5,F1_best,0.9999999999999999
thyroid_sick,thyroid_sick(6.1%),6,48,0.5,AUPRC,0.9999999999999999
thyroid_sick,thyroid_sick(6.1%),6,48,0.5,AUROC,0.9999999999999999
thyroid_sick,thyroid_sick(6.1%),6,48,0.5,Brier_neg,0.9999999999999999
thyroid_sick,thyroid_sick(6.1%),6,48,0.5,MCC_05,0.9999999999999999
thyroid_sick,thyroid_sick(6.1%),6,48,1.5,SoftMCC,0.9999999999999999
thyroid_sick,thyroid_sick(6.1%),6,48,1.5,MCC_best,0.9999999999999999
thyroid_sick,thyroid_sick(6.1%),6,48,1.5,F1_best,0.9999999999999999
thyroid_sick,thyroid_sick(6.1%),6,48,1.5,AUPRC,0.9999999999999999
thyroid_sick,thyroid_sick(6.1%),6,48,1.5,AUROC,0.9999999999999999
thyroid_sick,thyroid_sick(6.1%),6,48,1.5,Brier_neg,0.8999999999999998
thyroid_sick,thyroid_sick(6.1%),6,48,1.5,MCC_05,0.9999999999999999
thyroid_sick,thyroid_sick(6.1%),6,48,2.0,SoftMCC,0.8999999999999998
thyroid_sick,thyroid_sick(6.1%),6,48,2.0,MCC_best,0.9999999999999999
thyroid_sick,thyroid_sick(6.1%),6,48,2.0,F1_best,0.9999999999999999
thyroid_sick,thyroid_sick(6.1%),6,48,2.0,AUPRC,0.9999999999999999
thyroid_sick,thyroid_sick(6.1%),6,48,2.0,AUROC,0.9999999999999999
thyroid_sick,thyroid_sick(6.1%),6,48,2.0,Brier_neg,0.8999999999999998
thyroid_sick,thyroid_sick(6.1%),6,48,2.0,MCC_05,0.9999999999999999
thyroid_sick,thyroid_sick(6.1%),6,48,3.0,SoftMCC,0.8999999999999998
thyroid_sick,thyroid_sick(6.1%),6,48,3.0,MCC_best,0.9999999999999999
thyroid_sick,thyroid_sick(6.1%),6,48,3.0,F1_best,0.9999999999999999
thyroid_sick,thyroid_sick(6.1%),6,48,3.0,AUPRC,0.9999999999999999
thyroid_sick,thyroid_sick(6.1%),6,48,3.0,AUROC,0.9999999999999999
thyroid_sick,thyroid_sick(6.1%),6,48,3.0,Brier_neg,0.7
thyroid_sick,thyroid_sick(6.1%),6,48,3.0,MCC_05,0.9999999999999999
thyroid_sick,thyroid_sick(6.1%),7,49,0.5,SoftMCC,0.8999999999999998
thyroid_sick,thyroid_sick(6.1%),7,49,0.5,MCC_best,0.9999999999999999
thyroid_sick,thyroid_sick(6.1%),7,49,0.5,F1_best,0.9999999999999999
thyroid_sick,thyroid_sick(6.1%),7,49,0.5,AUPRC,0.9999999999999999
thyroid_sick,thyroid_sick(6.1%),7,49,0.5,AUROC,0.9999999999999999
thyroid_sick,thyroid_sick(6.1%),7,49,0.5,Brier_neg,0.9999999999999999
thyroid_sick,thyroid_sick(6.1%),7,49,0.5,MCC_05,1.0
thyroid_sick,thyroid_sick(6.1%),7,49,1.5,SoftMCC,0.8999999999999998
thyroid_sick,thyroid_sick(6.1%),7,49,1.5,MCC_best,0.9999999999999999
thyroid_sick,thyroid_sick(6.1%),7,49,1.5,F1_best,0.9999999999999999
thyroid_sick,thyroid_sick(6.1%),7,49,1.5,AUPRC,0.9999999999999999
thyroid_sick,thyroid_sick(6.1%),7,49,1.5,AUROC,0.9999999999999999
thyroid_sick,thyroid_sick(6.1%),7,49,1.5,Brier_neg,0.8999999999999998
thyroid_sick,thyroid_sick(6.1%),7,49,1.5,MCC_05,1.0
thyroid_sick,thyroid_sick(6.1%),7,49,2.0,SoftMCC,0.8999999999999998
thyroid_sick,thyroid_sick(6.1%),7,49,2.0,MCC_best,0.9999999999999999
thyroid_sick,thyroid_sick(6.1%),7,49,2.0,F1_best,0.9999999999999999
thyroid_sick,thyroid_sick(6.1%),7,49,2.0,AUPRC,0.9999999999999999
thyroid_sick,thyroid_sick(6.1%),7,49,2.0,AUROC,0.9999999999999999
thyroid_sick,thyroid_sick(6.1%),7,49,2.0,Brier_neg,0.8999999999999998
thyroid_sick,thyroid_sick(6.1%),7,49,2.0,MCC_05,1.0
thyroid_sick,thyroid_sick(6.1%),7,49,3.0,SoftMCC,0.7999999999999999
thyroid_sick,thyroid_sick(6.1%),7,49,3.0,MCC_best,0.9999999999999999
thyroid_sick,thyroid_sick(6.1%),7,49,3.0,F1_best,0.9999999999999999
thyroid_sick,thyroid_sick(6.1%),7,49,3.0,AUPRC,0.9999999999999999
thyroid_sick,thyroid_sick(6.1%),7,49,3.0,AUROC,0.9999999999999999
thyroid_sick,thyroid_sick(6.1%),7,49,3.0,Brier_neg,0.8999999999999998
thyroid_sick,thyroid_sick(6.1%),7,49,3.0,MCC_05,1.0
thyroid_sick,thyroid_sick(6.1%),8,50,0.5,SoftMCC,0.9999999999999999
thyroid_sick,thyroid_sick(6.1%),8,50,0.5,MCC_best,0.9999999999999999
thyroid_sick,thyroid_sick(6.1%),8,50,0.5,F1_best,0.9999999999999999
thyroid_sick,thyroid_sick(6.1%),8,50,0.5,AUPRC,0.9999999999999999
thyroid_sick,thyroid_sick(6.1%),8,50,0.5,AUROC,0.9999999999999999
thyroid_sick,thyroid_sick(6.1%),8,50,0.5,Brier_neg,0.9999999999999999
thyroid_sick,thyroid_sick(6.1%),8,50,0.5,MCC_05,0.9999999999999999
thyroid_sick,thyroid_sick(6.1%),8,50,1.5,SoftMCC,0.9999999999999999
thyroid_sick,thyroid_sick(6.1%),8,50,1.5,MCC_best,0.9999999999999999
thyroid_sick,thyroid_sick(6.1%),8,50,1.5,F1_best,0.9999999999999999
thyroid_sick,thyroid_sick(6.1%),8,50,1.5,AUPRC,0.9999999999999999
thyroid_sick,thyroid_sick(6.1%),8,50,1.5,AUROC,0.9999999999999999
thyroid_sick,thyroid_sick(6.1%),8,50,1.5,Brier_neg,0.9999999999999999
thyroid_sick,thyroid_sick(6.1%),8,50,1.5,MCC_05,0.9999999999999999
thyroid_sick,thyroid_sick(6.1%),8,50,2.0,SoftMCC,0.9999999999999999
thyroid_sick,thyroid_sick(6.1%),8,50,2.0,MCC_best,0.9999999999999999
thyroid_sick,thyroid_sick(6.1%),8,50,2.0,F1_best,0.9999999999999999
thyroid_sick,thyroid_sick(6.1%),8,50,2.0,AUPRC,0.9999999999999999
thyroid_sick,thyroid_sick(6.1%),8,50,2.0,AUROC,0.9999999999999999
thyroid_sick,thyroid_sick(6.1%),8,50,2.0,Brier_neg,0.9999999999999999
thyroid_sick,thyroid_sick(6.1%),8,50,2.0,MCC_05,0.9999999999999999
thyroid_sick,thyroid_sick(6.1%),8,50,3.0,SoftMCC,0.8999999999999998
thyroid_sick,thyroid_sick(6.1%),8,50,3.0,MCC_best,0.9999999999999999
thyroid_sick,thyroid_sick(6.1%),8,50,3.0,F1_best,0.9999999999999999
thyroid_sick,thyroid_sick(6.1%),8,50,3.0,AUPRC,0.9999999999999999
thyroid_sick,thyroid_sick(6.1%),8,50,3.0,AUROC,0.9999999999999999
thyroid_sick,thyroid_sick(6.1%),8,50,3.0,Brier_neg,0.8999999999999998
thyroid_sick,thyroid_sick(6.1%),8,50,3.0,MCC_05,0.9999999999999999
thyroid_sick,thyroid_sick(6.1%),9,51,0.5,SoftMCC,0.9999999999999999
thyroid_sick,thyroid_sick(6.1%),9,51,0.5,MCC_best,0.9999999999999999
thyroid_sick,thyroid_sick(6.1%),9,51,0.5,F1_best,0.9999999999999999
thyroid_sick,thyroid_sick(6.1%),9,51,0.5,AUPRC,0.9999999999999999
thyroid_sick,thyroid_sick(6.1%),9,51,0.5,AUROC,0.9999999999999999
thyroid_sick,thyroid_sick(6.1%),9,51,0.5,Brier_neg,0.9999999999999999
thyroid_sick,thyroid_sick(6.1%),9,51,0.5,MCC_05,0.9999999999999999
thyroid_sick,thyroid_sick(6.1%),9,51,1.5,SoftMCC,0.9999999999999999
thyroid_sick,thyroid_sick(6.1%),9,51,1.5,MCC_best,0.9999999999999999
thyroid_sick,thyroid_sick(6.1%),9,51,1.5,F1_best,0.9999999999999999
thyroid_sick,thyroid_sick(6.1%),9,51,1.5,AUPRC,0.9999999999999999
thyroid_sick,thyroid_sick(6.1%),9,51,1.5,AUROC,0.9999999999999999
thyroid_sick,thyroid_sick(6.1%),9,51,1.5,Brier_neg,0.8999999999999998
thyroid_sick,thyroid_sick(6.1%),9,51,1.5,MCC_05,0.9999999999999999
thyroid_sick,thyroid_sick(6.1%),9,51,2.0,SoftMCC,0.9999999999999999
thyroid_sick,thyroid_sick(6.1%),9,51,2.0,MCC_best,0.9999999999999999
thyroid_sick,thyroid_sick(6.1%),9,51,2.0,F1_best,0.9999999999999999
thyroid_sick,thyroid_sick(6.1%),9,51,2.0,AUPRC,0.9999999999999999
thyroid_sick,thyroid_sick(6.1%),9,51,2.0,AUROC,0.9999999999999999
thyroid_sick,thyroid_sick(6.1%),9,51,2.0,Brier_neg,0.8999999999999998
thyroid_sick,thyroid_sick(6.1%),9,51,2.0,MCC_05,0.9999999999999999
thyroid_sick,thyroid_sick(6.1%),9,51,3.0,SoftMCC,0.9999999999999999
thyroid_sick,thyroid_sick(6.1%),9,51,3.0,MCC_best,0.9999999999999999
thyroid_sick,thyroid_sick(6.1%),9,51,3.0,F1_best,0.9999999999999999
thyroid_sick,thyroid_sick(6.1%),9,51,3.0,AUPRC,0.9999999999999999
thyroid_sick,thyroid_sick(6.1%),9,51,3.0,AUROC,0.9999999999999999
thyroid_sick,thyroid_sick(6.1%),9,51,3.0,Brier_neg,0.8999999999999998
thyroid_sick,thyroid_sick(6.1%),9,51,3.0,MCC_05,0.9999999999999999
thyroid_sick,thyroid_sick(6.1%),10,52,0.5,SoftMCC,0.9999999999999999
thyroid_sick,thyroid_sick(6.1%),10,52,0.5,MCC_best,0.9999999999999999
thyroid_sick,thyroid_sick(6.1%),10,52,0.5,F1_best,0.9999999999999999
thyroid_sick,thyroid_sick(6.1%),10,52,0.5,AUPRC,0.9999999999999999
thyroid_sick,thyroid_sick(6.1%),10,52,0.5,AUROC,0.9999999999999999
thyroid_sick,thyroid_sick(6.1%),10,52,0.5,Brier_neg,0.9999999999999999
thyroid_sick,thyroid_sick(6.1%),10,52,0.5,MCC_05,0.9999999999999999
thyroid_sick,thyroid_sick(6.1%),10,52,1.5,SoftMCC,0.9999999999999999
thyroid_sick,thyroid_sick(6.1%),10,52,1.5,MCC_best,0.9999999999999999
thyroid_sick,thyroid_sick(6.1%),10,52,1.5,F1_best,0.9999999999999999
thyroid_sick,thyroid_sick(6.1%),10,52,1.5,AUPRC,0.9999999999999999
thyroid_sick,thyroid_sick(6.1%),10,52,1.5,AUROC,0.9999999999999999
thyroid_sick,thyroid_sick(6.1%),10,52,1.5,Brier_neg,0.9999999999999999
thyroid_sick,thyroid_sick(6.1%),10,52,1.5,MCC_05,0.9999999999999999
thyroid_sick,thyroid_sick(6.1%),10,52,2.0,SoftMCC,0.9999999999999999
thyroid_sick,thyroid_sick(6.1%),10,52,2.0,MCC_best,0.9999999999999999
thyroid_sick,thyroid_sick(6.1%),10,52,2.0,F1_best,0.9999999999999999
thyroid_sick,thyroid_sick(6.1%),10,52,2.0,AUPRC,0.9999999999999999
thyroid_sick,thyroid_sick(6.1%),10,52,2.0,AUROC,0.9999999999999999
thyroid_sick,thyroid_sick(6.1%),10,52,2.0,Brier_neg,0.9999999999999999
thyroid_sick,thyroid_sick(6.1%),10,52,2.0,MCC_05,0.9999999999999999
thyroid_sick,thyroid_sick(6.1%),10,52,3.0,SoftMCC,0.8999999999999998
thyroid_sick,thyroid_sick(6.1%),10,52,3.0,MCC_best,0.9999999999999999
thyroid_sick,thyroid_sick(6.1%),10,52,3.0,F1_best,0.9999999999999999
thyroid_sick,thyroid_sick(6.1%),10,52,3.0,AUPRC,0.9999999999999999
thyroid_sick,thyroid_sick(6.1%),10,52,3.0,AUROC,0.9999999999999999
thyroid_sick,thyroid_sick(6.1%),10,52,3.0,Brier_neg,0.9999999999999999
thyroid_sick,thyroid_sick(6.1%),10,52,3.0,MCC_05,0.9999999999999999
thyroid_sick,thyroid_sick(6.1%),11,53,0.5,SoftMCC,0.9999999999999999
thyroid_sick,thyroid_sick(6.1%),11,53,0.5,MCC_best,1.0
thyroid_sick,thyroid_sick(6.1%),11,53,0.5,F1_best,1.0
thyroid_sick,thyroid_sick(6.1%),11,53,0.5,AUPRC,0.9999999999999999
thyroid_sick,thyroid_sick(6.1%),11,53,0.5,AUROC,0.9999999999999999
thyroid_sick,thyroid_sick(6.1%),11,53,0.5,Brier_neg,0.9999999999999999
thyroid_sick,thyroid_sick(6.1%),11,53,0.5,MCC_05,0.9999999999999999
thyroid_sick,thyroid_sick(6.1%),11,53,1.5,SoftMCC,0.9999999999999999
thyroid_sick,thyroid_sick(6.1%),11,53,1.5,MCC_best,1.0
thyroid_sick,thyroid_sick(6.1%),11,53,1.5,F1_best,1.0
thyroid_sick,thyroid_sick(6.1%),11,53,1.5,AUPRC,0.9999999999999999
thyroid_sick,thyroid_sick(6.1%),11,53,1.5,AUROC,0.9999999999999999
thyroid_sick,thyroid_sick(6.1%),11,53,1.5,Brier_neg,0.9999999999999999
thyroid_sick,thyroid_sick(6.1%),11,53,1.5,MCC_05,0.9999999999999999
thyroid_sick,thyroid_sick(6.1%),11,53,2.0,SoftMCC,0.9999999999999999
thyroid_sick,thyroid_sick(6.1%),11,53,2.0,MCC_best,1.0
thyroid_sick,thyroid_sick(6.1%),11,53,2.0,F1_best,1.0
thyroid_sick,thyroid_sick(6.1%),11,53,2.0,AUPRC,0.9999999999999999
thyroid_sick,thyroid_sick(6.1%),11,53,2.0,AUROC,0.9999999999999999
thyroid_sick,thyroid_sick(6.1%),11,53,2.0,Brier_neg,0.8999999999999998
thyroid_sick,thyroid_sick(6.1%),11,53,2.0,MCC_05,0.9999999999999999
thyroid_sick,thyroid_sick(6.1%),11,53,3.0,SoftMCC,0.9999999999999999
thyroid_sick,thyroid_sick(6.1%),11,53,3.0,MCC_best,1.0
thyroid_sick,thyroid_sick(6.1%),11,53,3.0,F1_best,1.0
thyroid_sick,thyroid_sick(6.1%),11,53,3.0,AUPRC,0.9999999999999999
thyroid_sick,thyroid_sick(6.1%),11,53,3.0,AUROC,0.9999999999999999
thyroid_sick,thyroid_sick(6.1%),11,53,3.0,Brier_neg,0.8999999999999998
thyroid_sick,thyroid_sick(6.1%),11,53,3.0,MCC_05,0.9999999999999999
us_crime,us_crime(7.5%),0,42,0.5,SoftMCC,0.8999999999999998
us_crime,us_crime(7.5%),0,42,0.5,MCC_best,0.9999999999999999
us_crime,us_crime(7.5%),0,42,0.5,F1_best,0.9999999999999999
us_crime,us_crime(7.5%),0,42,0.5,AUPRC,0.9999999999999999
us_crime,us_crime(7.5%),0,42,0.5,AUROC,0.9999999999999999
us_crime,us_crime(7.5%),0,42,0.5,Brier_neg,0.9999999999999999
us_crime,us_crime(7.5%),0,42,0.5,MCC_05,1.0
us_crime,us_crime(7.5%),0,42,1.5,SoftMCC,0.9999999999999999
us_crime,us_crime(7.5%),0,42,1.5,MCC_best,0.9999999999999999
us_crime,us_crime(7.5%),0,42,1.5,F1_best,0.9999999999999999
us_crime,us_crime(7.5%),0,42,1.5,AUPRC,0.9999999999999999
us_crime,us_crime(7.5%),0,42,1.5,AUROC,0.9999999999999999
us_crime,us_crime(7.5%),0,42,1.5,Brier_neg,0.7999999999999999
us_crime,us_crime(7.5%),0,42,1.5,MCC_05,1.0
us_crime,us_crime(7.5%),0,42,2.0,SoftMCC,0.9999999999999999
us_crime,us_crime(7.5%),0,42,2.0,MCC_best,0.9999999999999999
us_crime,us_crime(7.5%),0,42,2.0,F1_best,0.9999999999999999
us_crime,us_crime(7.5%),0,42,2.0,AUPRC,0.9999999999999999
us_crime,us_crime(7.5%),0,42,2.0,AUROC,0.9999999999999999
us_crime,us_crime(7.5%),0,42,2.0,Brier_neg,0.6
us_crime,us_crime(7.5%),0,42,2.0,MCC_05,1.0
us_crime,us_crime(7.5%),0,42,3.0,SoftMCC,0.9999999999999999
us_crime,us_crime(7.5%),0,42,3.0,MCC_best,0.9999999999999999
us_crime,us_crime(7.5%),0,42,3.0,F1_best,0.9999999999999999
us_crime,us_crime(7.5%),0,42,3.0,AUPRC,0.9999999999999999
us_crime,us_crime(7.5%),0,42,3.0,AUROC,0.9999999999999999
us_crime,us_crime(7.5%),0,42,3.0,Brier_neg,0.49999999999999994
us_crime,us_crime(7.5%),0,42,3.0,MCC_05,1.0
us_crime,us_crime(7.5%),1,43,0.5,SoftMCC,0.9999999999999999
us_crime,us_crime(7.5%),1,43,0.5,MCC_best,0.9999999999999999
us_crime,us_crime(7.5%),1,43,0.5,F1_best,1.0
us_crime,us_crime(7.5%),1,43,0.5,AUPRC,0.9999999999999999
us_crime,us_crime(7.5%),1,43,0.5,AUROC,0.9999999999999999
us_crime,us_crime(7.5%),1,43,0.5,Brier_neg,0.8999999999999998
us_crime,us_crime(7.5%),1,43,0.5,MCC_05,0.9999999999999999
us_crime,us_crime(7.5%),1,43,1.5,SoftMCC,0.9999999999999999
us_crime,us_crime(7.5%),1,43,1.5,MCC_best,0.9999999999999999
us_crime,us_crime(7.5%),1,43,1.5,F1_best,1.0
us_crime,us_crime(7.5%),1,43,1.5,AUPRC,0.9999999999999999
us_crime,us_crime(7.5%),1,43,1.5,AUROC,0.9999999999999999
us_crime,us_crime(7.5%),1,43,1.5,Brier_neg,0.9999999999999999
us_crime,us_crime(7.5%),1,43,1.5,MCC_05,0.9999999999999999
us_crime,us_crime(7.5%),1,43,2.0,SoftMCC,0.8999999999999998
us_crime,us_crime(7.5%),1,43,2.0,MCC_best,0.9999999999999999
us_crime,us_crime(7.5%),1,43,2.0,F1_best,1.0
us_crime,us_crime(7.5%),1,43,2.0,AUPRC,0.9999999999999999
us_crime,us_crime(7.5%),1,43,2.0,AUROC,0.9999999999999999
us_crime,us_crime(7.5%),1,43,2.0,Brier_neg,0.9999999999999999
us_crime,us_crime(7.5%),1,43,2.0,MCC_05,0.9999999999999999
us_crime,us_crime(7.5%),1,43,3.0,SoftMCC,0.8999999999999998
us_crime,us_crime(7.5%),1,43,3.0,MCC_best,0.9999999999999999
us_crime,us_crime(7.5%),1,43,3.0,F1_best,1.0
us_crime,us_crime(7.5%),1,43,3.0,AUPRC,0.9999999999999999
us_crime,us_crime(7.5%),1,43,3.0,AUROC,0.9999999999999999
us_crime,us_crime(7.5%),1,43,3.0,Brier_neg,0.7999999999999999
us_crime,us_crime(7.5%),1,43,3.0,MCC_05,0.9999999999999999
us_crime,us_crime(7.5%),2,44,0.5,SoftMCC,0.8999999999999998
us_crime,us_crime(7.5%),2,44,0.5,MCC_best,0.9999999999999999
us_crime,us_crime(7.5%),2,44,0.5,F1_best,1.0
us_crime,us_crime(7.5%),2,44,0.5,AUPRC,0.9999999999999999
us_crime,us_crime(7.5%),2,44,0.5,AUROC,0.9999999999999999
us_crime,us_crime(7.5%),2,44,0.5,Brier_neg,0.7999999999999999
us_crime,us_crime(7.5%),2,44,0.5,MCC_05,0.9999999999999999
us_crime,us_crime(7.5%),2,44,1.5,SoftMCC,0.9999999999999999
us_crime,us_crime(7.5%),2,44,1.5,MCC_best,0.9999999999999999
us_crime,us_crime(7.5%),2,44,1.5,F1_best,1.0
us_crime,us_crime(7.5%),2,44,1.5,AUPRC,0.9999999999999999
us_crime,us_crime(7.5%),2,44,1.5,AUROC,0.9999999999999999
us_crime,us_crime(7.5%),2,44,1.5,Brier_neg,0.9999999999999999
us_crime,us_crime(7.5%),2,44,1.5,MCC_05,0.9999999999999999
us_crime,us_crime(7.5%),2,44,2.0,SoftMCC,0.9999999999999999
us_crime,us_crime(7.5%),2,44,2.0,MCC_best,0.9999999999999999
us_crime,us_crime(7.5%),2,44,2.0,F1_best,1.0
us_crime,us_crime(7.5%),2,44,2.0,AUPRC,0.9999999999999999
us_crime,us_crime(7.5%),2,44,2.0,AUROC,0.9999999999999999
us_crime,us_crime(7.5%),2,44,2.0,Brier_neg,0.8999999999999998
us_crime,us_crime(7.5%),2,44,2.0,MCC_05,0.9999999999999999
us_crime,us_crime(7.5%),2,44,3.0,SoftMCC,0.9999999999999999
us_crime,us_crime(7.5%),2,44,3.0,MCC_best,0.9999999999999999
us_crime,us_crime(7.5%),2,44,3.0,F1_best,1.0
us_crime,us_crime(7.5%),2,44,3.0,AUPRC,0.9999999999999999
us_crime,us_crime(7.5%),2,44,3.0,AUROC,0.9999999999999999
us_crime,us_crime(7.5%),2,44,3.0,Brier_neg,0.7999999999999999
us_crime,us_crime(7.5%),2,44,3.0,MCC_05,0.9999999999999999
us_crime,us_crime(7.5%),3,45,0.5,SoftMCC,0.8999999999999998
us_crime,us_crime(7.5%),3,45,0.5,MCC_best,0.9999999999999999
us_crime,us_crime(7.5%),3,45,0.5,F1_best,0.9999999999999999
us_crime,us_crime(7.5%),3,45,0.5,AUPRC,0.9999999999999999
us_crime,us_crime(7.5%),3,45,0.5,AUROC,0.9999999999999999
us_crime,us_crime(7.5%),3,45,0.5,Brier_neg,0.9999999999999999
us_crime,us_crime(7.5%),3,45,0.5,MCC_05,0.9999999999999999
us_crime,us_crime(7.5%),3,45,1.5,SoftMCC,0.9999999999999999
us_crime,us_crime(7.5%),3,45,1.5,MCC_best,0.9999999999999999
us_crime,us_crime(7.5%),3,45,1.5,F1_best,0.9999999999999999
us_crime,us_crime(7.5%),3,45,1.5,AUPRC,0.9999999999999999
us_crime,us_crime(7.5%),3,45,1.5,AUROC,0.9999999999999999
us_crime,us_crime(7.5%),3,45,1.5,Brier_neg,0.3
us_crime,us_crime(7.5%),3,45,1.5,MCC_05,0.9999999999999999
us_crime,us_crime(7.5%),3,45,2.0,SoftMCC,0.9999999999999999
us_crime,us_crime(7.5%),3,45,2.0,MCC_best,0.9999999999999999
us_crime,us_crime(7.5%),3,45,2.0,F1_best,0.9999999999999999
us_crime,us_crime(7.5%),3,45,2.0,AUPRC,0.9999999999999999
us_crime,us_crime(7.5%),3,45,2.0,AUROC,0.9999999999999999
us_crime,us_crime(7.5%),3,45,2.0,Brier_neg,0.19999999999999998
us_crime,us_crime(7.5%),3,45,2.0,MCC_05,0.9999999999999999
us_crime,us_crime(7.5%),3,45,3.0,SoftMCC,0.8999999999999998
us_crime,us_crime(7.5%),3,45,3.0,MCC_best,0.9999999999999999
us_crime,us_crime(7.5%),3,45,3.0,F1_best,0.9999999999999999
us_crime,us_crime(7.5%),3,45,3.0,AUPRC,0.9999999999999999
us_crime,us_crime(7.5%),3,45,3.0,AUROC,0.9999999999999999
us_crime,us_crime(7.5%),3,45,3.0,Brier_neg,-0.09999999999999999
us_crime,us_crime(7.5%),3,45,3.0,MCC_05,0.9999999999999999
us_crime,us_crime(7.5%),4,46,0.5,SoftMCC,0.7
us_crime,us_crime(7.5%),4,46,0.5,MCC_best,0.9999999999999999
us_crime,us_crime(7.5%),4,46,0.5,F1_best,0.9999999999999999
us_crime,us_crime(7.5%),4,46,0.5,AUPRC,0.9999999999999999
us_crime,us_crime(7.5%),4,46,0.5,AUROC,0.9999999999999999
us_crime,us_crime(7.5%),4,46,0.5,Brier_neg,0.9999999999999999
us_crime,us_crime(7.5%),4,46,0.5,MCC_05,0.9999999999999999
us_crime,us_crime(7.5%),4,46,1.5,SoftMCC,0.8999999999999998
us_crime,us_crime(7.5%),4,46,1.5,MCC_best,0.9999999999999999
us_crime,us_crime(7.5%),4,46,1.5,F1_best,0.9999999999999999
us_crime,us_crime(7.5%),4,46,1.5,AUPRC,0.9999999999999999
us_crime,us_crime(7.5%),4,46,1.5,AUROC,0.9999999999999999
us_crime,us_crime(7.5%),4,46,1.5,Brier_neg,0.7
us_crime,us_crime(7.5%),4,46,1.5,MCC_05,0.9999999999999999
us_crime,us_crime(7.5%),4,46,2.0,SoftMCC,0.8999999999999998
us_crime,us_crime(7.5%),4,46,2.0,MCC_best,0.9999999999999999
us_crime,us_crime(7.5%),4,46,2.0,F1_best,0.9999999999999999
us_crime,us_crime(7.5%),4,46,2.0,AUPRC,0.9999999999999999
us_crime,us_crime(7.5%),4,46,2.0,AUROC,0.9999999999999999
us_crime,us_crime(7.5%),4,46,2.0,Brier_neg,0.7
us_crime,us_crime(7.5%),4,46,2.0,MCC_05,0.9999999999999999
us_crime,us_crime(7.5%),4,46,3.0,SoftMCC,0.8999999999999998
us_crime,us_crime(7.5%),4,46,3.0,MCC_best,0.9999999999999999
us_crime,us_crime(7.5%),4,46,3.0,F1_best,0.9999999999999999
us_crime,us_crime(7.5%),4,46,3.0,AUPRC,0.9999999999999999
us_crime,us_crime(7.5%),4,46,3.0,AUROC,0.9999999999999999
us_crime,us_crime(7.5%),4,46,3.0,Brier_neg,0.7
us_crime,us_crime(7.5%),4,46,3.0,MCC_05,0.9999999999999999
us_crime,us_crime(7.5%),5,47,0.5,SoftMCC,0.9999999999999999
us_crime,us_crime(7.5%),5,47,0.5,MCC_best,0.9999999999999999
us_crime,us_crime(7.5%),5,47,0.5,F1_best,0.9999999999999999
us_crime,us_crime(7.5%),5,47,0.5,AUPRC,0.9999999999999999
us_crime,us_crime(7.5%),5,47,0.5,AUROC,0.9999999999999999
us_crime,us_crime(7.5%),5,47,0.5,Brier_neg,0.7999999999999999
us_crime,us_crime(7.5%),5,47,0.5,MCC_05,0.9999999999999999
us_crime,us_crime(7.5%),5,47,1.5,SoftMCC,0.8999999999999998
us_crime,us_crime(7.5%),5,47,1.5,MCC_best,0.9999999999999999
us_crime,us_crime(7.5%),5,47,1.5,F1_best,0.9999999999999999
us_crime,us_crime(7.5%),5,47,1.5,AUPRC,0.9999999999999999
us_crime,us_crime(7.5%),5,47,1.5,AUROC,0.9999999999999999
us_crime,us_crime(7.5%),5,47,1.5,Brier_neg,0.8999999999999998
us_crime,us_crime(7.5%),5,47,1.5,MCC_05,0.9999999999999999
us_crime,us_crime(7.5%),5,47,2.0,SoftMCC,0.8999999999999998
us_crime,us_crime(7.5%),5,47,2.0,MCC_best,0.9999999999999999
us_crime,us_crime(7.5%),5,47,2.0,F1_best,0.9999999999999999
us_crime,us_crime(7.5%),5,47,2.0,AUPRC,0.9999999999999999
us_crime,us_crime(7.5%),5,47,2.0,AUROC,0.9999999999999999
us_crime,us_crime(7.5%),5,47,2.0,Brier_neg,0.6
us_crime,us_crime(7.5%),5,47,2.0,MCC_05,0.9999999999999999
us_crime,us_crime(7.5%),5,47,3.0,SoftMCC,0.8999999999999998
us_crime,us_crime(7.5%),5,47,3.0,MCC_best,0.9999999999999999
us_crime,us_crime(7.5%),5,47,3.0,F1_best,0.9999999999999999
us_crime,us_crime(7.5%),5,47,3.0,AUPRC,0.9999999999999999
us_crime,us_crime(7.5%),5,47,3.0,AUROC,0.9999999999999999
us_crime,us_crime(7.5%),5,47,3.0,Brier_neg,0.7
us_crime,us_crime(7.5%),5,47,3.0,MCC_05,0.9999999999999999
us_crime,us_crime(7.5%),6,48,0.5,SoftMCC,0.7
us_crime,us_crime(7.5%),6,48,0.5,MCC_best,0.9999999999999999
us_crime,us_crime(7.5%),6,48,0.5,F1_best,1.0
us_crime,us_crime(7.5%),6,48,0.5,AUPRC,0.9999999999999999
us_crime,us_crime(7.5%),6,48,0.5,AUROC,0.9999999999999999
us_crime,us_crime(7.5%),6,48,0.5,Brier_neg,0.7999999999999999
us_crime,us_crime(7.5%),6,48,0.5,MCC_05,0.9999999999999999
us_crime,us_crime(7.5%),6,48,1.5,SoftMCC,0.8999999999999998
us_crime,us_crime(7.5%),6,48,1.5,MCC_best,0.9999999999999999
us_crime,us_crime(7.5%),6,48,1.5,F1_best,1.0
us_crime,us_crime(7.5%),6,48,1.5,AUPRC,0.9999999999999999
us_crime,us_crime(7.5%),6,48,1.5,AUROC,0.9999999999999999
us_crime,us_crime(7.5%),6,48,1.5,Brier_neg,0.8999999999999998
us_crime,us_crime(7.5%),6,48,1.5,MCC_05,0.9999999999999999
us_crime,us_crime(7.5%),6,48,2.0,SoftMCC,0.7
us_crime,us_crime(7.5%),6,48,2.0,MCC_best,0.9999999999999999
us_crime,us_crime(7.5%),6,48,2.0,F1_best,1.0
us_crime,us_crime(7.5%),6,48,2.0,AUPRC,0.9999999999999999
us_crime,us_crime(7.5%),6,48,2.0,AUROC,0.9999999999999999
us_crime,us_crime(7.5%),6,48,2.0,Brier_neg,0.8999999999999998
us_crime,us_crime(7.5%),6,48,2.0,MCC_05,0.9999999999999999
us_crime,us_crime(7.5%),6,48,3.0,SoftMCC,0.7
us_crime,us_crime(7.5%),6,48,3.0,MCC_best,0.9999999999999999
us_crime,us_crime(7.5%),6,48,3.0,F1_best,1.0
us_crime,us_crime(7.5%),6,48,3.0,AUPRC,0.9999999999999999
us_crime,us_crime(7.5%),6,48,3.0,AUROC,0.9999999999999999
us_crime,us_crime(7.5%),6,48,3.0,Brier_neg,0.7999999999999999
us_crime,us_crime(7.5%),6,48,3.0,MCC_05,0.9999999999999999
us_crime,us_crime(7.5%),7,49,0.5,SoftMCC,0.09999999999999999
us_crime,us_crime(7.5%),7,49,0.5,MCC_best,0.9999999999999999
us_crime,us_crime(7.5%),7,49,0.5,F1_best,0.9999999999999999
us_crime,us_crime(7.5%),7,49,0.5,AUPRC,0.9999999999999999
us_crime,us_crime(7.5%),7,49,0.5,AUROC,0.9999999999999999
us_crime,us_crime(7.5%),7,49,0.5,Brier_neg,0.8999999999999998
us_crime,us_crime(7.5%),7,49,0.5,MCC_05,0.9999999999999999
us_crime,us_crime(7.5%),7,49,1.5,SoftMCC,0.9999999999999999
us_crime,us_crime(7.5%),7,49,1.5,MCC_best,0.9999999999999999
us_crime,us_crime(7.5%),7,49,1.5,F1_best,0.9999999999999999
us_crime,us_crime(7.5%),7,49,1.5,AUPRC,0.9999999999999999
us_crime,us_crime(7.5%),7,49,1.5,AUROC,0.9999999999999999
us_crime,us_crime(7.5%),7,49,1.5,Brier_neg,0.49999999999999994
us_crime,us_crime(7.5%),7,49,1.5,MCC_05,0.9999999999999999
us_crime,us_crime(7.5%),7,49,2.0,SoftMCC,0.9999999999999999
us_crime,us_crime(7.5%),7,49,2.0,MCC_best,0.9999999999999999
us_crime,us_crime(7.5%),7,49,2.0,F1_best,0.9999999999999999
us_crime,us_crime(7.5%),7,49,2.0,AUPRC,0.9999999999999999
us_crime,us_crime(7.5%),7,49,2.0,AUROC,0.9999999999999999
us_crime,us_crime(7.5%),7,49,2.0,Brier_neg,0.19999999999999998
us_crime,us_crime(7.5%),7,49,2.0,MCC_05,0.9999999999999999
us_crime,us_crime(7.5%),7,49,3.0,SoftMCC,0.8999999999999998
us_crime,us_crime(7.5%),7,49,3.0,MCC_best,0.9999999999999999
us_crime,us_crime(7.5%),7,49,3.0,F1_best,0.9999999999999999
us_crime,us_crime(7.5%),7,49,3.0,AUPRC,0.9999999999999999
us_crime,us_crime(7.5%),7,49,3.0,AUROC,0.9999999999999999
us_crime,us_crime(7.5%),7,49,3.0,Brier_neg,0.19999999999999998
us_crime,us_crime(7.5%),7,49,3.0,MCC_05,0.9999999999999999
us_crime,us_crime(7.5%),8,50,0.5,SoftMCC,0.7
us_crime,us_crime(7.5%),8,50,0.5,MCC_best,0.9999999999999999
us_crime,us_crime(7.5%),8,50,0.5,F1_best,0.9999999999999999
us_crime,us_crime(7.5%),8,50,0.5,AUPRC,0.9999999999999999
us_crime,us_crime(7.5%),8,50,0.5,AUROC,0.9999999999999999
us_crime,us_crime(7.5%),8,50,0.5,Brier_neg,0.7999999999999999
us_crime,us_crime(7.5%),8,50,0.5,MCC_05,0.9999999999999999
us_crime,us_crime(7.5%),8,50,1.5,SoftMCC,0.9999999999999999
us_crime,us_crime(7.5%),8,50,1.5,MCC_best,0.9999999999999999
us_crime,us_crime(7.5%),8,50,1.5,F1_best,0.9999999999999999
us_crime,us_crime(7.5%),8,50,1.5,AUPRC,0.9999999999999999
us_crime,us_crime(7.5%),8,50,1.5,AUROC,0.9999999999999999
us_crime,us_crime(7.5%),8,50,1.5,Brier_neg,-0.6
us_crime,us_crime(7.5%),8,50,1.5,MCC_05,0.9999999999999999
us_crime,us_crime(7.5%),8,50,2.0,SoftMCC,0.8999999999999998
us_crime,us_crime(7.5%),8,50,2.0,MCC_best,0.9999999999999999
us_crime,us_crime(7.5%),8,50,2.0,F1_best,0.9999999999999999
us_crime,us_crime(7.5%),8,50,2.0,AUPRC,0.9999999999999999
us_crime,us_crime(7.5%),8,50,2.0,AUROC,0.9999999999999999
us_crime,us_crime(7.5%),8,50,2.0,Brier_neg,-0.6
us_crime,us_crime(7.5%),8,50,2.0,MCC_05,0.9999999999999999
us_crime,us_crime(7.5%),8,50,3.0,SoftMCC,0.6
us_crime,us_crime(7.5%),8,50,3.0,MCC_best,0.9999999999999999
us_crime,us_crime(7.5%),8,50,3.0,F1_best,0.9999999999999999
us_crime,us_crime(7.5%),8,50,3.0,AUPRC,0.9999999999999999
us_crime,us_crime(7.5%),8,50,3.0,AUROC,0.9999999999999999
us_crime,us_crime(7.5%),8,50,3.0,Brier_neg,0.09999999999999999
us_crime,us_crime(7.5%),8,50,3.0,MCC_05,0.9999999999999999
us_crime,us_crime(7.5%),9,51,0.5,SoftMCC,0.7
us_crime,us_crime(7.5%),9,51,0.5,MCC_best,0.9999999999999999
us_crime,us_crime(7.5%),9,51,0.5,F1_best,0.9999999999999999
us_crime,us_crime(7.5%),9,51,0.5,AUPRC,0.9999999999999999
us_crime,us_crime(7.5%),9,51,0.5,AUROC,0.9999999999999999
us_crime,us_crime(7.5%),9,51,0.5,Brier_neg,0.19999999999999998
us_crime,us_crime(7.5%),9,51,0.5,MCC_05,0.9999999999999999
us_crime,us_crime(7.5%),9,51,1.5,SoftMCC,0.9999999999999999
us_crime,us_crime(7.5%),9,51,1.5,MCC_best,0.9999999999999999
us_crime,us_crime(7.5%),9,51,1.5,F1_best,0.9999999999999999
us_crime,us_crime(7.5%),9,51,1.5,AUPRC,0.9999999999999999
us_crime,us_crime(7.5%),9,51,1.5,AUROC,0.9999999999999999
us_crime,us_crime(7.5%),9,51,1.5,Brier_neg,0.8999999999999998
us_crime,us_crime(7.5%),9,51,1.5,MCC_05,0.9999999999999999
us_crime,us_crime(7.5%),9,51,2.0,SoftMCC,0.9999999999999999
us_crime,us_crime(7.5%),9,51,2.0,MCC_best,0.9999999999999999
us_crime,us_crime(7.5%),9,51,2.0,F1_best,0.9999999999999999
us_crime,us_crime(7.5%),9,51,2.0,AUPRC,0.9999999999999999
us_crime,us_crime(7.5%),9,51,2.0,AUROC,0.9999999999999999
us_crime,us_crime(7.5%),9,51,2.0,Brier_neg,0.8999999999999998
us_crime,us_crime(7.5%),9,51,2.0,MCC_05,0.9999999999999999
us_crime,us_crime(7.5%),9,51,3.0,SoftMCC,0.9999999999999999
us_crime,us_crime(7.5%),9,51,3.0,MCC_best,0.9999999999999999
us_crime,us_crime(7.5%),9,51,3.0,F1_best,0.9999999999999999
us_crime,us_crime(7.5%),9,51,3.0,AUPRC,0.9999999999999999
us_crime,us_crime(7.5%),9,51,3.0,AUROC,0.9999999999999999
us_crime,us_crime(7.5%),9,51,3.0,Brier_neg,0.8999999999999998
us_crime,us_crime(7.5%),9,51,3.0,MCC_05,0.9999999999999999
us_crime,us_crime(7.5%),10,52,0.5,SoftMCC,0.9999999999999999
us_crime,us_crime(7.5%),10,52,0.5,MCC_best,0.9999999999999999
us_crime,us_crime(7.5%),10,52,0.5,F1_best,0.9999999999999999
us_crime,us_crime(7.5%),10,52,0.5,AUPRC,0.9999999999999999
us_crime,us_crime(7.5%),10,52,0.5,AUROC,0.9999999999999999
us_crime,us_crime(7.5%),10,52,0.5,Brier_neg,0.9999999999999999
us_crime,us_crime(7.5%),10,52,0.5,MCC_05,1.0
us_crime,us_crime(7.5%),10,52,1.5,SoftMCC,0.9999999999999999
us_crime,us_crime(7.5%),10,52,1.5,MCC_best,0.9999999999999999
us_crime,us_crime(7.5%),10,52,1.5,F1_best,0.9999999999999999
us_crime,us_crime(7.5%),10,52,1.5,AUPRC,0.9999999999999999
us_crime,us_crime(7.5%),10,52,1.5,AUROC,0.9999999999999999
us_crime,us_crime(7.5%),10,52,1.5,Brier_neg,0.9999999999999999
us_crime,us_crime(7.5%),10,52,1.5,MCC_05,1.0
us_crime,us_crime(7.5%),10,52,2.0,SoftMCC,0.8999999999999998
us_crime,us_crime(7.5%),10,52,2.0,MCC_best,0.9999999999999999
us_crime,us_crime(7.5%),10,52,2.0,F1_best,0.9999999999999999
us_crime,us_crime(7.5%),10,52,2.0,AUPRC,0.9999999999999999
us_crime,us_crime(7.5%),10,52,2.0,AUROC,0.9999999999999999
us_crime,us_crime(7.5%),10,52,2.0,Brier_neg,0.8999999999999998
us_crime,us_crime(7.5%),10,52,2.0,MCC_05,1.0
us_crime,us_crime(7.5%),10,52,3.0,SoftMCC,0.7
us_crime,us_crime(7.5%),10,52,3.0,MCC_best,0.9999999999999999
us_crime,us_crime(7.5%),10,52,3.0,F1_best,0.9999999999999999
us_crime,us_crime(7.5%),10,52,3.0,AUPRC,0.9999999999999999
us_crime,us_crime(7.5%),10,52,3.0,AUROC,0.9999999999999999
us_crime,us_crime(7.5%),10,52,3.0,Brier_neg,0.6
us_crime,us_crime(7.5%),10,52,3.0,MCC_05,1.0
us_crime,us_crime(7.5%),11,53,0.5,SoftMCC,0.19999999999999998
us_crime,us_crime(7.5%),11,53,0.5,MCC_best,0.9999999999999999
us_crime,us_crime(7.5%),11,53,0.5,F1_best,0.9999999999999999
us_crime,us_crime(7.5%),11,53,0.5,AUPRC,0.9999999999999999
us_crime,us_crime(7.5%),11,53,0.5,AUROC,0.9999999999999999
us_crime,us_crime(7.5%),11,53,0.5,Brier_neg,0.6
us_crime,us_crime(7.5%),11,53,0.5,MCC_05,0.9999999999999999
us_crime,us_crime(7.5%),11,53,1.5,SoftMCC,0.8999999999999998
us_crime,us_crime(7.5%),11,53,1.5,MCC_best,0.9999999999999999
us_crime,us_crime(7.5%),11,53,1.5,F1_best,0.9999999999999999
us_crime,us_crime(7.5%),11,53,1.5,AUPRC,0.9999999999999999
us_crime,us_crime(7.5%),11,53,1.5,AUROC,0.9999999999999999
us_crime,us_crime(7.5%),11,53,1.5,Brier_neg,0.39999999999999997
us_crime,us_crime(7.5%),11,53,1.5,MCC_05,0.9999999999999999
us_crime,us_crime(7.5%),11,53,2.0,SoftMCC,0.8999999999999998
us_crime,us_crime(7.5%),11,53,2.0,MCC_best,0.9999999999999999
us_crime,us_crime(7.5%),11,53,2.0,F1_best,0.9999999999999999
us_crime,us_crime(7.5%),11,53,2.0,AUPRC,0.9999999999999999
us_crime,us_crime(7.5%),11,53,2.0,AUROC,0.9999999999999999
us_crime,us_crime(7.5%),11,53,2.0,Brier_neg,0.39999999999999997
us_crime,us_crime(7.5%),11,53,2.0,MCC_05,0.9999999999999999
us_crime,us_crime(7.5%),11,53,3.0,SoftMCC,0.8999999999999998
us_crime,us_crime(7.5%),11,53,3.0,MCC_best,0.9999999999999999
us_crime,us_crime(7.5%),11,53,3.0,F1_best,0.9999999999999999
us_crime,us_crime(7.5%),11,53,3.0,AUPRC,0.9999999999999999
us_crime,us_crime(7.5%),11,53,3.0,AUROC,0.9999999999999999
us_crime,us_crime(7.5%),11,53,3.0,Brier_neg,0.39999999999999997
us_crime,us_crime(7.5%),11,53,3.0,MCC_05,0.9999999999999999
wine_quality,wine_quality(3.7%),0,42,0.5,SoftMCC,0.3
wine_quality,wine_quality(3.7%),0,42,0.5,MCC_best,0.9999999999999999
wine_quality,wine_quality(3.7%),0,42,0.5,F1_best,0.9999999999999999
wine_quality,wine_quality(3.7%),0,42,0.5,AUPRC,0.9999999999999999
wine_quality,wine_quality(3.7%),0,42,0.5,AUROC,0.9999999999999999
wine_quality,wine_quality(3.7%),0,42,0.5,Brier_neg,0.7
wine_quality,wine_quality(3.7%),0,42,0.5,MCC_05,1.0
wine_quality,wine_quality(3.7%),0,42,1.5,SoftMCC,0.8999999999999998
wine_quality,wine_quality(3.7%),0,42,1.5,MCC_best,0.9999999999999999
wine_quality,wine_quality(3.7%),0,42,1.5,F1_best,0.9999999999999999
wine_quality,wine_quality(3.7%),0,42,1.5,AUPRC,0.9999999999999999
wine_quality,wine_quality(3.7%),0,42,1.5,AUROC,0.9999999999999999
wine_quality,wine_quality(3.7%),0,42,1.5,Brier_neg,0.9999999999999999
wine_quality,wine_quality(3.7%),0,42,1.5,MCC_05,1.0
wine_quality,wine_quality(3.7%),0,42,2.0,SoftMCC,0.7
wine_quality,wine_quality(3.7%),0,42,2.0,MCC_best,0.9999999999999999
wine_quality,wine_quality(3.7%),0,42,2.0,F1_best,0.9999999999999999
wine_quality,wine_quality(3.7%),0,42,2.0,AUPRC,0.9999999999999999
wine_quality,wine_quality(3.7%),0,42,2.0,AUROC,0.9999999999999999
wine_quality,wine_quality(3.7%),0,42,2.0,Brier_neg,0.9999999999999999
wine_quality,wine_quality(3.7%),0,42,2.0,MCC_05,1.0
wine_quality,wine_quality(3.7%),0,42,3.0,SoftMCC,0.7
wine_quality,wine_quality(3.7%),0,42,3.0,MCC_best,0.9999999999999999
wine_quality,wine_quality(3.7%),0,42,3.0,F1_best,0.9999999999999999
wine_quality,wine_quality(3.7%),0,42,3.0,AUPRC,0.9999999999999999
wine_quality,wine_quality(3.7%),0,42,3.0,AUROC,0.9999999999999999
wine_quality,wine_quality(3.7%),0,42,3.0,Brier_neg,0.6
wine_quality,wine_quality(3.7%),0,42,3.0,MCC_05,1.0
wine_quality,wine_quality(3.7%),1,43,0.5,SoftMCC,0.9999999999999999
wine_quality,wine_quality(3.7%),1,43,0.5,MCC_best,0.9999999999999999
wine_quality,wine_quality(3.7%),1,43,0.5,F1_best,0.9999999999999999
wine_quality,wine_quality(3.7%),1,43,0.5,AUPRC,0.9999999999999999
wine_quality,wine_quality(3.7%),1,43,0.5,AUROC,0.9999999999999999
wine_quality,wine_quality(3.7%),1,43,0.5,Brier_neg,0.8999999999999998
wine_quality,wine_quality(3.7%),1,43,0.5,MCC_05,1.0
wine_quality,wine_quality(3.7%),1,43,1.5,SoftMCC,0.9999999999999999
wine_quality,wine_quality(3.7%),1,43,1.5,MCC_best,0.9999999999999999
wine_quality,wine_quality(3.7%),1,43,1.5,F1_best,0.9999999999999999
wine_quality,wine_quality(3.7%),1,43,1.5,AUPRC,0.9999999999999999
wine_quality,wine_quality(3.7%),1,43,1.5,AUROC,0.9999999999999999
wine_quality,wine_quality(3.7%),1,43,1.5,Brier_neg,0.8999999999999998
wine_quality,wine_quality(3.7%),1,43,1.5,MCC_05,1.0
wine_quality,wine_quality(3.7%),1,43,2.0,SoftMCC,0.9999999999999999
wine_quality,wine_quality(3.7%),1,43,2.0,MCC_best,0.9999999999999999
wine_quality,wine_quality(3.7%),1,43,2.0,F1_best,0.9999999999999999
wine_quality,wine_quality(3.7%),1,43,2.0,AUPRC,0.9999999999999999
wine_quality,wine_quality(3.7%),1,43,2.0,AUROC,0.9999999999999999
wine_quality,wine_quality(3.7%),1,43,2.0,Brier_neg,0.8999999999999998
wine_quality,wine_quality(3.7%),1,43,2.0,MCC_05,1.0
wine_quality,wine_quality(3.7%),1,43,3.0,SoftMCC,0.9999999999999999
wine_quality,wine_quality(3.7%),1,43,3.0,MCC_best,0.9999999999999999
wine_quality,wine_quality(3.7%),1,43,3.0,F1_best,0.9999999999999999
wine_quality,wine_quality(3.7%),1,43,3.0,AUPRC,0.9999999999999999
wine_quality,wine_quality(3.7%),1,43,3.0,AUROC,0.9999999999999999
wine_quality,wine_quality(3.7%),1,43,3.0,Brier_neg,0.8999999999999998
wine_quality,wine_quality(3.7%),1,43,3.0,MCC_05,1.0
wine_quality,wine_quality(3.7%),2,44,0.5,SoftMCC,-0.19999999999999998
wine_quality,wine_quality(3.7%),2,44,0.5,MCC_best,1.0
wine_quality,wine_quality(3.7%),2,44,0.5,F1_best,1.0
wine_quality,wine_quality(3.7%),2,44,0.5,AUPRC,0.9999999999999999
wine_quality,wine_quality(3.7%),2,44,0.5,AUROC,0.9999999999999999
wine_quality,wine_quality(3.7%),2,44,0.5,Brier_neg,0.8999999999999998
wine_quality,wine_quality(3.7%),2,44,0.5,MCC_05,0.9999999999999999
wine_quality,wine_quality(3.7%),2,44,1.5,SoftMCC,0.9999999999999999
wine_quality,wine_quality(3.7%),2,44,1.5,MCC_best,1.0
wine_quality,wine_quality(3.7%),2,44,1.5,F1_best,1.0
wine_quality,wine_quality(3.7%),2,44,1.5,AUPRC,0.9999999999999999
wine_quality,wine_quality(3.7%),2,44,1.5,AUROC,0.9999999999999999
wine_quality,wine_quality(3.7%),2,44,1.5,Brier_neg,0.8999999999999998
wine_quality,wine_quality(3.7%),2,44,1.5,MCC_05,0.9999999999999999
wine_quality,wine_quality(3.7%),2,44,2.0,SoftMCC,0.8999999999999998
wine_quality,wine_quality(3.7%),2,44,2.0,MCC_best,1.0
wine_quality,wine_quality(3.7%),2,44,2.0,F1_best,1.0
wine_quality,wine_quality(3.7%),2,44,2.0,AUPRC,0.9999999999999999
wine_quality,wine_quality(3.7%),2,44,2.0,AUROC,0.9999999999999999
wine_quality,wine_quality(3.7%),2,44,2.0,Brier_neg,0.8999999999999998
wine_quality,wine_quality(3.7%),2,44,2.0,MCC_05,0.9999999999999999
wine_quality,wine_quality(3.7%),2,44,3.0,SoftMCC,0.8999999999999998
wine_quality,wine_quality(3.7%),2,44,3.0,MCC_best,1.0
wine_quality,wine_quality(3.7%),2,44,3.0,F1_best,1.0
wine_quality,wine_quality(3.7%),2,44,3.0,AUPRC,0.9999999999999999
wine_quality,wine_quality(3.7%),2,44,3.0,AUROC,0.9999999999999999
wine_quality,wine_quality(3.7%),2,44,3.0,Brier_neg,0.8999999999999998
wine_quality,wine_quality(3.7%),2,44,3.0,MCC_05,0.9999999999999999
wine_quality,wine_quality(3.7%),3,45,0.5,SoftMCC,-0.3
wine_quality,wine_quality(3.7%),3,45,0.5,MCC_best,0.9999999999999999
wine_quality,wine_quality(3.7%),3,45,0.5,F1_best,0.9999999999999999
wine_quality,wine_quality(3.7%),3,45,0.5,AUPRC,0.9999999999999999
wine_quality,wine_quality(3.7%),3,45,0.5,AUROC,0.9999999999999999
wine_quality,wine_quality(3.7%),3,45,0.5,Brier_neg,-0.7
wine_quality,wine_quality(3.7%),3,45,0.5,MCC_05,1.0
wine_quality,wine_quality(3.7%),3,45,1.5,SoftMCC,0.7
wine_quality,wine_quality(3.7%),3,45,1.5,MCC_best,0.9999999999999999
wine_quality,wine_quality(3.7%),3,45,1.5,F1_best,0.9999999999999999
wine_quality,wine_quality(3.7%),3,45,1.5,AUPRC,0.9999999999999999
wine_quality,wine_quality(3.7%),3,45,1.5,AUROC,0.9999999999999999
wine_quality,wine_quality(3.7%),3,45,1.5,Brier_neg,0.8999999999999998
wine_quality,wine_quality(3.7%),3,45,1.5,MCC_05,1.0
wine_quality,wine_quality(3.7%),3,45,2.0,SoftMCC,0.6
wine_quality,wine_quality(3.7%),3,45,2.0,MCC_best,0.9999999999999999
wine_quality,wine_quality(3.7%),3,45,2.0,F1_best,0.9999999999999999
wine_quality,wine_quality(3.7%),3,45,2.0,AUPRC,0.9999999999999999
wine_quality,wine_quality(3.7%),3,45,2.0,AUROC,0.9999999999999999
wine_quality,wine_quality(3.7%),3,45,2.0,Brier_neg,0.7999999999999999
wine_quality,wine_quality(3.7%),3,45,2.0,MCC_05,1.0
wine_quality,wine_quality(3.7%),3,45,3.0,SoftMCC,0.6
wine_quality,wine_quality(3.7%),3,45,3.0,MCC_best,0.9999999999999999
wine_quality,wine_quality(3.7%),3,45,3.0,F1_best,0.9999999999999999
wine_quality,wine_quality(3.7%),3,45,3.0,AUPRC,0.9999999999999999
wine_quality,wine_quality(3.7%),3,45,3.0,AUROC,0.9999999999999999
wine_quality,wine_quality(3.7%),3,45,3.0,Brier_neg,0.8999999999999998
wine_quality,wine_quality(3.7%),3,45,3.0,MCC_05,1.0
wine_quality,wine_quality(3.7%),4,46,0.5,SoftMCC,0.9999999999999999
wine_quality,wine_quality(3.7%),4,46,0.5,MCC_best,0.9999999999999999
wine_quality,wine_quality(3.7%),4,46,0.5,F1_best,0.9999999999999999
wine_quality,wine_quality(3.7%),4,46,0.5,AUPRC,0.9999999999999999
wine_quality,wine_quality(3.7%),4,46,0.5,AUROC,0.9999999999999999
wine_quality,wine_quality(3.7%),4,46,0.5,Brier_neg,0.7
wine_quality,wine_quality(3.7%),4,46,0.5,MCC_05,1.0
wine_quality,wine_quality(3.7%),4,46,1.5,SoftMCC,0.8999999999999998
wine_quality,wine_quality(3.7%),4,46,1.5,MCC_best,0.9999999999999999
wine_quality,wine_quality(3.7%),4,46,1.5,F1_best,0.9999999999999999
wine_quality,wine_quality(3.7%),4,46,1.5,AUPRC,0.9999999999999999
wine_quality,wine_quality(3.7%),4,46,1.5,AUROC,0.9999999999999999
wine_quality,wine_quality(3.7%),4,46,1.5,Brier_neg,0.8999999999999998
wine_quality,wine_quality(3.7%),4,46,1.5,MCC_05,1.0
wine_quality,wine_quality(3.7%),4,46,2.0,SoftMCC,0.8999999999999998
wine_quality,wine_quality(3.7%),4,46,2.0,MCC_best,0.9999999999999999
wine_quality,wine_quality(3.7%),4,46,2.0,F1_best,0.9999999999999999
wine_quality,wine_quality(3.7%),4,46,2.0,AUPRC,0.9999999999999999
wine_quality,wine_quality(3.7%),4,46,2.0,AUROC,0.9999999999999999
wine_quality,wine_quality(3.7%),4,46,2.0,Brier_neg,-0.3
wine_quality,wine_quality(3.7%),4,46,2.0,MCC_05,1.0
wine_quality,wine_quality(3.7%),4,46,3.0,SoftMCC,0.8999999999999998
wine_quality,wine_quality(3.7%),4,46,3.0,MCC_best,0.9999999999999999
wine_quality,wine_quality(3.7%),4,46,3.0,F1_best,0.9999999999999999
wine_quality,wine_quality(3.7%),4,46,3.0,AUPRC,0.9999999999999999
wine_quality,wine_quality(3.7%),4,46,3.0,AUROC,0.9999999999999999
wine_quality,wine_quality(3.7%),4,46,3.0,Brier_neg,-0.09999999999999999
wine_quality,wine_quality(3.7%),4,46,3.0,MCC_05,1.0
wine_quality,wine_quality(3.7%),5,47,0.5,SoftMCC,0.9999999999999999
wine_quality,wine_quality(3.7%),5,47,0.5,MCC_best,0.9999999999999999
wine_quality,wine_quality(3.7%),5,47,0.5,F1_best,0.9999999999999999
wine_quality,wine_quality(3.7%),5,47,0.5,AUPRC,0.9999999999999999
wine_quality,wine_quality(3.7%),5,47,0.5,AUROC,0.9999999999999999
wine_quality,wine_quality(3.7%),5,47,0.5,Brier_neg,0.8999999999999998
wine_quality,wine_quality(3.7%),5,47,0.5,MCC_05,1.0
wine_quality,wine_quality(3.7%),5,47,1.5,SoftMCC,0.8999999999999998
wine_quality,wine_quality(3.7%),5,47,1.5,MCC_best,0.9999999999999999
wine_quality,wine_quality(3.7%),5,47,1.5,F1_best,0.9999999999999999
wine_quality,wine_quality(3.7%),5,47,1.5,AUPRC,0.9999999999999999
wine_quality,wine_quality(3.7%),5,47,1.5,AUROC,0.9999999999999999
wine_quality,wine_quality(3.7%),5,47,1.5,Brier_neg,0.9999999999999999
wine_quality,wine_quality(3.7%),5,47,1.5,MCC_05,1.0
wine_quality,wine_quality(3.7%),5,47,2.0,SoftMCC,0.8999999999999998
wine_quality,wine_quality(3.7%),5,47,2.0,MCC_best,0.9999999999999999
wine_quality,wine_quality(3.7%),5,47,2.0,F1_best,0.9999999999999999
wine_quality,wine_quality(3.7%),5,47,2.0,AUPRC,0.9999999999999999
wine_quality,wine_quality(3.7%),5,47,2.0,AUROC,0.9999999999999999
wine_quality,wine_quality(3.7%),5,47,2.0,Brier_neg,0.9999999999999999
wine_quality,wine_quality(3.7%),5,47,2.0,MCC_05,1.0
wine_quality,wine_quality(3.7%),5,47,3.0,SoftMCC,0.7999999999999999
wine_quality,wine_quality(3.7%),5,47,3.0,MCC_best,0.9999999999999999
wine_quality,wine_quality(3.7%),5,47,3.0,F1_best,0.9999999999999999
wine_quality,wine_quality(3.7%),5,47,3.0,AUPRC,0.9999999999999999
wine_quality,wine_quality(3.7%),5,47,3.0,AUROC,0.9999999999999999
wine_quality,wine_quality(3.7%),5,47,3.0,Brier_neg,0.8999999999999998
wine_quality,wine_quality(3.7%),5,47,3.0,MCC_05,1.0
wine_quality,wine_quality(3.7%),6,48,0.5,SoftMCC,0.8999999999999998
wine_quality,wine_quality(3.7%),6,48,0.5,MCC_best,0.9999999999999999
wine_quality,wine_quality(3.7%),6,48,0.5,F1_best,0.9999999999999999
wine_quality,wine_quality(3.7%),6,48,0.5,AUPRC,0.9999999999999999
wine_quality,wine_quality(3.7%),6,48,0.5,AUROC,0.9999999999999999
wine_quality,wine_quality(3.7%),6,48,0.5,Brier_neg,0.6
wine_quality,wine_quality(3.7%),6,48,0.5,MCC_05,0.9999999999999999
wine_quality,wine_quality(3.7%),6,48,1.5,SoftMCC,0.9999999999999999
wine_quality,wine_quality(3.7%),6,48,1.5,MCC_best,0.9999999999999999
wine_quality,wine_quality(3.7%),6,48,1.5,F1_best,0.9999999999999999
wine_quality,wine_quality(3.7%),6,48,1.5,AUPRC,0.9999999999999999
wine_quality,wine_quality(3.7%),6,48,1.5,AUROC,0.9999999999999999
wine_quality,wine_quality(3.7%),6,48,1.5,Brier_neg,0.8999999999999998
wine_quality,wine_quality(3.7%),6,48,1.5,MCC_05,0.9999999999999999
wine_quality,wine_quality(3.7%),6,48,2.0,SoftMCC,0.7
wine_quality,wine_quality(3.7%),6,48,2.0,MCC_best,0.9999999999999999
wine_quality,wine_quality(3.7%),6,48,2.0,F1_best,0.9999999999999999
wine_quality,wine_quality(3.7%),6,48,2.0,AUPRC,0.9999999999999999
wine_quality,wine_quality(3.7%),6,48,2.0,AUROC,0.9999999999999999
wine_quality,wine_quality(3.7%),6,48,2.0,Brier_neg,0.8999999999999998
wine_quality,wine_quality(3.7%),6,48,2.0,MCC_05,0.9999999999999999
wine_quality,wine_quality(3.7%),6,48,3.0,SoftMCC,-0.49999999999999994
wine_quality,wine_quality(3.7%),6,48,3.0,MCC_best,0.9999999999999999
wine_quality,wine_quality(3.7%),6,48,3.0,F1_best,0.9999999999999999
wine_quality,wine_quality(3.7%),6,48,3.0,AUPRC,0.9999999999999999
wine_quality,wine_quality(3.7%),6,48,3.0,AUROC,0.9999999999999999
wine_quality,wine_quality(3.7%),6,48,3.0,Brier_neg,0.39999999999999997
wine_quality,wine_quality(3.7%),6,48,3.0,MCC_05,0.9999999999999999
wine_quality,wine_quality(3.7%),7,49,0.5,SoftMCC,0.7999999999999999
wine_quality,wine_quality(3.7%),7,49,0.5,MCC_best,0.9999999999999999
wine_quality,wine_quality(3.7%),7,49,0.5,F1_best,0.9999999999999999
wine_quality,wine_quality(3.7%),7,49,0.5,AUPRC,0.9999999999999999
wine_quality,wine_quality(3.7%),7,49,0.5,AUROC,0.9999999999999999
wine_quality,wine_quality(3.7%),7,49,0.5,Brier_neg,0.7
wine_quality,wine_quality(3.7%),7,49,0.5,MCC_05,1.0
wine_quality,wine_quality(3.7%),7,49,1.5,SoftMCC,0.8999999999999998
wine_quality,wine_quality(3.7%),7,49,1.5,MCC_best,0.9999999999999999
wine_quality,wine_quality(3.7%),7,49,1.5,F1_best,0.9999999999999999
wine_quality,wine_quality(3.7%),7,49,1.5,AUPRC,0.9999999999999999
wine_quality,wine_quality(3.7%),7,49,1.5,AUROC,0.9999999999999999
wine_quality,wine_quality(3.7%),7,49,1.5,Brier_neg,0.8999999999999998
wine_quality,wine_quality(3.7%),7,49,1.5,MCC_05,1.0
wine_quality,wine_quality(3.7%),7,49,2.0,SoftMCC,0.8999999999999998
wine_quality,wine_quality(3.7%),7,49,2.0,MCC_best,0.9999999999999999
wine_quality,wine_quality(3.7%),7,49,2.0,F1_best,0.9999999999999999
wine_quality,wine_quality(3.7%),7,49,2.0,AUPRC,0.9999999999999999
wine_quality,wine_quality(3.7%),7,49,2.0,AUROC,0.9999999999999999
wine_quality,wine_quality(3.7%),7,49,2.0,Brier_neg,0.7
wine_quality,wine_quality(3.7%),7,49,2.0,MCC_05,1.0
wine_quality,wine_quality(3.7%),7,49,3.0,SoftMCC,0.7
wine_quality,wine_quality(3.7%),7,49,3.0,MCC_best,0.9999999999999999
wine_quality,wine_quality(3.7%),7,49,3.0,F1_best,0.9999999999999999
wine_quality,wine_quality(3.7%),7,49,3.0,AUPRC,0.9999999999999999
wine_quality,wine_quality(3.7%),7,49,3.0,AUROC,0.9999999999999999
wine_quality,wine_quality(3.7%),7,49,3.0,Brier_neg,0.49999999999999994
wine_quality,wine_quality(3.7%),7,49,3.0,MCC_05,1.0
wine_quality,wine_quality(3.7%),8,50,0.5,SoftMCC,0.8999999999999998
wine_quality,wine_quality(3.7%),8,50,0.5,MCC_best,0.9999999999999999
wine_quality,wine_quality(3.7%),8,50,0.5,F1_best,0.9999999999999999
wine_quality,wine_quality(3.7%),8,50,0.5,AUPRC,0.9999999999999999
wine_quality,wine_quality(3.7%),8,50,0.5,AUROC,0.9999999999999999
wine_quality,wine_quality(3.7%),8,50,0.5,Brier_neg,0.8999999999999998
wine_quality,wine_quality(3.7%),8,50,0.5,MCC_05,1.0
wine_quality,wine_quality(3.7%),8,50,1.5,SoftMCC,0.6
wine_quality,wine_quality(3.7%),8,50,1.5,MCC_best,0.9999999999999999
wine_quality,wine_quality(3.7%),8,50,1.5,F1_best,0.9999999999999999
wine_quality,wine_quality(3.7%),8,50,1.5,AUPRC,0.9999999999999999
wine_quality,wine_quality(3.7%),8,50,1.5,AUROC,0.9999999999999999
wine_quality,wine_quality(3.7%),8,50,1.5,Brier_neg,0.8999999999999998
wine_quality,wine_quality(3.7%),8,50,1.5,MCC_05,1.0
wine_quality,wine_quality(3.7%),8,50,2.0,SoftMCC,0.6
wine_quality,wine_quality(3.7%),8,50,2.0,MCC_best,0.9999999999999999
wine_quality,wine_quality(3.7%),8,50,2.0,F1_best,0.9999999999999999
wine_quality,wine_quality(3.7%),8,50,2.0,AUPRC,0.9999999999999999
wine_quality,wine_quality(3.7%),8,50,2.0,AUROC,0.9999999999999999
wine_quality,wine_quality(3.7%),8,50,2.0,Brier_neg,0.09999999999999999
wine_quality,wine_quality(3.7%),8,50,2.0,MCC_05,1.0
wine_quality,wine_quality(3.7%),8,50,3.0,SoftMCC,0.6
wine_quality,wine_quality(3.7%),8,50,3.0,MCC_best,0.9999999999999999
wine_quality,wine_quality(3.7%),8,50,3.0,F1_best,0.9999999999999999
wine_quality,wine_quality(3.7%),8,50,3.0,AUPRC,0.9999999999999999
wine_quality,wine_quality(3.7%),8,50,3.0,AUROC,0.9999999999999999
wine_quality,wine_quality(3.7%),8,50,3.0,Brier_neg,-0.19999999999999998
wine_quality,wine_quality(3.7%),8,50,3.0,MCC_05,1.0
wine_quality,wine_quality(3.7%),9,51,0.5,SoftMCC,-0.49999999999999994
wine_quality,wine_quality(3.7%),9,51,0.5,MCC_best,0.9999999999999999
wine_quality,wine_quality(3.7%),9,51,0.5,F1_best,0.9999999999999999
wine_quality,wine_quality(3.7%),9,51,0.5,AUPRC,0.9999999999999999
wine_quality,wine_quality(3.7%),9,51,0.5,AUROC,0.9999999999999999
wine_quality,wine_quality(3.7%),9,51,0.5,Brier_neg,0.3
wine_quality,wine_quality(3.7%),9,51,0.5,MCC_05,1.0
wine_quality,wine_quality(3.7%),9,51,1.5,SoftMCC,0.8999999999999998
wine_quality,wine_quality(3.7%),9,51,1.5,MCC_best,0.9999999999999999
wine_quality,wine_quality(3.7%),9,51,1.5,F1_best,0.9999999999999999
wine_quality,wine_quality(3.7%),9,51,1.5,AUPRC,0.9999999999999999
wine_quality,wine_quality(3.7%),9,51,1.5,AUROC,0.9999999999999999
wine_quality,wine_quality(3.7%),9,51,1.5,Brier_neg,0.9999999999999999
wine_quality,wine_quality(3.7%),9,51,1.5,MCC_05,1.0
wine_quality,wine_quality(3.7%),9,51,2.0,SoftMCC,0.8999999999999998
wine_quality,wine_quality(3.7%),9,51,2.0,MCC_best,0.9999999999999999
wine_quality,wine_quality(3.7%),9,51,2.0,F1_best,0.9999999999999999
wine_quality,wine_quality(3.7%),9,51,2.0,AUPRC,0.9999999999999999
wine_quality,wine_quality(3.7%),9,51,2.0,AUROC,0.9999999999999999
wine_quality,wine_quality(3.7%),9,51,2.0,Brier_neg,0.9999999999999999
wine_quality,wine_quality(3.7%),9,51,2.0,MCC_05,1.0
wine_quality,wine_quality(3.7%),9,51,3.0,SoftMCC,0.7
wine_quality,wine_quality(3.7%),9,51,3.0,MCC_best,0.9999999999999999
wine_quality,wine_quality(3.7%),9,51,3.0,F1_best,0.9999999999999999
wine_quality,wine_quality(3.7%),9,51,3.0,AUPRC,0.9999999999999999
wine_quality,wine_quality(3.7%),9,51,3.0,AUROC,0.9999999999999999
wine_quality,wine_quality(3.7%),9,51,3.0,Brier_neg,0.9999999999999999
wine_quality,wine_quality(3.7%),9,51,3.0,MCC_05,1.0
wine_quality,wine_quality(3.7%),10,52,0.5,SoftMCC,0.9999999999999999
wine_quality,wine_quality(3.7%),10,52,0.5,MCC_best,0.9999999999999999
wine_quality,wine_quality(3.7%),10,52,0.5,F1_best,0.9999999999999999
wine_quality,wine_quality(3.7%),10,52,0.5,AUPRC,0.9999999999999999
wine_quality,wine_quality(3.7%),10,52,0.5,AUROC,0.9999999999999999
wine_quality,wine_quality(3.7%),10,52,0.5,Brier_neg,0.8999999999999998
wine_quality,wine_quality(3.7%),10,52,0.5,MCC_05,1.0
wine_quality,wine_quality(3.7%),10,52,1.5,SoftMCC,0.9999999999999999
wine_quality,wine_quality(3.7%),10,52,1.5,MCC_best,0.9999999999999999
wine_quality,wine_quality(3.7%),10,52,1.5,F1_best,0.9999999999999999
wine_quality,wine_quality(3.7%),10,52,1.5,AUPRC,0.9999999999999999
wine_quality,wine_quality(3.7%),10,52,1.5,AUROC,0.9999999999999999
wine_quality,wine_quality(3.7%),10,52,1.5,Brier_neg,0.9999999999999999
wine_quality,wine_quality(3.7%),10,52,1.5,MCC_05,1.0
wine_quality,wine_quality(3.7%),10,52,2.0,SoftMCC,0.7999999999999999
wine_quality,wine_quality(3.7%),10,52,2.0,MCC_best,0.9999999999999999
wine_quality,wine_quality(3.7%),10,52,2.0,F1_best,0.9999999999999999
wine_quality,wine_quality(3.7%),10,52,2.0,AUPRC,0.9999999999999999
wine_quality,wine_quality(3.7%),10,52,2.0,AUROC,0.9999999999999999
wine_quality,wine_quality(3.7%),10,52,2.0,Brier_neg,0.7999999999999999
wine_quality,wine_quality(3.7%),10,52,2.0,MCC_05,1.0
wine_quality,wine_quality(3.7%),10,52,3.0,SoftMCC,0.7999999999999999
wine_quality,wine_quality(3.7%),10,52,3.0,MCC_best,0.9999999999999999
wine_quality,wine_quality(3.7%),10,52,3.0,F1_best,0.9999999999999999
wine_quality,wine_quality(3.7%),10,52,3.0,AUPRC,0.9999999999999999
wine_quality,wine_quality(3.7%),10,52,3.0,AUROC,0.9999999999999999
wine_quality,wine_quality(3.7%),10,52,3.0,Brier_neg,-0.3
wine_quality,wine_quality(3.7%),10,52,3.0,MCC_05,1.0
wine_quality,wine_quality(3.7%),11,53,0.5,SoftMCC,0.6
wine_quality,wine_quality(3.7%),11,53,0.5,MCC_best,0.9999999999999999
wine_quality,wine_quality(3.7%),11,53,0.5,F1_best,1.0
wine_quality,wine_quality(3.7%),11,53,0.5,AUPRC,0.9999999999999999
wine_quality,wine_quality(3.7%),11,53,0.5,AUROC,0.9999999999999999
wine_quality,wine_quality(3.7%),11,53,0.5,Brier_neg,0.6
wine_quality,wine_quality(3.7%),11,53,0.5,MCC_05,0.9999999999999999
wine_quality,wine_quality(3.7%),11,53,1.5,SoftMCC,0.9999999999999999
wine_quality,wine_quality(3.7%),11,53,1.5,MCC_best,0.9999999999999999
wine_quality,wine_quality(3.7%),11,53,1.5,F1_best,1.0
wine_quality,wine_quality(3.7%),11,53,1.5,AUPRC,0.9999999999999999
wine_quality,wine_quality(3.7%),11,53,1.5,AUROC,0.9999999999999999
wine_quality,wine_quality(3.7%),11,53,1.5,Brier_neg,0.7
wine_quality,wine_quality(3.7%),11,53,1.5,MCC_05,0.9999999999999999
wine_quality,wine_quality(3.7%),11,53,2.0,SoftMCC,0.9999999999999999
wine_quality,wine_quality(3.7%),11,53,2.0,MCC_best,0.9999999999999999
wine_quality,wine_quality(3.7%),11,53,2.0,F1_best,1.0
wine_quality,wine_quality(3.7%),11,53,2.0,AUPRC,0.9999999999999999
wine_quality,wine_quality(3.7%),11,53,2.0,AUROC,0.9999999999999999
wine_quality,wine_quality(3.7%),11,53,2.0,Brier_neg,0.7
wine_quality,wine_quality(3.7%),11,53,2.0,MCC_05,0.9999999999999999
wine_quality,wine_quality(3.7%),11,53,3.0,SoftMCC,0.9999999999999999
wine_quality,wine_quality(3.7%),11,53,3.0,MCC_best,0.9999999999999999
wine_quality,wine_quality(3.7%),11,53,3.0,F1_best,1.0
wine_quality,wine_quality(3.7%),11,53,3.0,AUPRC,0.9999999999999999
wine_quality,wine_quality(3.7%),11,53,3.0,AUROC,0.9999999999999999
wine_quality,wine_quality(3.7%),11,53,3.0,Brier_neg,0.7
wine_quality,wine_quality(3.7%),11,53,3.0,MCC_05,0.9999999999999999
yeast_ml8,yeast_ml8(7.4%),0,42,0.5,SoftMCC,0.7
yeast_ml8,yeast_ml8(7.4%),0,42,0.5,MCC_best,0.9999999999999999
yeast_ml8,yeast_ml8(7.4%),0,42,0.5,F1_best,0.9999999999999999
yeast_ml8,yeast_ml8(7.4%),0,42,0.5,AUPRC,0.9999999999999999
yeast_ml8,yeast_ml8(7.4%),0,42,0.5,AUROC,0.9999999999999999
yeast_ml8,yeast_ml8(7.4%),0,42,0.5,Brier_neg,0.9999999999999999
yeast_ml8,yeast_ml8(7.4%),0,42,0.5,MCC_05,0.9999999999999999
yeast_ml8,yeast_ml8(7.4%),0,42,1.5,SoftMCC,0.8999999999999998
yeast_ml8,yeast_ml8(7.4%),0,42,1.5,MCC_best,0.9999999999999999
yeast_ml8,yeast_ml8(7.4%),0,42,1.5,F1_best,0.9999999999999999
yeast_ml8,yeast_ml8(7.4%),0,42,1.5,AUPRC,0.9999999999999999
yeast_ml8,yeast_ml8(7.4%),0,42,1.5,AUROC,0.9999999999999999
yeast_ml8,yeast_ml8(7.4%),0,42,1.5,Brier_neg,0.9999999999999999
yeast_ml8,yeast_ml8(7.4%),0,42,1.5,MCC_05,0.9999999999999999
yeast_ml8,yeast_ml8(7.4%),0,42,2.0,SoftMCC,0.7999999999999999
yeast_ml8,yeast_ml8(7.4%),0,42,2.0,MCC_best,0.9999999999999999
yeast_ml8,yeast_ml8(7.4%),0,42,2.0,F1_best,0.9999999999999999
yeast_ml8,yeast_ml8(7.4%),0,42,2.0,AUPRC,0.9999999999999999
yeast_ml8,yeast_ml8(7.4%),0,42,2.0,AUROC,0.9999999999999999
yeast_ml8,yeast_ml8(7.4%),0,42,2.0,Brier_neg,0.3
yeast_ml8,yeast_ml8(7.4%),0,42,2.0,MCC_05,0.9999999999999999
yeast_ml8,yeast_ml8(7.4%),0,42,3.0,SoftMCC,0.7999999999999999
yeast_ml8,yeast_ml8(7.4%),0,42,3.0,MCC_best,0.9999999999999999
yeast_ml8,yeast_ml8(7.4%),0,42,3.0,F1_best,0.9999999999999999
yeast_ml8,yeast_ml8(7.4%),0,42,3.0,AUPRC,0.9999999999999999
yeast_ml8,yeast_ml8(7.4%),0,42,3.0,AUROC,0.9999999999999999
yeast_ml8,yeast_ml8(7.4%),0,42,3.0,Brier_neg,-0.19999999999999998
yeast_ml8,yeast_ml8(7.4%),0,42,3.0,MCC_05,0.9999999999999999
yeast_ml8,yeast_ml8(7.4%),1,43,0.5,SoftMCC,0.7999999999999999
yeast_ml8,yeast_ml8(7.4%),1,43,0.5,MCC_best,0.9999999999999999
yeast_ml8,yeast_ml8(7.4%),1,43,0.5,F1_best,0.9999999999999999
yeast_ml8,yeast_ml8(7.4%),1,43,0.5,AUPRC,0.9999999999999999
yeast_ml8,yeast_ml8(7.4%),1,43,0.5,AUROC,0.9999999999999999
yeast_ml8,yeast_ml8(7.4%),1,43,0.5,Brier_neg,0.19999999999999998
yeast_ml8,yeast_ml8(7.4%),1,43,0.5,MCC_05,1.0
yeast_ml8,yeast_ml8(7.4%),1,43,1.5,SoftMCC,0.7
yeast_ml8,yeast_ml8(7.4%),1,43,1.5,MCC_best,0.9999999999999999
yeast_ml8,yeast_ml8(7.4%),1,43,1.5,F1_best,0.9999999999999999
yeast_ml8,yeast_ml8(7.4%),1,43,1.5,AUPRC,0.9999999999999999
yeast_ml8,yeast_ml8(7.4%),1,43,1.5,AUROC,0.9999999999999999
yeast_ml8,yeast_ml8(7.4%),1,43,1.5,Brier_neg,0.8999999999999998
yeast_ml8,yeast_ml8(7.4%),1,43,1.5,MCC_05,1.0
yeast_ml8,yeast_ml8(7.4%),1,43,2.0,SoftMCC,0.6
yeast_ml8,yeast_ml8(7.4%),1,43,2.0,MCC_best,0.9999999999999999
yeast_ml8,yeast_ml8(7.4%),1,43,2.0,F1_best,0.9999999999999999
yeast_ml8,yeast_ml8(7.4%),1,43,2.0,AUPRC,0.9999999999999999
yeast_ml8,yeast_ml8(7.4%),1,43,2.0,AUROC,0.9999999999999999
yeast_ml8,yeast_ml8(7.4%),1,43,2.0,Brier_neg,0.39999999999999997
yeast_ml8,yeast_ml8(7.4%),1,43,2.0,MCC_05,1.0
yeast_ml8,yeast_ml8(7.4%),1,43,3.0,SoftMCC,0.6
yeast_ml8,yeast_ml8(7.4%),1,43,3.0,MCC_best,0.9999999999999999
yeast_ml8,yeast_ml8(7.4%),1,43,3.0,F1_best,0.9999999999999999
yeast_ml8,yeast_ml8(7.4%),1,43,3.0,AUPRC,0.9999999999999999
yeast_ml8,yeast_ml8(7.4%),1,43,3.0,AUROC,0.9999999999999999
yeast_ml8,yeast_ml8(7.4%),1,43,3.0,Brier_neg,0.0
yeast_ml8,yeast_ml8(7.4%),1,43,3.0,MCC_05,1.0
yeast_ml8,yeast_ml8(7.4%),2,44,0.5,SoftMCC,0.6
yeast_ml8,yeast_ml8(7.4%),2,44,0.5,MCC_best,0.9999999999999999
yeast_ml8,yeast_ml8(7.4%),2,44,0.5,F1_best,0.9999999999999999
yeast_ml8,yeast_ml8(7.4%),2,44,0.5,AUPRC,0.9999999999999999
yeast_ml8,yeast_ml8(7.4%),2,44,0.5,AUROC,0.9999999999999999
yeast_ml8,yeast_ml8(7.4%),2,44,0.5,Brier_neg,0.7
yeast_ml8,yeast_ml8(7.4%),2,44,0.5,MCC_05,1.0
yeast_ml8,yeast_ml8(7.4%),2,44,1.5,SoftMCC,0.9999999999999999
yeast_ml8,yeast_ml8(7.4%),2,44,1.5,MCC_best,0.9999999999999999
yeast_ml8,yeast_ml8(7.4%),2,44,1.5,F1_best,0.9999999999999999
yeast_ml8,yeast_ml8(7.4%),2,44,1.5,AUPRC,0.9999999999999999
yeast_ml8,yeast_ml8(7.4%),2,44,1.5,AUROC,0.9999999999999999
yeast_ml8,yeast_ml8(7.4%),2,44,1.5,Brier_neg,0.7999999999999999
yeast_ml8,yeast_ml8(7.4%),2,44,1.5,MCC_05,1.0
yeast_ml8,yeast_ml8(7.4%),2,44,2.0,SoftMCC,0.9999999999999999
yeast_ml8,yeast_ml8(7.4%),2,44,2.0,MCC_best,0.9999999999999999
yeast_ml8,yeast_ml8(7.4%),2,44,2.0,F1_best,0.9999999999999999
yeast_ml8,yeast_ml8(7.4%),2,44,2.0,AUPRC,0.9999999999999999
yeast_ml8,yeast_ml8(7.4%),2,44,2.0,AUROC,0.9999999999999999
yeast_ml8,yeast_ml8(7.4%),2,44,2.0,Brier_neg,0.49999999999999994
yeast_ml8,yeast_ml8(7.4%),2,44,2.0,MCC_05,1.0
yeast_ml8,yeast_ml8(7.4%),2,44,3.0,SoftMCC,0.9999999999999999
yeast_ml8,yeast_ml8(7.4%),2,44,3.0,MCC_best,0.9999999999999999
yeast_ml8,yeast_ml8(7.4%),2,44,3.0,F1_best,0.9999999999999999
yeast_ml8,yeast_ml8(7.4%),2,44,3.0,AUPRC,0.9999999999999999
yeast_ml8,yeast_ml8(7.4%),2,44,3.0,AUROC,0.9999999999999999
yeast_ml8,yeast_ml8(7.4%),2,44,3.0,Brier_neg,0.39999999999999997
yeast_ml8,yeast_ml8(7.4%),2,44,3.0,MCC_05,1.0
yeast_ml8,yeast_ml8(7.4%),3,45,0.5,SoftMCC,0.7999999999999999
yeast_ml8,yeast_ml8(7.4%),3,45,0.5,MCC_best,0.9999999999999999
yeast_ml8,yeast_ml8(7.4%),3,45,0.5,F1_best,0.9999999999999999
yeast_ml8,yeast_ml8(7.4%),3,45,0.5,AUPRC,0.9999999999999999
yeast_ml8,yeast_ml8(7.4%),3,45,0.5,AUROC,0.9999999999999999
yeast_ml8,yeast_ml8(7.4%),3,45,0.5,Brier_neg,-0.19999999999999998
yeast_ml8,yeast_ml8(7.4%),3,45,0.5,MCC_05,1.0
yeast_ml8,yeast_ml8(7.4%),3,45,1.5,SoftMCC,0.6
yeast_ml8,yeast_ml8(7.4%),3,45,1.5,MCC_best,0.9999999999999999
yeast_ml8,yeast_ml8(7.4%),3,45,1.5,F1_best,0.9999999999999999
yeast_ml8,yeast_ml8(7.4%),3,45,1.5,AUPRC,0.9999999999999999
yeast_ml8,yeast_ml8(7.4%),3,45,1.5,AUROC,0.9999999999999999
yeast_ml8,yeast_ml8(7.4%),3,45,1.5,Brier_neg,0.9999999999999999
yeast_ml8,yeast_ml8(7.4%),3,45,1.5,MCC_05,1.0
yeast_ml8,yeast_ml8(7.4%),3,45,2.0,SoftMCC,0.6
yeast_ml8,yeast_ml8(7.4%),3,45,2.0,MCC_best,0.9999999999999999
yeast_ml8,yeast_ml8(7.4%),3,45,2.0,F1_best,0.9999999999999999
yeast_ml8,yeast_ml8(7.4%),3,45,2.0,AUPRC,0.9999999999999999
yeast_ml8,yeast_ml8(7.4%),3,45,2.0,AUROC,0.9999999999999999
yeast_ml8,yeast_ml8(7.4%),3,45,2.0,Brier_neg,0.6
yeast_ml8,yeast_ml8(7.4%),3,45,2.0,MCC_05,1.0
yeast_ml8,yeast_ml8(7.4%),3,45,3.0,SoftMCC,0.6
yeast_ml8,yeast_ml8(7.4%),3,45,3.0,MCC_best,0.9999999999999999
yeast_ml8,yeast_ml8(7.4%),3,45,3.0,F1_best,0.9999999999999999
yeast_ml8,yeast_ml8(7.4%),3,45,3.0,AUPRC,0.9999999999999999
yeast_ml8,yeast_ml8(7.4%),3,45,3.0,AUROC,0.9999999999999999
yeast_ml8,yeast_ml8(7.4%),3,45,3.0,Brier_neg,0.3
yeast_ml8,yeast_ml8(7.4%),3,45,3.0,MCC_05,1.0
yeast_ml8,yeast_ml8(7.4%),4,46,0.5,SoftMCC,0.8999999999999998
yeast_ml8,yeast_ml8(7.4%),4,46,0.5,MCC_best,0.9999999999999999
yeast_ml8,yeast_ml8(7.4%),4,46,0.5,F1_best,0.9999999999999999
yeast_ml8,yeast_ml8(7.4%),4,46,0.5,AUPRC,0.9999999999999999
yeast_ml8,yeast_ml8(7.4%),4,46,0.5,AUROC,0.9999999999999999
yeast_ml8,yeast_ml8(7.4%),4,46,0.5,Brier_neg,0.6
yeast_ml8,yeast_ml8(7.4%),4,46,0.5,MCC_05,0.9999999999999999
yeast_ml8,yeast_ml8(7.4%),4,46,1.5,SoftMCC,0.7999999999999999
yeast_ml8,yeast_ml8(7.4%),4,46,1.5,MCC_best,0.9999999999999999
yeast_ml8,yeast_ml8(7.4%),4,46,1.5,F1_best,0.9999999999999999
yeast_ml8,yeast_ml8(7.4%),4,46,1.5,AUPRC,0.9999999999999999
yeast_ml8,yeast_ml8(7.4%),4,46,1.5,AUROC,0.9999999999999999
yeast_ml8,yeast_ml8(7.4%),4,46,1.5,Brier_neg,0.7
yeast_ml8,yeast_ml8(7.4%),4,46,1.5,MCC_05,0.9999999999999999
yeast_ml8,yeast_ml8(7.4%),4,46,2.0,SoftMCC,0.7999999999999999
yeast_ml8,yeast_ml8(7.4%),4,46,2.0,MCC_best,0.9999999999999999
yeast_ml8,yeast_ml8(7.4%),4,46,2.0,F1_best,0.9999999999999999
yeast_ml8,yeast_ml8(7.4%),4,46,2.0,AUPRC,0.9999999999999999
yeast_ml8,yeast_ml8(7.4%),4,46,2.0,AUROC,0.9999999999999999
yeast_ml8,yeast_ml8(7.4%),4,46,2.0,Brier_neg,0.6
yeast_ml8,yeast_ml8(7.4%),4,46,2.0,MCC_05,0.9999999999999999
yeast_ml8,yeast_ml8(7.4%),4,46,3.0,SoftMCC,0.7999999999999999
yeast_ml8,yeast_ml8(7.4%),4,46,3.0,MCC_best,0.9999999999999999
yeast_ml8,yeast_ml8(7.4%),4,46,3.0,F1_best,0.9999999999999999
yeast_ml8,yeast_ml8(7.4%),4,46,3.0,AUPRC,0.9999999999999999
yeast_ml8,yeast_ml8(7.4%),4,46,3.0,AUROC,0.9999999999999999
yeast_ml8,yeast_ml8(7.4%),4,46,3.0,Brier_neg,0.6
yeast_ml8,yeast_ml8(7.4%),4,46,3.0,MCC_05,0.9999999999999999
yeast_ml8,yeast_ml8(7.4%),5,47,0.5,SoftMCC,0.3
yeast_ml8,yeast_ml8(7.4%),5,47,0.5,MCC_best,0.9999999999999999
yeast_ml8,yeast_ml8(7.4%),5,47,0.5,F1_best,0.9999999999999999
yeast_ml8,yeast_ml8(7.4%),5,47,0.5,AUPRC,0.9999999999999999
yeast_ml8,yeast_ml8(7.4%),5,47,0.5,AUROC,0.9999999999999999
yeast_ml8,yeast_ml8(7.4%),5,47,0.5,Brier_neg,0.7
yeast_ml8,yeast_ml8(7.4%),5,47,0.5,MCC_05,1.0
yeast_ml8,yeast_ml8(7.4%),5,47,1.5,SoftMCC,0.8999999999999998
yeast_ml8,yeast_ml8(7.4%),5,47,1.5,MCC_best,0.9999999999999999
yeast_ml8,yeast_ml8(7.4%),5,47,1.5,F1_best,0.9999999999999999
yeast_ml8,yeast_ml8(7.4%),5,47,1.5,AUPRC,0.9999999999999999
yeast_ml8,yeast_ml8(7.4%),5,47,1.5,AUROC,0.9999999999999999
yeast_ml8,yeast_ml8(7.4%),5,47,1.5,Brier_neg,0.8999999999999998
yeast_ml8,yeast_ml8(7.4%),5,47,1.5,MCC_05,1.0
yeast_ml8,yeast_ml8(7.4%),5,47,2.0,SoftMCC,0.8999999999999998
yeast_ml8,yeast_ml8(7.4%),5,47,2.0,MCC_best,0.9999999999999999
yeast_ml8,yeast_ml8(7.4%),5,47,2.0,F1_best,0.9999999999999999
yeast_ml8,yeast_ml8(7.4%),5,47,2.0,AUPRC,0.9999999999999999
yeast_ml8,yeast_ml8(7.4%),5,47,2.0,AUROC,0.9999999999999999
yeast_ml8,yeast_ml8(7.4%),5,47,2.0,Brier_neg,0.8999999999999998
yeast_ml8,yeast_ml8(7.4%),5,47,2.0,MCC_05,1.0
yeast_ml8,yeast_ml8(7.4%),5,47,3.0,SoftMCC,0.8999999999999998
yeast_ml8,yeast_ml8(7.4%),5,47,3.0,MCC_best,0.9999999999999999
yeast_ml8,yeast_ml8(7.4%),5,47,3.0,F1_best,0.9999999999999999
yeast_ml8,yeast_ml8(7.4%),5,47,3.0,AUPRC,0.9999999999999999
yeast_ml8,yeast_ml8(7.4%),5,47,3.0,AUROC,0.9999999999999999
yeast_ml8,yeast_ml8(7.4%),5,47,3.0,Brier_neg,0.49999999999999994
yeast_ml8,yeast_ml8(7.4%),5,47,3.0,MCC_05,1.0
yeast_ml8,yeast_ml8(7.4%),6,48,0.5,SoftMCC,0.8999999999999998
yeast_ml8,yeast_ml8(7.4%),6,48,0.5,MCC_best,0.9999999999999999
yeast_ml8,yeast_ml8(7.4%),6,48,0.5,F1_best,0.9999999999999999
yeast_ml8,yeast_ml8(7.4%),6,48,0.5,AUPRC,0.9999999999999999
yeast_ml8,yeast_ml8(7.4%),6,48,0.5,AUROC,0.9999999999999999
yeast_ml8,yeast_ml8(7.4%),6,48,0.5,Brier_neg,0.8999999999999998
yeast_ml8,yeast_ml8(7.4%),6,48,0.5,MCC_05,1.0
yeast_ml8,yeast_ml8(7.4%),6,48,1.5,SoftMCC,0.8999999999999998
yeast_ml8,yeast_ml8(7.4%),6,48,1.5,MCC_best,0.9999999999999999
yeast_ml8,yeast_ml8(7.4%),6,48,1.5,F1_best,0.9999999999999999
yeast_ml8,yeast_ml8(7.4%),6,48,1.5,AUPRC,0.9999999999999999
yeast_ml8,yeast_ml8(7.4%),6,48,1.5,AUROC,0.9999999999999999
yeast_ml8,yeast_ml8(7.4%),6,48,1.5,Brier_neg,0.8999999999999998
yeast_ml8,yeast_ml8(7.4%),6,48,1.5,MCC_05,1.0
yeast_ml8,yeast_ml8(7.4%),6,48,2.0,SoftMCC,0.8999999999999998
yeast_ml8,yeast_ml8(7.4%),6,48,2.0,MCC_best,0.9999999999999999
yeast_ml8,yeast_ml8(7.4%),6,48,2.0,F1_best,0.9999999999999999
yeast_ml8,yeast_ml8(7.4%),6,48,2.0,AUPRC,0.9999999999999999
yeast_ml8,yeast_ml8(7.4%),6,48,2.0,AUROC,0.9999999999999999
yeast_ml8,yeast_ml8(7.4%),6,48,2.0,Brier_neg,0.8999999999999998
yeast_ml8,yeast_ml8(7.4%),6,48,2.0,MCC_05,1.0
yeast_ml8,yeast_ml8(7.4%),6,48,3.0,SoftMCC,0.8999999999999998
yeast_ml8,yeast_ml8(7.4%),6,48,3.0,MCC_best,0.9999999999999999
yeast_ml8,yeast_ml8(7.4%),6,48,3.0,F1_best,0.9999999999999999
yeast_ml8,yeast_ml8(7.4%),6,48,3.0,AUPRC,0.9999999999999999
yeast_ml8,yeast_ml8(7.4%),6,48,3.0,AUROC,0.9999999999999999
yeast_ml8,yeast_ml8(7.4%),6,48,3.0,Brier_neg,0.8999999999999998
yeast_ml8,yeast_ml8(7.4%),6,48,3.0,MCC_05,1.0
yeast_ml8,yeast_ml8(7.4%),7,49,0.5,SoftMCC,0.8999999999999998
yeast_ml8,yeast_ml8(7.4%),7,49,0.5,MCC_best,0.9999999999999999
yeast_ml8,yeast_ml8(7.4%),7,49,0.5,F1_best,0.9999999999999999
yeast_ml8,yeast_ml8(7.4%),7,49,0.5,AUPRC,0.9999999999999999
yeast_ml8,yeast_ml8(7.4%),7,49,0.5,AUROC,0.9999999999999999
yeast_ml8,yeast_ml8(7.4%),7,49,0.5,Brier_neg,0.8999999999999998
yeast_ml8,yeast_ml8(7.4%),7,49,0.5,MCC_05,0.9999999999999999
yeast_ml8,yeast_ml8(7.4%),7,49,1.5,SoftMCC,0.9999999999999999
yeast_ml8,yeast_ml8(7.4%),7,49,1.5,MCC_best,0.9999999999999999
yeast_ml8,yeast_ml8(7.4%),7,49,1.5,F1_best,0.9999999999999999
yeast_ml8,yeast_ml8(7.4%),7,49,1.5,AUPRC,0.9999999999999999
yeast_ml8,yeast_ml8(7.4%),7,49,1.5,AUROC,0.9999999999999999
yeast_ml8,yeast_ml8(7.4%),7,49,1.5,Brier_neg,0.9999999999999999
yeast_ml8,yeast_ml8(7.4%),7,49,1.5,MCC_05,0.9999999999999999
yeast_ml8,yeast_ml8(7.4%),7,49,2.0,SoftMCC,0.8999999999999998
yeast_ml8,yeast_ml8(7.4%),7,49,2.0,MCC_best,0.9999999999999999
yeast_ml8,yeast_ml8(7.4%),7,49,2.0,F1_best,0.9999999999999999
yeast_ml8,yeast_ml8(7.4%),7,49,2.0,AUPRC,0.9999999999999999
yeast_ml8,yeast_ml8(7.4%),7,49,2.0,AUROC,0.9999999999999999
yeast_ml8,yeast_ml8(7.4%),7,49,2.0,Brier_neg,0.9999999999999999
yeast_ml8,yeast_ml8(7.4%),7,49,2.0,MCC_05,0.9999999999999999
yeast_ml8,yeast_ml8(7.4%),7,49,3.0,SoftMCC,0.8999999999999998
yeast_ml8,yeast_ml8(7.4%),7,49,3.0,MCC_best,0.9999999999999999
yeast_ml8,yeast_ml8(7.4%),7,49,3.0,F1_best,0.9999999999999999
yeast_ml8,yeast_ml8(7.4%),7,49,3.0,AUPRC,0.9999999999999999
yeast_ml8,yeast_ml8(7.4%),7,49,3.0,AUROC,0.9999999999999999
yeast_ml8,yeast_ml8(7.4%),7,49,3.0,Brier_neg,0.8999999999999998
yeast_ml8,yeast_ml8(7.4%),7,49,3.0,MCC_05,0.9999999999999999
yeast_ml8,yeast_ml8(7.4%),8,50,0.5,SoftMCC,0.19999999999999998
yeast_ml8,yeast_ml8(7.4%),8,50,0.5,MCC_best,0.9999999999999999
yeast_ml8,yeast_ml8(7.4%),8,50,0.5,F1_best,0.9999999999999999
yeast_ml8,yeast_ml8(7.4%),8,50,0.5,AUPRC,0.9999999999999999
yeast_ml8,yeast_ml8(7.4%),8,50,0.5,AUROC,0.9999999999999999
yeast_ml8,yeast_ml8(7.4%),8,50,0.5,Brier_neg,0.7
yeast_ml8,yeast_ml8(7.4%),8,50,0.5,MCC_05,1.0
yeast_ml8,yeast_ml8(7.4%),8,50,1.5,SoftMCC,0.8999999999999998
yeast_ml8,yeast_ml8(7.4%),8,50,1.5,MCC_best,0.9999999999999999
yeast_ml8,yeast_ml8(7.4%),8,50,1.5,F1_best,0.9999999999999999
yeast_ml8,yeast_ml8(7.4%),8,50,1.5,AUPRC,0.9999999999999999
yeast_ml8,yeast_ml8(7.4%),8,50,1.5,AUROC,0.9999999999999999
yeast_ml8,yeast_ml8(7.4%),8,50,1.5,Brier_neg,0.6
yeast_ml8,yeast_ml8(7.4%),8,50,1.5,MCC_05,1.0
yeast_ml8,yeast_ml8(7.4%),8,50,2.0,SoftMCC,0.8999999999999998
yeast_ml8,yeast_ml8(7.4%),8,50,2.0,MCC_best,0.9999999999999999
yeast_ml8,yeast_ml8(7.4%),8,50,2.0,F1_best,0.9999999999999999
yeast_ml8,yeast_ml8(7.4%),8,50,2.0,AUPRC,0.9999999999999999
yeast_ml8,yeast_ml8(7.4%),8,50,2.0,AUROC,0.9999999999999999
yeast_ml8,yeast_ml8(7.4%),8,50,2.0,Brier_neg,0.6
yeast_ml8,yeast_ml8(7.4%),8,50,2.0,MCC_05,1.0
yeast_ml8,yeast_ml8(7.4%),8,50,3.0,SoftMCC,0.8999999999999998
yeast_ml8,yeast_ml8(7.4%),8,50,3.0,MCC_best,0.9999999999999999
yeast_ml8,yeast_ml8(7.4%),8,50,3.0,F1_best,0.9999999999999999
yeast_ml8,yeast_ml8(7.4%),8,50,3.0,AUPRC,0.9999999999999999
yeast_ml8,yeast_ml8(7.4%),8,50,3.0,AUROC,0.9999999999999999
yeast_ml8,yeast_ml8(7.4%),8,50,3.0,Brier_neg,0.6
yeast_ml8,yeast_ml8(7.4%),8,50,3.0,MCC_05,1.0
yeast_ml8,yeast_ml8(7.4%),9,51,0.5,SoftMCC,-0.19999999999999998
yeast_ml8,yeast_ml8(7.4%),9,51,0.5,MCC_best,0.9999999999999999
yeast_ml8,yeast_ml8(7.4%),9,51,0.5,F1_best,0.9999999999999999
yeast_ml8,yeast_ml8(7.4%),9,51,0.5,AUPRC,0.9999999999999999
yeast_ml8,yeast_ml8(7.4%),9,51,0.5,AUROC,0.9999999999999999
yeast_ml8,yeast_ml8(7.4%),9,51,0.5,Brier_neg,0.7
yeast_ml8,yeast_ml8(7.4%),9,51,0.5,MCC_05,1.0
yeast_ml8,yeast_ml8(7.4%),9,51,1.5,SoftMCC,0.8999999999999998
yeast_ml8,yeast_ml8(7.4%),9,51,1.5,MCC_best,0.9999999999999999
yeast_ml8,yeast_ml8(7.4%),9,51,1.5,F1_best,0.9999999999999999
yeast_ml8,yeast_ml8(7.4%),9,51,1.5,AUPRC,0.9999999999999999
yeast_ml8,yeast_ml8(7.4%),9,51,1.5,AUROC,0.9999999999999999
yeast_ml8,yeast_ml8(7.4%),9,51,1.5,Brier_neg,0.7
yeast_ml8,yeast_ml8(7.4%),9,51,1.5,MCC_05,1.0
yeast_ml8,yeast_ml8(7.4%),9,51,2.0,SoftMCC,0.7
yeast_ml8,yeast_ml8(7.4%),9,51,2.0,MCC_best,0.9999999999999999
yeast_ml8,yeast_ml8(7.4%),9,51,2.0,F1_best,0.9999999999999999
yeast_ml8,yeast_ml8(7.4%),9,51,2.0,AUPRC,0.9999999999999999
yeast_ml8,yeast_ml8(7.4%),9,51,2.0,AUROC,0.9999999999999999
yeast_ml8,yeast_ml8(7.4%),9,51,2.0,Brier_neg,0.09999999999999999
yeast_ml8,yeast_ml8(7.4%),9,51,2.0,MCC_05,1.0
yeast_ml8,yeast_ml8(7.4%),9,51,3.0,SoftMCC,0.39999999999999997
yeast_ml8,yeast_ml8(7.4%),9,51,3.0,MCC_best,0.9999999999999999
yeast_ml8,yeast_ml8(7.4%),9,51,3.0,F1_best,0.9999999999999999
yeast_ml8,yeast_ml8(7.4%),9,51,3.0,AUPRC,0.9999999999999999
yeast_ml8,yeast_ml8(7.4%),9,51,3.0,AUROC,0.9999999999999999
yeast_ml8,yeast_ml8(7.4%),9,51,3.0,Brier_neg,-0.49999999999999994
yeast_ml8,yeast_ml8(7.4%),9,51,3.0,MCC_05,1.0
yeast_ml8,yeast_ml8(7.4%),10,52,0.5,SoftMCC,0.8999999999999998
yeast_ml8,yeast_ml8(7.4%),10,52,0.5,MCC_best,0.9999999999999999
yeast_ml8,yeast_ml8(7.4%),10,52,0.5,F1_best,0.9999999999999999
yeast_ml8,yeast_ml8(7.4%),10,52,0.5,AUPRC,0.9999999999999999
yeast_ml8,yeast_ml8(7.4%),10,52,0.5,AUROC,0.9999999999999999
yeast_ml8,yeast_ml8(7.4%),10,52,0.5,Brier_neg,0.6
yeast_ml8,yeast_ml8(7.4%),10,52,0.5,MCC_05,1.0
yeast_ml8,yeast_ml8(7.4%),10,52,1.5,SoftMCC,0.9999999999999999
yeast_ml8,yeast_ml8(7.4%),10,52,1.5,MCC_best,0.9999999999999999
yeast_ml8,yeast_ml8(7.4%),10,52,1.5,F1_best,0.9999999999999999
yeast_ml8,yeast_ml8(7.4%),10,52,1.5,AUPRC,0.9999999999999999
yeast_ml8,yeast_ml8(7.4%),10,52,1.5,AUROC,0.9999999999999999
yeast_ml8,yeast_ml8(7.4%),10,52,1.5,Brier_neg,0.8999999999999998
yeast_ml8,yeast_ml8(7.4%),10,52,1.5,MCC_05,1.0
yeast_ml8,yeast_ml8(7.4%),10,52,2.0,SoftMCC,0.9999999999999999
yeast_ml8,yeast_ml8(7.4%),10,52,2.0,MCC_best,0.9999999999999999
yeast_ml8,yeast_ml8(7.4%),10,52,2.0,F1_best,0.9999999999999999
yeast_ml8,yeast_ml8(7.4%),10,52,2.0,AUPRC,0.9999999999999999
yeast_ml8,yeast_ml8(7.4%),10,52,2.0,AUROC,0.9999999999999999
yeast_ml8,yeast_ml8(7.4%),10,52,2.0,Brier_neg,0.8999999999999998
yeast_ml8,yeast_ml8(7.4%),10,52,2.0,MCC_05,1.0
yeast_ml8,yeast_ml8(7.4%),10,52,3.0,SoftMCC,0.9999999999999999
yeast_ml8,yeast_ml8(7.4%),10,52,3.0,MCC_best,0.9999999999999999
yeast_ml8,yeast_ml8(7.4%),10,52,3.0,F1_best,0.9999999999999999
yeast_ml8,yeast_ml8(7.4%),10,52,3.0,AUPRC,0.9999999999999999
yeast_ml8,yeast_ml8(7.4%),10,52,3.0,AUROC,0.9999999999999999
yeast_ml8,yeast_ml8(7.4%),10,52,3.0,Brier_neg,0.8999999999999998
yeast_ml8,yeast_ml8(7.4%),10,52,3.0,MCC_05,1.0
yeast_ml8,yeast_ml8(7.4%),11,53,0.5,SoftMCC,0.9999999999999999
yeast_ml8,yeast_ml8(7.4%),11,53,0.5,MCC_best,0.9999999999999999
yeast_ml8,yeast_ml8(7.4%),11,53,0.5,F1_best,0.9999999999999999
yeast_ml8,yeast_ml8(7.4%),11,53,0.5,AUPRC,0.9999999999999999
yeast_ml8,yeast_ml8(7.4%),11,53,0.5,AUROC,0.9999999999999999
yeast_ml8,yeast_ml8(7.4%),11,53,0.5,Brier_neg,0.8999999999999998
yeast_ml8,yeast_ml8(7.4%),11,53,0.5,MCC_05,0.9999999999999999
yeast_ml8,yeast_ml8(7.4%),11,53,1.5,SoftMCC,0.8999999999999998
yeast_ml8,yeast_ml8(7.4%),11,53,1.5,MCC_best,0.9999999999999999
yeast_ml8,yeast_ml8(7.4%),11,53,1.5,F1_best,0.9999999999999999
yeast_ml8,yeast_ml8(7.4%),11,53,1.5,AUPRC,0.9999999999999999
yeast_ml8,yeast_ml8(7.4%),11,53,1.5,AUROC,0.9999999999999999
yeast_ml8,yeast_ml8(7.4%),11,53,1.5,Brier_neg,0.9999999999999999
yeast_ml8,yeast_ml8(7.4%),11,53,1.5,MCC_05,0.9999999999999999
yeast_ml8,yeast_ml8(7.4%),11,53,2.0,SoftMCC,0.6
yeast_ml8,yeast_ml8(7.4%),11,53,2.0,MCC_best,0.9999999999999999
yeast_ml8,yeast_ml8(7.4%),11,53,2.0,F1_best,0.9999999999999999
yeast_ml8,yeast_ml8(7.4%),11,53,2.0,AUPRC,0.9999999999999999
yeast_ml8,yeast_ml8(7.4%),11,53,2.0,AUROC,0.9999999999999999
yeast_ml8,yeast_ml8(7.4%),11,53,2.0,Brier_neg,0.8999999999999998
yeast_ml8,yeast_ml8(7.4%),11,53,2.0,MCC_05,0.9999999999999999
yeast_ml8,yeast_ml8(7.4%),11,53,3.0,SoftMCC,0.49999999999999994
yeast_ml8,yeast_ml8(7.4%),11,53,3.0,MCC_best,0.9999999999999999
yeast_ml8,yeast_ml8(7.4%),11,53,3.0,F1_best,0.9999999999999999
yeast_ml8,yeast_ml8(7.4%),11,53,3.0,AUPRC,0.9999999999999999
yeast_ml8,yeast_ml8(7.4%),11,53,3.0,AUROC,0.9999999999999999
yeast_ml8,yeast_ml8(7.4%),11,53,3.0,Brier_neg,0.49999999999999994
yeast_ml8,yeast_ml8(7.4%),11,53,3.0,MCC_05,0.9999999999999999
