baseline,mean_diff,bca_lo,bca_hi,wilcoxon_p,within_dataset_cliffs_delta_mean,within_dataset_cliffs_delta_min,within_dataset_cliffs_delta_max,matched_pairs_rank_biserial_all_blocks,matched_pairs_rank_biserial_dataset_mean,matched_pairs_rank_biserial_dataset_min,matched_pairs_rank_biserial_dataset_max,paired_sign_effect_all_blocks
MCC@best,-0.0027323740168578793,-0.014821892243166195,0.0051703851266900625,0.43214362272072593,-0.05439814814814815,-0.2638888888888889,0.19444444444444445,-0.15015015015015015,-0.22313612313612316,-1.0,0.8,-0.16666666666666666
F1@best,-0.0018806320861919962,-0.012931487575548706,0.006641457745323018,0.6615589548322263,-0.04861111111111111,-0.2638888888888889,0.2152777777777778,-0.0873440285204991,-0.165993265993266,-1.0,1.0,-0.09090909090909091
AUPRC,-0.005529542390002392,-0.018908339606541712,0.0014245175411159263,0.9124299753769707,-0.004629629629629632,-0.125,0.2638888888888889,0.021021021021021023,0.21669071669071668,-0.4,1.0,0.16666666666666666
AUROC,-0.0009159530775446997,-0.014258929743902114,0.0074532015966751524,0.15116355253383335,0.08912037037037036,-0.1111111111111111,0.3333333333333333,0.24848484848484848,0.43431938431938427,-0.3333333333333333,1.0,0.3181818181818182
Brier,-0.004345991553084928,-0.01669390442297849,0.0028079463819956113,0.7764250047999479,-0.019675925925925927,-0.1388888888888889,0.06944444444444445,-0.08333333333333333,0.41111111111111115,-0.6,1.0,0.06666666666666667
MCC@0.5,0.008872247594804,-0.0031695746773062216,0.025924231257722245,0.24232823970568196,0.0474537037037037,-0.1388888888888889,0.22916666666666666,0.22048364153627312,0.19232804232804232,-0.2777777777777778,0.5714285714285714,0.13513513513513514
