permutation_index,seed_base,scope,dataset,kendalls_w
0,20260718,dataset,breast_cancer(37%),0.016666666666666666
0,20260718,dataset,synth(5%),0.03611111111111111
0,20260718,dataset,synth(1%),0.1375
0,20260718,dataset,creditcard(1%),0.2722222222222222
0,20260718,dataset,creditcard(0.5%),0.24166666666666667
0,20260718,dataset,iotid20(6.4%),0.002777777777777778
0,20260718,dataset,abalone(9.4%),0.015277777777777777
0,20260718,dataset,car_eval_34(7.8%),0.013888888888888888
0,20260718,dataset,car_eval_4(3.8%),0.08333333333333333
0,20260718,dataset,coil_2000(6.0%),0.07222222222222222
0,20260718,dataset,mammography(2.3%),0.09027777777777778
0,20260718,dataset,ozone_level(2.9%),0.19305555555555556
0,20260718,dataset,protein_homo(0.9%),0.06805555555555555
0,20260718,dataset,sick_euthyroid(9.3%),0.1763888888888889
0,20260718,dataset,thyroid_sick(6.1%),0.07916666666666666
0,20260718,dataset,us_crime(7.5%),0.03888888888888889
0,20260718,dataset,wine_quality(3.7%),0.05
0,20260718,dataset,yeast_ml8(7.4%),0.13472222222222222
0,20260718,all6,,0.09567901234567901
0,20260718,benchmark,,0.06342592592592593
0,20260718,real,,0.1722222222222222
1,20260718,dataset,breast_cancer(37%),0.14583333333333334
1,20260718,dataset,synth(5%),0.16944444444444445
1,20260718,dataset,synth(1%),0.1
1,20260718,dataset,creditcard(1%),0.09027777777777778
1,20260718,dataset,creditcard(0.5%),0.1625
1,20260718,dataset,iotid20(6.4%),0.07361111111111111
1,20260718,dataset,abalone(9.4%),0.016666666666666666
1,20260718,dataset,car_eval_34(7.8%),0.14305555555555555
1,20260718,dataset,car_eval_4(3.8%),0.14583333333333334
1,20260718,dataset,coil_2000(6.0%),0.09305555555555556
1,20260718,dataset,mammography(2.3%),0.08611111111111111
1,20260718,dataset,ozone_level(2.9%),0.013888888888888888
1,20260718,dataset,protein_homo(0.9%),0.029166666666666667
1,20260718,dataset,sick_euthyroid(9.3%),0.1
1,20260718,dataset,thyroid_sick(6.1%),0.29583333333333334
1,20260718,dataset,us_crime(7.5%),0.016666666666666666
1,20260718,dataset,wine_quality(3.7%),0.0625
1,20260718,dataset,yeast_ml8(7.4%),0.13472222222222222
1,20260718,all6,,0.10439814814814814
1,20260718,benchmark,,0.13842592592592595
1,20260718,real,,0.1087962962962963
2,20260718,dataset,breast_cancer(37%),0.03194444444444444
2,20260718,dataset,synth(5%),0.015277777777777777
2,20260718,dataset,synth(1%),0.15138888888888888
2,20260718,dataset,creditcard(1%),0.19166666666666668
2,20260718,dataset,creditcard(0.5%),0.05138888888888889
2,20260718,dataset,iotid20(6.4%),0.10138888888888889
2,20260718,dataset,abalone(9.4%),0.1763888888888889
2,20260718,dataset,car_eval_34(7.8%),0.13333333333333333
2,20260718,dataset,car_eval_4(3.8%),0.04027777777777778
2,20260718,dataset,coil_2000(6.0%),0.05555555555555555
2,20260718,dataset,mammography(2.3%),0.07222222222222222
2,20260718,dataset,ozone_level(2.9%),0.09722222222222222
2,20260718,dataset,protein_homo(0.9%),0.1111111111111111
2,20260718,dataset,sick_euthyroid(9.3%),0.0875
2,20260718,dataset,thyroid_sick(6.1%),0.044444444444444446
2,20260718,dataset,us_crime(7.5%),0.09305555555555556
2,20260718,dataset,wine_quality(3.7%),0.11527777777777778
2,20260718,dataset,yeast_ml8(7.4%),0.02361111111111111
2,20260718,all6,,0.08850308641975309
2,20260718,benchmark,,0.0662037037037037
2,20260718,real,,0.11481481481481481
3,20260718,dataset,breast_cancer(37%),0.05555555555555555
3,20260718,dataset,synth(5%),0.07361111111111111
3,20260718,dataset,synth(1%),0.011111111111111112
3,20260718,dataset,creditcard(1%),0.29583333333333334
3,20260718,dataset,creditcard(0.5%),0.21666666666666667
3,20260718,dataset,iotid20(6.4%),0.125
3,20260718,dataset,abalone(9.4%),0.05555555555555555
3,20260718,dataset,car_eval_34(7.8%),0.1
3,20260718,dataset,car_eval_4(3.8%),0.02638888888888889
3,20260718,dataset,coil_2000(6.0%),0.06805555555555555
3,20260718,dataset,mammography(2.3%),0.025
3,20260718,dataset,ozone_level(2.9%),0.058333333333333334
3,20260718,dataset,protein_homo(0.9%),0.08194444444444444
3,20260718,dataset,sick_euthyroid(9.3%),0.17777777777777778
3,20260718,dataset,thyroid_sick(6.1%),0.1875
3,20260718,dataset,us_crime(7.5%),0.08194444444444444
3,20260718,dataset,wine_quality(3.7%),0.12638888888888888
3,20260718,dataset,yeast_ml8(7.4%),0.19027777777777777
3,20260718,all6,,0.10871913580246914
3,20260718,benchmark,,0.04675925925925926
3,20260718,real,,0.2125
4,20260718,dataset,breast_cancer(37%),0.04861111111111111
4,20260718,dataset,synth(5%),0.027777777777777776
4,20260718,dataset,synth(1%),0.32083333333333336
4,20260718,dataset,creditcard(1%),0.45416666666666666
4,20260718,dataset,creditcard(0.5%),0.10694444444444444
4,20260718,dataset,iotid20(6.4%),0.03194444444444444
4,20260718,dataset,abalone(9.4%),0.11527777777777778
4,20260718,dataset,car_eval_34(7.8%),0.043055555555555555
4,20260718,dataset,car_eval_4(3.8%),0.3055555555555556
4,20260718,dataset,coil_2000(6.0%),0.02638888888888889
4,20260718,dataset,mammography(2.3%),0.05555555555555555
4,20260718,dataset,ozone_level(2.9%),0.06805555555555555
4,20260718,dataset,protein_homo(0.9%),0.20416666666666666
4,20260718,dataset,sick_euthyroid(9.3%),0.05555555555555555
4,20260718,dataset,thyroid_sick(6.1%),0.4027777777777778
4,20260718,dataset,us_crime(7.5%),0.25416666666666665
4,20260718,dataset,wine_quality(3.7%),0.17083333333333334
4,20260718,dataset,yeast_ml8(7.4%),0.11527777777777778
4,20260718,all6,,0.15594135802469136
4,20260718,benchmark,,0.13240740740740742
4,20260718,real,,0.19768518518518519
5,20260718,dataset,breast_cancer(37%),0.10694444444444444
5,20260718,dataset,synth(5%),0.10833333333333334
5,20260718,dataset,synth(1%),0.20555555555555555
5,20260718,dataset,creditcard(1%),0.1625
5,20260718,dataset,creditcard(0.5%),0.05694444444444444
5,20260718,dataset,iotid20(6.4%),0.043055555555555555
5,20260718,dataset,abalone(9.4%),0.04722222222222222
5,20260718,dataset,car_eval_34(7.8%),0.05138888888888889
5,20260718,dataset,car_eval_4(3.8%),0.015277777777777777
5,20260718,dataset,coil_2000(6.0%),0.025
5,20260718,dataset,mammography(2.3%),0.07777777777777778
5,20260718,dataset,ozone_level(2.9%),0.07083333333333333
5,20260718,dataset,protein_homo(0.9%),0.059722222222222225
5,20260718,dataset,sick_euthyroid(9.3%),0.025
5,20260718,dataset,thyroid_sick(6.1%),0.08194444444444444
5,20260718,dataset,us_crime(7.5%),0.04027777777777778
5,20260718,dataset,wine_quality(3.7%),0.0125
5,20260718,dataset,yeast_ml8(7.4%),0.05694444444444444
5,20260718,all6,,0.06929012345679011
5,20260718,benchmark,,0.14027777777777778
5,20260718,real,,0.08750000000000001
6,20260718,dataset,breast_cancer(37%),0.09305555555555556
6,20260718,dataset,synth(5%),0.17777777777777778
6,20260718,dataset,synth(1%),0.3111111111111111
6,20260718,dataset,creditcard(1%),0.04861111111111111
6,20260718,dataset,creditcard(0.5%),0.03611111111111111
6,20260718,dataset,iotid20(6.4%),0.03611111111111111
6,20260718,dataset,abalone(9.4%),0.07083333333333333
6,20260718,dataset,car_eval_34(7.8%),0.15416666666666667
6,20260718,dataset,car_eval_4(3.8%),0.13194444444444445
6,20260718,dataset,coil_2000(6.0%),0.027777777777777776
6,20260718,dataset,mammography(2.3%),0.043055555555555555
6,20260718,dataset,ozone_level(2.9%),0.2833333333333333
6,20260718,dataset,protein_homo(0.9%),0.006944444444444444
6,20260718,dataset,sick_euthyroid(9.3%),0.15
6,20260718,dataset,thyroid_sick(6.1%),0.02361111111111111
6,20260718,dataset,us_crime(7.5%),0.018055555555555554
6,20260718,dataset,wine_quality(3.7%),0.10416666666666667
6,20260718,dataset,yeast_ml8(7.4%),0.07361111111111111
6,20260718,all6,,0.09945987654320987
6,20260718,benchmark,,0.1939814814814815
6,20260718,real,,0.04027777777777778
7,20260718,dataset,breast_cancer(37%),0.018055555555555554
7,20260718,dataset,synth(5%),0.06805555555555555
7,20260718,dataset,synth(1%),0.1597222222222222
7,20260718,dataset,creditcard(1%),0.059722222222222225
7,20260718,dataset,creditcard(0.5%),0.14305555555555555
7,20260718,dataset,iotid20(6.4%),0.09444444444444444
7,20260718,dataset,abalone(9.4%),0.043055555555555555
7,20260718,dataset,car_eval_34(7.8%),0.0375
7,20260718,dataset,car_eval_4(3.8%),0.07222222222222222
7,20260718,dataset,coil_2000(6.0%),0.17777777777777778
7,20260718,dataset,mammography(2.3%),0.09305555555555556
7,20260718,dataset,ozone_level(2.9%),0.07916666666666666
7,20260718,dataset,protein_homo(0.9%),0.29305555555555557
7,20260718,dataset,sick_euthyroid(9.3%),0.041666666666666664
7,20260718,dataset,thyroid_sick(6.1%),0.006944444444444444
7,20260718,dataset,us_crime(7.5%),0.2013888888888889
7,20260718,dataset,wine_quality(3.7%),0.1597222222222222
7,20260718,dataset,yeast_ml8(7.4%),0.2
7,20260718,all6,,0.10825617283950616
7,20260718,benchmark,,0.08194444444444443
7,20260718,real,,0.09907407407407408
8,20260718,dataset,breast_cancer(37%),0.12638888888888888
8,20260718,dataset,synth(5%),0.12222222222222222
8,20260718,dataset,synth(1%),0.016666666666666666
8,20260718,dataset,creditcard(1%),0.14305555555555555
8,20260718,dataset,creditcard(0.5%),0.0763888888888889
8,20260718,dataset,iotid20(6.4%),0.06111111111111111
8,20260718,dataset,abalone(9.4%),0.06944444444444445
8,20260718,dataset,car_eval_34(7.8%),0.12083333333333333
8,20260718,dataset,car_eval_4(3.8%),0.05694444444444444
8,20260718,dataset,coil_2000(6.0%),0.09444444444444444
8,20260718,dataset,mammography(2.3%),0.0125
8,20260718,dataset,ozone_level(2.9%),0.04861111111111111
8,20260718,dataset,protein_homo(0.9%),0.044444444444444446
8,20260718,dataset,sick_euthyroid(9.3%),0.043055555555555555
8,20260718,dataset,thyroid_sick(6.1%),0.17083333333333334
8,20260718,dataset,us_crime(7.5%),0.058333333333333334
8,20260718,dataset,wine_quality(3.7%),0.1597222222222222
8,20260718,dataset,yeast_ml8(7.4%),0.1
8,20260718,all6,,0.08472222222222221
8,20260718,benchmark,,0.08842592592592592
8,20260718,real,,0.09351851851851851
9,20260718,dataset,breast_cancer(37%),0.034722222222222224
9,20260718,dataset,synth(5%),0.04027777777777778
9,20260718,dataset,synth(1%),0.0763888888888889
9,20260718,dataset,creditcard(1%),0.07916666666666666
9,20260718,dataset,creditcard(0.5%),0.09444444444444444
9,20260718,dataset,iotid20(6.4%),0.09027777777777778
9,20260718,dataset,abalone(9.4%),0.009722222222222222
9,20260718,dataset,car_eval_34(7.8%),0.04583333333333333
9,20260718,dataset,car_eval_4(3.8%),0.03611111111111111
9,20260718,dataset,coil_2000(6.0%),0.21666666666666667
9,20260718,dataset,mammography(2.3%),0.07083333333333333
9,20260718,dataset,ozone_level(2.9%),0.03333333333333333
9,20260718,dataset,protein_homo(0.9%),0.12777777777777777
9,20260718,dataset,sick_euthyroid(9.3%),0.05277777777777778
9,20260718,dataset,thyroid_sick(6.1%),0.05277777777777778
9,20260718,dataset,us_crime(7.5%),0.044444444444444446
9,20260718,dataset,wine_quality(3.7%),0.16527777777777777
9,20260718,dataset,yeast_ml8(7.4%),0.03194444444444444
9,20260718,all6,,0.07237654320987656
9,20260718,benchmark,,0.050462962962962966
9,20260718,real,,0.08796296296296297
10,20260718,dataset,breast_cancer(37%),0.04861111111111111
10,20260718,dataset,synth(5%),0.018055555555555554
10,20260718,dataset,synth(1%),0.0875
10,20260718,dataset,creditcard(1%),0.2513888888888889
10,20260718,dataset,creditcard(0.5%),0.28194444444444444
10,20260718,dataset,iotid20(6.4%),0.006944444444444444
10,20260718,dataset,abalone(9.4%),0.08333333333333333
10,20260718,dataset,car_eval_34(7.8%),0.04861111111111111
10,20260718,dataset,car_eval_4(3.8%),0.1125
10,20260718,dataset,coil_2000(6.0%),0.005555555555555556
10,20260718,dataset,mammography(2.3%),0.06944444444444445
10,20260718,dataset,ozone_level(2.9%),0.12222222222222222
10,20260718,dataset,protein_homo(0.9%),0.029166666666666667
10,20260718,dataset,sick_euthyroid(9.3%),0.059722222222222225
10,20260718,dataset,thyroid_sick(6.1%),0.0125
10,20260718,dataset,us_crime(7.5%),0.11388888888888889
10,20260718,dataset,wine_quality(3.7%),0.03611111111111111
10,20260718,dataset,yeast_ml8(7.4%),0.018055555555555554
10,20260718,all6,,0.07808641975308642
10,20260718,benchmark,,0.05138888888888888
10,20260718,real,,0.18009259259259258
11,20260718,dataset,breast_cancer(37%),0.030555555555555555
11,20260718,dataset,synth(5%),0.02638888888888889
11,20260718,dataset,synth(1%),0.14305555555555555
11,20260718,dataset,creditcard(1%),0.07916666666666666
11,20260718,dataset,creditcard(0.5%),0.07916666666666666
11,20260718,dataset,iotid20(6.4%),0.0625
11,20260718,dataset,abalone(9.4%),0.03888888888888889
11,20260718,dataset,car_eval_34(7.8%),0.02638888888888889
11,20260718,dataset,car_eval_4(3.8%),0.2222222222222222
11,20260718,dataset,coil_2000(6.0%),0.15
11,20260718,dataset,mammography(2.3%),0.0763888888888889
11,20260718,dataset,ozone_level(2.9%),0.030555555555555555
11,20260718,dataset,protein_homo(0.9%),0.018055555555555554
11,20260718,dataset,sick_euthyroid(9.3%),0.027777777777777776
11,20260718,dataset,thyroid_sick(6.1%),0.020833333333333332
11,20260718,dataset,us_crime(7.5%),0.059722222222222225
11,20260718,dataset,wine_quality(3.7%),0.06527777777777778
11,20260718,dataset,yeast_ml8(7.4%),0.18472222222222223
11,20260718,all6,,0.07453703703703703
11,20260718,benchmark,,0.06666666666666667
11,20260718,real,,0.07361111111111111
12,20260718,dataset,breast_cancer(37%),0.08472222222222223
12,20260718,dataset,synth(5%),0.08888888888888889
12,20260718,dataset,synth(1%),0.09027777777777778
12,20260718,dataset,creditcard(1%),0.09861111111111111
12,20260718,dataset,creditcard(0.5%),0.1388888888888889
12,20260718,dataset,iotid20(6.4%),0.08055555555555556
12,20260718,dataset,abalone(9.4%),0.018055555555555554
12,20260718,dataset,car_eval_34(7.8%),0.06111111111111111
12,20260718,dataset,car_eval_4(3.8%),0.15833333333333333
12,20260718,dataset,coil_2000(6.0%),0.019444444444444445
12,20260718,dataset,mammography(2.3%),0.034722222222222224
12,20260718,dataset,ozone_level(2.9%),0.043055555555555555
12,20260718,dataset,protein_homo(0.9%),0.0875
12,20260718,dataset,sick_euthyroid(9.3%),0.030555555555555555
12,20260718,dataset,thyroid_sick(6.1%),0.02638888888888889
12,20260718,dataset,us_crime(7.5%),0.22777777777777777
12,20260718,dataset,wine_quality(3.7%),0.05555555555555555
12,20260718,dataset,yeast_ml8(7.4%),0.059722222222222225
12,20260718,all6,,0.07800925925925925
12,20260718,benchmark,,0.08796296296296297
12,20260718,real,,0.10601851851851851
13,20260718,dataset,breast_cancer(37%),0.10555555555555556
13,20260718,dataset,synth(5%),0.03888888888888889
13,20260718,dataset,synth(1%),0.02361111111111111
13,20260718,dataset,creditcard(1%),0.043055555555555555
13,20260718,dataset,creditcard(0.5%),0.19166666666666668
13,20260718,dataset,iotid20(6.4%),0.1625
13,20260718,dataset,abalone(9.4%),0.025
13,20260718,dataset,car_eval_34(7.8%),0.05694444444444444
13,20260718,dataset,car_eval_4(3.8%),0.022222222222222223
13,20260718,dataset,coil_2000(6.0%),0.10555555555555556
13,20260718,dataset,mammography(2.3%),0.015277777777777777
13,20260718,dataset,ozone_level(2.9%),0.04861111111111111
13,20260718,dataset,protein_homo(0.9%),0.2125
13,20260718,dataset,sick_euthyroid(9.3%),0.044444444444444446
13,20260718,dataset,thyroid_sick(6.1%),0.2513888888888889
13,20260718,dataset,us_crime(7.5%),0.34305555555555556
13,20260718,dataset,wine_quality(3.7%),0.02638888888888889
13,20260718,dataset,yeast_ml8(7.4%),0.17916666666666667
13,20260718,all6,,0.10532407407407407
13,20260718,benchmark,,0.05601851851851852
13,20260718,real,,0.13240740740740742
14,20260718,dataset,breast_cancer(37%),0.02361111111111111
14,20260718,dataset,synth(5%),0.05277777777777778
14,20260718,dataset,synth(1%),0.0763888888888889
14,20260718,dataset,creditcard(1%),0.34444444444444444
14,20260718,dataset,creditcard(0.5%),0.06527777777777778
14,20260718,dataset,iotid20(6.4%),0.06666666666666667
14,20260718,dataset,abalone(9.4%),0.25555555555555554
14,20260718,dataset,car_eval_34(7.8%),0.08888888888888889
14,20260718,dataset,car_eval_4(3.8%),0.3125
14,20260718,dataset,coil_2000(6.0%),0.16111111111111112
14,20260718,dataset,mammography(2.3%),0.10138888888888889
14,20260718,dataset,ozone_level(2.9%),0.07222222222222222
14,20260718,dataset,protein_homo(0.9%),0.05555555555555555
14,20260718,dataset,sick_euthyroid(9.3%),0.06111111111111111
14,20260718,dataset,thyroid_sick(6.1%),0.0875
14,20260718,dataset,us_crime(7.5%),0.19305555555555556
14,20260718,dataset,wine_quality(3.7%),0.05138888888888889
14,20260718,dataset,yeast_ml8(7.4%),0.058333333333333334
14,20260718,all6,,0.11820987654320987
14,20260718,benchmark,,0.05092592592592593
14,20260718,real,,0.1587962962962963
15,20260718,dataset,breast_cancer(37%),0.034722222222222224
15,20260718,dataset,synth(5%),0.02638888888888889
15,20260718,dataset,synth(1%),0.05416666666666667
15,20260718,dataset,creditcard(1%),0.020833333333333332
15,20260718,dataset,creditcard(0.5%),0.18194444444444444
15,20260718,dataset,iotid20(6.4%),0.15694444444444444
15,20260718,dataset,abalone(9.4%),0.09027777777777778
15,20260718,dataset,car_eval_34(7.8%),0.19444444444444445
15,20260718,dataset,car_eval_4(3.8%),0.15555555555555556
15,20260718,dataset,coil_2000(6.0%),0.02361111111111111
15,20260718,dataset,mammography(2.3%),0.20833333333333334
15,20260718,dataset,ozone_level(2.9%),0.06805555555555555
15,20260718,dataset,protein_homo(0.9%),0.17777777777777778
15,20260718,dataset,sick_euthyroid(9.3%),0.058333333333333334
15,20260718,dataset,thyroid_sick(6.1%),0.06944444444444445
15,20260718,dataset,us_crime(7.5%),0.10138888888888889
15,20260718,dataset,wine_quality(3.7%),0.11666666666666667
15,20260718,dataset,yeast_ml8(7.4%),0.11805555555555555
15,20260718,all6,,0.10316358024691358
15,20260718,benchmark,,0.038425925925925926
15,20260718,real,,0.11990740740740741
16,20260718,dataset,breast_cancer(37%),0.034722222222222224
16,20260718,dataset,synth(5%),0.2763888888888889
16,20260718,dataset,synth(1%),0.15138888888888888
16,20260718,dataset,creditcard(1%),0.09027777777777778
16,20260718,dataset,creditcard(0.5%),0.2569444444444444
16,20260718,dataset,iotid20(6.4%),0.029166666666666667
16,20260718,dataset,abalone(9.4%),0.1486111111111111
16,20260718,dataset,car_eval_34(7.8%),0.022222222222222223
16,20260718,dataset,car_eval_4(3.8%),0.04027777777777778
16,20260718,dataset,coil_2000(6.0%),0.020833333333333332
16,20260718,dataset,mammography(2.3%),0.1375
16,20260718,dataset,ozone_level(2.9%),0.15138888888888888
16,20260718,dataset,protein_homo(0.9%),0.011111111111111112
16,20260718,dataset,sick_euthyroid(9.3%),0.1625
16,20260718,dataset,thyroid_sick(6.1%),0.015277777777777777
16,20260718,dataset,us_crime(7.5%),0.08611111111111111
16,20260718,dataset,wine_quality(3.7%),0.041666666666666664
16,20260718,dataset,yeast_ml8(7.4%),0.12777777777777777
16,20260718,all6,,0.10023148148148148
16,20260718,benchmark,,0.15416666666666667
16,20260718,real,,0.12546296296296297
17,20260718,dataset,breast_cancer(37%),0.14305555555555555
17,20260718,dataset,synth(5%),0.027777777777777776
17,20260718,dataset,synth(1%),0.18194444444444444
17,20260718,dataset,creditcard(1%),0.07777777777777778
17,20260718,dataset,creditcard(0.5%),0.2361111111111111
17,20260718,dataset,iotid20(6.4%),0.06666666666666667
17,20260718,dataset,abalone(9.4%),0.05138888888888889
17,20260718,dataset,car_eval_34(7.8%),0.05277777777777778
17,20260718,dataset,car_eval_4(3.8%),0.19027777777777777
17,20260718,dataset,coil_2000(6.0%),0.006944444444444444
17,20260718,dataset,mammography(2.3%),0.030555555555555555
17,20260718,dataset,ozone_level(2.9%),0.12083333333333333
17,20260718,dataset,protein_homo(0.9%),0.19027777777777777
17,20260718,dataset,sick_euthyroid(9.3%),0.13055555555555556
17,20260718,dataset,thyroid_sick(6.1%),0.11944444444444445
17,20260718,dataset,us_crime(7.5%),0.06527777777777778
17,20260718,dataset,wine_quality(3.7%),0.015277777777777777
17,20260718,dataset,yeast_ml8(7.4%),0.08472222222222223
17,20260718,all6,,0.09953703703703703
17,20260718,benchmark,,0.11759259259259258
17,20260718,real,,0.12685185185185185
18,20260718,dataset,breast_cancer(37%),0.05
18,20260718,dataset,synth(5%),0.1125
18,20260718,dataset,synth(1%),0.04722222222222222
18,20260718,dataset,creditcard(1%),0.08611111111111111
18,20260718,dataset,creditcard(0.5%),0.059722222222222225
18,20260718,dataset,iotid20(6.4%),0.03194444444444444
18,20260718,dataset,abalone(9.4%),0.020833333333333332
18,20260718,dataset,car_eval_34(7.8%),0.28888888888888886
18,20260718,dataset,car_eval_4(3.8%),0.15
18,20260718,dataset,coil_2000(6.0%),0.2375
18,20260718,dataset,mammography(2.3%),0.06944444444444445
18,20260718,dataset,ozone_level(2.9%),0.058333333333333334
18,20260718,dataset,protein_homo(0.9%),0.11388888888888889
18,20260718,dataset,sick_euthyroid(9.3%),0.08611111111111111
18,20260718,dataset,thyroid_sick(6.1%),0.10138888888888889
18,20260718,dataset,us_crime(7.5%),0.15694444444444444
18,20260718,dataset,wine_quality(3.7%),0.09444444444444444
18,20260718,dataset,yeast_ml8(7.4%),0.07222222222222222
18,20260718,all6,,0.10208333333333333
18,20260718,benchmark,,0.0699074074074074
18,20260718,real,,0.05925925925925926
19,20260718,dataset,breast_cancer(37%),0.4236111111111111
19,20260718,dataset,synth(5%),0.0375
19,20260718,dataset,synth(1%),0.10138888888888889
19,20260718,dataset,creditcard(1%),0.018055555555555554
19,20260718,dataset,creditcard(0.5%),0.12361111111111112
19,20260718,dataset,iotid20(6.4%),0.015277777777777777
19,20260718,dataset,abalone(9.4%),0.0763888888888889
19,20260718,dataset,car_eval_34(7.8%),0.025
19,20260718,dataset,car_eval_4(3.8%),0.05
19,20260718,dataset,coil_2000(6.0%),0.04722222222222222
19,20260718,dataset,mammography(2.3%),0.3611111111111111
19,20260718,dataset,ozone_level(2.9%),0.044444444444444446
19,20260718,dataset,protein_homo(0.9%),0.05555555555555555
19,20260718,dataset,sick_euthyroid(9.3%),0.04722222222222222
19,20260718,dataset,thyroid_sick(6.1%),0.1736111111111111
19,20260718,dataset,us_crime(7.5%),0.07083333333333333
19,20260718,dataset,wine_quality(3.7%),0.21666666666666667
19,20260718,dataset,yeast_ml8(7.4%),0.12361111111111112
19,20260718,all6,,0.1117283950617284
19,20260718,benchmark,,0.1875
19,20260718,real,,0.052314814814814814
20,20260718,dataset,breast_cancer(37%),0.0375
20,20260718,dataset,synth(5%),0.10416666666666667
20,20260718,dataset,synth(1%),0.09444444444444444
20,20260718,dataset,creditcard(1%),0.011111111111111112
20,20260718,dataset,creditcard(0.5%),0.07916666666666666
20,20260718,dataset,iotid20(6.4%),0.09027777777777778
20,20260718,dataset,abalone(9.4%),0.08194444444444444
20,20260718,dataset,car_eval_34(7.8%),0.059722222222222225
20,20260718,dataset,car_eval_4(3.8%),0.034722222222222224
20,20260718,dataset,coil_2000(6.0%),0.02361111111111111
20,20260718,dataset,mammography(2.3%),0.16527777777777777
20,20260718,dataset,ozone_level(2.9%),0.05277777777777778
20,20260718,dataset,protein_homo(0.9%),0.1111111111111111
20,20260718,dataset,sick_euthyroid(9.3%),0.06111111111111111
20,20260718,dataset,thyroid_sick(6.1%),0.075
20,20260718,dataset,us_crime(7.5%),0.1
20,20260718,dataset,wine_quality(3.7%),0.19722222222222222
20,20260718,dataset,yeast_ml8(7.4%),0.034722222222222224
20,20260718,all6,,0.07854938271604937
20,20260718,benchmark,,0.0787037037037037
20,20260718,real,,0.06018518518518518
21,20260718,dataset,breast_cancer(37%),0.027777777777777776
21,20260718,dataset,synth(5%),0.08472222222222223
21,20260718,dataset,synth(1%),0.2611111111111111
21,20260718,dataset,creditcard(1%),0.043055555555555555
21,20260718,dataset,creditcard(0.5%),0.0375
21,20260718,dataset,iotid20(6.4%),0.08194444444444444
21,20260718,dataset,abalone(9.4%),0.09305555555555556
21,20260718,dataset,car_eval_34(7.8%),0.11527777777777778
21,20260718,dataset,car_eval_4(3.8%),0.10416666666666667
21,20260718,dataset,coil_2000(6.0%),0.059722222222222225
21,20260718,dataset,mammography(2.3%),0.006944444444444444
21,20260718,dataset,ozone_level(2.9%),0.03888888888888889
21,20260718,dataset,protein_homo(0.9%),0.17916666666666667
21,20260718,dataset,sick_euthyroid(9.3%),0.12361111111111112
21,20260718,dataset,thyroid_sick(6.1%),0.04027777777777778
21,20260718,dataset,us_crime(7.5%),0.018055555555555554
21,20260718,dataset,wine_quality(3.7%),0.06527777777777778
21,20260718,dataset,yeast_ml8(7.4%),0.075
21,20260718,all6,,0.08086419753086421
21,20260718,benchmark,,0.12453703703703704
21,20260718,real,,0.05416666666666666
22,20260718,dataset,breast_cancer(37%),0.009722222222222222
22,20260718,dataset,synth(5%),0.1486111111111111
22,20260718,dataset,synth(1%),0.06527777777777778
22,20260718,dataset,creditcard(1%),0.05694444444444444
22,20260718,dataset,creditcard(0.5%),0.39444444444444443
22,20260718,dataset,iotid20(6.4%),0.06944444444444445
22,20260718,dataset,abalone(9.4%),0.034722222222222224
22,20260718,dataset,car_eval_34(7.8%),0.075
22,20260718,dataset,car_eval_4(3.8%),0.043055555555555555
22,20260718,dataset,coil_2000(6.0%),0.03611111111111111
22,20260718,dataset,mammography(2.3%),0.09444444444444444
22,20260718,dataset,ozone_level(2.9%),0.0375
22,20260718,dataset,protein_homo(0.9%),0.1375
22,20260718,dataset,sick_euthyroid(9.3%),0.03611111111111111
22,20260718,dataset,thyroid_sick(6.1%),0.02361111111111111
22,20260718,dataset,us_crime(7.5%),0.10138888888888889
22,20260718,dataset,wine_quality(3.7%),0.04027777777777778
22,20260718,dataset,yeast_ml8(7.4%),0.16527777777777777
22,20260718,all6,,0.08719135802469136
22,20260718,benchmark,,0.07453703703703704
22,20260718,real,,0.17361111111111113
23,20260718,dataset,breast_cancer(37%),0.09305555555555556
23,20260718,dataset,synth(5%),0.07222222222222222
23,20260718,dataset,synth(1%),0.02638888888888889
23,20260718,dataset,creditcard(1%),0.022222222222222223
23,20260718,dataset,creditcard(0.5%),0.06527777777777778
23,20260718,dataset,iotid20(6.4%),0.10138888888888889
23,20260718,dataset,abalone(9.4%),0.1361111111111111
23,20260718,dataset,car_eval_34(7.8%),0.22361111111111112
23,20260718,dataset,car_eval_4(3.8%),0.05138888888888889
23,20260718,dataset,coil_2000(6.0%),0.009722222222222222
23,20260718,dataset,mammography(2.3%),0.22361111111111112
23,20260718,dataset,ozone_level(2.9%),0.3263888888888889
23,20260718,dataset,protein_homo(0.9%),0.12638888888888888
23,20260718,dataset,sick_euthyroid(9.3%),0.07083333333333333
23,20260718,dataset,thyroid_sick(6.1%),0.09861111111111111
23,20260718,dataset,us_crime(7.5%),0.03194444444444444
23,20260718,dataset,wine_quality(3.7%),0.02361111111111111
23,20260718,dataset,yeast_ml8(7.4%),0.06527777777777778
23,20260718,all6,,0.0982253086419753
23,20260718,benchmark,,0.06388888888888888
23,20260718,real,,0.06296296296296296
24,20260718,dataset,breast_cancer(37%),0.027777777777777776
24,20260718,dataset,synth(5%),0.06944444444444445
24,20260718,dataset,synth(1%),0.09305555555555556
24,20260718,dataset,creditcard(1%),0.11666666666666667
24,20260718,dataset,creditcard(0.5%),0.3236111111111111
24,20260718,dataset,iotid20(6.4%),0.001388888888888889
24,20260718,dataset,abalone(9.4%),0.10416666666666667
24,20260718,dataset,car_eval_34(7.8%),0.04583333333333333
24,20260718,dataset,car_eval_4(3.8%),0.009722222222222222
24,20260718,dataset,coil_2000(6.0%),0.02638888888888889
24,20260718,dataset,mammography(2.3%),0.08194444444444444
24,20260718,dataset,ozone_level(2.9%),0.034722222222222224
24,20260718,dataset,protein_homo(0.9%),0.1
24,20260718,dataset,sick_euthyroid(9.3%),0.13472222222222222
24,20260718,dataset,thyroid_sick(6.1%),0.09305555555555556
24,20260718,dataset,us_crime(7.5%),0.17083333333333334
24,20260718,dataset,wine_quality(3.7%),0.1763888888888889
24,20260718,dataset,yeast_ml8(7.4%),0.08333333333333333
24,20260718,all6,,0.09405864197530864
24,20260718,benchmark,,0.06342592592592593
24,20260718,real,,0.14722222222222223
25,20260718,dataset,breast_cancer(37%),0.04027777777777778
25,20260718,dataset,synth(5%),0.15694444444444444
25,20260718,dataset,synth(1%),0.07361111111111111
25,20260718,dataset,creditcard(1%),0.13472222222222222
25,20260718,dataset,creditcard(0.5%),0.1625
25,20260718,dataset,iotid20(6.4%),0.006944444444444444
25,20260718,dataset,abalone(9.4%),0.37222222222222223
25,20260718,dataset,car_eval_34(7.8%),0.06805555555555555
25,20260718,dataset,car_eval_4(3.8%),0.08472222222222223
25,20260718,dataset,coil_2000(6.0%),0.04861111111111111
25,20260718,dataset,mammography(2.3%),0.02638888888888889
25,20260718,dataset,ozone_level(2.9%),0.020833333333333332
25,20260718,dataset,protein_homo(0.9%),0.0375
25,20260718,dataset,sick_euthyroid(9.3%),0.13194444444444445
25,20260718,dataset,thyroid_sick(6.1%),0.05277777777777778
25,20260718,dataset,us_crime(7.5%),0.15
25,20260718,dataset,wine_quality(3.7%),0.10694444444444444
25,20260718,dataset,yeast_ml8(7.4%),0.09027777777777778
25,20260718,all6,,0.09807098765432098
25,20260718,benchmark,,0.09027777777777779
25,20260718,real,,0.10138888888888888
26,20260718,dataset,breast_cancer(37%),0.016666666666666666
26,20260718,dataset,synth(5%),0.02361111111111111
26,20260718,dataset,synth(1%),0.26944444444444443
26,20260718,dataset,creditcard(1%),0.3763888888888889
26,20260718,dataset,creditcard(0.5%),0.09027777777777778
26,20260718,dataset,iotid20(6.4%),0.08194444444444444
26,20260718,dataset,abalone(9.4%),0.13194444444444445
26,20260718,dataset,car_eval_34(7.8%),0.009722222222222222
26,20260718,dataset,car_eval_4(3.8%),0.12916666666666668
26,20260718,dataset,coil_2000(6.0%),0.030555555555555555
26,20260718,dataset,mammography(2.3%),0.0125
26,20260718,dataset,ozone_level(2.9%),0.10277777777777777
26,20260718,dataset,protein_homo(0.9%),0.19722222222222222
26,20260718,dataset,sick_euthyroid(9.3%),0.04583333333333333
26,20260718,dataset,thyroid_sick(6.1%),0.09583333333333334
26,20260718,dataset,us_crime(7.5%),0.03194444444444444
26,20260718,dataset,wine_quality(3.7%),0.25277777777777777
26,20260718,dataset,yeast_ml8(7.4%),0.11527777777777778
26,20260718,all6,,0.11188271604938271
26,20260718,benchmark,,0.10324074074074073
26,20260718,real,,0.18287037037037038
27,20260718,dataset,breast_cancer(37%),0.03888888888888889
27,20260718,dataset,synth(5%),0.04861111111111111
27,20260718,dataset,synth(1%),0.22916666666666666
27,20260718,dataset,creditcard(1%),0.12083333333333333
27,20260718,dataset,creditcard(0.5%),0.04027777777777778
27,20260718,dataset,iotid20(6.4%),0.043055555555555555
27,20260718,dataset,abalone(9.4%),0.06805555555555555
27,20260718,dataset,car_eval_34(7.8%),0.029166666666666667
27,20260718,dataset,car_eval_4(3.8%),0.09861111111111111
27,20260718,dataset,coil_2000(6.0%),0.009722222222222222
27,20260718,dataset,mammography(2.3%),0.04583333333333333
27,20260718,dataset,ozone_level(2.9%),0.2833333333333333
27,20260718,dataset,protein_homo(0.9%),0.006944444444444444
27,20260718,dataset,sick_euthyroid(9.3%),0.08472222222222223
27,20260718,dataset,thyroid_sick(6.1%),0.03888888888888889
27,20260718,dataset,us_crime(7.5%),0.08055555555555556
27,20260718,dataset,wine_quality(3.7%),0.15694444444444444
27,20260718,dataset,yeast_ml8(7.4%),0.02361111111111111
27,20260718,all6,,0.08040123456790123
27,20260718,benchmark,,0.10555555555555556
27,20260718,real,,0.06805555555555555
28,20260718,dataset,breast_cancer(37%),0.075
28,20260718,dataset,synth(5%),0.05416666666666667
28,20260718,dataset,synth(1%),0.10138888888888889
28,20260718,dataset,creditcard(1%),0.1986111111111111
28,20260718,dataset,creditcard(0.5%),0.018055555555555554
28,20260718,dataset,iotid20(6.4%),0.24027777777777778
28,20260718,dataset,abalone(9.4%),0.03888888888888889
28,20260718,dataset,car_eval_34(7.8%),0.03194444444444444
28,20260718,dataset,car_eval_4(3.8%),0.07916666666666666
28,20260718,dataset,coil_2000(6.0%),0.14583333333333334
28,20260718,dataset,mammography(2.3%),0.04583333333333333
28,20260718,dataset,ozone_level(2.9%),0.1375
28,20260718,dataset,protein_homo(0.9%),0.05
28,20260718,dataset,sick_euthyroid(9.3%),0.03194444444444444
28,20260718,dataset,thyroid_sick(6.1%),0.05694444444444444
28,20260718,dataset,us_crime(7.5%),0.02361111111111111
28,20260718,dataset,wine_quality(3.7%),0.11805555555555555
28,20260718,dataset,yeast_ml8(7.4%),0.07361111111111111
28,20260718,all6,,0.08449074074074074
28,20260718,benchmark,,0.07685185185185185
28,20260718,real,,0.15231481481481482
29,20260718,dataset,breast_cancer(37%),0.041666666666666664
29,20260718,dataset,synth(5%),0.13333333333333333
29,20260718,dataset,synth(1%),0.05138888888888889
29,20260718,dataset,creditcard(1%),0.04027777777777778
29,20260718,dataset,creditcard(0.5%),0.05138888888888889
29,20260718,dataset,iotid20(6.4%),0.20277777777777778
29,20260718,dataset,abalone(9.4%),0.09305555555555556
29,20260718,dataset,car_eval_34(7.8%),0.14166666666666666
29,20260718,dataset,car_eval_4(3.8%),0.1
29,20260718,dataset,coil_2000(6.0%),0.04583333333333333
29,20260718,dataset,mammography(2.3%),0.013888888888888888
29,20260718,dataset,ozone_level(2.9%),0.05555555555555555
29,20260718,dataset,protein_homo(0.9%),0.07222222222222222
29,20260718,dataset,sick_euthyroid(9.3%),0.09305555555555556
29,20260718,dataset,thyroid_sick(6.1%),0.034722222222222224
29,20260718,dataset,us_crime(7.5%),0.1625
29,20260718,dataset,wine_quality(3.7%),0.09861111111111111
29,20260718,dataset,yeast_ml8(7.4%),0.05694444444444444
29,20260718,all6,,0.08271604938271605
29,20260718,benchmark,,0.07546296296296297
29,20260718,real,,0.09814814814814815
30,20260718,dataset,breast_cancer(37%),0.0625
30,20260718,dataset,synth(5%),0.059722222222222225
30,20260718,dataset,synth(1%),0.027777777777777776
30,20260718,dataset,creditcard(1%),0.1625
30,20260718,dataset,creditcard(0.5%),0.06666666666666667
30,20260718,dataset,iotid20(6.4%),0.22083333333333333
30,20260718,dataset,abalone(9.4%),0.04027777777777778
30,20260718,dataset,car_eval_34(7.8%),0.09444444444444444
30,20260718,dataset,car_eval_4(3.8%),0.07222222222222222
30,20260718,dataset,coil_2000(6.0%),0.09444444444444444
30,20260718,dataset,mammography(2.3%),0.03333333333333333
30,20260718,dataset,ozone_level(2.9%),0.14305555555555555
30,20260718,dataset,protein_homo(0.9%),0.06805555555555555
30,20260718,dataset,sick_euthyroid(9.3%),0.03333333333333333
30,20260718,dataset,thyroid_sick(6.1%),0.03888888888888889
30,20260718,dataset,us_crime(7.5%),0.03194444444444444
30,20260718,dataset,wine_quality(3.7%),0.09166666666666666
30,20260718,dataset,yeast_ml8(7.4%),0.08888888888888889
30,20260718,all6,,0.0794753086419753
30,20260718,benchmark,,0.049999999999999996
30,20260718,real,,0.15
31,20260718,dataset,breast_cancer(37%),0.18611111111111112
31,20260718,dataset,synth(5%),0.005555555555555556
31,20260718,dataset,synth(1%),0.0125
31,20260718,dataset,creditcard(1%),0.034722222222222224
31,20260718,dataset,creditcard(0.5%),0.022222222222222223
31,20260718,dataset,iotid20(6.4%),0.06527777777777778
31,20260718,dataset,abalone(9.4%),0.04722222222222222
31,20260718,dataset,car_eval_34(7.8%),0.05277777777777778
31,20260718,dataset,car_eval_4(3.8%),0.02361111111111111
31,20260718,dataset,coil_2000(6.0%),0.02361111111111111
31,20260718,dataset,mammography(2.3%),0.034722222222222224
31,20260718,dataset,ozone_level(2.9%),0.03194444444444444
31,20260718,dataset,protein_homo(0.9%),0.04861111111111111
31,20260718,dataset,sick_euthyroid(9.3%),0.034722222222222224
31,20260718,dataset,thyroid_sick(6.1%),0.12222222222222222
31,20260718,dataset,us_crime(7.5%),0.06805555555555555
31,20260718,dataset,wine_quality(3.7%),0.018055555555555554
31,20260718,dataset,yeast_ml8(7.4%),0.09305555555555556
31,20260718,all6,,0.05138888888888889
31,20260718,benchmark,,0.06805555555555555
31,20260718,real,,0.040740740740740744
32,20260718,dataset,breast_cancer(37%),0.24027777777777778
32,20260718,dataset,synth(5%),0.04861111111111111
32,20260718,dataset,synth(1%),0.0625
32,20260718,dataset,creditcard(1%),0.09305555555555556
32,20260718,dataset,creditcard(0.5%),0.08888888888888889
32,20260718,dataset,iotid20(6.4%),0.10694444444444444
32,20260718,dataset,abalone(9.4%),0.0375
32,20260718,dataset,car_eval_34(7.8%),0.020833333333333332
32,20260718,dataset,car_eval_4(3.8%),0.022222222222222223
32,20260718,dataset,coil_2000(6.0%),0.09583333333333334
32,20260718,dataset,mammography(2.3%),0.016666666666666666
32,20260718,dataset,ozone_level(2.9%),0.25416666666666665
32,20260718,dataset,protein_homo(0.9%),0.15138888888888888
32,20260718,dataset,sick_euthyroid(9.3%),0.1875
32,20260718,dataset,thyroid_sick(6.1%),0.008333333333333333
32,20260718,dataset,us_crime(7.5%),0.044444444444444446
32,20260718,dataset,wine_quality(3.7%),0.07361111111111111
32,20260718,dataset,yeast_ml8(7.4%),0.02361111111111111
32,20260718,all6,,0.08757716049382716
32,20260718,benchmark,,0.11712962962962963
32,20260718,real,,0.09629629629629631
33,20260718,dataset,breast_cancer(37%),0.05138888888888889
33,20260718,dataset,synth(5%),0.1
33,20260718,dataset,synth(1%),0.13472222222222222
33,20260718,dataset,creditcard(1%),0.0875
33,20260718,dataset,creditcard(0.5%),0.05555555555555555
33,20260718,dataset,iotid20(6.4%),0.14722222222222223
33,20260718,dataset,abalone(9.4%),0.08472222222222223
33,20260718,dataset,car_eval_34(7.8%),0.09861111111111111
33,20260718,dataset,car_eval_4(3.8%),0.09305555555555556
33,20260718,dataset,coil_2000(6.0%),0.04722222222222222
33,20260718,dataset,mammography(2.3%),0.013888888888888888
33,20260718,dataset,ozone_level(2.9%),0.13472222222222222
33,20260718,dataset,protein_homo(0.9%),0.12222222222222222
33,20260718,dataset,sick_euthyroid(9.3%),0.0763888888888889
33,20260718,dataset,thyroid_sick(6.1%),0.3958333333333333
33,20260718,dataset,us_crime(7.5%),0.31805555555555554
33,20260718,dataset,wine_quality(3.7%),0.041666666666666664
33,20260718,dataset,yeast_ml8(7.4%),0.034722222222222224
33,20260718,all6,,0.11319444444444444
33,20260718,benchmark,,0.09537037037037037
33,20260718,real,,0.09675925925925925
34,20260718,dataset,breast_cancer(37%),0.030555555555555555
34,20260718,dataset,synth(5%),0.18472222222222223
34,20260718,dataset,synth(1%),0.06944444444444445
34,20260718,dataset,creditcard(1%),0.06527777777777778
34,20260718,dataset,creditcard(0.5%),0.02361111111111111
34,20260718,dataset,iotid20(6.4%),0.043055555555555555
34,20260718,dataset,abalone(9.4%),0.0625
34,20260718,dataset,car_eval_34(7.8%),0.006944444444444444
34,20260718,dataset,car_eval_4(3.8%),0.0375
34,20260718,dataset,coil_2000(6.0%),0.0875
34,20260718,dataset,mammography(2.3%),0.14305555555555555
34,20260718,dataset,ozone_level(2.9%),0.225
34,20260718,dataset,protein_homo(0.9%),0.04583333333333333
34,20260718,dataset,sick_euthyroid(9.3%),0.08888888888888889
34,20260718,dataset,thyroid_sick(6.1%),0.1125
34,20260718,dataset,us_crime(7.5%),0.11527777777777778
34,20260718,dataset,wine_quality(3.7%),0.1361111111111111
34,20260718,dataset,yeast_ml8(7.4%),0.29305555555555557
34,20260718,all6,,0.09837962962962964
34,20260718,benchmark,,0.0949074074074074
34,20260718,real,,0.04398148148148148
35,20260718,dataset,breast_cancer(37%),0.0625
35,20260718,dataset,synth(5%),0.2625
35,20260718,dataset,synth(1%),0.020833333333333332
35,20260718,dataset,creditcard(1%),0.2611111111111111
35,20260718,dataset,creditcard(0.5%),0.025
35,20260718,dataset,iotid20(6.4%),0.041666666666666664
35,20260718,dataset,abalone(9.4%),0.05694444444444444
35,20260718,dataset,car_eval_34(7.8%),0.07777777777777778
35,20260718,dataset,car_eval_4(3.8%),0.059722222222222225
35,20260718,dataset,coil_2000(6.0%),0.04861111111111111
35,20260718,dataset,mammography(2.3%),0.07916666666666666
35,20260718,dataset,ozone_level(2.9%),0.14027777777777778
35,20260718,dataset,protein_homo(0.9%),0.04583333333333333
35,20260718,dataset,sick_euthyroid(9.3%),0.3458333333333333
35,20260718,dataset,thyroid_sick(6.1%),0.16111111111111112
35,20260718,dataset,us_crime(7.5%),0.1125
35,20260718,dataset,wine_quality(3.7%),0.018055555555555554
35,20260718,dataset,yeast_ml8(7.4%),0.05138888888888889
35,20260718,all6,,0.1039351851851852
35,20260718,benchmark,,0.11527777777777777
35,20260718,real,,0.10925925925925928
36,20260718,dataset,breast_cancer(37%),0.0125
36,20260718,dataset,synth(5%),0.034722222222222224
36,20260718,dataset,synth(1%),0.03333333333333333
36,20260718,dataset,creditcard(1%),0.37083333333333335
36,20260718,dataset,creditcard(0.5%),0.0875
36,20260718,dataset,iotid20(6.4%),0.08611111111111111
36,20260718,dataset,abalone(9.4%),0.07361111111111111
36,20260718,dataset,car_eval_34(7.8%),0.12777777777777777
36,20260718,dataset,car_eval_4(3.8%),0.32222222222222224
36,20260718,dataset,coil_2000(6.0%),0.03333333333333333
36,20260718,dataset,mammography(2.3%),0.06944444444444445
36,20260718,dataset,ozone_level(2.9%),0.05277777777777778
36,20260718,dataset,protein_homo(0.9%),0.05138888888888889
36,20260718,dataset,sick_euthyroid(9.3%),0.0625
36,20260718,dataset,thyroid_sick(6.1%),0.05694444444444444
36,20260718,dataset,us_crime(7.5%),0.1486111111111111
36,20260718,dataset,wine_quality(3.7%),0.0763888888888889
36,20260718,dataset,yeast_ml8(7.4%),0.022222222222222223
36,20260718,all6,,0.09567901234567901
36,20260718,benchmark,,0.026851851851851852
36,20260718,real,,0.1814814814814815
37,20260718,dataset,breast_cancer(37%),0.022222222222222223
37,20260718,dataset,synth(5%),0.011111111111111112
37,20260718,dataset,synth(1%),0.14444444444444443
37,20260718,dataset,creditcard(1%),0.044444444444444446
37,20260718,dataset,creditcard(0.5%),0.15694444444444444
37,20260718,dataset,iotid20(6.4%),0.013888888888888888
37,20260718,dataset,abalone(9.4%),0.043055555555555555
37,20260718,dataset,car_eval_34(7.8%),0.23194444444444445
37,20260718,dataset,car_eval_4(3.8%),0.07916666666666666
37,20260718,dataset,coil_2000(6.0%),0.24444444444444444
37,20260718,dataset,mammography(2.3%),0.05694444444444444
37,20260718,dataset,ozone_level(2.9%),0.09722222222222222
37,20260718,dataset,protein_homo(0.9%),0.022222222222222223
37,20260718,dataset,sick_euthyroid(9.3%),0.08472222222222223
37,20260718,dataset,thyroid_sick(6.1%),0.011111111111111112
37,20260718,dataset,us_crime(7.5%),0.009722222222222222
37,20260718,dataset,wine_quality(3.7%),0.025
37,20260718,dataset,yeast_ml8(7.4%),0.02638888888888889
37,20260718,all6,,0.07361111111111113
37,20260718,benchmark,,0.059259259259259255
37,20260718,real,,0.07175925925925926
38,20260718,dataset,breast_cancer(37%),0.09166666666666666
38,20260718,dataset,synth(5%),0.11666666666666667
38,20260718,dataset,synth(1%),0.020833333333333332
38,20260718,dataset,creditcard(1%),0.10972222222222222
38,20260718,dataset,creditcard(0.5%),0.14583333333333334
38,20260718,dataset,iotid20(6.4%),0.2611111111111111
38,20260718,dataset,abalone(9.4%),0.10694444444444444
38,20260718,dataset,car_eval_34(7.8%),0.027777777777777776
38,20260718,dataset,car_eval_4(3.8%),0.2847222222222222
38,20260718,dataset,coil_2000(6.0%),0.059722222222222225
38,20260718,dataset,mammography(2.3%),0.14027777777777778
38,20260718,dataset,ozone_level(2.9%),0.125
38,20260718,dataset,protein_homo(0.9%),0.5486111111111112
38,20260718,dataset,sick_euthyroid(9.3%),0.02638888888888889
38,20260718,dataset,thyroid_sick(6.1%),0.022222222222222223
38,20260718,dataset,us_crime(7.5%),0.14027777777777778
38,20260718,dataset,wine_quality(3.7%),0.0375
38,20260718,dataset,yeast_ml8(7.4%),0.2791666666666667
38,20260718,all6,,0.14135802469135803
38,20260718,benchmark,,0.0763888888888889
38,20260718,real,,0.1722222222222222
39,20260718,dataset,breast_cancer(37%),0.018055555555555554
39,20260718,dataset,synth(5%),0.04027777777777778
39,20260718,dataset,synth(1%),0.10416666666666667
39,20260718,dataset,creditcard(1%),0.10416666666666667
39,20260718,dataset,creditcard(0.5%),0.02361111111111111
39,20260718,dataset,iotid20(6.4%),0.11805555555555555
39,20260718,dataset,abalone(9.4%),0.16111111111111112
39,20260718,dataset,car_eval_34(7.8%),0.025
39,20260718,dataset,car_eval_4(3.8%),0.15
39,20260718,dataset,coil_2000(6.0%),0.08472222222222223
39,20260718,dataset,mammography(2.3%),0.08611111111111111
39,20260718,dataset,ozone_level(2.9%),0.07222222222222222
39,20260718,dataset,protein_homo(0.9%),0.08194444444444444
39,20260718,dataset,sick_euthyroid(9.3%),0.0763888888888889
39,20260718,dataset,thyroid_sick(6.1%),0.11805555555555555
39,20260718,dataset,us_crime(7.5%),0.059722222222222225
39,20260718,dataset,wine_quality(3.7%),0.018055555555555554
39,20260718,dataset,yeast_ml8(7.4%),0.0875
39,20260718,all6,,0.07939814814814815
39,20260718,benchmark,,0.05416666666666667
39,20260718,real,,0.08194444444444444
40,20260718,dataset,breast_cancer(37%),0.07777777777777778
40,20260718,dataset,synth(5%),0.06388888888888888
40,20260718,dataset,synth(1%),0.10694444444444444
40,20260718,dataset,creditcard(1%),0.20972222222222223
40,20260718,dataset,creditcard(0.5%),0.059722222222222225
40,20260718,dataset,iotid20(6.4%),0.1361111111111111
40,20260718,dataset,abalone(9.4%),0.034722222222222224
40,20260718,dataset,car_eval_34(7.8%),0.19722222222222222
40,20260718,dataset,car_eval_4(3.8%),0.05
40,20260718,dataset,coil_2000(6.0%),0.04583333333333333
40,20260718,dataset,mammography(2.3%),0.1125
40,20260718,dataset,ozone_level(2.9%),0.0375
40,20260718,dataset,protein_homo(0.9%),0.10555555555555556
40,20260718,dataset,sick_euthyroid(9.3%),0.05138888888888889
40,20260718,dataset,thyroid_sick(6.1%),0.1111111111111111
40,20260718,dataset,us_crime(7.5%),0.1875
40,20260718,dataset,wine_quality(3.7%),0.12083333333333333
40,20260718,dataset,yeast_ml8(7.4%),0.07777777777777778
40,20260718,all6,,0.0992283950617284
40,20260718,benchmark,,0.08287037037037037
40,20260718,real,,0.13518518518518519
41,20260718,dataset,breast_cancer(37%),0.03194444444444444
41,20260718,dataset,synth(5%),0.26666666666666666
41,20260718,dataset,synth(1%),0.1638888888888889
41,20260718,dataset,creditcard(1%),0.05277777777777778
41,20260718,dataset,creditcard(0.5%),0.12222222222222222
41,20260718,dataset,iotid20(6.4%),0.03888888888888889
41,20260718,dataset,abalone(9.4%),0.0763888888888889
41,20260718,dataset,car_eval_34(7.8%),0.006944444444444444
41,20260718,dataset,car_eval_4(3.8%),0.3541666666666667
41,20260718,dataset,coil_2000(6.0%),0.07916666666666666
41,20260718,dataset,mammography(2.3%),0.009722222222222222
41,20260718,dataset,ozone_level(2.9%),0.03333333333333333
41,20260718,dataset,protein_homo(0.9%),0.18194444444444444
41,20260718,dataset,sick_euthyroid(9.3%),0.011111111111111112
41,20260718,dataset,thyroid_sick(6.1%),0.02361111111111111
41,20260718,dataset,us_crime(7.5%),0.08472222222222223
41,20260718,dataset,wine_quality(3.7%),0.043055555555555555
41,20260718,dataset,yeast_ml8(7.4%),0.004166666666666667
41,20260718,all6,,0.08804012345679012
41,20260718,benchmark,,0.15416666666666667
41,20260718,real,,0.07129629629629629
42,20260718,dataset,breast_cancer(37%),0.04583333333333333
42,20260718,dataset,synth(5%),0.13472222222222222
42,20260718,dataset,synth(1%),0.15416666666666667
42,20260718,dataset,creditcard(1%),0.08888888888888889
42,20260718,dataset,creditcard(0.5%),0.2763888888888889
42,20260718,dataset,iotid20(6.4%),0.07916666666666666
42,20260718,dataset,abalone(9.4%),0.018055555555555554
42,20260718,dataset,car_eval_34(7.8%),0.05138888888888889
42,20260718,dataset,car_eval_4(3.8%),0.15138888888888888
42,20260718,dataset,coil_2000(6.0%),0.0375
42,20260718,dataset,mammography(2.3%),0.04722222222222222
42,20260718,dataset,ozone_level(2.9%),0.15694444444444444
42,20260718,dataset,protein_homo(0.9%),0.06388888888888888
42,20260718,dataset,sick_euthyroid(9.3%),0.04027777777777778
42,20260718,dataset,thyroid_sick(6.1%),0.05694444444444444
42,20260718,dataset,us_crime(7.5%),0.20277777777777778
42,20260718,dataset,wine_quality(3.7%),0.05694444444444444
42,20260718,dataset,yeast_ml8(7.4%),0.03194444444444444
42,20260718,all6,,0.09413580246913582
42,20260718,benchmark,,0.11157407407407406
42,20260718,real,,0.14814814814814817
43,20260718,dataset,breast_cancer(37%),0.02361111111111111
43,20260718,dataset,synth(5%),0.14305555555555555
43,20260718,dataset,synth(1%),0.03611111111111111
43,20260718,dataset,creditcard(1%),0.16805555555555557
43,20260718,dataset,creditcard(0.5%),0.03888888888888889
43,20260718,dataset,iotid20(6.4%),0.044444444444444446
43,20260718,dataset,abalone(9.4%),0.13472222222222222
43,20260718,dataset,car_eval_34(7.8%),0.0375
43,20260718,dataset,car_eval_4(3.8%),0.006944444444444444
43,20260718,dataset,coil_2000(6.0%),0.02638888888888889
43,20260718,dataset,mammography(2.3%),0.09722222222222222
43,20260718,dataset,ozone_level(2.9%),0.05138888888888889
43,20260718,dataset,protein_homo(0.9%),0.02638888888888889
43,20260718,dataset,sick_euthyroid(9.3%),0.10833333333333334
43,20260718,dataset,thyroid_sick(6.1%),0.04583333333333333
43,20260718,dataset,us_crime(7.5%),0.10694444444444444
43,20260718,dataset,wine_quality(3.7%),0.022222222222222223
43,20260718,dataset,yeast_ml8(7.4%),0.05138888888888889
43,20260718,all6,,0.06496913580246914
43,20260718,benchmark,,0.06759259259259258
43,20260718,real,,0.0837962962962963
44,20260718,dataset,breast_cancer(37%),0.07222222222222222
44,20260718,dataset,synth(5%),0.034722222222222224
44,20260718,dataset,synth(1%),0.025
44,20260718,dataset,creditcard(1%),0.15555555555555556
44,20260718,dataset,creditcard(0.5%),0.14583333333333334
44,20260718,dataset,iotid20(6.4%),0.05277777777777778
44,20260718,dataset,abalone(9.4%),0.12222222222222222
44,20260718,dataset,car_eval_34(7.8%),0.06111111111111111
44,20260718,dataset,car_eval_4(3.8%),0.018055555555555554
44,20260718,dataset,coil_2000(6.0%),0.2222222222222222
44,20260718,dataset,mammography(2.3%),0.1597222222222222
44,20260718,dataset,ozone_level(2.9%),0.05
44,20260718,dataset,protein_homo(0.9%),0.05
44,20260718,dataset,sick_euthyroid(9.3%),0.08472222222222223
44,20260718,dataset,thyroid_sick(6.1%),0.05138888888888889
44,20260718,dataset,us_crime(7.5%),0.3902777777777778
44,20260718,dataset,wine_quality(3.7%),0.09027777777777778
44,20260718,dataset,yeast_ml8(7.4%),0.02361111111111111
44,20260718,all6,,0.10054012345679014
44,20260718,benchmark,,0.04398148148148148
44,20260718,real,,0.11805555555555557
45,20260718,dataset,breast_cancer(37%),0.15694444444444444
45,20260718,dataset,synth(5%),0.24305555555555555
45,20260718,dataset,synth(1%),0.015277777777777777
45,20260718,dataset,creditcard(1%),0.034722222222222224
45,20260718,dataset,creditcard(0.5%),0.1361111111111111
45,20260718,dataset,iotid20(6.4%),0.034722222222222224
45,20260718,dataset,abalone(9.4%),0.07361111111111111
45,20260718,dataset,car_eval_34(7.8%),0.08194444444444444
45,20260718,dataset,car_eval_4(3.8%),0.03888888888888889
45,20260718,dataset,coil_2000(6.0%),0.1
45,20260718,dataset,mammography(2.3%),0.011111111111111112
45,20260718,dataset,ozone_level(2.9%),0.043055555555555555
45,20260718,dataset,protein_homo(0.9%),0.07222222222222222
45,20260718,dataset,sick_euthyroid(9.3%),0.2763888888888889
45,20260718,dataset,thyroid_sick(6.1%),0.1638888888888889
45,20260718,dataset,us_crime(7.5%),0.20972222222222223
45,20260718,dataset,wine_quality(3.7%),0.02361111111111111
45,20260718,dataset,yeast_ml8(7.4%),0.09444444444444444
45,20260718,all6,,0.10054012345679014
45,20260718,benchmark,,0.13842592592592592
45,20260718,real,,0.06851851851851852
46,20260718,dataset,breast_cancer(37%),0.13055555555555556
46,20260718,dataset,synth(5%),0.26805555555555555
46,20260718,dataset,synth(1%),0.030555555555555555
46,20260718,dataset,creditcard(1%),0.016666666666666666
46,20260718,dataset,creditcard(0.5%),0.10138888888888889
46,20260718,dataset,iotid20(6.4%),0.22916666666666666
46,20260718,dataset,abalone(9.4%),0.027777777777777776
46,20260718,dataset,car_eval_34(7.8%),0.07777777777777778
46,20260718,dataset,car_eval_4(3.8%),0.03194444444444444
46,20260718,dataset,coil_2000(6.0%),0.12638888888888888
46,20260718,dataset,mammography(2.3%),0.06805555555555555
46,20260718,dataset,ozone_level(2.9%),0.1736111111111111
46,20260718,dataset,protein_homo(0.9%),0.05138888888888889
46,20260718,dataset,sick_euthyroid(9.3%),0.10555555555555556
46,20260718,dataset,thyroid_sick(6.1%),0.24861111111111112
46,20260718,dataset,us_crime(7.5%),0.02361111111111111
46,20260718,dataset,wine_quality(3.7%),0.0125
46,20260718,dataset,yeast_ml8(7.4%),0.11666666666666667
46,20260718,all6,,0.10223765432098766
46,20260718,benchmark,,0.14305555555555557
46,20260718,real,,0.11574074074074074
47,20260718,dataset,breast_cancer(37%),0.043055555555555555
47,20260718,dataset,synth(5%),0.1986111111111111
47,20260718,dataset,synth(1%),0.0763888888888889
47,20260718,dataset,creditcard(1%),0.02361111111111111
47,20260718,dataset,creditcard(0.5%),0.11527777777777778
47,20260718,dataset,iotid20(6.4%),0.10694444444444444
47,20260718,dataset,abalone(9.4%),0.07222222222222222
47,20260718,dataset,car_eval_34(7.8%),0.03194444444444444
47,20260718,dataset,car_eval_4(3.8%),0.05277777777777778
47,20260718,dataset,coil_2000(6.0%),0.18888888888888888
47,20260718,dataset,mammography(2.3%),0.05277777777777778
47,20260718,dataset,ozone_level(2.9%),0.05277777777777778
47,20260718,dataset,protein_homo(0.9%),0.044444444444444446
47,20260718,dataset,sick_euthyroid(9.3%),0.015277777777777777
47,20260718,dataset,thyroid_sick(6.1%),0.14305555555555555
47,20260718,dataset,us_crime(7.5%),0.04583333333333333
47,20260718,dataset,wine_quality(3.7%),0.04583333333333333
47,20260718,dataset,yeast_ml8(7.4%),0.043055555555555555
47,20260718,all6,,0.07515432098765433
47,20260718,benchmark,,0.10601851851851853
47,20260718,real,,0.08194444444444444
48,20260718,dataset,breast_cancer(37%),0.1597222222222222
48,20260718,dataset,synth(5%),0.059722222222222225
48,20260718,dataset,synth(1%),0.32222222222222224
48,20260718,dataset,creditcard(1%),0.02638888888888889
48,20260718,dataset,creditcard(0.5%),0.09027777777777778
48,20260718,dataset,iotid20(6.4%),0.33055555555555555
48,20260718,dataset,abalone(9.4%),0.075
48,20260718,dataset,car_eval_34(7.8%),0.016666666666666666
48,20260718,dataset,car_eval_4(3.8%),0.08055555555555556
48,20260718,dataset,coil_2000(6.0%),0.059722222222222225
48,20260718,dataset,mammography(2.3%),0.04027777777777778
48,20260718,dataset,ozone_level(2.9%),0.10972222222222222
48,20260718,dataset,protein_homo(0.9%),0.23472222222222222
48,20260718,dataset,sick_euthyroid(9.3%),0.2722222222222222
48,20260718,dataset,thyroid_sick(6.1%),0.059722222222222225
48,20260718,dataset,us_crime(7.5%),0.06527777777777778
48,20260718,dataset,wine_quality(3.7%),0.011111111111111112
48,20260718,dataset,yeast_ml8(7.4%),0.0763888888888889
48,20260718,all6,,0.11612654320987653
48,20260718,benchmark,,0.18055555555555558
48,20260718,real,,0.14907407407407405
49,20260718,dataset,breast_cancer(37%),0.03888888888888889
49,20260718,dataset,synth(5%),0.1125
49,20260718,dataset,synth(1%),0.09305555555555556
49,20260718,dataset,creditcard(1%),0.005555555555555556
49,20260718,dataset,creditcard(0.5%),0.030555555555555555
49,20260718,dataset,iotid20(6.4%),0.06527777777777778
49,20260718,dataset,abalone(9.4%),0.04027777777777778
49,20260718,dataset,car_eval_34(7.8%),0.025
49,20260718,dataset,car_eval_4(3.8%),0.11388888888888889
49,20260718,dataset,coil_2000(6.0%),0.07916666666666666
49,20260718,dataset,mammography(2.3%),0.1763888888888889
49,20260718,dataset,ozone_level(2.9%),0.1111111111111111
49,20260718,dataset,protein_homo(0.9%),0.13472222222222222
49,20260718,dataset,sick_euthyroid(9.3%),0.034722222222222224
49,20260718,dataset,thyroid_sick(6.1%),0.06527777777777778
49,20260718,dataset,us_crime(7.5%),0.1125
49,20260718,dataset,wine_quality(3.7%),0.2125
49,20260718,dataset,yeast_ml8(7.4%),0.1763888888888889
49,20260718,all6,,0.0904320987654321
49,20260718,benchmark,,0.08148148148148147
49,20260718,real,,0.033796296296296297
50,20260718,dataset,breast_cancer(37%),0.14305555555555555
50,20260718,dataset,synth(5%),0.15694444444444444
50,20260718,dataset,synth(1%),0.08472222222222223
50,20260718,dataset,creditcard(1%),0.14305555555555555
50,20260718,dataset,creditcard(0.5%),0.11388888888888889
50,20260718,dataset,iotid20(6.4%),0.0375
50,20260718,dataset,abalone(9.4%),0.05555555555555555
50,20260718,dataset,car_eval_34(7.8%),0.03611111111111111
50,20260718,dataset,car_eval_4(3.8%),0.25972222222222224
50,20260718,dataset,coil_2000(6.0%),0.07916666666666666
50,20260718,dataset,mammography(2.3%),0.10416666666666667
50,20260718,dataset,ozone_level(2.9%),0.013888888888888888
50,20260718,dataset,protein_homo(0.9%),0.16111111111111112
50,20260718,dataset,sick_euthyroid(9.3%),0.03194444444444444
50,20260718,dataset,thyroid_sick(6.1%),0.05138888888888889
50,20260718,dataset,us_crime(7.5%),0.03194444444444444
50,20260718,dataset,wine_quality(3.7%),0.0625
50,20260718,dataset,yeast_ml8(7.4%),0.19444444444444445
50,20260718,all6,,0.0978395061728395
50,20260718,benchmark,,0.12824074074074074
50,20260718,real,,0.09814814814814814
51,20260718,dataset,breast_cancer(37%),0.1875
51,20260718,dataset,synth(5%),0.19305555555555556
51,20260718,dataset,synth(1%),0.2111111111111111
51,20260718,dataset,creditcard(1%),0.28194444444444444
51,20260718,dataset,creditcard(0.5%),0.06388888888888888
51,20260718,dataset,iotid20(6.4%),0.019444444444444445
51,20260718,dataset,abalone(9.4%),0.06666666666666667
51,20260718,dataset,car_eval_34(7.8%),0.03194444444444444
51,20260718,dataset,car_eval_4(3.8%),0.3611111111111111
51,20260718,dataset,coil_2000(6.0%),0.04861111111111111
51,20260718,dataset,mammography(2.3%),0.10694444444444444
51,20260718,dataset,ozone_level(2.9%),0.06805555555555555
51,20260718,dataset,protein_homo(0.9%),0.018055555555555554
51,20260718,dataset,sick_euthyroid(9.3%),0.12777777777777777
51,20260718,dataset,thyroid_sick(6.1%),0.043055555555555555
51,20260718,dataset,us_crime(7.5%),0.041666666666666664
51,20260718,dataset,wine_quality(3.7%),0.06388888888888888
51,20260718,dataset,yeast_ml8(7.4%),0.1
51,20260718,all6,,0.11304012345679013
51,20260718,benchmark,,0.19722222222222222
51,20260718,real,,0.12175925925925925
52,20260718,dataset,breast_cancer(37%),0.03194444444444444
52,20260718,dataset,synth(5%),0.043055555555555555
52,20260718,dataset,synth(1%),0.3138888888888889
52,20260718,dataset,creditcard(1%),0.016666666666666666
52,20260718,dataset,creditcard(0.5%),0.3375
52,20260718,dataset,iotid20(6.4%),0.0763888888888889
52,20260718,dataset,abalone(9.4%),0.125
52,20260718,dataset,car_eval_34(7.8%),0.1638888888888889
52,20260718,dataset,car_eval_4(3.8%),0.10833333333333334
52,20260718,dataset,coil_2000(6.0%),0.03333333333333333
52,20260718,dataset,mammography(2.3%),0.02638888888888889
52,20260718,dataset,ozone_level(2.9%),0.15694444444444444
52,20260718,dataset,protein_homo(0.9%),0.16805555555555557
52,20260718,dataset,sick_euthyroid(9.3%),0.09305555555555556
52,20260718,dataset,thyroid_sick(6.1%),0.25972222222222224
52,20260718,dataset,us_crime(7.5%),0.0375
52,20260718,dataset,wine_quality(3.7%),0.12916666666666668
52,20260718,dataset,yeast_ml8(7.4%),0.006944444444444444
52,20260718,all6,,0.11820987654320987
52,20260718,benchmark,,0.12962962962962962
52,20260718,real,,0.14351851851851852
53,20260718,dataset,breast_cancer(37%),0.009722222222222222
53,20260718,dataset,synth(5%),0.20555555555555555
53,20260718,dataset,synth(1%),0.04861111111111111
53,20260718,dataset,creditcard(1%),0.1111111111111111
53,20260718,dataset,creditcard(0.5%),0.0125
53,20260718,dataset,iotid20(6.4%),0.006944444444444444
53,20260718,dataset,abalone(9.4%),0.06944444444444445
53,20260718,dataset,car_eval_34(7.8%),0.08611111111111111
53,20260718,dataset,car_eval_4(3.8%),0.05555555555555555
53,20260718,dataset,coil_2000(6.0%),0.16805555555555557
53,20260718,dataset,mammography(2.3%),0.07222222222222222
53,20260718,dataset,ozone_level(2.9%),0.32083333333333336
53,20260718,dataset,protein_homo(0.9%),0.013888888888888888
53,20260718,dataset,sick_euthyroid(9.3%),0.11805555555555555
53,20260718,dataset,thyroid_sick(6.1%),0.09444444444444444
53,20260718,dataset,us_crime(7.5%),0.10972222222222222
53,20260718,dataset,wine_quality(3.7%),0.06111111111111111
53,20260718,dataset,yeast_ml8(7.4%),0.027777777777777776
53,20260718,all6,,0.08842592592592594
53,20260718,benchmark,,0.08796296296296297
53,20260718,real,,0.04351851851851851
54,20260718,dataset,breast_cancer(37%),0.05694444444444444
54,20260718,dataset,synth(5%),0.019444444444444445
54,20260718,dataset,synth(1%),0.025
54,20260718,dataset,creditcard(1%),0.044444444444444446
54,20260718,dataset,creditcard(0.5%),0.06111111111111111
54,20260718,dataset,iotid20(6.4%),0.1597222222222222
54,20260718,dataset,abalone(9.4%),0.12083333333333333
54,20260718,dataset,car_eval_34(7.8%),0.04861111111111111
54,20260718,dataset,car_eval_4(3.8%),0.0125
54,20260718,dataset,coil_2000(6.0%),0.013888888888888888
54,20260718,dataset,mammography(2.3%),0.2652777777777778
54,20260718,dataset,ozone_level(2.9%),0.04861111111111111
54,20260718,dataset,protein_homo(0.9%),0.09027777777777778
54,20260718,dataset,sick_euthyroid(9.3%),0.11805555555555555
54,20260718,dataset,thyroid_sick(6.1%),0.015277777777777777
54,20260718,dataset,us_crime(7.5%),0.06111111111111111
54,20260718,dataset,wine_quality(3.7%),0.03194444444444444
54,20260718,dataset,yeast_ml8(7.4%),0.006944444444444444
54,20260718,all6,,0.06666666666666667
54,20260718,benchmark,,0.033796296296296297
54,20260718,real,,0.08842592592592592
55,20260718,dataset,breast_cancer(37%),0.011111111111111112
55,20260718,dataset,synth(5%),0.075
55,20260718,dataset,synth(1%),0.018055555555555554
55,20260718,dataset,creditcard(1%),0.020833333333333332
55,20260718,dataset,creditcard(0.5%),0.08888888888888889
55,20260718,dataset,iotid20(6.4%),0.10972222222222222
55,20260718,dataset,abalone(9.4%),0.04583333333333333
55,20260718,dataset,car_eval_34(7.8%),0.018055555555555554
55,20260718,dataset,car_eval_4(3.8%),0.13333333333333333
55,20260718,dataset,coil_2000(6.0%),0.03611111111111111
55,20260718,dataset,mammography(2.3%),0.022222222222222223
55,20260718,dataset,ozone_level(2.9%),0.12916666666666668
55,20260718,dataset,protein_homo(0.9%),0.04583333333333333
55,20260718,dataset,sick_euthyroid(9.3%),0.0763888888888889
55,20260718,dataset,thyroid_sick(6.1%),0.06111111111111111
55,20260718,dataset,us_crime(7.5%),0.011111111111111112
55,20260718,dataset,wine_quality(3.7%),0.03888888888888889
55,20260718,dataset,yeast_ml8(7.4%),0.041666666666666664
55,20260718,all6,,0.05462962962962963
55,20260718,benchmark,,0.034722222222222224
55,20260718,real,,0.07314814814814814
56,20260718,dataset,breast_cancer(37%),0.11944444444444445
56,20260718,dataset,synth(5%),0.011111111111111112
56,20260718,dataset,synth(1%),0.2902777777777778
56,20260718,dataset,creditcard(1%),0.44027777777777777
56,20260718,dataset,creditcard(0.5%),0.1486111111111111
56,20260718,dataset,iotid20(6.4%),0.2152777777777778
56,20260718,dataset,abalone(9.4%),0.08888888888888889
56,20260718,dataset,car_eval_34(7.8%),0.14027777777777778
56,20260718,dataset,car_eval_4(3.8%),0.12361111111111112
56,20260718,dataset,coil_2000(6.0%),0.05277777777777778
56,20260718,dataset,mammography(2.3%),0.08611111111111111
56,20260718,dataset,ozone_level(2.9%),0.018055555555555554
56,20260718,dataset,protein_homo(0.9%),0.05416666666666667
56,20260718,dataset,sick_euthyroid(9.3%),0.08333333333333333
56,20260718,dataset,thyroid_sick(6.1%),0.19305555555555556
56,20260718,dataset,us_crime(7.5%),0.03888888888888889
56,20260718,dataset,wine_quality(3.7%),0.004166666666666667
56,20260718,dataset,yeast_ml8(7.4%),0.07361111111111111
56,20260718,all6,,0.12121913580246914
56,20260718,benchmark,,0.1402777777777778
56,20260718,real,,0.26805555555555555
57,20260718,dataset,breast_cancer(37%),0.2902777777777778
57,20260718,dataset,synth(5%),0.05138888888888889
57,20260718,dataset,synth(1%),0.004166666666666667
57,20260718,dataset,creditcard(1%),0.07361111111111111
57,20260718,dataset,creditcard(0.5%),0.08194444444444444
57,20260718,dataset,iotid20(6.4%),0.07777777777777778
57,20260718,dataset,abalone(9.4%),0.004166666666666667
57,20260718,dataset,car_eval_34(7.8%),0.04722222222222222
57,20260718,dataset,car_eval_4(3.8%),0.08611111111111111
57,20260718,dataset,coil_2000(6.0%),0.006944444444444444
57,20260718,dataset,mammography(2.3%),0.06805555555555555
57,20260718,dataset,ozone_level(2.9%),0.48194444444444445
57,20260718,dataset,protein_homo(0.9%),0.1763888888888889
57,20260718,dataset,sick_euthyroid(9.3%),0.02361111111111111
57,20260718,dataset,thyroid_sick(6.1%),0.1
57,20260718,dataset,us_crime(7.5%),0.05416666666666667
57,20260718,dataset,wine_quality(3.7%),0.05138888888888889
57,20260718,dataset,yeast_ml8(7.4%),0.09027777777777778
57,20260718,all6,,0.09830246913580248
57,20260718,benchmark,,0.11527777777777777
57,20260718,real,,0.07777777777777778
58,20260718,dataset,breast_cancer(37%),0.08194444444444444
58,20260718,dataset,synth(5%),0.2125
58,20260718,dataset,synth(1%),0.05138888888888889
58,20260718,dataset,creditcard(1%),0.225
58,20260718,dataset,creditcard(0.5%),0.016666666666666666
58,20260718,dataset,iotid20(6.4%),0.027777777777777776
58,20260718,dataset,abalone(9.4%),0.24027777777777778
58,20260718,dataset,car_eval_34(7.8%),0.04583333333333333
58,20260718,dataset,car_eval_4(3.8%),0.075
58,20260718,dataset,coil_2000(6.0%),0.04583333333333333
58,20260718,dataset,mammography(2.3%),0.07083333333333333
58,20260718,dataset,ozone_level(2.9%),0.02361111111111111
58,20260718,dataset,protein_homo(0.9%),0.07222222222222222
58,20260718,dataset,sick_euthyroid(9.3%),0.05
58,20260718,dataset,thyroid_sick(6.1%),0.025
58,20260718,dataset,us_crime(7.5%),0.1375
58,20260718,dataset,wine_quality(3.7%),0.015277777777777777
58,20260718,dataset,yeast_ml8(7.4%),0.13194444444444445
58,20260718,all6,,0.08603395061728396
58,20260718,benchmark,,0.11527777777777777
58,20260718,real,,0.0898148148148148
59,20260718,dataset,breast_cancer(37%),0.06666666666666667
59,20260718,dataset,synth(5%),0.018055555555555554
59,20260718,dataset,synth(1%),0.1125
59,20260718,dataset,creditcard(1%),0.015277777777777777
59,20260718,dataset,creditcard(0.5%),0.09305555555555556
59,20260718,dataset,iotid20(6.4%),0.6152777777777778
59,20260718,dataset,abalone(9.4%),0.18611111111111112
59,20260718,dataset,car_eval_34(7.8%),0.05138888888888889
59,20260718,dataset,car_eval_4(3.8%),0.030555555555555555
59,20260718,dataset,coil_2000(6.0%),0.16805555555555557
59,20260718,dataset,mammography(2.3%),0.1125
59,20260718,dataset,ozone_level(2.9%),0.027777777777777776
59,20260718,dataset,protein_homo(0.9%),0.1597222222222222
59,20260718,dataset,sick_euthyroid(9.3%),0.05416666666666667
59,20260718,dataset,thyroid_sick(6.1%),0.030555555555555555
59,20260718,dataset,us_crime(7.5%),0.034722222222222224
59,20260718,dataset,wine_quality(3.7%),0.030555555555555555
59,20260718,dataset,yeast_ml8(7.4%),0.07222222222222222
59,20260718,all6,,0.10439814814814813
59,20260718,benchmark,,0.06574074074074075
59,20260718,real,,0.24120370370370373
60,20260718,dataset,breast_cancer(37%),0.034722222222222224
60,20260718,dataset,synth(5%),0.013888888888888888
60,20260718,dataset,synth(1%),0.06527777777777778
60,20260718,dataset,creditcard(1%),0.03194444444444444
60,20260718,dataset,creditcard(0.5%),0.11527777777777778
60,20260718,dataset,iotid20(6.4%),0.011111111111111112
60,20260718,dataset,abalone(9.4%),0.029166666666666667
60,20260718,dataset,car_eval_34(7.8%),0.019444444444444445
60,20260718,dataset,car_eval_4(3.8%),0.10694444444444444
60,20260718,dataset,coil_2000(6.0%),0.005555555555555556
60,20260718,dataset,mammography(2.3%),0.041666666666666664
60,20260718,dataset,ozone_level(2.9%),0.005555555555555556
60,20260718,dataset,protein_homo(0.9%),0.029166666666666667
60,20260718,dataset,sick_euthyroid(9.3%),0.10277777777777777
60,20260718,dataset,thyroid_sick(6.1%),0.06527777777777778
60,20260718,dataset,us_crime(7.5%),0.03194444444444444
60,20260718,dataset,wine_quality(3.7%),0.12638888888888888
60,20260718,dataset,yeast_ml8(7.4%),0.030555555555555555
60,20260718,all6,,0.04814814814814814
60,20260718,benchmark,,0.03796296296296296
60,20260718,real,,0.05277777777777778
61,20260718,dataset,breast_cancer(37%),0.1986111111111111
61,20260718,dataset,synth(5%),0.006944444444444444
61,20260718,dataset,synth(1%),0.05694444444444444
61,20260718,dataset,creditcard(1%),0.020833333333333332
61,20260718,dataset,creditcard(0.5%),0.10694444444444444
61,20260718,dataset,iotid20(6.4%),0.04027777777777778
61,20260718,dataset,abalone(9.4%),0.05555555555555555
61,20260718,dataset,car_eval_34(7.8%),0.04722222222222222
61,20260718,dataset,car_eval_4(3.8%),0.16111111111111112
61,20260718,dataset,coil_2000(6.0%),0.04027777777777778
61,20260718,dataset,mammography(2.3%),0.029166666666666667
61,20260718,dataset,ozone_level(2.9%),0.08472222222222223
61,20260718,dataset,protein_homo(0.9%),0.08055555555555556
61,20260718,dataset,sick_euthyroid(9.3%),0.009722222222222222
61,20260718,dataset,thyroid_sick(6.1%),0.015277777777777777
61,20260718,dataset,us_crime(7.5%),0.05277777777777778
61,20260718,dataset,wine_quality(3.7%),0.04583333333333333
61,20260718,dataset,yeast_ml8(7.4%),0.04027777777777778
61,20260718,all6,,0.060725308641975305
61,20260718,benchmark,,0.08749999999999998
61,20260718,real,,0.056018518518518516
62,20260718,dataset,breast_cancer(37%),0.009722222222222222
62,20260718,dataset,synth(5%),0.2763888888888889
62,20260718,dataset,synth(1%),0.3375
62,20260718,dataset,creditcard(1%),0.10555555555555556
62,20260718,dataset,creditcard(0.5%),0.19583333333333333
62,20260718,dataset,iotid20(6.4%),0.3402777777777778
62,20260718,dataset,abalone(9.4%),0.11944444444444445
62,20260718,dataset,car_eval_34(7.8%),0.025
62,20260718,dataset,car_eval_4(3.8%),0.027777777777777776
62,20260718,dataset,coil_2000(6.0%),0.04722222222222222
62,20260718,dataset,mammography(2.3%),0.04583333333333333
62,20260718,dataset,ozone_level(2.9%),0.020833333333333332
62,20260718,dataset,protein_homo(0.9%),0.08611111111111111
62,20260718,dataset,sick_euthyroid(9.3%),0.14166666666666666
62,20260718,dataset,thyroid_sick(6.1%),0.10416666666666667
62,20260718,dataset,us_crime(7.5%),0.005555555555555556
62,20260718,dataset,wine_quality(3.7%),0.08611111111111111
62,20260718,dataset,yeast_ml8(7.4%),0.3347222222222222
62,20260718,all6,,0.1283179012345679
62,20260718,benchmark,,0.20787037037037037
62,20260718,real,,0.21388888888888888
63,20260718,dataset,breast_cancer(37%),0.044444444444444446
63,20260718,dataset,synth(5%),0.006944444444444444
63,20260718,dataset,synth(1%),0.09861111111111111
63,20260718,dataset,creditcard(1%),0.2722222222222222
63,20260718,dataset,creditcard(0.5%),0.06111111111111111
63,20260718,dataset,iotid20(6.4%),0.09861111111111111
63,20260718,dataset,abalone(9.4%),0.025
63,20260718,dataset,car_eval_34(7.8%),0.03333333333333333
63,20260718,dataset,car_eval_4(3.8%),0.013888888888888888
63,20260718,dataset,coil_2000(6.0%),0.08888888888888889
63,20260718,dataset,mammography(2.3%),0.015277777777777777
63,20260718,dataset,ozone_level(2.9%),0.04722222222222222
63,20260718,dataset,protein_homo(0.9%),0.0375
63,20260718,dataset,sick_euthyroid(9.3%),0.018055555555555554
63,20260718,dataset,thyroid_sick(6.1%),0.019444444444444445
63,20260718,dataset,us_crime(7.5%),0.0375
63,20260718,dataset,wine_quality(3.7%),0.08055555555555556
63,20260718,dataset,yeast_ml8(7.4%),0.044444444444444446
63,20260718,all6,,0.05794753086419752
63,20260718,benchmark,,0.049999999999999996
63,20260718,real,,0.14398148148148146
64,20260718,dataset,breast_cancer(37%),0.0625
64,20260718,dataset,synth(5%),0.2263888888888889
64,20260718,dataset,synth(1%),0.24027777777777778
64,20260718,dataset,creditcard(1%),0.1527777777777778
64,20260718,dataset,creditcard(0.5%),0.1763888888888889
64,20260718,dataset,iotid20(6.4%),0.27361111111111114
64,20260718,dataset,abalone(9.4%),0.28055555555555556
64,20260718,dataset,car_eval_34(7.8%),0.02361111111111111
64,20260718,dataset,car_eval_4(3.8%),0.03194444444444444
64,20260718,dataset,coil_2000(6.0%),0.009722222222222222
64,20260718,dataset,mammography(2.3%),0.10138888888888889
64,20260718,dataset,ozone_level(2.9%),0.24305555555555555
64,20260718,dataset,protein_homo(0.9%),0.07083333333333333
64,20260718,dataset,sick_euthyroid(9.3%),0.059722222222222225
64,20260718,dataset,thyroid_sick(6.1%),0.13472222222222222
64,20260718,dataset,us_crime(7.5%),0.030555555555555555
64,20260718,dataset,wine_quality(3.7%),0.029166666666666667
64,20260718,dataset,yeast_ml8(7.4%),0.043055555555555555
64,20260718,all6,,0.1216820987654321
64,20260718,benchmark,,0.1763888888888889
64,20260718,real,,0.20092592592592595
65,20260718,dataset,breast_cancer(37%),0.22361111111111112
65,20260718,dataset,synth(5%),0.0125
65,20260718,dataset,synth(1%),0.030555555555555555
65,20260718,dataset,creditcard(1%),0.058333333333333334
65,20260718,dataset,creditcard(0.5%),0.059722222222222225
65,20260718,dataset,iotid20(6.4%),0.05277777777777778
65,20260718,dataset,abalone(9.4%),0.19166666666666668
65,20260718,dataset,car_eval_34(7.8%),0.05694444444444444
65,20260718,dataset,car_eval_4(3.8%),0.24305555555555555
65,20260718,dataset,coil_2000(6.0%),0.15555555555555556
65,20260718,dataset,mammography(2.3%),0.022222222222222223
65,20260718,dataset,ozone_level(2.9%),0.1486111111111111
65,20260718,dataset,protein_homo(0.9%),0.027777777777777776
65,20260718,dataset,sick_euthyroid(9.3%),0.0875
65,20260718,dataset,thyroid_sick(6.1%),0.07222222222222222
65,20260718,dataset,us_crime(7.5%),0.004166666666666667
65,20260718,dataset,wine_quality(3.7%),0.06527777777777778
65,20260718,dataset,yeast_ml8(7.4%),0.022222222222222223
65,20260718,all6,,0.08526234567901234
65,20260718,benchmark,,0.08888888888888889
65,20260718,real,,0.05694444444444444
66,20260718,dataset,breast_cancer(37%),0.2361111111111111
66,20260718,dataset,synth(5%),0.07777777777777778
66,20260718,dataset,synth(1%),0.019444444444444445
66,20260718,dataset,creditcard(1%),0.08333333333333333
66,20260718,dataset,creditcard(0.5%),0.034722222222222224
66,20260718,dataset,iotid20(6.4%),0.011111111111111112
66,20260718,dataset,abalone(9.4%),0.004166666666666667
66,20260718,dataset,car_eval_34(7.8%),0.04722222222222222
66,20260718,dataset,car_eval_4(3.8%),0.009722222222222222
66,20260718,dataset,coil_2000(6.0%),0.275
66,20260718,dataset,mammography(2.3%),0.08472222222222223
66,20260718,dataset,ozone_level(2.9%),0.05694444444444444
66,20260718,dataset,protein_homo(0.9%),0.013888888888888888
66,20260718,dataset,sick_euthyroid(9.3%),0.018055555555555554
66,20260718,dataset,thyroid_sick(6.1%),0.03888888888888889
66,20260718,dataset,us_crime(7.5%),0.07083333333333333
66,20260718,dataset,wine_quality(3.7%),0.1875
66,20260718,dataset,yeast_ml8(7.4%),0.07361111111111111
66,20260718,all6,,0.0746141975308642
66,20260718,benchmark,,0.1111111111111111
66,20260718,real,,0.04305555555555555
67,20260718,dataset,breast_cancer(37%),0.059722222222222225
67,20260718,dataset,synth(5%),0.043055555555555555
67,20260718,dataset,synth(1%),0.10555555555555556
67,20260718,dataset,creditcard(1%),0.04027777777777778
67,20260718,dataset,creditcard(0.5%),0.1361111111111111
67,20260718,dataset,iotid20(6.4%),0.1986111111111111
67,20260718,dataset,abalone(9.4%),0.02638888888888889
67,20260718,dataset,car_eval_34(7.8%),0.06527777777777778
67,20260718,dataset,car_eval_4(3.8%),0.041666666666666664
67,20260718,dataset,coil_2000(6.0%),0.009722222222222222
67,20260718,dataset,mammography(2.3%),0.09861111111111111
67,20260718,dataset,ozone_level(2.9%),0.09027777777777778
67,20260718,dataset,protein_homo(0.9%),0.14583333333333334
67,20260718,dataset,sick_euthyroid(9.3%),0.27361111111111114
67,20260718,dataset,thyroid_sick(6.1%),0.17222222222222222
67,20260718,dataset,us_crime(7.5%),0.04861111111111111
67,20260718,dataset,wine_quality(3.7%),0.17916666666666667
67,20260718,dataset,yeast_ml8(7.4%),0.0763888888888889
67,20260718,all6,,0.10061728395061728
67,20260718,benchmark,,0.06944444444444445
67,20260718,real,,0.125
68,20260718,dataset,breast_cancer(37%),0.02361111111111111
68,20260718,dataset,synth(5%),0.0375
68,20260718,dataset,synth(1%),0.225
68,20260718,dataset,creditcard(1%),0.09444444444444444
68,20260718,dataset,creditcard(0.5%),0.11666666666666667
68,20260718,dataset,iotid20(6.4%),0.0125
68,20260718,dataset,abalone(9.4%),0.12222222222222222
68,20260718,dataset,car_eval_34(7.8%),0.018055555555555554
68,20260718,dataset,car_eval_4(3.8%),0.17083333333333334
68,20260718,dataset,coil_2000(6.0%),0.14305555555555555
68,20260718,dataset,mammography(2.3%),0.31666666666666665
68,20260718,dataset,ozone_level(2.9%),0.05416666666666667
68,20260718,dataset,protein_homo(0.9%),0.2013888888888889
68,20260718,dataset,sick_euthyroid(9.3%),0.005555555555555556
68,20260718,dataset,thyroid_sick(6.1%),0.041666666666666664
68,20260718,dataset,us_crime(7.5%),0.05
68,20260718,dataset,wine_quality(3.7%),0.0625
68,20260718,dataset,yeast_ml8(7.4%),0.06111111111111111
68,20260718,all6,,0.09760802469135803
68,20260718,benchmark,,0.09537037037037037
68,20260718,real,,0.07453703703703704
69,20260718,dataset,breast_cancer(37%),0.0375
69,20260718,dataset,synth(5%),0.10138888888888889
69,20260718,dataset,synth(1%),0.0763888888888889
69,20260718,dataset,creditcard(1%),0.10416666666666667
69,20260718,dataset,creditcard(0.5%),0.022222222222222223
69,20260718,dataset,iotid20(6.4%),0.29444444444444445
69,20260718,dataset,abalone(9.4%),0.04861111111111111
69,20260718,dataset,car_eval_34(7.8%),0.030555555555555555
69,20260718,dataset,car_eval_4(3.8%),0.3388888888888889
69,20260718,dataset,coil_2000(6.0%),0.03611111111111111
69,20260718,dataset,mammography(2.3%),0.0125
69,20260718,dataset,ozone_level(2.9%),0.08611111111111111
69,20260718,dataset,protein_homo(0.9%),0.12361111111111112
69,20260718,dataset,sick_euthyroid(9.3%),0.03194444444444444
69,20260718,dataset,thyroid_sick(6.1%),0.0375
69,20260718,dataset,us_crime(7.5%),0.06805555555555555
69,20260718,dataset,wine_quality(3.7%),0.04583333333333333
69,20260718,dataset,yeast_ml8(7.4%),0.08055555555555556
69,20260718,all6,,0.08757716049382717
69,20260718,benchmark,,0.07175925925925926
69,20260718,real,,0.14027777777777778
70,20260718,dataset,breast_cancer(37%),0.015277777777777777
70,20260718,dataset,synth(5%),0.043055555555555555
70,20260718,dataset,synth(1%),0.029166666666666667
70,20260718,dataset,creditcard(1%),0.5569444444444445
70,20260718,dataset,creditcard(0.5%),0.29305555555555557
70,20260718,dataset,iotid20(6.4%),0.043055555555555555
70,20260718,dataset,abalone(9.4%),0.05
70,20260718,dataset,car_eval_34(7.8%),0.07361111111111111
70,20260718,dataset,car_eval_4(3.8%),0.11527777777777778
70,20260718,dataset,coil_2000(6.0%),0.018055555555555554
70,20260718,dataset,mammography(2.3%),0.013888888888888888
70,20260718,dataset,ozone_level(2.9%),0.10416666666666667
70,20260718,dataset,protein_homo(0.9%),0.15833333333333333
70,20260718,dataset,sick_euthyroid(9.3%),0.07222222222222222
70,20260718,dataset,thyroid_sick(6.1%),0.03194444444444444
70,20260718,dataset,us_crime(7.5%),0.06111111111111111
70,20260718,dataset,wine_quality(3.7%),0.02361111111111111
70,20260718,dataset,yeast_ml8(7.4%),0.10416666666666667
70,20260718,all6,,0.10038580246913581
70,20260718,benchmark,,0.029166666666666664
70,20260718,real,,0.2976851851851852
71,20260718,dataset,breast_cancer(37%),0.10694444444444444
71,20260718,dataset,synth(5%),0.10416666666666667
71,20260718,dataset,synth(1%),0.07083333333333333
71,20260718,dataset,creditcard(1%),0.018055555555555554
71,20260718,dataset,creditcard(0.5%),0.030555555555555555
71,20260718,dataset,iotid20(6.4%),0.03194444444444444
71,20260718,dataset,abalone(9.4%),0.04861111111111111
71,20260718,dataset,car_eval_34(7.8%),0.1625
71,20260718,dataset,car_eval_4(3.8%),0.11805555555555555
71,20260718,dataset,coil_2000(6.0%),0.04861111111111111
71,20260718,dataset,mammography(2.3%),0.009722222222222222
71,20260718,dataset,ozone_level(2.9%),0.11527777777777778
71,20260718,dataset,protein_homo(0.9%),0.08611111111111111
71,20260718,dataset,sick_euthyroid(9.3%),0.027777777777777776
71,20260718,dataset,thyroid_sick(6.1%),0.15555555555555556
71,20260718,dataset,us_crime(7.5%),0.14444444444444443
71,20260718,dataset,wine_quality(3.7%),0.1763888888888889
71,20260718,dataset,yeast_ml8(7.4%),0.0763888888888889
71,20260718,all6,,0.08510802469135803
71,20260718,benchmark,,0.09398148148148149
71,20260718,real,,0.02685185185185185
72,20260718,dataset,breast_cancer(37%),0.011111111111111112
72,20260718,dataset,synth(5%),0.002777777777777778
72,20260718,dataset,synth(1%),0.009722222222222222
72,20260718,dataset,creditcard(1%),0.3013888888888889
72,20260718,dataset,creditcard(0.5%),0.06944444444444445
72,20260718,dataset,iotid20(6.4%),0.04861111111111111
72,20260718,dataset,abalone(9.4%),0.07361111111111111
72,20260718,dataset,car_eval_34(7.8%),0.08194444444444444
72,20260718,dataset,car_eval_4(3.8%),0.17916666666666667
72,20260718,dataset,coil_2000(6.0%),0.05138888888888889
72,20260718,dataset,mammography(2.3%),0.02638888888888889
72,20260718,dataset,ozone_level(2.9%),0.1388888888888889
72,20260718,dataset,protein_homo(0.9%),0.030555555555555555
72,20260718,dataset,sick_euthyroid(9.3%),0.06527777777777778
72,20260718,dataset,thyroid_sick(6.1%),0.027777777777777776
72,20260718,dataset,us_crime(7.5%),0.03333333333333333
72,20260718,dataset,wine_quality(3.7%),0.043055555555555555
72,20260718,dataset,yeast_ml8(7.4%),0.11666666666666667
72,20260718,all6,,0.07283950617283949
72,20260718,benchmark,,0.00787037037037037
72,20260718,real,,0.1398148148148148
73,20260718,dataset,breast_cancer(37%),0.06944444444444445
73,20260718,dataset,synth(5%),0.18333333333333332
73,20260718,dataset,synth(1%),0.020833333333333332
73,20260718,dataset,creditcard(1%),0.02638888888888889
73,20260718,dataset,creditcard(0.5%),0.29444444444444445
73,20260718,dataset,iotid20(6.4%),0.0125
73,20260718,dataset,abalone(9.4%),0.10833333333333334
73,20260718,dataset,car_eval_34(7.8%),0.04583333333333333
73,20260718,dataset,car_eval_4(3.8%),0.525
73,20260718,dataset,coil_2000(6.0%),0.09305555555555556
73,20260718,dataset,mammography(2.3%),0.10416666666666667
73,20260718,dataset,ozone_level(2.9%),0.04861111111111111
73,20260718,dataset,protein_homo(0.9%),0.11388888888888889
73,20260718,dataset,sick_euthyroid(9.3%),0.0625
73,20260718,dataset,thyroid_sick(6.1%),0.020833333333333332
73,20260718,dataset,us_crime(7.5%),0.1125
73,20260718,dataset,wine_quality(3.7%),0.13472222222222222
73,20260718,dataset,yeast_ml8(7.4%),0.016666666666666666
73,20260718,all6,,0.11072530864197531
73,20260718,benchmark,,0.09120370370370372
73,20260718,real,,0.11111111111111112
74,20260718,dataset,breast_cancer(37%),0.05
74,20260718,dataset,synth(5%),0.09583333333333334
74,20260718,dataset,synth(1%),0.23472222222222222
74,20260718,dataset,creditcard(1%),0.05694444444444444
74,20260718,dataset,creditcard(0.5%),0.13472222222222222
74,20260718,dataset,iotid20(6.4%),0.10833333333333334
74,20260718,dataset,abalone(9.4%),0.09027777777777778
74,20260718,dataset,car_eval_34(7.8%),0.03888888888888889
74,20260718,dataset,car_eval_4(3.8%),0.3819444444444444
74,20260718,dataset,coil_2000(6.0%),0.11805555555555555
74,20260718,dataset,mammography(2.3%),0.030555555555555555
74,20260718,dataset,ozone_level(2.9%),0.09305555555555556
74,20260718,dataset,protein_homo(0.9%),0.06388888888888888
74,20260718,dataset,sick_euthyroid(9.3%),0.15138888888888888
74,20260718,dataset,thyroid_sick(6.1%),0.2263888888888889
74,20260718,dataset,us_crime(7.5%),0.06527777777777778
74,20260718,dataset,wine_quality(3.7%),0.18194444444444444
74,20260718,dataset,yeast_ml8(7.4%),0.16527777777777777
74,20260718,all6,,0.12708333333333333
74,20260718,benchmark,,0.12685185185185185
74,20260718,real,,0.09999999999999999
75,20260718,dataset,breast_cancer(37%),0.0375
75,20260718,dataset,synth(5%),0.011111111111111112
75,20260718,dataset,synth(1%),0.19027777777777777
75,20260718,dataset,creditcard(1%),0.027777777777777776
75,20260718,dataset,creditcard(0.5%),0.02361111111111111
75,20260718,dataset,iotid20(6.4%),0.04861111111111111
75,20260718,dataset,abalone(9.4%),0.15
75,20260718,dataset,car_eval_34(7.8%),0.027777777777777776
75,20260718,dataset,car_eval_4(3.8%),0.05694444444444444
75,20260718,dataset,coil_2000(6.0%),0.09305555555555556
75,20260718,dataset,mammography(2.3%),0.027777777777777776
75,20260718,dataset,ozone_level(2.9%),0.058333333333333334
75,20260718,dataset,protein_homo(0.9%),0.22361111111111112
75,20260718,dataset,sick_euthyroid(9.3%),0.09027777777777778
75,20260718,dataset,thyroid_sick(6.1%),0.02361111111111111
75,20260718,dataset,us_crime(7.5%),0.02361111111111111
75,20260718,dataset,wine_quality(3.7%),0.008333333333333333
75,20260718,dataset,yeast_ml8(7.4%),0.04027777777777778
75,20260718,all6,,0.06458333333333333
75,20260718,benchmark,,0.07962962962962962
75,20260718,real,,0.03333333333333333
76,20260718,dataset,breast_cancer(37%),0.018055555555555554
76,20260718,dataset,synth(5%),0.04861111111111111
76,20260718,dataset,synth(1%),0.18472222222222223
76,20260718,dataset,creditcard(1%),0.04027777777777778
76,20260718,dataset,creditcard(0.5%),0.19166666666666668
76,20260718,dataset,iotid20(6.4%),0.05555555555555555
76,20260718,dataset,abalone(9.4%),0.18194444444444444
76,20260718,dataset,car_eval_34(7.8%),0.030555555555555555
76,20260718,dataset,car_eval_4(3.8%),0.10694444444444444
76,20260718,dataset,coil_2000(6.0%),0.03888888888888889
76,20260718,dataset,mammography(2.3%),0.043055555555555555
76,20260718,dataset,ozone_level(2.9%),0.030555555555555555
76,20260718,dataset,protein_homo(0.9%),0.034722222222222224
76,20260718,dataset,sick_euthyroid(9.3%),0.03194444444444444
76,20260718,dataset,thyroid_sick(6.1%),0.04583333333333333
76,20260718,dataset,us_crime(7.5%),0.013888888888888888
76,20260718,dataset,wine_quality(3.7%),0.06388888888888888
76,20260718,dataset,yeast_ml8(7.4%),0.027777777777777776
76,20260718,all6,,0.06604938271604938
76,20260718,benchmark,,0.0837962962962963
76,20260718,real,,0.09583333333333333
77,20260718,dataset,breast_cancer(37%),0.15
77,20260718,dataset,synth(5%),0.0763888888888889
77,20260718,dataset,synth(1%),0.043055555555555555
77,20260718,dataset,creditcard(1%),0.10694444444444444
77,20260718,dataset,creditcard(0.5%),0.1763888888888889
77,20260718,dataset,iotid20(6.4%),0.02361111111111111
77,20260718,dataset,abalone(9.4%),0.07361111111111111
77,20260718,dataset,car_eval_34(7.8%),0.05694444444444444
77,20260718,dataset,car_eval_4(3.8%),0.375
77,20260718,dataset,coil_2000(6.0%),0.030555555555555555
77,20260718,dataset,mammography(2.3%),0.07083333333333333
77,20260718,dataset,ozone_level(2.9%),0.018055555555555554
77,20260718,dataset,protein_homo(0.9%),0.07222222222222222
77,20260718,dataset,sick_euthyroid(9.3%),0.0125
77,20260718,dataset,thyroid_sick(6.1%),0.05277777777777778
77,20260718,dataset,us_crime(7.5%),0.034722222222222224
77,20260718,dataset,wine_quality(3.7%),0.06666666666666667
77,20260718,dataset,yeast_ml8(7.4%),0.0763888888888889
77,20260718,all6,,0.08425925925925926
77,20260718,benchmark,,0.0898148148148148
77,20260718,real,,0.10231481481481482
78,20260718,dataset,breast_cancer(37%),0.09861111111111111
78,20260718,dataset,synth(5%),0.058333333333333334
78,20260718,dataset,synth(1%),0.059722222222222225
78,20260718,dataset,creditcard(1%),0.3486111111111111
78,20260718,dataset,creditcard(0.5%),0.11388888888888889
78,20260718,dataset,iotid20(6.4%),0.030555555555555555
78,20260718,dataset,abalone(9.4%),0.09305555555555556
78,20260718,dataset,car_eval_34(7.8%),0.005555555555555556
78,20260718,dataset,car_eval_4(3.8%),0.15
78,20260718,dataset,coil_2000(6.0%),0.06527777777777778
78,20260718,dataset,mammography(2.3%),0.2111111111111111
78,20260718,dataset,ozone_level(2.9%),0.009722222222222222
78,20260718,dataset,protein_homo(0.9%),0.17916666666666667
78,20260718,dataset,sick_euthyroid(9.3%),0.030555555555555555
78,20260718,dataset,thyroid_sick(6.1%),0.06805555555555555
78,20260718,dataset,us_crime(7.5%),0.15694444444444444
78,20260718,dataset,wine_quality(3.7%),0.03194444444444444
78,20260718,dataset,yeast_ml8(7.4%),0.03194444444444444
78,20260718,all6,,0.09683641975308642
78,20260718,benchmark,,0.07222222222222223
78,20260718,real,,0.16435185185185183
79,20260718,dataset,breast_cancer(37%),0.06527777777777778
79,20260718,dataset,synth(5%),0.013888888888888888
79,20260718,dataset,synth(1%),0.11805555555555555
79,20260718,dataset,creditcard(1%),0.04722222222222222
79,20260718,dataset,creditcard(0.5%),0.10555555555555556
79,20260718,dataset,iotid20(6.4%),0.08472222222222223
79,20260718,dataset,abalone(9.4%),0.0875
79,20260718,dataset,car_eval_34(7.8%),0.10138888888888889
79,20260718,dataset,car_eval_4(3.8%),0.001388888888888889
79,20260718,dataset,coil_2000(6.0%),0.175
79,20260718,dataset,mammography(2.3%),0.09027777777777778
79,20260718,dataset,ozone_level(2.9%),0.1388888888888889
79,20260718,dataset,protein_homo(0.9%),0.11805555555555555
79,20260718,dataset,sick_euthyroid(9.3%),0.02361111111111111
79,20260718,dataset,thyroid_sick(6.1%),0.1986111111111111
79,20260718,dataset,us_crime(7.5%),0.06666666666666667
79,20260718,dataset,wine_quality(3.7%),0.04583333333333333
79,20260718,dataset,yeast_ml8(7.4%),0.05555555555555555
79,20260718,all6,,0.08541666666666665
79,20260718,benchmark,,0.06574074074074075
79,20260718,real,,0.07916666666666668
80,20260718,dataset,breast_cancer(37%),0.05
80,20260718,dataset,synth(5%),0.10555555555555556
80,20260718,dataset,synth(1%),0.23055555555555557
80,20260718,dataset,creditcard(1%),0.19583333333333333
80,20260718,dataset,creditcard(0.5%),0.02638888888888889
80,20260718,dataset,iotid20(6.4%),0.09861111111111111
80,20260718,dataset,abalone(9.4%),0.018055555555555554
80,20260718,dataset,car_eval_34(7.8%),0.08194444444444444
80,20260718,dataset,car_eval_4(3.8%),0.1375
80,20260718,dataset,coil_2000(6.0%),0.09583333333333334
80,20260718,dataset,mammography(2.3%),0.016666666666666666
80,20260718,dataset,ozone_level(2.9%),0.025
80,20260718,dataset,protein_homo(0.9%),0.30833333333333335
80,20260718,dataset,sick_euthyroid(9.3%),0.06111111111111111
80,20260718,dataset,thyroid_sick(6.1%),0.10138888888888889
80,20260718,dataset,us_crime(7.5%),0.08888888888888889
80,20260718,dataset,wine_quality(3.7%),0.16805555555555557
80,20260718,dataset,yeast_ml8(7.4%),0.0763888888888889
80,20260718,all6,,0.10478395061728395
80,20260718,benchmark,,0.1287037037037037
80,20260718,real,,0.10694444444444444
81,20260718,dataset,breast_cancer(37%),0.15
81,20260718,dataset,synth(5%),0.10138888888888889
81,20260718,dataset,synth(1%),0.08611111111111111
81,20260718,dataset,creditcard(1%),0.03888888888888889
81,20260718,dataset,creditcard(0.5%),0.125
81,20260718,dataset,iotid20(6.4%),0.09444444444444444
81,20260718,dataset,abalone(9.4%),0.03194444444444444
81,20260718,dataset,car_eval_34(7.8%),0.07222222222222222
81,20260718,dataset,car_eval_4(3.8%),0.03888888888888889
81,20260718,dataset,coil_2000(6.0%),0.11805555555555555
81,20260718,dataset,mammography(2.3%),0.09027777777777778
81,20260718,dataset,ozone_level(2.9%),0.05277777777777778
81,20260718,dataset,protein_homo(0.9%),0.07361111111111111
81,20260718,dataset,sick_euthyroid(9.3%),0.07777777777777778
81,20260718,dataset,thyroid_sick(6.1%),0.0625
81,20260718,dataset,us_crime(7.5%),0.05
81,20260718,dataset,wine_quality(3.7%),0.08333333333333333
81,20260718,dataset,yeast_ml8(7.4%),0.1111111111111111
81,20260718,all6,,0.08101851851851852
81,20260718,benchmark,,0.1125
81,20260718,real,,0.0861111111111111
82,20260718,dataset,breast_cancer(37%),0.08194444444444444
82,20260718,dataset,synth(5%),0.009722222222222222
82,20260718,dataset,synth(1%),0.0625
82,20260718,dataset,creditcard(1%),0.0375
82,20260718,dataset,creditcard(0.5%),0.07916666666666666
82,20260718,dataset,iotid20(6.4%),0.011111111111111112
82,20260718,dataset,abalone(9.4%),0.06388888888888888
82,20260718,dataset,car_eval_34(7.8%),0.07222222222222222
82,20260718,dataset,car_eval_4(3.8%),0.08055555555555556
82,20260718,dataset,coil_2000(6.0%),0.2388888888888889
82,20260718,dataset,mammography(2.3%),0.09027777777777778
82,20260718,dataset,ozone_level(2.9%),0.06111111111111111
82,20260718,dataset,protein_homo(0.9%),0.05694444444444444
82,20260718,dataset,sick_euthyroid(9.3%),0.2125
82,20260718,dataset,thyroid_sick(6.1%),0.02638888888888889
82,20260718,dataset,us_crime(7.5%),0.07777777777777778
82,20260718,dataset,wine_quality(3.7%),0.17916666666666667
82,20260718,dataset,yeast_ml8(7.4%),0.11944444444444445
82,20260718,all6,,0.0867283950617284
82,20260718,benchmark,,0.051388888888888894
82,20260718,real,,0.04259259259259259
83,20260718,dataset,breast_cancer(37%),0.13194444444444445
83,20260718,dataset,synth(5%),0.07916666666666666
83,20260718,dataset,synth(1%),0.10138888888888889
83,20260718,dataset,creditcard(1%),0.25
83,20260718,dataset,creditcard(0.5%),0.09305555555555556
83,20260718,dataset,iotid20(6.4%),0.004166666666666667
83,20260718,dataset,abalone(9.4%),0.15
83,20260718,dataset,car_eval_34(7.8%),0.08611111111111111
83,20260718,dataset,car_eval_4(3.8%),0.004166666666666667
83,20260718,dataset,coil_2000(6.0%),0.04583333333333333
83,20260718,dataset,mammography(2.3%),0.059722222222222225
83,20260718,dataset,ozone_level(2.9%),0.13472222222222222
83,20260718,dataset,protein_homo(0.9%),0.030555555555555555
83,20260718,dataset,sick_euthyroid(9.3%),0.08888888888888889
83,20260718,dataset,thyroid_sick(6.1%),0.2625
83,20260718,dataset,us_crime(7.5%),0.12638888888888888
83,20260718,dataset,wine_quality(3.7%),0.19722222222222222
83,20260718,dataset,yeast_ml8(7.4%),0.015277777777777777
83,20260718,all6,,0.10339506172839505
83,20260718,benchmark,,0.10416666666666667
83,20260718,real,,0.11574074074074074
84,20260718,dataset,breast_cancer(37%),0.13194444444444445
84,20260718,dataset,synth(5%),0.05555555555555555
84,20260718,dataset,synth(1%),0.07222222222222222
84,20260718,dataset,creditcard(1%),0.001388888888888889
84,20260718,dataset,creditcard(0.5%),0.005555555555555556
84,20260718,dataset,iotid20(6.4%),0.125
84,20260718,dataset,abalone(9.4%),0.0375
84,20260718,dataset,car_eval_34(7.8%),0.06111111111111111
84,20260718,dataset,car_eval_4(3.8%),0.05416666666666667
84,20260718,dataset,coil_2000(6.0%),0.05138888888888889
84,20260718,dataset,mammography(2.3%),0.02638888888888889
84,20260718,dataset,ozone_level(2.9%),0.04583333333333333
84,20260718,dataset,protein_homo(0.9%),0.03194444444444444
84,20260718,dataset,sick_euthyroid(9.3%),0.020833333333333332
84,20260718,dataset,thyroid_sick(6.1%),0.043055555555555555
84,20260718,dataset,us_crime(7.5%),0.044444444444444446
84,20260718,dataset,wine_quality(3.7%),0.13194444444444445
84,20260718,dataset,yeast_ml8(7.4%),0.03333333333333333
84,20260718,all6,,0.0540895061728395
84,20260718,benchmark,,0.08657407407407407
84,20260718,real,,0.04398148148148148
85,20260718,dataset,breast_cancer(37%),0.19444444444444445
85,20260718,dataset,synth(5%),0.1625
85,20260718,dataset,synth(1%),0.2722222222222222
85,20260718,dataset,creditcard(1%),0.10694444444444444
85,20260718,dataset,creditcard(0.5%),0.07916666666666666
85,20260718,dataset,iotid20(6.4%),0.10694444444444444
85,20260718,dataset,abalone(9.4%),0.09722222222222222
85,20260718,dataset,car_eval_34(7.8%),0.18611111111111112
85,20260718,dataset,car_eval_4(3.8%),0.016666666666666666
85,20260718,dataset,coil_2000(6.0%),0.03333333333333333
85,20260718,dataset,mammography(2.3%),0.04861111111111111
85,20260718,dataset,ozone_level(2.9%),0.05694444444444444
85,20260718,dataset,protein_homo(0.9%),0.07361111111111111
85,20260718,dataset,sick_euthyroid(9.3%),0.15138888888888888
85,20260718,dataset,thyroid_sick(6.1%),0.015277777777777777
85,20260718,dataset,us_crime(7.5%),0.005555555555555556
85,20260718,dataset,wine_quality(3.7%),0.08472222222222223
85,20260718,dataset,yeast_ml8(7.4%),0.24027777777777778
85,20260718,all6,,0.10733024691358024
85,20260718,benchmark,,0.20972222222222223
85,20260718,real,,0.0976851851851852
86,20260718,dataset,breast_cancer(37%),0.20416666666666666
86,20260718,dataset,synth(5%),0.009722222222222222
86,20260718,dataset,synth(1%),0.1527777777777778
86,20260718,dataset,creditcard(1%),0.04861111111111111
86,20260718,dataset,creditcard(0.5%),0.04027777777777778
86,20260718,dataset,iotid20(6.4%),0.29305555555555557
86,20260718,dataset,abalone(9.4%),0.03611111111111111
86,20260718,dataset,car_eval_34(7.8%),0.019444444444444445
86,20260718,dataset,car_eval_4(3.8%),0.1111111111111111
86,20260718,dataset,coil_2000(6.0%),0.018055555555555554
86,20260718,dataset,mammography(2.3%),0.07777777777777778
86,20260718,dataset,ozone_level(2.9%),0.005555555555555556
86,20260718,dataset,protein_homo(0.9%),0.04027777777777778
86,20260718,dataset,sick_euthyroid(9.3%),0.13333333333333333
86,20260718,dataset,thyroid_sick(6.1%),0.10416666666666667
86,20260718,dataset,us_crime(7.5%),0.10138888888888889
86,20260718,dataset,wine_quality(3.7%),0.06666666666666667
86,20260718,dataset,yeast_ml8(7.4%),0.10138888888888889
86,20260718,all6,,0.08688271604938272
86,20260718,benchmark,,0.12222222222222223
86,20260718,real,,0.12731481481481483
87,20260718,dataset,breast_cancer(37%),0.2152777777777778
87,20260718,dataset,synth(5%),0.12777777777777777
87,20260718,dataset,synth(1%),0.09027777777777778
87,20260718,dataset,creditcard(1%),0.13472222222222222
87,20260718,dataset,creditcard(0.5%),0.08472222222222223
87,20260718,dataset,iotid20(6.4%),0.06388888888888888
87,20260718,dataset,abalone(9.4%),0.04583333333333333
87,20260718,dataset,car_eval_34(7.8%),0.02361111111111111
87,20260718,dataset,car_eval_4(3.8%),0.19305555555555556
87,20260718,dataset,coil_2000(6.0%),0.04722222222222222
87,20260718,dataset,mammography(2.3%),0.08055555555555556
87,20260718,dataset,ozone_level(2.9%),0.10694444444444444
87,20260718,dataset,protein_homo(0.9%),0.0875
87,20260718,dataset,sick_euthyroid(9.3%),0.041666666666666664
87,20260718,dataset,thyroid_sick(6.1%),0.04027777777777778
87,20260718,dataset,us_crime(7.5%),0.022222222222222223
87,20260718,dataset,wine_quality(3.7%),0.43472222222222223
87,20260718,dataset,yeast_ml8(7.4%),0.0125
87,20260718,all6,,0.1029320987654321
87,20260718,benchmark,,0.14444444444444446
87,20260718,real,,0.09444444444444444
88,20260718,dataset,breast_cancer(37%),0.19444444444444445
88,20260718,dataset,synth(5%),0.025
88,20260718,dataset,synth(1%),0.1375
88,20260718,dataset,creditcard(1%),0.03194444444444444
88,20260718,dataset,creditcard(0.5%),0.09444444444444444
88,20260718,dataset,iotid20(6.4%),0.1763888888888889
88,20260718,dataset,abalone(9.4%),0.0375
88,20260718,dataset,car_eval_34(7.8%),0.016666666666666666
88,20260718,dataset,car_eval_4(3.8%),0.06527777777777778
88,20260718,dataset,coil_2000(6.0%),0.05138888888888889
88,20260718,dataset,mammography(2.3%),0.12361111111111112
88,20260718,dataset,ozone_level(2.9%),0.1375
88,20260718,dataset,protein_homo(0.9%),0.06111111111111111
88,20260718,dataset,sick_euthyroid(9.3%),0.0375
88,20260718,dataset,thyroid_sick(6.1%),0.044444444444444446
88,20260718,dataset,us_crime(7.5%),0.10416666666666667
88,20260718,dataset,wine_quality(3.7%),0.05138888888888889
88,20260718,dataset,yeast_ml8(7.4%),0.03194444444444444
88,20260718,all6,,0.07901234567901234
88,20260718,benchmark,,0.11898148148148148
88,20260718,real,,0.10092592592592593
89,20260718,dataset,breast_cancer(37%),0.15138888888888888
89,20260718,dataset,synth(5%),0.20416666666666666
89,20260718,dataset,synth(1%),0.18333333333333332
89,20260718,dataset,creditcard(1%),0.1986111111111111
89,20260718,dataset,creditcard(0.5%),0.034722222222222224
89,20260718,dataset,iotid20(6.4%),0.0125
89,20260718,dataset,abalone(9.4%),0.022222222222222223
89,20260718,dataset,car_eval_34(7.8%),0.04722222222222222
89,20260718,dataset,car_eval_4(3.8%),0.06805555555555555
89,20260718,dataset,coil_2000(6.0%),0.07222222222222222
89,20260718,dataset,mammography(2.3%),0.07916666666666666
89,20260718,dataset,ozone_level(2.9%),0.0763888888888889
89,20260718,dataset,protein_homo(0.9%),0.04583333333333333
89,20260718,dataset,sick_euthyroid(9.3%),0.1986111111111111
89,20260718,dataset,thyroid_sick(6.1%),0.1111111111111111
89,20260718,dataset,us_crime(7.5%),0.018055555555555554
89,20260718,dataset,wine_quality(3.7%),0.09444444444444444
89,20260718,dataset,yeast_ml8(7.4%),0.14444444444444443
89,20260718,all6,,0.09791666666666667
89,20260718,benchmark,,0.1796296296296296
89,20260718,real,,0.08194444444444444
90,20260718,dataset,breast_cancer(37%),0.0375
90,20260718,dataset,synth(5%),0.10416666666666667
90,20260718,dataset,synth(1%),0.09027777777777778
90,20260718,dataset,creditcard(1%),0.1875
90,20260718,dataset,creditcard(0.5%),0.12638888888888888
90,20260718,dataset,iotid20(6.4%),0.0375
90,20260718,dataset,abalone(9.4%),0.14305555555555555
90,20260718,dataset,car_eval_34(7.8%),0.10833333333333334
90,20260718,dataset,car_eval_4(3.8%),0.22777777777777777
90,20260718,dataset,coil_2000(6.0%),0.1125
90,20260718,dataset,mammography(2.3%),0.21805555555555556
90,20260718,dataset,ozone_level(2.9%),0.10833333333333334
90,20260718,dataset,protein_homo(0.9%),0.03611111111111111
90,20260718,dataset,sick_euthyroid(9.3%),0.14305555555555555
90,20260718,dataset,thyroid_sick(6.1%),0.0375
90,20260718,dataset,us_crime(7.5%),0.1625
90,20260718,dataset,wine_quality(3.7%),0.08055555555555556
90,20260718,dataset,yeast_ml8(7.4%),0.2263888888888889
90,20260718,all6,,0.12152777777777778
90,20260718,benchmark,,0.07731481481481482
90,20260718,real,,0.11712962962962963
91,20260718,dataset,breast_cancer(37%),0.07916666666666666
91,20260718,dataset,synth(5%),0.03194444444444444
91,20260718,dataset,synth(1%),0.09583333333333334
91,20260718,dataset,creditcard(1%),0.08472222222222223
91,20260718,dataset,creditcard(0.5%),0.03194444444444444
91,20260718,dataset,iotid20(6.4%),0.034722222222222224
91,20260718,dataset,abalone(9.4%),0.034722222222222224
91,20260718,dataset,car_eval_34(7.8%),0.059722222222222225
91,20260718,dataset,car_eval_4(3.8%),0.06666666666666667
91,20260718,dataset,coil_2000(6.0%),0.0375
91,20260718,dataset,mammography(2.3%),0.05138888888888889
91,20260718,dataset,ozone_level(2.9%),0.09305555555555556
91,20260718,dataset,protein_homo(0.9%),0.09583333333333334
91,20260718,dataset,sick_euthyroid(9.3%),0.05138888888888889
91,20260718,dataset,thyroid_sick(6.1%),0.030555555555555555
91,20260718,dataset,us_crime(7.5%),0.20277777777777778
91,20260718,dataset,wine_quality(3.7%),0.015277777777777777
91,20260718,dataset,yeast_ml8(7.4%),0.15138888888888888
91,20260718,all6,,0.06936728395061727
91,20260718,benchmark,,0.06898148148148148
91,20260718,real,,0.050462962962962966
92,20260718,dataset,breast_cancer(37%),0.034722222222222224
92,20260718,dataset,synth(5%),0.06527777777777778
92,20260718,dataset,synth(1%),0.21666666666666667
92,20260718,dataset,creditcard(1%),0.02638888888888889
92,20260718,dataset,creditcard(0.5%),0.05555555555555555
92,20260718,dataset,iotid20(6.4%),0.0125
92,20260718,dataset,abalone(9.4%),0.22361111111111112
92,20260718,dataset,car_eval_34(7.8%),0.09583333333333334
92,20260718,dataset,car_eval_4(3.8%),0.043055555555555555
92,20260718,dataset,coil_2000(6.0%),0.1625
92,20260718,dataset,mammography(2.3%),0.06944444444444445
92,20260718,dataset,ozone_level(2.9%),0.15694444444444444
92,20260718,dataset,protein_homo(0.9%),0.059722222222222225
92,20260718,dataset,sick_euthyroid(9.3%),0.05277777777777778
92,20260718,dataset,thyroid_sick(6.1%),0.10694444444444444
92,20260718,dataset,us_crime(7.5%),0.06527777777777778
92,20260718,dataset,wine_quality(3.7%),0.02361111111111111
92,20260718,dataset,yeast_ml8(7.4%),0.12361111111111112
92,20260718,all6,,0.08858024691358024
92,20260718,benchmark,,0.10555555555555556
92,20260718,real,,0.03148148148148148
93,20260718,dataset,breast_cancer(37%),0.09861111111111111
93,20260718,dataset,synth(5%),0.02361111111111111
93,20260718,dataset,synth(1%),0.1763888888888889
93,20260718,dataset,creditcard(1%),0.022222222222222223
93,20260718,dataset,creditcard(0.5%),0.1875
93,20260718,dataset,iotid20(6.4%),0.075
93,20260718,dataset,abalone(9.4%),0.034722222222222224
93,20260718,dataset,car_eval_34(7.8%),0.09583333333333334
93,20260718,dataset,car_eval_4(3.8%),0.05277777777777778
93,20260718,dataset,coil_2000(6.0%),0.03333333333333333
93,20260718,dataset,mammography(2.3%),0.03888888888888889
93,20260718,dataset,ozone_level(2.9%),0.08888888888888889
93,20260718,dataset,protein_homo(0.9%),0.05138888888888889
93,20260718,dataset,sick_euthyroid(9.3%),0.14305555555555555
93,20260718,dataset,thyroid_sick(6.1%),0.46805555555555556
93,20260718,dataset,us_crime(7.5%),0.03194444444444444
93,20260718,dataset,wine_quality(3.7%),0.1375
93,20260718,dataset,yeast_ml8(7.4%),0.09305555555555556
93,20260718,all6,,0.1029320987654321
93,20260718,benchmark,,0.09953703703703703
93,20260718,real,,0.0949074074074074
94,20260718,dataset,breast_cancer(37%),0.15833333333333333
94,20260718,dataset,synth(5%),0.059722222222222225
94,20260718,dataset,synth(1%),0.10138888888888889
94,20260718,dataset,creditcard(1%),0.05138888888888889
94,20260718,dataset,creditcard(0.5%),0.1375
94,20260718,dataset,iotid20(6.4%),0.034722222222222224
94,20260718,dataset,abalone(9.4%),0.018055555555555554
94,20260718,dataset,car_eval_34(7.8%),0.02361111111111111
94,20260718,dataset,car_eval_4(3.8%),0.011111111111111112
94,20260718,dataset,coil_2000(6.0%),0.016666666666666666
94,20260718,dataset,mammography(2.3%),0.22916666666666666
94,20260718,dataset,ozone_level(2.9%),0.06944444444444445
94,20260718,dataset,protein_homo(0.9%),0.05694444444444444
94,20260718,dataset,sick_euthyroid(9.3%),0.10138888888888889
94,20260718,dataset,thyroid_sick(6.1%),0.3763888888888889
94,20260718,dataset,us_crime(7.5%),0.1361111111111111
94,20260718,dataset,wine_quality(3.7%),0.043055555555555555
94,20260718,dataset,yeast_ml8(7.4%),0.08472222222222223
94,20260718,all6,,0.09498456790123457
94,20260718,benchmark,,0.10648148148148147
94,20260718,real,,0.07453703703703703
95,20260718,dataset,breast_cancer(37%),0.05555555555555555
95,20260718,dataset,synth(5%),0.10277777777777777
95,20260718,dataset,synth(1%),0.28055555555555556
95,20260718,dataset,creditcard(1%),0.05277777777777778
95,20260718,dataset,creditcard(0.5%),0.2847222222222222
95,20260718,dataset,iotid20(6.4%),0.05555555555555555
95,20260718,dataset,abalone(9.4%),0.05277777777777778
95,20260718,dataset,car_eval_34(7.8%),0.1111111111111111
95,20260718,dataset,car_eval_4(3.8%),0.03888888888888889
95,20260718,dataset,coil_2000(6.0%),0.08055555555555556
95,20260718,dataset,mammography(2.3%),0.041666666666666664
95,20260718,dataset,ozone_level(2.9%),0.14444444444444443
95,20260718,dataset,protein_homo(0.9%),0.09583333333333334
95,20260718,dataset,sick_euthyroid(9.3%),0.06527777777777778
95,20260718,dataset,thyroid_sick(6.1%),0.0625
95,20260718,dataset,us_crime(7.5%),0.044444444444444446
95,20260718,dataset,wine_quality(3.7%),0.03888888888888889
95,20260718,dataset,yeast_ml8(7.4%),0.015277777777777777
95,20260718,all6,,0.09020061728395062
95,20260718,benchmark,,0.14629629629629629
95,20260718,real,,0.1310185185185185
96,20260718,dataset,breast_cancer(37%),0.1375
96,20260718,dataset,synth(5%),0.03194444444444444
96,20260718,dataset,synth(1%),0.0763888888888889
96,20260718,dataset,creditcard(1%),0.11527777777777778
96,20260718,dataset,creditcard(0.5%),0.18472222222222223
96,20260718,dataset,iotid20(6.4%),0.0375
96,20260718,dataset,abalone(9.4%),0.022222222222222223
96,20260718,dataset,car_eval_34(7.8%),0.009722222222222222
96,20260718,dataset,car_eval_4(3.8%),0.1527777777777778
96,20260718,dataset,coil_2000(6.0%),0.09583333333333334
96,20260718,dataset,mammography(2.3%),0.06111111111111111
96,20260718,dataset,ozone_level(2.9%),0.11805555555555555
96,20260718,dataset,protein_homo(0.9%),0.02638888888888889
96,20260718,dataset,sick_euthyroid(9.3%),0.16805555555555557
96,20260718,dataset,thyroid_sick(6.1%),0.009722222222222222
96,20260718,dataset,us_crime(7.5%),0.05277777777777778
96,20260718,dataset,wine_quality(3.7%),0.1125
96,20260718,dataset,yeast_ml8(7.4%),0.0375
96,20260718,all6,,0.08055555555555556
96,20260718,benchmark,,0.08194444444444444
96,20260718,real,,0.1125
97,20260718,dataset,breast_cancer(37%),0.19027777777777777
97,20260718,dataset,synth(5%),0.15138888888888888
97,20260718,dataset,synth(1%),0.05694444444444444
97,20260718,dataset,creditcard(1%),0.019444444444444445
97,20260718,dataset,creditcard(0.5%),0.2013888888888889
97,20260718,dataset,iotid20(6.4%),0.043055555555555555
97,20260718,dataset,abalone(9.4%),0.05138888888888889
97,20260718,dataset,car_eval_34(7.8%),0.02361111111111111
97,20260718,dataset,car_eval_4(3.8%),0.034722222222222224
97,20260718,dataset,coil_2000(6.0%),0.018055555555555554
97,20260718,dataset,mammography(2.3%),0.02361111111111111
97,20260718,dataset,ozone_level(2.9%),0.09305555555555556
97,20260718,dataset,protein_homo(0.9%),0.24444444444444444
97,20260718,dataset,sick_euthyroid(9.3%),0.0625
97,20260718,dataset,thyroid_sick(6.1%),0.02361111111111111
97,20260718,dataset,us_crime(7.5%),0.10833333333333334
97,20260718,dataset,wine_quality(3.7%),0.013888888888888888
97,20260718,dataset,yeast_ml8(7.4%),0.08888888888888889
97,20260718,all6,,0.08047839506172838
97,20260718,benchmark,,0.13287037037037036
97,20260718,real,,0.08796296296296297
98,20260718,dataset,breast_cancer(37%),0.004166666666666667
98,20260718,dataset,synth(5%),0.03888888888888889
98,20260718,dataset,synth(1%),0.1375
98,20260718,dataset,creditcard(1%),0.10972222222222222
98,20260718,dataset,creditcard(0.5%),0.1
98,20260718,dataset,iotid20(6.4%),0.027777777777777776
98,20260718,dataset,abalone(9.4%),0.013888888888888888
98,20260718,dataset,car_eval_34(7.8%),0.03194444444444444
98,20260718,dataset,car_eval_4(3.8%),0.12083333333333333
98,20260718,dataset,coil_2000(6.0%),0.21388888888888888
98,20260718,dataset,mammography(2.3%),0.08194444444444444
98,20260718,dataset,ozone_level(2.9%),0.06805555555555555
98,20260718,dataset,protein_homo(0.9%),0.07777777777777778
98,20260718,dataset,sick_euthyroid(9.3%),0.059722222222222225
98,20260718,dataset,thyroid_sick(6.1%),0.05555555555555555
98,20260718,dataset,us_crime(7.5%),0.034722222222222224
98,20260718,dataset,wine_quality(3.7%),0.18055555555555555
98,20260718,dataset,yeast_ml8(7.4%),0.1986111111111111
98,20260718,all6,,0.08641975308641975
98,20260718,benchmark,,0.060185185185185196
98,20260718,real,,0.07916666666666666
99,20260718,dataset,breast_cancer(37%),0.044444444444444446
99,20260718,dataset,synth(5%),0.12222222222222222
99,20260718,dataset,synth(1%),0.034722222222222224
99,20260718,dataset,creditcard(1%),0.2152777777777778
99,20260718,dataset,creditcard(0.5%),0.2375
99,20260718,dataset,iotid20(6.4%),0.08472222222222223
99,20260718,dataset,abalone(9.4%),0.05694444444444444
99,20260718,dataset,car_eval_34(7.8%),0.05138888888888889
99,20260718,dataset,car_eval_4(3.8%),0.09305555555555556
99,20260718,dataset,coil_2000(6.0%),0.013888888888888888
99,20260718,dataset,mammography(2.3%),0.18055555555555555
99,20260718,dataset,ozone_level(2.9%),0.002777777777777778
99,20260718,dataset,protein_homo(0.9%),0.04027777777777778
99,20260718,dataset,sick_euthyroid(9.3%),0.35138888888888886
99,20260718,dataset,thyroid_sick(6.1%),0.04861111111111111
99,20260718,dataset,us_crime(7.5%),0.2569444444444444
99,20260718,dataset,wine_quality(3.7%),0.08055555555555556
99,20260718,dataset,yeast_ml8(7.4%),0.11805555555555555
99,20260718,all6,,0.11296296296296296
99,20260718,benchmark,,0.06712962962962964
99,20260718,real,,0.17916666666666667
100,20260718,dataset,breast_cancer(37%),0.0763888888888889
100,20260718,dataset,synth(5%),0.034722222222222224
100,20260718,dataset,synth(1%),0.044444444444444446
100,20260718,dataset,creditcard(1%),0.12222222222222222
100,20260718,dataset,creditcard(0.5%),0.022222222222222223
100,20260718,dataset,iotid20(6.4%),0.03194444444444444
100,20260718,dataset,abalone(9.4%),0.16666666666666666
100,20260718,dataset,car_eval_34(7.8%),0.02361111111111111
100,20260718,dataset,car_eval_4(3.8%),0.07083333333333333
100,20260718,dataset,coil_2000(6.0%),0.018055555555555554
100,20260718,dataset,mammography(2.3%),0.015277777777777777
100,20260718,dataset,ozone_level(2.9%),0.10138888888888889
100,20260718,dataset,protein_homo(0.9%),0.4361111111111111
100,20260718,dataset,sick_euthyroid(9.3%),0.12222222222222222
100,20260718,dataset,thyroid_sick(6.1%),0.006944444444444444
100,20260718,dataset,us_crime(7.5%),0.05277777777777778
100,20260718,dataset,wine_quality(3.7%),0.009722222222222222
100,20260718,dataset,yeast_ml8(7.4%),0.12222222222222222
100,20260718,all6,,0.08209876543209876
100,20260718,benchmark,,0.05185185185185185
100,20260718,real,,0.05879629629629629
101,20260718,dataset,breast_cancer(37%),0.08888888888888889
101,20260718,dataset,synth(5%),0.03888888888888889
101,20260718,dataset,synth(1%),0.06944444444444445
101,20260718,dataset,creditcard(1%),0.35138888888888886
101,20260718,dataset,creditcard(0.5%),0.09722222222222222
101,20260718,dataset,iotid20(6.4%),0.06527777777777778
101,20260718,dataset,abalone(9.4%),0.08472222222222223
101,20260718,dataset,car_eval_34(7.8%),0.10416666666666667
101,20260718,dataset,car_eval_4(3.8%),0.03888888888888889
101,20260718,dataset,coil_2000(6.0%),0.11388888888888889
101,20260718,dataset,mammography(2.3%),0.019444444444444445
101,20260718,dataset,ozone_level(2.9%),0.08611111111111111
101,20260718,dataset,protein_homo(0.9%),0.29305555555555557
101,20260718,dataset,sick_euthyroid(9.3%),0.044444444444444446
101,20260718,dataset,thyroid_sick(6.1%),0.07361111111111111
101,20260718,dataset,us_crime(7.5%),0.09305555555555556
101,20260718,dataset,wine_quality(3.7%),0.23194444444444445
101,20260718,dataset,yeast_ml8(7.4%),0.044444444444444446
101,20260718,all6,,0.10771604938271603
101,20260718,benchmark,,0.06574074074074075
101,20260718,real,,0.17129629629629628
102,20260718,dataset,breast_cancer(37%),0.05555555555555555
102,20260718,dataset,synth(5%),0.005555555555555556
102,20260718,dataset,synth(1%),0.020833333333333332
102,20260718,dataset,creditcard(1%),0.03194444444444444
102,20260718,dataset,creditcard(0.5%),0.09027777777777778
102,20260718,dataset,iotid20(6.4%),0.05277777777777778
102,20260718,dataset,abalone(9.4%),0.009722222222222222
102,20260718,dataset,car_eval_34(7.8%),0.17083333333333334
102,20260718,dataset,car_eval_4(3.8%),0.043055555555555555
102,20260718,dataset,coil_2000(6.0%),0.016666666666666666
102,20260718,dataset,mammography(2.3%),0.32083333333333336
102,20260718,dataset,ozone_level(2.9%),0.10694444444444444
102,20260718,dataset,protein_homo(0.9%),0.006944444444444444
102,20260718,dataset,sick_euthyroid(9.3%),0.1486111111111111
102,20260718,dataset,thyroid_sick(6.1%),0.001388888888888889
102,20260718,dataset,us_crime(7.5%),0.07916666666666666
102,20260718,dataset,wine_quality(3.7%),0.0625
102,20260718,dataset,yeast_ml8(7.4%),0.12083333333333333
102,20260718,all6,,0.07469135802469136
102,20260718,benchmark,,0.027314814814814816
102,20260718,real,,0.05833333333333333
103,20260718,dataset,breast_cancer(37%),0.027777777777777776
103,20260718,dataset,synth(5%),0.06111111111111111
103,20260718,dataset,synth(1%),0.043055555555555555
103,20260718,dataset,creditcard(1%),0.33055555555555555
103,20260718,dataset,creditcard(0.5%),0.020833333333333332
103,20260718,dataset,iotid20(6.4%),0.006944444444444444
103,20260718,dataset,abalone(9.4%),0.09444444444444444
103,20260718,dataset,car_eval_34(7.8%),0.059722222222222225
103,20260718,dataset,car_eval_4(3.8%),0.10416666666666667
103,20260718,dataset,coil_2000(6.0%),0.09027777777777778
103,20260718,dataset,mammography(2.3%),0.06666666666666667
103,20260718,dataset,ozone_level(2.9%),0.020833333333333332
103,20260718,dataset,protein_homo(0.9%),0.07361111111111111
103,20260718,dataset,sick_euthyroid(9.3%),0.12222222222222222
103,20260718,dataset,thyroid_sick(6.1%),0.0763888888888889
103,20260718,dataset,us_crime(7.5%),0.08472222222222223
103,20260718,dataset,wine_quality(3.7%),0.2652777777777778
103,20260718,dataset,yeast_ml8(7.4%),0.059722222222222225
103,20260718,all6,,0.08935185185185185
103,20260718,benchmark,,0.043981481481481476
103,20260718,real,,0.11944444444444442
104,20260718,dataset,breast_cancer(37%),0.03888888888888889
104,20260718,dataset,synth(5%),0.16527777777777777
104,20260718,dataset,synth(1%),0.05694444444444444
104,20260718,dataset,creditcard(1%),0.11527777777777778
104,20260718,dataset,creditcard(0.5%),0.0375
104,20260718,dataset,iotid20(6.4%),0.04027777777777778
104,20260718,dataset,abalone(9.4%),0.03333333333333333
104,20260718,dataset,car_eval_34(7.8%),0.06527777777777778
104,20260718,dataset,car_eval_4(3.8%),0.03888888888888889
104,20260718,dataset,coil_2000(6.0%),0.12361111111111112
104,20260718,dataset,mammography(2.3%),0.027777777777777776
104,20260718,dataset,ozone_level(2.9%),0.0125
104,20260718,dataset,protein_homo(0.9%),0.15416666666666667
104,20260718,dataset,sick_euthyroid(9.3%),0.13194444444444445
104,20260718,dataset,thyroid_sick(6.1%),0.013888888888888888
104,20260718,dataset,us_crime(7.5%),0.11944444444444445
104,20260718,dataset,wine_quality(3.7%),0.28055555555555556
104,20260718,dataset,yeast_ml8(7.4%),0.05138888888888889
104,20260718,all6,,0.08371913580246913
104,20260718,benchmark,,0.08703703703703702
104,20260718,real,,0.06435185185185185
105,20260718,dataset,breast_cancer(37%),0.08055555555555556
105,20260718,dataset,synth(5%),0.059722222222222225
105,20260718,dataset,synth(1%),0.07222222222222222
105,20260718,dataset,creditcard(1%),0.07361111111111111
105,20260718,dataset,creditcard(0.5%),0.09305555555555556
105,20260718,dataset,iotid20(6.4%),0.044444444444444446
105,20260718,dataset,abalone(9.4%),0.04027777777777778
105,20260718,dataset,car_eval_34(7.8%),0.10138888888888889
105,20260718,dataset,car_eval_4(3.8%),0.17222222222222222
105,20260718,dataset,coil_2000(6.0%),0.2013888888888889
105,20260718,dataset,mammography(2.3%),0.16805555555555557
105,20260718,dataset,ozone_level(2.9%),0.07361111111111111
105,20260718,dataset,protein_homo(0.9%),0.0763888888888889
105,20260718,dataset,sick_euthyroid(9.3%),0.0125
105,20260718,dataset,thyroid_sick(6.1%),0.08333333333333333
105,20260718,dataset,us_crime(7.5%),0.1625
105,20260718,dataset,wine_quality(3.7%),0.09027777777777778
105,20260718,dataset,yeast_ml8(7.4%),0.009722222222222222
105,20260718,all6,,0.08973765432098765
105,20260718,benchmark,,0.07083333333333335
105,20260718,real,,0.07037037037037037
106,20260718,dataset,breast_cancer(37%),0.0625
106,20260718,dataset,synth(5%),0.034722222222222224
106,20260718,dataset,synth(1%),0.044444444444444446
106,20260718,dataset,creditcard(1%),0.16111111111111112
106,20260718,dataset,creditcard(0.5%),0.3138888888888889
106,20260718,dataset,iotid20(6.4%),0.07222222222222222
106,20260718,dataset,abalone(9.4%),0.09027777777777778
106,20260718,dataset,car_eval_34(7.8%),0.043055555555555555
106,20260718,dataset,car_eval_4(3.8%),0.3388888888888889
106,20260718,dataset,coil_2000(6.0%),0.10833333333333334
106,20260718,dataset,mammography(2.3%),0.03194444444444444
106,20260718,dataset,ozone_level(2.9%),0.13472222222222222
106,20260718,dataset,protein_homo(0.9%),0.06805555555555555
106,20260718,dataset,sick_euthyroid(9.3%),0.009722222222222222
106,20260718,dataset,thyroid_sick(6.1%),0.12222222222222222
106,20260718,dataset,us_crime(7.5%),0.06388888888888888
106,20260718,dataset,wine_quality(3.7%),0.28194444444444444
106,20260718,dataset,yeast_ml8(7.4%),0.02361111111111111
106,20260718,all6,,0.11141975308641973
106,20260718,benchmark,,0.04722222222222222
106,20260718,real,,0.18240740740740738
107,20260718,dataset,breast_cancer(37%),0.04583333333333333
107,20260718,dataset,synth(5%),0.02361111111111111
107,20260718,dataset,synth(1%),0.22361111111111112
107,20260718,dataset,creditcard(1%),0.009722222222222222
107,20260718,dataset,creditcard(0.5%),0.10138888888888889
107,20260718,dataset,iotid20(6.4%),0.02638888888888889
107,20260718,dataset,abalone(9.4%),0.18472222222222223
107,20260718,dataset,car_eval_34(7.8%),0.04583333333333333
107,20260718,dataset,car_eval_4(3.8%),0.13194444444444445
107,20260718,dataset,coil_2000(6.0%),0.02638888888888889
107,20260718,dataset,mammography(2.3%),0.06805555555555555
107,20260718,dataset,ozone_level(2.9%),0.09027777777777778
107,20260718,dataset,protein_homo(0.9%),0.18194444444444444
107,20260718,dataset,sick_euthyroid(9.3%),0.08333333333333333
107,20260718,dataset,thyroid_sick(6.1%),0.05416666666666667
107,20260718,dataset,us_crime(7.5%),0.009722222222222222
107,20260718,dataset,wine_quality(3.7%),0.0375
107,20260718,dataset,yeast_ml8(7.4%),0.04722222222222222
107,20260718,all6,,0.07731481481481481
107,20260718,benchmark,,0.0976851851851852
107,20260718,real,,0.04583333333333333
108,20260718,dataset,breast_cancer(37%),0.05555555555555555
108,20260718,dataset,synth(5%),0.03888888888888889
108,20260718,dataset,synth(1%),0.24444444444444444
108,20260718,dataset,creditcard(1%),0.09444444444444444
108,20260718,dataset,creditcard(0.5%),0.05138888888888889
108,20260718,dataset,iotid20(6.4%),0.019444444444444445
108,20260718,dataset,abalone(9.4%),0.03611111111111111
108,20260718,dataset,car_eval_34(7.8%),0.05138888888888889
108,20260718,dataset,car_eval_4(3.8%),0.05416666666666667
108,20260718,dataset,coil_2000(6.0%),0.04722222222222222
108,20260718,dataset,mammography(2.3%),0.02638888888888889
108,20260718,dataset,ozone_level(2.9%),0.09861111111111111
108,20260718,dataset,protein_homo(0.9%),0.04861111111111111
108,20260718,dataset,sick_euthyroid(9.3%),0.04583333333333333
108,20260718,dataset,thyroid_sick(6.1%),0.13055555555555556
108,20260718,dataset,us_crime(7.5%),0.12916666666666668
108,20260718,dataset,wine_quality(3.7%),0.21805555555555556
108,20260718,dataset,yeast_ml8(7.4%),0.08611111111111111
108,20260718,all6,,0.08202160493827161
108,20260718,benchmark,,0.11296296296296297
108,20260718,real,,0.05509259259259258
109,20260718,dataset,breast_cancer(37%),0.059722222222222225
109,20260718,dataset,synth(5%),0.041666666666666664
109,20260718,dataset,synth(1%),0.1625
109,20260718,dataset,creditcard(1%),0.018055555555555554
109,20260718,dataset,creditcard(0.5%),0.1625
109,20260718,dataset,iotid20(6.4%),0.027777777777777776
109,20260718,dataset,abalone(9.4%),0.030555555555555555
109,20260718,dataset,car_eval_34(7.8%),0.018055555555555554
109,20260718,dataset,car_eval_4(3.8%),0.10555555555555556
109,20260718,dataset,coil_2000(6.0%),0.10694444444444444
109,20260718,dataset,mammography(2.3%),0.07916666666666666
109,20260718,dataset,ozone_level(2.9%),0.043055555555555555
109,20260718,dataset,protein_homo(0.9%),0.08333333333333333
109,20260718,dataset,sick_euthyroid(9.3%),0.28888888888888886
109,20260718,dataset,thyroid_sick(6.1%),0.1388888888888889
109,20260718,dataset,us_crime(7.5%),0.020833333333333332
109,20260718,dataset,wine_quality(3.7%),0.009722222222222222
109,20260718,dataset,yeast_ml8(7.4%),0.05694444444444444
109,20260718,all6,,0.08078703703703703
109,20260718,benchmark,,0.08796296296296297
109,20260718,real,,0.06944444444444443
110,20260718,dataset,breast_cancer(37%),0.29305555555555557
110,20260718,dataset,synth(5%),0.009722222222222222
110,20260718,dataset,synth(1%),0.019444444444444445
110,20260718,dataset,creditcard(1%),0.2222222222222222
110,20260718,dataset,creditcard(0.5%),0.2777777777777778
110,20260718,dataset,iotid20(6.4%),0.03611111111111111
110,20260718,dataset,abalone(9.4%),0.015277777777777777
110,20260718,dataset,car_eval_34(7.8%),0.14444444444444443
110,20260718,dataset,car_eval_4(3.8%),0.011111111111111112
110,20260718,dataset,coil_2000(6.0%),0.02361111111111111
110,20260718,dataset,mammography(2.3%),0.26805555555555555
110,20260718,dataset,ozone_level(2.9%),0.025
110,20260718,dataset,protein_homo(0.9%),0.08194444444444444
110,20260718,dataset,sick_euthyroid(9.3%),0.06666666666666667
110,20260718,dataset,thyroid_sick(6.1%),0.04861111111111111
110,20260718,dataset,us_crime(7.5%),0.0625
110,20260718,dataset,wine_quality(3.7%),0.07361111111111111
110,20260718,dataset,yeast_ml8(7.4%),0.018055555555555554
110,20260718,all6,,0.09429012345679012
110,20260718,benchmark,,0.10740740740740741
110,20260718,real,,0.1787037037037037
111,20260718,dataset,breast_cancer(37%),0.06111111111111111
111,20260718,dataset,synth(5%),0.05555555555555555
111,20260718,dataset,synth(1%),0.018055555555555554
111,20260718,dataset,creditcard(1%),0.06527777777777778
111,20260718,dataset,creditcard(0.5%),0.20694444444444443
111,20260718,dataset,iotid20(6.4%),0.05277777777777778
111,20260718,dataset,abalone(9.4%),0.0125
111,20260718,dataset,car_eval_34(7.8%),0.21388888888888888
111,20260718,dataset,car_eval_4(3.8%),0.08611111111111111
111,20260718,dataset,coil_2000(6.0%),0.09444444444444444
111,20260718,dataset,mammography(2.3%),0.04027777777777778
111,20260718,dataset,ozone_level(2.9%),0.13055555555555556
111,20260718,dataset,protein_homo(0.9%),0.005555555555555556
111,20260718,dataset,sick_euthyroid(9.3%),0.030555555555555555
111,20260718,dataset,thyroid_sick(6.1%),0.0375
111,20260718,dataset,us_crime(7.5%),0.006944444444444444
111,20260718,dataset,wine_quality(3.7%),0.09583333333333334
111,20260718,dataset,yeast_ml8(7.4%),0.06111111111111111
111,20260718,all6,,0.07083333333333335
111,20260718,benchmark,,0.0449074074074074
111,20260718,real,,0.10833333333333332
112,20260718,dataset,breast_cancer(37%),0.059722222222222225
112,20260718,dataset,synth(5%),0.09305555555555556
112,20260718,dataset,synth(1%),0.0625
112,20260718,dataset,creditcard(1%),0.12361111111111112
112,20260718,dataset,creditcard(0.5%),0.09861111111111111
112,20260718,dataset,iotid20(6.4%),0.14305555555555555
112,20260718,dataset,abalone(9.4%),0.125
112,20260718,dataset,car_eval_34(7.8%),0.1375
112,20260718,dataset,car_eval_4(3.8%),0.07222222222222222
112,20260718,dataset,coil_2000(6.0%),0.08611111111111111
112,20260718,dataset,mammography(2.3%),0.15555555555555556
112,20260718,dataset,ozone_level(2.9%),0.11805555555555555
112,20260718,dataset,protein_homo(0.9%),0.08333333333333333
112,20260718,dataset,sick_euthyroid(9.3%),0.08333333333333333
112,20260718,dataset,thyroid_sick(6.1%),0.075
112,20260718,dataset,us_crime(7.5%),0.19305555555555556
112,20260718,dataset,wine_quality(3.7%),0.09444444444444444
112,20260718,dataset,yeast_ml8(7.4%),0.11944444444444445
112,20260718,all6,,0.10686728395061727
112,20260718,benchmark,,0.07175925925925926
112,20260718,real,,0.12175925925925925
113,20260718,dataset,breast_cancer(37%),0.029166666666666667
113,20260718,dataset,synth(5%),0.04861111111111111
113,20260718,dataset,synth(1%),0.14305555555555555
113,20260718,dataset,creditcard(1%),0.2625
113,20260718,dataset,creditcard(0.5%),0.1527777777777778
113,20260718,dataset,iotid20(6.4%),0.020833333333333332
113,20260718,dataset,abalone(9.4%),0.05
113,20260718,dataset,car_eval_34(7.8%),0.24027777777777778
113,20260718,dataset,car_eval_4(3.8%),0.04861111111111111
113,20260718,dataset,coil_2000(6.0%),0.08888888888888889
113,20260718,dataset,mammography(2.3%),0.1111111111111111
113,20260718,dataset,ozone_level(2.9%),0.1125
113,20260718,dataset,protein_homo(0.9%),0.09305555555555556
113,20260718,dataset,sick_euthyroid(9.3%),0.058333333333333334
113,20260718,dataset,thyroid_sick(6.1%),0.043055555555555555
113,20260718,dataset,us_crime(7.5%),0.04583333333333333
113,20260718,dataset,wine_quality(3.7%),0.029166666666666667
113,20260718,dataset,yeast_ml8(7.4%),0.09027777777777778
113,20260718,all6,,0.09266975308641975
113,20260718,benchmark,,0.07361111111111111
113,20260718,real,,0.14537037037037037
114,20260718,dataset,breast_cancer(37%),0.030555555555555555
114,20260718,dataset,synth(5%),0.04722222222222222
114,20260718,dataset,synth(1%),0.059722222222222225
114,20260718,dataset,creditcard(1%),0.1125
114,20260718,dataset,creditcard(0.5%),0.020833333333333332
114,20260718,dataset,iotid20(6.4%),0.022222222222222223
114,20260718,dataset,abalone(9.4%),0.030555555555555555
114,20260718,dataset,car_eval_34(7.8%),0.03888888888888889
114,20260718,dataset,car_eval_4(3.8%),0.03611111111111111
114,20260718,dataset,coil_2000(6.0%),0.006944444444444444
114,20260718,dataset,mammography(2.3%),0.1625
114,20260718,dataset,ozone_level(2.9%),0.10277777777777777
114,20260718,dataset,protein_homo(0.9%),0.05138888888888889
114,20260718,dataset,sick_euthyroid(9.3%),0.06527777777777778
114,20260718,dataset,thyroid_sick(6.1%),0.2013888888888889
114,20260718,dataset,us_crime(7.5%),0.04583333333333333
114,20260718,dataset,wine_quality(3.7%),0.15416666666666667
114,20260718,dataset,yeast_ml8(7.4%),0.07083333333333333
114,20260718,all6,,0.06998456790123457
114,20260718,benchmark,,0.04583333333333334
114,20260718,real,,0.05185185185185185
115,20260718,dataset,breast_cancer(37%),0.11666666666666667
115,20260718,dataset,synth(5%),0.06944444444444445
115,20260718,dataset,synth(1%),0.044444444444444446
115,20260718,dataset,creditcard(1%),0.08333333333333333
115,20260718,dataset,creditcard(0.5%),0.041666666666666664
115,20260718,dataset,iotid20(6.4%),0.022222222222222223
115,20260718,dataset,abalone(9.4%),0.14305555555555555
115,20260718,dataset,car_eval_34(7.8%),0.10694444444444444
115,20260718,dataset,car_eval_4(3.8%),0.10416666666666667
115,20260718,dataset,coil_2000(6.0%),0.018055555555555554
115,20260718,dataset,mammography(2.3%),0.06805555555555555
115,20260718,dataset,ozone_level(2.9%),0.009722222222222222
115,20260718,dataset,protein_homo(0.9%),0.02361111111111111
115,20260718,dataset,sick_euthyroid(9.3%),0.019444444444444445
115,20260718,dataset,thyroid_sick(6.1%),0.009722222222222222
115,20260718,dataset,us_crime(7.5%),0.08055555555555556
115,20260718,dataset,wine_quality(3.7%),0.11527777777777778
115,20260718,dataset,yeast_ml8(7.4%),0.05416666666666667
115,20260718,all6,,0.06280864197530864
115,20260718,benchmark,,0.07685185185185185
115,20260718,real,,0.049074074074074076
116,20260718,dataset,breast_cancer(37%),0.015277777777777777
116,20260718,dataset,synth(5%),0.04027777777777778
116,20260718,dataset,synth(1%),0.14305555555555555
116,20260718,dataset,creditcard(1%),0.020833333333333332
116,20260718,dataset,creditcard(0.5%),0.26666666666666666
116,20260718,dataset,iotid20(6.4%),0.20972222222222223
116,20260718,dataset,abalone(9.4%),0.10972222222222222
116,20260718,dataset,car_eval_34(7.8%),0.016666666666666666
116,20260718,dataset,car_eval_4(3.8%),0.09861111111111111
116,20260718,dataset,coil_2000(6.0%),0.2152777777777778
116,20260718,dataset,mammography(2.3%),0.07222222222222222
116,20260718,dataset,ozone_level(2.9%),0.034722222222222224
116,20260718,dataset,protein_homo(0.9%),0.4444444444444444
116,20260718,dataset,sick_euthyroid(9.3%),0.02361111111111111
116,20260718,dataset,thyroid_sick(6.1%),0.21666666666666667
116,20260718,dataset,us_crime(7.5%),0.3680555555555556
116,20260718,dataset,wine_quality(3.7%),0.08194444444444444
116,20260718,dataset,yeast_ml8(7.4%),0.06805555555555555
116,20260718,all6,,0.13587962962962966
116,20260718,benchmark,,0.0662037037037037
116,20260718,real,,0.16574074074074074
117,20260718,dataset,breast_cancer(37%),0.09444444444444444
117,20260718,dataset,synth(5%),0.15416666666666667
117,20260718,dataset,synth(1%),0.02361111111111111
117,20260718,dataset,creditcard(1%),0.1486111111111111
117,20260718,dataset,creditcard(0.5%),0.1375
117,20260718,dataset,iotid20(6.4%),0.018055555555555554
117,20260718,dataset,abalone(9.4%),0.10138888888888889
117,20260718,dataset,car_eval_34(7.8%),0.12083333333333333
117,20260718,dataset,car_eval_4(3.8%),0.20555555555555555
117,20260718,dataset,coil_2000(6.0%),0.12083333333333333
117,20260718,dataset,mammography(2.3%),0.10972222222222222
117,20260718,dataset,ozone_level(2.9%),0.13472222222222222
117,20260718,dataset,protein_homo(0.9%),0.09305555555555556
117,20260718,dataset,sick_euthyroid(9.3%),0.013888888888888888
117,20260718,dataset,thyroid_sick(6.1%),0.05
117,20260718,dataset,us_crime(7.5%),0.013888888888888888
117,20260718,dataset,wine_quality(3.7%),0.05555555555555555
117,20260718,dataset,yeast_ml8(7.4%),0.04583333333333333
117,20260718,all6,,0.0912037037037037
117,20260718,benchmark,,0.09074074074074075
117,20260718,real,,0.10138888888888888
118,20260718,dataset,breast_cancer(37%),0.16666666666666666
118,20260718,dataset,synth(5%),0.02638888888888889
118,20260718,dataset,synth(1%),0.05138888888888889
118,20260718,dataset,creditcard(1%),0.09722222222222222
118,20260718,dataset,creditcard(0.5%),0.10694444444444444
118,20260718,dataset,iotid20(6.4%),0.043055555555555555
118,20260718,dataset,abalone(9.4%),0.03888888888888889
118,20260718,dataset,car_eval_34(7.8%),0.0875
118,20260718,dataset,car_eval_4(3.8%),0.09444444444444444
118,20260718,dataset,coil_2000(6.0%),0.09722222222222222
118,20260718,dataset,mammography(2.3%),0.17222222222222222
118,20260718,dataset,ozone_level(2.9%),0.041666666666666664
118,20260718,dataset,protein_homo(0.9%),0.09444444444444444
118,20260718,dataset,sick_euthyroid(9.3%),0.0875
118,20260718,dataset,thyroid_sick(6.1%),0.04027777777777778
118,20260718,dataset,us_crime(7.5%),0.027777777777777776
118,20260718,dataset,wine_quality(3.7%),0.06111111111111111
118,20260718,dataset,yeast_ml8(7.4%),0.05277777777777778
118,20260718,all6,,0.07708333333333334
118,20260718,benchmark,,0.08148148148148147
118,20260718,real,,0.08240740740740742
119,20260718,dataset,breast_cancer(37%),0.05277777777777778
119,20260718,dataset,synth(5%),0.059722222222222225
119,20260718,dataset,synth(1%),0.03611111111111111
119,20260718,dataset,creditcard(1%),0.15694444444444444
119,20260718,dataset,creditcard(0.5%),0.0125
119,20260718,dataset,iotid20(6.4%),0.09444444444444444
119,20260718,dataset,abalone(9.4%),0.12222222222222222
119,20260718,dataset,car_eval_34(7.8%),0.03194444444444444
119,20260718,dataset,car_eval_4(3.8%),0.14027777777777778
119,20260718,dataset,coil_2000(6.0%),0.03888888888888889
119,20260718,dataset,mammography(2.3%),0.12083333333333333
119,20260718,dataset,ozone_level(2.9%),0.3194444444444444
119,20260718,dataset,protein_homo(0.9%),0.11527777777777778
119,20260718,dataset,sick_euthyroid(9.3%),0.002777777777777778
119,20260718,dataset,thyroid_sick(6.1%),0.043055555555555555
119,20260718,dataset,us_crime(7.5%),0.019444444444444445
119,20260718,dataset,wine_quality(3.7%),0.02638888888888889
119,20260718,dataset,yeast_ml8(7.4%),0.04861111111111111
119,20260718,all6,,0.08009259259259259
119,20260718,benchmark,,0.04953703703703704
119,20260718,real,,0.08796296296296297
120,20260718,dataset,breast_cancer(37%),0.059722222222222225
120,20260718,dataset,synth(5%),0.04027777777777778
120,20260718,dataset,synth(1%),0.06111111111111111
120,20260718,dataset,creditcard(1%),0.043055555555555555
120,20260718,dataset,creditcard(0.5%),0.04722222222222222
120,20260718,dataset,iotid20(6.4%),0.06944444444444445
120,20260718,dataset,abalone(9.4%),0.0375
120,20260718,dataset,car_eval_34(7.8%),0.02638888888888889
120,20260718,dataset,car_eval_4(3.8%),0.19722222222222222
120,20260718,dataset,coil_2000(6.0%),0.07916666666666666
120,20260718,dataset,mammography(2.3%),0.04861111111111111
120,20260718,dataset,ozone_level(2.9%),0.2875
120,20260718,dataset,protein_homo(0.9%),0.18055555555555555
120,20260718,dataset,sick_euthyroid(9.3%),0.10138888888888889
120,20260718,dataset,thyroid_sick(6.1%),0.04027777777777778
120,20260718,dataset,us_crime(7.5%),0.09305555555555556
120,20260718,dataset,wine_quality(3.7%),0.2513888888888889
120,20260718,dataset,yeast_ml8(7.4%),0.12916666666666668
120,20260718,all6,,0.0996141975308642
120,20260718,benchmark,,0.053703703703703705
120,20260718,real,,0.053240740740740734
121,20260718,dataset,breast_cancer(37%),0.03333333333333333
121,20260718,dataset,synth(5%),0.10694444444444444
121,20260718,dataset,synth(1%),0.043055555555555555
121,20260718,dataset,creditcard(1%),0.16527777777777777
121,20260718,dataset,creditcard(0.5%),0.4
121,20260718,dataset,iotid20(6.4%),0.044444444444444446
121,20260718,dataset,abalone(9.4%),0.05277777777777778
121,20260718,dataset,car_eval_34(7.8%),0.018055555555555554
121,20260718,dataset,car_eval_4(3.8%),0.07222222222222222
121,20260718,dataset,coil_2000(6.0%),0.12361111111111112
121,20260718,dataset,mammography(2.3%),0.022222222222222223
121,20260718,dataset,ozone_level(2.9%),0.06666666666666667
121,20260718,dataset,protein_homo(0.9%),0.002777777777777778
121,20260718,dataset,sick_euthyroid(9.3%),0.12777777777777777
121,20260718,dataset,thyroid_sick(6.1%),0.04861111111111111
121,20260718,dataset,us_crime(7.5%),0.16111111111111112
121,20260718,dataset,wine_quality(3.7%),0.2708333333333333
121,20260718,dataset,yeast_ml8(7.4%),0.10138888888888889
121,20260718,all6,,0.10339506172839506
121,20260718,benchmark,,0.06111111111111111
121,20260718,real,,0.20324074074074072
122,20260718,dataset,breast_cancer(37%),0.09027777777777778
122,20260718,dataset,synth(5%),0.0125
122,20260718,dataset,synth(1%),0.044444444444444446
122,20260718,dataset,creditcard(1%),0.1
122,20260718,dataset,creditcard(0.5%),0.1125
122,20260718,dataset,iotid20(6.4%),0.02361111111111111
122,20260718,dataset,abalone(9.4%),0.09166666666666666
122,20260718,dataset,car_eval_34(7.8%),0.10833333333333334
122,20260718,dataset,car_eval_4(3.8%),0.10277777777777777
122,20260718,dataset,coil_2000(6.0%),0.06805555555555555
122,20260718,dataset,mammography(2.3%),0.04722222222222222
122,20260718,dataset,ozone_level(2.9%),0.08055555555555556
122,20260718,dataset,protein_homo(0.9%),0.04861111111111111
122,20260718,dataset,sick_euthyroid(9.3%),0.11666666666666667
122,20260718,dataset,thyroid_sick(6.1%),0.0875
122,20260718,dataset,us_crime(7.5%),0.016666666666666666
122,20260718,dataset,wine_quality(3.7%),0.04583333333333333
122,20260718,dataset,yeast_ml8(7.4%),0.09305555555555556
122,20260718,all6,,0.07168209876543209
122,20260718,benchmark,,0.049074074074074076
122,20260718,real,,0.0787037037037037
123,20260718,dataset,breast_cancer(37%),0.09166666666666666
123,20260718,dataset,synth(5%),0.05416666666666667
123,20260718,dataset,synth(1%),0.07083333333333333
123,20260718,dataset,creditcard(1%),0.04583333333333333
123,20260718,dataset,creditcard(0.5%),0.2638888888888889
123,20260718,dataset,iotid20(6.4%),0.14305555555555555
123,20260718,dataset,abalone(9.4%),0.0375
123,20260718,dataset,car_eval_34(7.8%),0.275
123,20260718,dataset,car_eval_4(3.8%),0.12777777777777777
123,20260718,dataset,coil_2000(6.0%),0.13194444444444445
123,20260718,dataset,mammography(2.3%),0.0125
123,20260718,dataset,ozone_level(2.9%),0.08194444444444444
123,20260718,dataset,protein_homo(0.9%),0.07222222222222222
123,20260718,dataset,sick_euthyroid(9.3%),0.043055555555555555
123,20260718,dataset,thyroid_sick(6.1%),0.005555555555555556
123,20260718,dataset,us_crime(7.5%),0.13472222222222222
123,20260718,dataset,wine_quality(3.7%),0.044444444444444446
123,20260718,dataset,yeast_ml8(7.4%),0.0763888888888889
123,20260718,all6,,0.09513888888888888
123,20260718,benchmark,,0.07222222222222223
123,20260718,real,,0.15092592592592594
124,20260718,dataset,breast_cancer(37%),0.13194444444444445
124,20260718,dataset,synth(5%),0.030555555555555555
124,20260718,dataset,synth(1%),0.175
124,20260718,dataset,creditcard(1%),0.12638888888888888
124,20260718,dataset,creditcard(0.5%),0.09305555555555556
124,20260718,dataset,iotid20(6.4%),0.0375
124,20260718,dataset,abalone(9.4%),0.04583333333333333
124,20260718,dataset,car_eval_34(7.8%),0.025
124,20260718,dataset,car_eval_4(3.8%),0.03611111111111111
124,20260718,dataset,coil_2000(6.0%),0.06527777777777778
124,20260718,dataset,mammography(2.3%),0.041666666666666664
124,20260718,dataset,ozone_level(2.9%),0.05694444444444444
124,20260718,dataset,protein_homo(0.9%),0.02361111111111111
124,20260718,dataset,sick_euthyroid(9.3%),0.06111111111111111
124,20260718,dataset,thyroid_sick(6.1%),0.06111111111111111
124,20260718,dataset,us_crime(7.5%),0.44722222222222224
124,20260718,dataset,wine_quality(3.7%),0.016666666666666666
124,20260718,dataset,yeast_ml8(7.4%),0.02361111111111111
124,20260718,all6,,0.08325617283950618
124,20260718,benchmark,,0.1125
124,20260718,real,,0.08564814814814814
125,20260718,dataset,breast_cancer(37%),0.07916666666666666
125,20260718,dataset,synth(5%),0.013888888888888888
125,20260718,dataset,synth(1%),0.21944444444444444
125,20260718,dataset,creditcard(1%),0.025
125,20260718,dataset,creditcard(0.5%),0.059722222222222225
125,20260718,dataset,iotid20(6.4%),0.08194444444444444
125,20260718,dataset,abalone(9.4%),0.1388888888888889
125,20260718,dataset,car_eval_34(7.8%),0.027777777777777776
125,20260718,dataset,car_eval_4(3.8%),0.029166666666666667
125,20260718,dataset,coil_2000(6.0%),0.04861111111111111
125,20260718,dataset,mammography(2.3%),0.034722222222222224
125,20260718,dataset,ozone_level(2.9%),0.06111111111111111
125,20260718,dataset,protein_homo(0.9%),0.13194444444444445
125,20260718,dataset,sick_euthyroid(9.3%),0.06944444444444445
125,20260718,dataset,thyroid_sick(6.1%),0.1361111111111111
125,20260718,dataset,us_crime(7.5%),0.20972222222222223
125,20260718,dataset,wine_quality(3.7%),0.015277777777777777
125,20260718,dataset,yeast_ml8(7.4%),0.016666666666666666
125,20260718,all6,,0.07770061728395061
125,20260718,benchmark,,0.10416666666666667
125,20260718,real,,0.05555555555555556
126,20260718,dataset,breast_cancer(37%),0.025
126,20260718,dataset,synth(5%),0.2125
126,20260718,dataset,synth(1%),0.03194444444444444
126,20260718,dataset,creditcard(1%),0.13194444444444445
126,20260718,dataset,creditcard(0.5%),0.1527777777777778
126,20260718,dataset,iotid20(6.4%),0.18888888888888888
126,20260718,dataset,abalone(9.4%),0.025
126,20260718,dataset,car_eval_34(7.8%),0.1111111111111111
126,20260718,dataset,car_eval_4(3.8%),0.02361111111111111
126,20260718,dataset,coil_2000(6.0%),0.1
126,20260718,dataset,mammography(2.3%),0.08333333333333333
126,20260718,dataset,ozone_level(2.9%),0.19722222222222222
126,20260718,dataset,protein_homo(0.9%),0.10138888888888889
126,20260718,dataset,sick_euthyroid(9.3%),0.02361111111111111
126,20260718,dataset,thyroid_sick(6.1%),0.03333333333333333
126,20260718,dataset,us_crime(7.5%),0.07777777777777778
126,20260718,dataset,wine_quality(3.7%),0.03611111111111111
126,20260718,dataset,yeast_ml8(7.4%),0.05694444444444444
126,20260718,all6,,0.08958333333333333
126,20260718,benchmark,,0.0898148148148148
126,20260718,real,,0.15787037037037036
127,20260718,dataset,breast_cancer(37%),0.02638888888888889
127,20260718,dataset,synth(5%),0.1875
127,20260718,dataset,synth(1%),0.09444444444444444
127,20260718,dataset,creditcard(1%),0.05138888888888889
127,20260718,dataset,creditcard(0.5%),0.09861111111111111
127,20260718,dataset,iotid20(6.4%),0.030555555555555555
127,20260718,dataset,abalone(9.4%),0.10277777777777777
127,20260718,dataset,car_eval_34(7.8%),0.24583333333333332
127,20260718,dataset,car_eval_4(3.8%),0.10138888888888889
127,20260718,dataset,coil_2000(6.0%),0.03194444444444444
127,20260718,dataset,mammography(2.3%),0.12083333333333333
127,20260718,dataset,ozone_level(2.9%),0.059722222222222225
127,20260718,dataset,protein_homo(0.9%),0.0375
127,20260718,dataset,sick_euthyroid(9.3%),0.011111111111111112
127,20260718,dataset,thyroid_sick(6.1%),0.015277777777777777
127,20260718,dataset,us_crime(7.5%),0.0875
127,20260718,dataset,wine_quality(3.7%),0.018055555555555554
127,20260718,dataset,yeast_ml8(7.4%),0.059722222222222225
127,20260718,all6,,0.07669753086419752
127,20260718,benchmark,,0.10277777777777779
127,20260718,real,,0.06018518518518518
128,20260718,dataset,breast_cancer(37%),0.0875
128,20260718,dataset,synth(5%),0.1625
128,20260718,dataset,synth(1%),0.027777777777777776
128,20260718,dataset,creditcard(1%),0.044444444444444446
128,20260718,dataset,creditcard(0.5%),0.0763888888888889
128,20260718,dataset,iotid20(6.4%),0.3375
128,20260718,dataset,abalone(9.4%),0.005555555555555556
128,20260718,dataset,car_eval_34(7.8%),0.05694444444444444
128,20260718,dataset,car_eval_4(3.8%),0.0875
128,20260718,dataset,coil_2000(6.0%),0.06666666666666667
128,20260718,dataset,mammography(2.3%),0.08472222222222223
128,20260718,dataset,ozone_level(2.9%),0.04027777777777778
128,20260718,dataset,protein_homo(0.9%),0.12083333333333333
128,20260718,dataset,sick_euthyroid(9.3%),0.08333333333333333
128,20260718,dataset,thyroid_sick(6.1%),0.006944444444444444
128,20260718,dataset,us_crime(7.5%),0.013888888888888888
128,20260718,dataset,wine_quality(3.7%),0.15416666666666667
128,20260718,dataset,yeast_ml8(7.4%),0.09861111111111111
128,20260718,all6,,0.08641975308641975
128,20260718,benchmark,,0.0925925925925926
128,20260718,real,,0.1527777777777778
129,20260718,dataset,breast_cancer(37%),0.1597222222222222
129,20260718,dataset,synth(5%),0.09444444444444444
129,20260718,dataset,synth(1%),0.07361111111111111
129,20260718,dataset,creditcard(1%),0.0375
129,20260718,dataset,creditcard(0.5%),0.2013888888888889
129,20260718,dataset,iotid20(6.4%),0.08888888888888889
129,20260718,dataset,abalone(9.4%),0.14027777777777778
129,20260718,dataset,car_eval_34(7.8%),0.04861111111111111
129,20260718,dataset,car_eval_4(3.8%),0.05138888888888889
129,20260718,dataset,coil_2000(6.0%),0.07361111111111111
129,20260718,dataset,mammography(2.3%),0.1527777777777778
129,20260718,dataset,ozone_level(2.9%),0.08055555555555556
129,20260718,dataset,protein_homo(0.9%),0.09722222222222222
129,20260718,dataset,sick_euthyroid(9.3%),0.12916666666666668
129,20260718,dataset,thyroid_sick(6.1%),0.12222222222222222
129,20260718,dataset,us_crime(7.5%),0.058333333333333334
129,20260718,dataset,wine_quality(3.7%),0.1125
129,20260718,dataset,yeast_ml8(7.4%),0.14027777777777778
129,20260718,all6,,0.10347222222222223
129,20260718,benchmark,,0.10925925925925926
129,20260718,real,,0.10925925925925926
130,20260718,dataset,breast_cancer(37%),0.006944444444444444
130,20260718,dataset,synth(5%),0.12222222222222222
130,20260718,dataset,synth(1%),0.12916666666666668
130,20260718,dataset,creditcard(1%),0.03888888888888889
130,20260718,dataset,creditcard(0.5%),0.2013888888888889
130,20260718,dataset,iotid20(6.4%),0.12777777777777777
130,20260718,dataset,abalone(9.4%),0.015277777777777777
130,20260718,dataset,car_eval_34(7.8%),0.0625
130,20260718,dataset,car_eval_4(3.8%),0.011111111111111112
130,20260718,dataset,coil_2000(6.0%),0.28888888888888886
130,20260718,dataset,mammography(2.3%),0.0125
130,20260718,dataset,ozone_level(2.9%),0.14166666666666666
130,20260718,dataset,protein_homo(0.9%),0.0875
130,20260718,dataset,sick_euthyroid(9.3%),0.001388888888888889
130,20260718,dataset,thyroid_sick(6.1%),0.18472222222222223
130,20260718,dataset,us_crime(7.5%),0.10138888888888889
130,20260718,dataset,wine_quality(3.7%),0.19583333333333333
130,20260718,dataset,yeast_ml8(7.4%),0.05
130,20260718,all6,,0.09884259259259259
130,20260718,benchmark,,0.0861111111111111
130,20260718,real,,0.12268518518518519
131,20260718,dataset,breast_cancer(37%),0.06527777777777778
131,20260718,dataset,synth(5%),0.05138888888888889
131,20260718,dataset,synth(1%),0.1111111111111111
131,20260718,dataset,creditcard(1%),0.18888888888888888
131,20260718,dataset,creditcard(0.5%),0.10694444444444444
131,20260718,dataset,iotid20(6.4%),0.044444444444444446
131,20260718,dataset,abalone(9.4%),0.03194444444444444
131,20260718,dataset,car_eval_34(7.8%),0.06111111111111111
131,20260718,dataset,car_eval_4(3.8%),0.04027777777777778
131,20260718,dataset,coil_2000(6.0%),0.06527777777777778
131,20260718,dataset,mammography(2.3%),0.03611111111111111
131,20260718,dataset,ozone_level(2.9%),0.05138888888888889
131,20260718,dataset,protein_homo(0.9%),0.05555555555555555
131,20260718,dataset,sick_euthyroid(9.3%),0.11944444444444445
131,20260718,dataset,thyroid_sick(6.1%),0.21805555555555556
131,20260718,dataset,us_crime(7.5%),0.14305555555555555
131,20260718,dataset,wine_quality(3.7%),0.05138888888888889
131,20260718,dataset,yeast_ml8(7.4%),0.02361111111111111
131,20260718,all6,,0.08140432098765432
131,20260718,benchmark,,0.07592592592592591
131,20260718,real,,0.11342592592592593
132,20260718,dataset,breast_cancer(37%),0.10416666666666667
132,20260718,dataset,synth(5%),0.1375
132,20260718,dataset,synth(1%),0.05694444444444444
132,20260718,dataset,creditcard(1%),0.008333333333333333
132,20260718,dataset,creditcard(0.5%),0.1361111111111111
132,20260718,dataset,iotid20(6.4%),0.09027777777777778
132,20260718,dataset,abalone(9.4%),0.02361111111111111
132,20260718,dataset,car_eval_34(7.8%),0.08472222222222223
132,20260718,dataset,car_eval_4(3.8%),0.10277777777777777
132,20260718,dataset,coil_2000(6.0%),0.02638888888888889
132,20260718,dataset,mammography(2.3%),0.009722222222222222
132,20260718,dataset,ozone_level(2.9%),0.05555555555555555
132,20260718,dataset,protein_homo(0.9%),0.020833333333333332
132,20260718,dataset,sick_euthyroid(9.3%),0.06111111111111111
132,20260718,dataset,thyroid_sick(6.1%),0.15694444444444444
132,20260718,dataset,us_crime(7.5%),0.04861111111111111
132,20260718,dataset,wine_quality(3.7%),0.041666666666666664
132,20260718,dataset,yeast_ml8(7.4%),0.006944444444444444
132,20260718,all6,,0.06512345679012345
132,20260718,benchmark,,0.09953703703703703
132,20260718,real,,0.07824074074074074
133,20260718,dataset,breast_cancer(37%),0.018055555555555554
133,20260718,dataset,synth(5%),0.14305555555555555
133,20260718,dataset,synth(1%),0.04027777777777778
133,20260718,dataset,creditcard(1%),0.020833333333333332
133,20260718,dataset,creditcard(0.5%),0.14305555555555555
133,20260718,dataset,iotid20(6.4%),0.03194444444444444
133,20260718,dataset,abalone(9.4%),0.041666666666666664
133,20260718,dataset,car_eval_34(7.8%),0.46805555555555556
133,20260718,dataset,car_eval_4(3.8%),0.40555555555555556
133,20260718,dataset,coil_2000(6.0%),0.016666666666666666
133,20260718,dataset,mammography(2.3%),0.1
133,20260718,dataset,ozone_level(2.9%),0.08888888888888889
133,20260718,dataset,protein_homo(0.9%),0.17916666666666667
133,20260718,dataset,sick_euthyroid(9.3%),0.006944444444444444
133,20260718,dataset,thyroid_sick(6.1%),0.04583333333333333
133,20260718,dataset,us_crime(7.5%),0.04583333333333333
133,20260718,dataset,wine_quality(3.7%),0.058333333333333334
133,20260718,dataset,yeast_ml8(7.4%),0.07777777777777778
133,20260718,all6,,0.10733024691358023
133,20260718,benchmark,,0.06712962962962962
133,20260718,real,,0.06527777777777778
134,20260718,dataset,breast_cancer(37%),0.02638888888888889
134,20260718,dataset,synth(5%),0.05416666666666667
134,20260718,dataset,synth(1%),0.04583333333333333
134,20260718,dataset,creditcard(1%),0.37916666666666665
134,20260718,dataset,creditcard(0.5%),0.15416666666666667
134,20260718,dataset,iotid20(6.4%),0.05138888888888889
134,20260718,dataset,abalone(9.4%),0.044444444444444446
134,20260718,dataset,car_eval_34(7.8%),0.034722222222222224
134,20260718,dataset,car_eval_4(3.8%),0.1527777777777778
134,20260718,dataset,coil_2000(6.0%),0.020833333333333332
134,20260718,dataset,mammography(2.3%),0.07916666666666666
134,20260718,dataset,ozone_level(2.9%),0.07083333333333333
134,20260718,dataset,protein_homo(0.9%),0.04861111111111111
134,20260718,dataset,sick_euthyroid(9.3%),0.025
134,20260718,dataset,thyroid_sick(6.1%),0.03611111111111111
134,20260718,dataset,us_crime(7.5%),0.1763888888888889
134,20260718,dataset,wine_quality(3.7%),0.275
134,20260718,dataset,yeast_ml8(7.4%),0.059722222222222225
134,20260718,all6,,0.09637345679012346
134,20260718,benchmark,,0.04212962962962963
134,20260718,real,,0.19490740740740742
135,20260718,dataset,breast_cancer(37%),0.04861111111111111
135,20260718,dataset,synth(5%),0.020833333333333332
135,20260718,dataset,synth(1%),0.030555555555555555
135,20260718,dataset,creditcard(1%),0.0875
135,20260718,dataset,creditcard(0.5%),0.12777777777777777
135,20260718,dataset,iotid20(6.4%),0.041666666666666664
135,20260718,dataset,abalone(9.4%),0.034722222222222224
135,20260718,dataset,car_eval_34(7.8%),0.059722222222222225
135,20260718,dataset,car_eval_4(3.8%),0.0875
135,20260718,dataset,coil_2000(6.0%),0.059722222222222225
135,20260718,dataset,mammography(2.3%),0.19444444444444445
135,20260718,dataset,ozone_level(2.9%),0.004166666666666667
135,20260718,dataset,protein_homo(0.9%),0.12916666666666668
135,20260718,dataset,sick_euthyroid(9.3%),0.043055555555555555
135,20260718,dataset,thyroid_sick(6.1%),0.03194444444444444
135,20260718,dataset,us_crime(7.5%),0.05416666666666667
135,20260718,dataset,wine_quality(3.7%),0.2611111111111111
135,20260718,dataset,yeast_ml8(7.4%),0.15
135,20260718,all6,,0.08148148148148149
135,20260718,benchmark,,0.03333333333333333
135,20260718,real,,0.08564814814814814
136,20260718,dataset,breast_cancer(37%),0.05277777777777778
136,20260718,dataset,synth(5%),0.02361111111111111
136,20260718,dataset,synth(1%),0.2
136,20260718,dataset,creditcard(1%),0.05416666666666667
136,20260718,dataset,creditcard(0.5%),0.044444444444444446
136,20260718,dataset,iotid20(6.4%),0.1986111111111111
136,20260718,dataset,abalone(9.4%),0.12777777777777777
136,20260718,dataset,car_eval_34(7.8%),0.025
136,20260718,dataset,car_eval_4(3.8%),0.14305555555555555
136,20260718,dataset,coil_2000(6.0%),0.11805555555555555
136,20260718,dataset,mammography(2.3%),0.08472222222222223
136,20260718,dataset,ozone_level(2.9%),0.09305555555555556
136,20260718,dataset,protein_homo(0.9%),0.059722222222222225
136,20260718,dataset,sick_euthyroid(9.3%),0.07777777777777778
136,20260718,dataset,thyroid_sick(6.1%),0.18194444444444444
136,20260718,dataset,us_crime(7.5%),0.04583333333333333
136,20260718,dataset,wine_quality(3.7%),0.013888888888888888
136,20260718,dataset,yeast_ml8(7.4%),0.05
136,20260718,all6,,0.08858024691358025
136,20260718,benchmark,,0.09212962962962963
136,20260718,real,,0.09907407407407408
137,20260718,dataset,breast_cancer(37%),0.03194444444444444
137,20260718,dataset,synth(5%),0.03194444444444444
137,20260718,dataset,synth(1%),0.08333333333333333
137,20260718,dataset,creditcard(1%),0.0875
137,20260718,dataset,creditcard(0.5%),0.15
137,20260718,dataset,iotid20(6.4%),0.005555555555555556
137,20260718,dataset,abalone(9.4%),0.10416666666666667
137,20260718,dataset,car_eval_34(7.8%),0.05138888888888889
137,20260718,dataset,car_eval_4(3.8%),0.013888888888888888
137,20260718,dataset,coil_2000(6.0%),0.07222222222222222
137,20260718,dataset,mammography(2.3%),0.043055555555555555
137,20260718,dataset,ozone_level(2.9%),0.06111111111111111
137,20260718,dataset,protein_homo(0.9%),0.03888888888888889
137,20260718,dataset,sick_euthyroid(9.3%),0.05138888888888889
137,20260718,dataset,thyroid_sick(6.1%),0.43472222222222223
137,20260718,dataset,us_crime(7.5%),0.08055555555555556
137,20260718,dataset,wine_quality(3.7%),0.011111111111111112
137,20260718,dataset,yeast_ml8(7.4%),0.1125
137,20260718,all6,,0.08140432098765432
137,20260718,benchmark,,0.04907407407407407
137,20260718,real,,0.08101851851851852
138,20260718,dataset,breast_cancer(37%),0.24861111111111112
138,20260718,dataset,synth(5%),0.044444444444444446
138,20260718,dataset,synth(1%),0.06527777777777778
138,20260718,dataset,creditcard(1%),0.13194444444444445
138,20260718,dataset,creditcard(0.5%),0.17083333333333334
138,20260718,dataset,iotid20(6.4%),0.10555555555555556
138,20260718,dataset,abalone(9.4%),0.38472222222222224
138,20260718,dataset,car_eval_34(7.8%),0.059722222222222225
138,20260718,dataset,car_eval_4(3.8%),0.08194444444444444
138,20260718,dataset,coil_2000(6.0%),0.013888888888888888
138,20260718,dataset,mammography(2.3%),0.06527777777777778
138,20260718,dataset,ozone_level(2.9%),0.09722222222222222
138,20260718,dataset,protein_homo(0.9%),0.06666666666666667
138,20260718,dataset,sick_euthyroid(9.3%),0.043055555555555555
138,20260718,dataset,thyroid_sick(6.1%),0.14305555555555555
138,20260718,dataset,us_crime(7.5%),0.03194444444444444
138,20260718,dataset,wine_quality(3.7%),0.03194444444444444
138,20260718,dataset,yeast_ml8(7.4%),0.05277777777777778
138,20260718,all6,,0.10216049382716048
138,20260718,benchmark,,0.11944444444444445
138,20260718,real,,0.13611111111111113
139,20260718,dataset,breast_cancer(37%),0.18055555555555555
139,20260718,dataset,synth(5%),0.030555555555555555
139,20260718,dataset,synth(1%),0.15555555555555556
139,20260718,dataset,creditcard(1%),0.09861111111111111
139,20260718,dataset,creditcard(0.5%),0.4097222222222222
139,20260718,dataset,iotid20(6.4%),0.04861111111111111
139,20260718,dataset,abalone(9.4%),0.12083333333333333
139,20260718,dataset,car_eval_34(7.8%),0.02361111111111111
139,20260718,dataset,car_eval_4(3.8%),0.09166666666666666
139,20260718,dataset,coil_2000(6.0%),0.02361111111111111
139,20260718,dataset,mammography(2.3%),0.08055555555555556
139,20260718,dataset,ozone_level(2.9%),0.044444444444444446
139,20260718,dataset,protein_homo(0.9%),0.034722222222222224
139,20260718,dataset,sick_euthyroid(9.3%),0.12083333333333333
139,20260718,dataset,thyroid_sick(6.1%),0.07361111111111111
139,20260718,dataset,us_crime(7.5%),0.05416666666666667
139,20260718,dataset,wine_quality(3.7%),0.044444444444444446
139,20260718,dataset,yeast_ml8(7.4%),0.10833333333333334
139,20260718,all6,,0.09691358024691359
139,20260718,benchmark,,0.12222222222222223
139,20260718,real,,0.18564814814814815
140,20260718,dataset,breast_cancer(37%),0.06388888888888888
140,20260718,dataset,synth(5%),0.19722222222222222
140,20260718,dataset,synth(1%),0.08472222222222223
140,20260718,dataset,creditcard(1%),0.06527777777777778
140,20260718,dataset,creditcard(0.5%),0.05138888888888889
140,20260718,dataset,iotid20(6.4%),0.02361111111111111
140,20260718,dataset,abalone(9.4%),0.14444444444444443
140,20260718,dataset,car_eval_34(7.8%),0.03888888888888889
140,20260718,dataset,car_eval_4(3.8%),0.16805555555555557
140,20260718,dataset,coil_2000(6.0%),0.044444444444444446
140,20260718,dataset,mammography(2.3%),0.02361111111111111
140,20260718,dataset,ozone_level(2.9%),0.06805555555555555
140,20260718,dataset,protein_homo(0.9%),0.018055555555555554
140,20260718,dataset,sick_euthyroid(9.3%),0.10972222222222222
140,20260718,dataset,thyroid_sick(6.1%),0.1763888888888889
140,20260718,dataset,us_crime(7.5%),0.14444444444444443
140,20260718,dataset,wine_quality(3.7%),0.030555555555555555
140,20260718,dataset,yeast_ml8(7.4%),0.043055555555555555
140,20260718,all6,,0.08310185185185186
140,20260718,benchmark,,0.11527777777777777
140,20260718,real,,0.04675925925925926
141,20260718,dataset,breast_cancer(37%),0.1375
141,20260718,dataset,synth(5%),0.004166666666666667
141,20260718,dataset,synth(1%),0.12916666666666668
141,20260718,dataset,creditcard(1%),0.05555555555555555
141,20260718,dataset,creditcard(0.5%),0.0763888888888889
141,20260718,dataset,iotid20(6.4%),0.03888888888888889
141,20260718,dataset,abalone(9.4%),0.24722222222222223
141,20260718,dataset,car_eval_34(7.8%),0.12638888888888888
141,20260718,dataset,car_eval_4(3.8%),0.18055555555555555
141,20260718,dataset,coil_2000(6.0%),0.18055555555555555
141,20260718,dataset,mammography(2.3%),0.09444444444444444
141,20260718,dataset,ozone_level(2.9%),0.225
141,20260718,dataset,protein_homo(0.9%),0.21388888888888888
141,20260718,dataset,sick_euthyroid(9.3%),0.04861111111111111
141,20260718,dataset,thyroid_sick(6.1%),0.12083333333333333
141,20260718,dataset,us_crime(7.5%),0.18055555555555555
141,20260718,dataset,wine_quality(3.7%),0.10416666666666667
141,20260718,dataset,yeast_ml8(7.4%),0.10138888888888889
141,20260718,all6,,0.12584876543209875
141,20260718,benchmark,,0.09027777777777779
141,20260718,real,,0.05694444444444444
142,20260718,dataset,breast_cancer(37%),0.019444444444444445
142,20260718,dataset,synth(5%),0.07361111111111111
142,20260718,dataset,synth(1%),0.043055555555555555
142,20260718,dataset,creditcard(1%),0.05694444444444444
142,20260718,dataset,creditcard(0.5%),0.11527777777777778
142,20260718,dataset,iotid20(6.4%),0.030555555555555555
142,20260718,dataset,abalone(9.4%),0.15694444444444444
142,20260718,dataset,car_eval_34(7.8%),0.015277777777777777
142,20260718,dataset,car_eval_4(3.8%),0.4527777777777778
142,20260718,dataset,coil_2000(6.0%),0.044444444444444446
142,20260718,dataset,mammography(2.3%),0.025
142,20260718,dataset,ozone_level(2.9%),0.12916666666666668
142,20260718,dataset,protein_homo(0.9%),0.044444444444444446
142,20260718,dataset,sick_euthyroid(9.3%),0.04027777777777778
142,20260718,dataset,thyroid_sick(6.1%),0.034722222222222224
142,20260718,dataset,us_crime(7.5%),0.06944444444444445
142,20260718,dataset,wine_quality(3.7%),0.09305555555555556
142,20260718,dataset,yeast_ml8(7.4%),0.05555555555555555
142,20260718,all6,,0.08333333333333334
142,20260718,benchmark,,0.04537037037037037
142,20260718,real,,0.06759259259259259
143,20260718,dataset,breast_cancer(37%),0.10277777777777777
143,20260718,dataset,synth(5%),0.018055555555555554
143,20260718,dataset,synth(1%),0.13472222222222222
143,20260718,dataset,creditcard(1%),0.07916666666666666
143,20260718,dataset,creditcard(0.5%),0.1875
143,20260718,dataset,iotid20(6.4%),0.030555555555555555
143,20260718,dataset,abalone(9.4%),0.08472222222222223
143,20260718,dataset,car_eval_34(7.8%),0.12083333333333333
143,20260718,dataset,car_eval_4(3.8%),0.0375
143,20260718,dataset,coil_2000(6.0%),0.006944444444444444
143,20260718,dataset,mammography(2.3%),0.03888888888888889
143,20260718,dataset,ozone_level(2.9%),0.0125
143,20260718,dataset,protein_homo(0.9%),0.18472222222222223
143,20260718,dataset,sick_euthyroid(9.3%),0.08194444444444444
143,20260718,dataset,thyroid_sick(6.1%),0.08194444444444444
143,20260718,dataset,us_crime(7.5%),0.009722222222222222
143,20260718,dataset,wine_quality(3.7%),0.1
143,20260718,dataset,yeast_ml8(7.4%),0.043055555555555555
143,20260718,all6,,0.07530864197530864
143,20260718,benchmark,,0.08518518518518518
143,20260718,real,,0.09907407407407408
144,20260718,dataset,breast_cancer(37%),0.11805555555555555
144,20260718,dataset,synth(5%),0.225
144,20260718,dataset,synth(1%),0.15555555555555556
144,20260718,dataset,creditcard(1%),0.07361111111111111
144,20260718,dataset,creditcard(0.5%),0.10694444444444444
144,20260718,dataset,iotid20(6.4%),0.03194444444444444
144,20260718,dataset,abalone(9.4%),0.34305555555555556
144,20260718,dataset,car_eval_34(7.8%),0.1361111111111111
144,20260718,dataset,car_eval_4(3.8%),0.1625
144,20260718,dataset,coil_2000(6.0%),0.09444444444444444
144,20260718,dataset,mammography(2.3%),0.06805555555555555
144,20260718,dataset,ozone_level(2.9%),0.05138888888888889
144,20260718,dataset,protein_homo(0.9%),0.011111111111111112
144,20260718,dataset,sick_euthyroid(9.3%),0.06666666666666667
144,20260718,dataset,thyroid_sick(6.1%),0.15555555555555556
144,20260718,dataset,us_crime(7.5%),0.09166666666666666
144,20260718,dataset,wine_quality(3.7%),0.075
144,20260718,dataset,yeast_ml8(7.4%),0.13055555555555556
144,20260718,all6,,0.11651234567901235
144,20260718,benchmark,,0.16620370370370371
144,20260718,real,,0.07083333333333333
145,20260718,dataset,breast_cancer(37%),0.001388888888888889
145,20260718,dataset,synth(5%),0.034722222222222224
145,20260718,dataset,synth(1%),0.05277777777777778
145,20260718,dataset,creditcard(1%),0.11805555555555555
145,20260718,dataset,creditcard(0.5%),0.025
145,20260718,dataset,iotid20(6.4%),0.09583333333333334
145,20260718,dataset,abalone(9.4%),0.1527777777777778
145,20260718,dataset,car_eval_34(7.8%),0.03194444444444444
145,20260718,dataset,car_eval_4(3.8%),0.3819444444444444
145,20260718,dataset,coil_2000(6.0%),0.25972222222222224
145,20260718,dataset,mammography(2.3%),0.034722222222222224
145,20260718,dataset,ozone_level(2.9%),0.05
145,20260718,dataset,protein_homo(0.9%),0.06666666666666667
145,20260718,dataset,sick_euthyroid(9.3%),0.05
145,20260718,dataset,thyroid_sick(6.1%),0.006944444444444444
145,20260718,dataset,us_crime(7.5%),0.059722222222222225
145,20260718,dataset,wine_quality(3.7%),0.04027777777777778
145,20260718,dataset,yeast_ml8(7.4%),0.029166666666666667
145,20260718,all6,,0.08287037037037037
145,20260718,benchmark,,0.029629629629629627
145,20260718,real,,0.07962962962962962
146,20260718,dataset,breast_cancer(37%),0.02638888888888889
146,20260718,dataset,synth(5%),0.09027777777777778
146,20260718,dataset,synth(1%),0.05138888888888889
146,20260718,dataset,creditcard(1%),0.05555555555555555
146,20260718,dataset,creditcard(0.5%),0.06527777777777778
146,20260718,dataset,iotid20(6.4%),0.06666666666666667
146,20260718,dataset,abalone(9.4%),0.044444444444444446
146,20260718,dataset,car_eval_34(7.8%),0.21666666666666667
146,20260718,dataset,car_eval_4(3.8%),0.006944444444444444
146,20260718,dataset,coil_2000(6.0%),0.09027777777777778
146,20260718,dataset,mammography(2.3%),0.03194444444444444
146,20260718,dataset,ozone_level(2.9%),0.12916666666666668
146,20260718,dataset,protein_homo(0.9%),0.10972222222222222
146,20260718,dataset,sick_euthyroid(9.3%),0.20416666666666666
146,20260718,dataset,thyroid_sick(6.1%),0.059722222222222225
146,20260718,dataset,us_crime(7.5%),0.001388888888888889
146,20260718,dataset,wine_quality(3.7%),0.05138888888888889
146,20260718,dataset,yeast_ml8(7.4%),0.26805555555555555
146,20260718,all6,,0.08719135802469136
146,20260718,benchmark,,0.056018518518518516
146,20260718,real,,0.0625
147,20260718,dataset,breast_cancer(37%),0.06527777777777778
147,20260718,dataset,synth(5%),0.04583333333333333
147,20260718,dataset,synth(1%),0.005555555555555556
147,20260718,dataset,creditcard(1%),0.20555555555555555
147,20260718,dataset,creditcard(0.5%),0.05138888888888889
147,20260718,dataset,iotid20(6.4%),0.015277777777777777
147,20260718,dataset,abalone(9.4%),0.0763888888888889
147,20260718,dataset,car_eval_34(7.8%),0.04583333333333333
147,20260718,dataset,car_eval_4(3.8%),0.25972222222222224
147,20260718,dataset,coil_2000(6.0%),0.05555555555555555
147,20260718,dataset,mammography(2.3%),0.06527777777777778
147,20260718,dataset,ozone_level(2.9%),0.034722222222222224
147,20260718,dataset,protein_homo(0.9%),0.06666666666666667
147,20260718,dataset,sick_euthyroid(9.3%),0.12777777777777777
147,20260718,dataset,thyroid_sick(6.1%),0.044444444444444446
147,20260718,dataset,us_crime(7.5%),0.19583333333333333
147,20260718,dataset,wine_quality(3.7%),0.125
147,20260718,dataset,yeast_ml8(7.4%),0.06111111111111111
147,20260718,all6,,0.08595679012345679
147,20260718,benchmark,,0.03888888888888889
147,20260718,real,,0.09074074074074073
148,20260718,dataset,breast_cancer(37%),0.034722222222222224
148,20260718,dataset,synth(5%),0.0625
148,20260718,dataset,synth(1%),0.2388888888888889
148,20260718,dataset,creditcard(1%),0.14444444444444443
148,20260718,dataset,creditcard(0.5%),0.12083333333333333
148,20260718,dataset,iotid20(6.4%),0.016666666666666666
148,20260718,dataset,abalone(9.4%),0.11805555555555555
148,20260718,dataset,car_eval_34(7.8%),0.018055555555555554
148,20260718,dataset,car_eval_4(3.8%),0.04583333333333333
148,20260718,dataset,coil_2000(6.0%),0.05138888888888889
148,20260718,dataset,mammography(2.3%),0.13194444444444445
148,20260718,dataset,ozone_level(2.9%),0.044444444444444446
148,20260718,dataset,protein_homo(0.9%),0.04027777777777778
148,20260718,dataset,sick_euthyroid(9.3%),0.20555555555555555
148,20260718,dataset,thyroid_sick(6.1%),0.02361111111111111
148,20260718,dataset,us_crime(7.5%),0.04583333333333333
148,20260718,dataset,wine_quality(3.7%),0.059722222222222225
148,20260718,dataset,yeast_ml8(7.4%),0.020833333333333332
148,20260718,all6,,0.07908950617283951
148,20260718,benchmark,,0.11203703703703705
148,20260718,real,,0.09398148148148149
149,20260718,dataset,breast_cancer(37%),0.041666666666666664
149,20260718,dataset,synth(5%),0.022222222222222223
149,20260718,dataset,synth(1%),0.3375
149,20260718,dataset,creditcard(1%),0.04583333333333333
149,20260718,dataset,creditcard(0.5%),0.10694444444444444
149,20260718,dataset,iotid20(6.4%),0.02361111111111111
149,20260718,dataset,abalone(9.4%),0.3416666666666667
149,20260718,dataset,car_eval_34(7.8%),0.044444444444444446
149,20260718,dataset,car_eval_4(3.8%),0.005555555555555556
149,20260718,dataset,coil_2000(6.0%),0.027777777777777776
149,20260718,dataset,mammography(2.3%),0.029166666666666667
149,20260718,dataset,ozone_level(2.9%),0.05694444444444444
149,20260718,dataset,protein_homo(0.9%),0.04027777777777778
149,20260718,dataset,sick_euthyroid(9.3%),0.18194444444444444
149,20260718,dataset,thyroid_sick(6.1%),0.09861111111111111
149,20260718,dataset,us_crime(7.5%),0.043055555555555555
149,20260718,dataset,wine_quality(3.7%),0.07916666666666666
149,20260718,dataset,yeast_ml8(7.4%),0.016666666666666666
149,20260718,all6,,0.0857253086419753
149,20260718,benchmark,,0.1337962962962963
149,20260718,real,,0.05879629629629629
150,20260718,dataset,breast_cancer(37%),0.0375
150,20260718,dataset,synth(5%),0.005555555555555556
150,20260718,dataset,synth(1%),0.05416666666666667
150,20260718,dataset,creditcard(1%),0.04583333333333333
150,20260718,dataset,creditcard(0.5%),0.12361111111111112
150,20260718,dataset,iotid20(6.4%),0.2652777777777778
150,20260718,dataset,abalone(9.4%),0.18472222222222223
150,20260718,dataset,car_eval_34(7.8%),0.05138888888888889
150,20260718,dataset,car_eval_4(3.8%),0.14444444444444443
150,20260718,dataset,coil_2000(6.0%),0.06388888888888888
150,20260718,dataset,mammography(2.3%),0.011111111111111112
150,20260718,dataset,ozone_level(2.9%),0.07361111111111111
150,20260718,dataset,protein_homo(0.9%),0.030555555555555555
150,20260718,dataset,sick_euthyroid(9.3%),0.0375
150,20260718,dataset,thyroid_sick(6.1%),0.013888888888888888
150,20260718,dataset,us_crime(7.5%),0.10972222222222222
150,20260718,dataset,wine_quality(3.7%),0.03194444444444444
150,20260718,dataset,yeast_ml8(7.4%),0.1111111111111111
150,20260718,all6,,0.07754629629629628
150,20260718,benchmark,,0.032407407407407406
150,20260718,real,,0.1449074074074074
151,20260718,dataset,breast_cancer(37%),0.004166666666666667
151,20260718,dataset,synth(5%),0.04027777777777778
151,20260718,dataset,synth(1%),0.03194444444444444
151,20260718,dataset,creditcard(1%),0.24583333333333332
151,20260718,dataset,creditcard(0.5%),0.2638888888888889
151,20260718,dataset,iotid20(6.4%),0.10138888888888889
151,20260718,dataset,abalone(9.4%),0.10694444444444444
151,20260718,dataset,car_eval_34(7.8%),0.13333333333333333
151,20260718,dataset,car_eval_4(3.8%),0.23055555555555557
151,20260718,dataset,coil_2000(6.0%),0.013888888888888888
151,20260718,dataset,mammography(2.3%),0.05138888888888889
151,20260718,dataset,ozone_level(2.9%),0.03888888888888889
151,20260718,dataset,protein_homo(0.9%),0.06527777777777778
151,20260718,dataset,sick_euthyroid(9.3%),0.04027777777777778
151,20260718,dataset,thyroid_sick(6.1%),0.009722222222222222
151,20260718,dataset,us_crime(7.5%),0.07361111111111111
151,20260718,dataset,wine_quality(3.7%),0.06944444444444445
151,20260718,dataset,yeast_ml8(7.4%),0.06527777777777778
151,20260718,all6,,0.0881172839506173
151,20260718,benchmark,,0.02546296296296296
151,20260718,real,,0.2037037037037037
152,20260718,dataset,breast_cancer(37%),0.04027777777777778
152,20260718,dataset,synth(5%),0.06388888888888888
152,20260718,dataset,synth(1%),0.43472222222222223
152,20260718,dataset,creditcard(1%),0.39305555555555555
152,20260718,dataset,creditcard(0.5%),0.48194444444444445
152,20260718,dataset,iotid20(6.4%),0.034722222222222224
152,20260718,dataset,abalone(9.4%),0.11805555555555555
152,20260718,dataset,car_eval_34(7.8%),0.3861111111111111
152,20260718,dataset,car_eval_4(3.8%),0.020833333333333332
152,20260718,dataset,coil_2000(6.0%),0.08611111111111111
152,20260718,dataset,mammography(2.3%),0.1486111111111111
152,20260718,dataset,ozone_level(2.9%),0.15
152,20260718,dataset,protein_homo(0.9%),0.04861111111111111
152,20260718,dataset,sick_euthyroid(9.3%),0.04583333333333333
152,20260718,dataset,thyroid_sick(6.1%),0.15694444444444444
152,20260718,dataset,us_crime(7.5%),0.059722222222222225
152,20260718,dataset,wine_quality(3.7%),0.12638888888888888
152,20260718,dataset,yeast_ml8(7.4%),0.059722222222222225
152,20260718,all6,,0.158641975308642
152,20260718,benchmark,,0.1796296296296296
152,20260718,real,,0.30324074074074076
153,20260718,dataset,breast_cancer(37%),0.009722222222222222
153,20260718,dataset,synth(5%),0.34305555555555556
153,20260718,dataset,synth(1%),0.05138888888888889
153,20260718,dataset,creditcard(1%),0.15694444444444444
153,20260718,dataset,creditcard(0.5%),0.1527777777777778
153,20260718,dataset,iotid20(6.4%),0.07916666666666666
153,20260718,dataset,abalone(9.4%),0.07083333333333333
153,20260718,dataset,car_eval_34(7.8%),0.05555555555555555
153,20260718,dataset,car_eval_4(3.8%),0.06944444444444445
153,20260718,dataset,coil_2000(6.0%),0.20694444444444443
153,20260718,dataset,mammography(2.3%),0.06527777777777778
153,20260718,dataset,ozone_level(2.9%),0.006944444444444444
153,20260718,dataset,protein_homo(0.9%),0.09027777777777778
153,20260718,dataset,sick_euthyroid(9.3%),0.03888888888888889
153,20260718,dataset,thyroid_sick(6.1%),0.018055555555555554
153,20260718,dataset,us_crime(7.5%),0.008333333333333333
153,20260718,dataset,wine_quality(3.7%),0.09027777777777778
153,20260718,dataset,yeast_ml8(7.4%),0.15138888888888888
153,20260718,all6,,0.09251543209876542
153,20260718,benchmark,,0.13472222222222222
153,20260718,real,,0.12962962962962962
154,20260718,dataset,breast_cancer(37%),0.03888888888888889
154,20260718,dataset,synth(5%),0.07083333333333333
154,20260718,dataset,synth(1%),0.15555555555555556
154,20260718,dataset,creditcard(1%),0.020833333333333332
154,20260718,dataset,creditcard(0.5%),0.07777777777777778
154,20260718,dataset,iotid20(6.4%),0.044444444444444446
154,20260718,dataset,abalone(9.4%),0.043055555555555555
154,20260718,dataset,car_eval_34(7.8%),0.03888888888888889
154,20260718,dataset,car_eval_4(3.8%),0.018055555555555554
154,20260718,dataset,coil_2000(6.0%),0.04583333333333333
154,20260718,dataset,mammography(2.3%),0.05138888888888889
154,20260718,dataset,ozone_level(2.9%),0.14027777777777778
154,20260718,dataset,protein_homo(0.9%),0.09722222222222222
154,20260718,dataset,sick_euthyroid(9.3%),0.034722222222222224
154,20260718,dataset,thyroid_sick(6.1%),0.059722222222222225
154,20260718,dataset,us_crime(7.5%),0.14305555555555555
154,20260718,dataset,wine_quality(3.7%),0.058333333333333334
154,20260718,dataset,yeast_ml8(7.4%),0.08333333333333333
154,20260718,all6,,0.06790123456790123
154,20260718,benchmark,,0.08842592592592592
154,20260718,real,,0.047685185185185185
155,20260718,dataset,breast_cancer(37%),0.16527777777777777
155,20260718,dataset,synth(5%),0.06111111111111111
155,20260718,dataset,synth(1%),0.13472222222222222
155,20260718,dataset,creditcard(1%),0.14444444444444443
155,20260718,dataset,creditcard(0.5%),0.022222222222222223
155,20260718,dataset,iotid20(6.4%),0.3638888888888889
155,20260718,dataset,abalone(9.4%),0.0125
155,20260718,dataset,car_eval_34(7.8%),0.05694444444444444
155,20260718,dataset,car_eval_4(3.8%),0.04722222222222222
155,20260718,dataset,coil_2000(6.0%),0.1125
155,20260718,dataset,mammography(2.3%),0.059722222222222225
155,20260718,dataset,ozone_level(2.9%),0.03194444444444444
155,20260718,dataset,protein_homo(0.9%),0.020833333333333332
155,20260718,dataset,sick_euthyroid(9.3%),0.0763888888888889
155,20260718,dataset,thyroid_sick(6.1%),0.09583333333333334
155,20260718,dataset,us_crime(7.5%),0.008333333333333333
155,20260718,dataset,wine_quality(3.7%),0.25416666666666665
155,20260718,dataset,yeast_ml8(7.4%),0.12777777777777777
155,20260718,all6,,0.0997685185185185
155,20260718,benchmark,,0.12037037037037036
155,20260718,real,,0.17685185185185184
156,20260718,dataset,breast_cancer(37%),0.15138888888888888
156,20260718,dataset,synth(5%),0.015277777777777777
156,20260718,dataset,synth(1%),0.15138888888888888
156,20260718,dataset,creditcard(1%),0.1111111111111111
156,20260718,dataset,creditcard(0.5%),0.04722222222222222
156,20260718,dataset,iotid20(6.4%),0.030555555555555555
156,20260718,dataset,abalone(9.4%),0.10694444444444444
156,20260718,dataset,car_eval_34(7.8%),0.03194444444444444
156,20260718,dataset,car_eval_4(3.8%),0.11527777777777778
156,20260718,dataset,coil_2000(6.0%),0.0875
156,20260718,dataset,mammography(2.3%),0.19305555555555556
156,20260718,dataset,ozone_level(2.9%),0.24027777777777778
156,20260718,dataset,protein_homo(0.9%),0.020833333333333332
156,20260718,dataset,sick_euthyroid(9.3%),0.029166666666666667
156,20260718,dataset,thyroid_sick(6.1%),0.02361111111111111
156,20260718,dataset,us_crime(7.5%),0.059722222222222225
156,20260718,dataset,wine_quality(3.7%),0.058333333333333334
156,20260718,dataset,yeast_ml8(7.4%),0.041666666666666664
156,20260718,all6,,0.08418209876543209
156,20260718,benchmark,,0.10601851851851851
156,20260718,real,,0.06296296296296296
157,20260718,dataset,breast_cancer(37%),0.06944444444444445
157,20260718,dataset,synth(5%),0.059722222222222225
157,20260718,dataset,synth(1%),0.043055555555555555
157,20260718,dataset,creditcard(1%),0.2625
157,20260718,dataset,creditcard(0.5%),0.020833333333333332
157,20260718,dataset,iotid20(6.4%),0.34305555555555556
157,20260718,dataset,abalone(9.4%),0.043055555555555555
157,20260718,dataset,car_eval_34(7.8%),0.059722222222222225
157,20260718,dataset,car_eval_4(3.8%),0.04722222222222222
157,20260718,dataset,coil_2000(6.0%),0.11805555555555555
157,20260718,dataset,mammography(2.3%),0.02361111111111111
157,20260718,dataset,ozone_level(2.9%),0.11805555555555555
157,20260718,dataset,protein_homo(0.9%),0.06666666666666667
157,20260718,dataset,sick_euthyroid(9.3%),0.37916666666666665
157,20260718,dataset,thyroid_sick(6.1%),0.019444444444444445
157,20260718,dataset,us_crime(7.5%),0.06666666666666667
157,20260718,dataset,wine_quality(3.7%),0.025
157,20260718,dataset,yeast_ml8(7.4%),0.06111111111111111
157,20260718,all6,,0.10146604938271604
157,20260718,benchmark,,0.05740740740740741
157,20260718,real,,0.20879629629629629
158,20260718,dataset,breast_cancer(37%),0.16805555555555557
158,20260718,dataset,synth(5%),0.022222222222222223
158,20260718,dataset,synth(1%),0.21388888888888888
158,20260718,dataset,creditcard(1%),0.12222222222222222
158,20260718,dataset,creditcard(0.5%),0.12222222222222222
158,20260718,dataset,iotid20(6.4%),0.02361111111111111
158,20260718,dataset,abalone(9.4%),0.018055555555555554
158,20260718,dataset,car_eval_34(7.8%),0.07222222222222222
158,20260718,dataset,car_eval_4(3.8%),0.225
158,20260718,dataset,coil_2000(6.0%),0.28055555555555556
158,20260718,dataset,mammography(2.3%),0.17777777777777778
158,20260718,dataset,ozone_level(2.9%),0.15694444444444444
158,20260718,dataset,protein_homo(0.9%),0.06805555555555555
158,20260718,dataset,sick_euthyroid(9.3%),0.09722222222222222
158,20260718,dataset,thyroid_sick(6.1%),0.08333333333333333
158,20260718,dataset,us_crime(7.5%),0.05694444444444444
158,20260718,dataset,wine_quality(3.7%),0.125
158,20260718,dataset,yeast_ml8(7.4%),0.10833333333333334
158,20260718,all6,,0.11898148148148151
158,20260718,benchmark,,0.13472222222222222
158,20260718,real,,0.08935185185185185
159,20260718,dataset,breast_cancer(37%),0.20277777777777778
159,20260718,dataset,synth(5%),0.09305555555555556
159,20260718,dataset,synth(1%),0.2263888888888889
159,20260718,dataset,creditcard(1%),0.006944444444444444
159,20260718,dataset,creditcard(0.5%),0.03888888888888889
159,20260718,dataset,iotid20(6.4%),0.11944444444444445
159,20260718,dataset,abalone(9.4%),0.07361111111111111
159,20260718,dataset,car_eval_34(7.8%),0.06805555555555555
159,20260718,dataset,car_eval_4(3.8%),0.07222222222222222
159,20260718,dataset,coil_2000(6.0%),0.10416666666666667
159,20260718,dataset,mammography(2.3%),0.19027777777777777
159,20260718,dataset,ozone_level(2.9%),0.020833333333333332
159,20260718,dataset,protein_homo(0.9%),0.02638888888888889
159,20260718,dataset,sick_euthyroid(9.3%),0.12083333333333333
159,20260718,dataset,thyroid_sick(6.1%),0.08611111111111111
159,20260718,dataset,us_crime(7.5%),0.009722222222222222
159,20260718,dataset,wine_quality(3.7%),0.10972222222222222
159,20260718,dataset,yeast_ml8(7.4%),0.10555555555555556
159,20260718,all6,,0.09305555555555554
159,20260718,benchmark,,0.17407407407407405
159,20260718,real,,0.0550925925925926
160,20260718,dataset,breast_cancer(37%),0.008333333333333333
160,20260718,dataset,synth(5%),0.04861111111111111
160,20260718,dataset,synth(1%),0.28194444444444444
160,20260718,dataset,creditcard(1%),0.02361111111111111
160,20260718,dataset,creditcard(0.5%),0.18611111111111112
160,20260718,dataset,iotid20(6.4%),0.09027777777777778
160,20260718,dataset,abalone(9.4%),0.0375
160,20260718,dataset,car_eval_34(7.8%),0.059722222222222225
160,20260718,dataset,car_eval_4(3.8%),0.06944444444444445
160,20260718,dataset,coil_2000(6.0%),0.08194444444444444
160,20260718,dataset,mammography(2.3%),0.006944444444444444
160,20260718,dataset,ozone_level(2.9%),0.3472222222222222
160,20260718,dataset,protein_homo(0.9%),0.11666666666666667
160,20260718,dataset,sick_euthyroid(9.3%),0.12638888888888888
160,20260718,dataset,thyroid_sick(6.1%),0.0875
160,20260718,dataset,us_crime(7.5%),0.059722222222222225
160,20260718,dataset,wine_quality(3.7%),0.08888888888888889
160,20260718,dataset,yeast_ml8(7.4%),0.02638888888888889
160,20260718,all6,,0.0970679012345679
160,20260718,benchmark,,0.11296296296296297
160,20260718,real,,0.09999999999999999
161,20260718,dataset,breast_cancer(37%),0.022222222222222223
161,20260718,dataset,synth(5%),0.002777777777777778
161,20260718,dataset,synth(1%),0.016666666666666666
161,20260718,dataset,creditcard(1%),0.025
161,20260718,dataset,creditcard(0.5%),0.1527777777777778
161,20260718,dataset,iotid20(6.4%),0.03194444444444444
161,20260718,dataset,abalone(9.4%),0.0625
161,20260718,dataset,car_eval_34(7.8%),0.10138888888888889
161,20260718,dataset,car_eval_4(3.8%),0.1
161,20260718,dataset,coil_2000(6.0%),0.006944444444444444
161,20260718,dataset,mammography(2.3%),0.10694444444444444
161,20260718,dataset,ozone_level(2.9%),0.1125
161,20260718,dataset,protein_homo(0.9%),0.12083333333333333
161,20260718,dataset,sick_euthyroid(9.3%),0.11527777777777778
161,20260718,dataset,thyroid_sick(6.1%),0.10138888888888889
161,20260718,dataset,us_crime(7.5%),0.16805555555555557
161,20260718,dataset,wine_quality(3.7%),0.06111111111111111
161,20260718,dataset,yeast_ml8(7.4%),0.08194444444444444
161,20260718,all6,,0.07723765432098767
161,20260718,benchmark,,0.01388888888888889
161,20260718,real,,0.0699074074074074
162,20260718,dataset,breast_cancer(37%),0.1527777777777778
162,20260718,dataset,synth(5%),0.11388888888888889
162,20260718,dataset,synth(1%),0.14722222222222223
162,20260718,dataset,creditcard(1%),0.07361111111111111
162,20260718,dataset,creditcard(0.5%),0.09305555555555556
162,20260718,dataset,iotid20(6.4%),0.06527777777777778
162,20260718,dataset,abalone(9.4%),0.08055555555555556
162,20260718,dataset,car_eval_34(7.8%),0.016666666666666666
162,20260718,dataset,car_eval_4(3.8%),0.044444444444444446
162,20260718,dataset,coil_2000(6.0%),0.03194444444444444
162,20260718,dataset,mammography(2.3%),0.03194444444444444
162,20260718,dataset,ozone_level(2.9%),0.09583333333333334
162,20260718,dataset,protein_homo(0.9%),0.22916666666666666
162,20260718,dataset,sick_euthyroid(9.3%),0.02638888888888889
162,20260718,dataset,thyroid_sick(6.1%),0.044444444444444446
162,20260718,dataset,us_crime(7.5%),0.13472222222222222
162,20260718,dataset,wine_quality(3.7%),0.23472222222222222
162,20260718,dataset,yeast_ml8(7.4%),0.075
162,20260718,all6,,0.0939814814814815
162,20260718,benchmark,,0.13796296296296298
162,20260718,real,,0.07731481481481482
163,20260718,dataset,breast_cancer(37%),0.05555555555555555
163,20260718,dataset,synth(5%),0.04027777777777778
163,20260718,dataset,synth(1%),0.14444444444444443
163,20260718,dataset,creditcard(1%),0.2125
163,20260718,dataset,creditcard(0.5%),0.022222222222222223
163,20260718,dataset,iotid20(6.4%),0.3375
163,20260718,dataset,abalone(9.4%),0.2652777777777778
163,20260718,dataset,car_eval_34(7.8%),0.1388888888888889
163,20260718,dataset,car_eval_4(3.8%),0.18472222222222223
163,20260718,dataset,coil_2000(6.0%),0.06666666666666667
163,20260718,dataset,mammography(2.3%),0.006944444444444444
163,20260718,dataset,ozone_level(2.9%),0.16111111111111112
163,20260718,dataset,protein_homo(0.9%),0.03194444444444444
163,20260718,dataset,sick_euthyroid(9.3%),0.36527777777777776
163,20260718,dataset,thyroid_sick(6.1%),0.20972222222222223
163,20260718,dataset,us_crime(7.5%),0.06388888888888888
163,20260718,dataset,wine_quality(3.7%),0.011111111111111112
163,20260718,dataset,yeast_ml8(7.4%),0.1638888888888889
163,20260718,all6,,0.1378858024691358
163,20260718,benchmark,,0.08009259259259259
163,20260718,real,,0.19074074074074074
164,20260718,dataset,breast_cancer(37%),0.075
164,20260718,dataset,synth(5%),0.08472222222222223
164,20260718,dataset,synth(1%),0.1
164,20260718,dataset,creditcard(1%),0.12638888888888888
164,20260718,dataset,creditcard(0.5%),0.02361111111111111
164,20260718,dataset,iotid20(6.4%),0.20277777777777778
164,20260718,dataset,abalone(9.4%),0.03333333333333333
164,20260718,dataset,car_eval_34(7.8%),0.10555555555555556
164,20260718,dataset,car_eval_4(3.8%),0.1388888888888889
164,20260718,dataset,coil_2000(6.0%),0.030555555555555555
164,20260718,dataset,mammography(2.3%),0.08472222222222223
164,20260718,dataset,ozone_level(2.9%),0.02361111111111111
164,20260718,dataset,protein_homo(0.9%),0.027777777777777776
164,20260718,dataset,sick_euthyroid(9.3%),0.05
164,20260718,dataset,thyroid_sick(6.1%),0.025
164,20260718,dataset,us_crime(7.5%),0.008333333333333333
164,20260718,dataset,wine_quality(3.7%),0.20972222222222223
164,20260718,dataset,yeast_ml8(7.4%),0.2569444444444444
164,20260718,all6,,0.08927469135802468
164,20260718,benchmark,,0.08657407407407408
164,20260718,real,,0.11759259259259258
165,20260718,dataset,breast_cancer(37%),0.15694444444444444
165,20260718,dataset,synth(5%),0.14305555555555555
165,20260718,dataset,synth(1%),0.06388888888888888
165,20260718,dataset,creditcard(1%),0.05
165,20260718,dataset,creditcard(0.5%),0.20972222222222223
165,20260718,dataset,iotid20(6.4%),0.004166666666666667
165,20260718,dataset,abalone(9.4%),0.015277777777777777
165,20260718,dataset,car_eval_34(7.8%),0.015277777777777777
165,20260718,dataset,car_eval_4(3.8%),0.016666666666666666
165,20260718,dataset,coil_2000(6.0%),0.059722222222222225
165,20260718,dataset,mammography(2.3%),0.3347222222222222
165,20260718,dataset,ozone_level(2.9%),0.12222222222222222
165,20260718,dataset,protein_homo(0.9%),0.02361111111111111
165,20260718,dataset,sick_euthyroid(9.3%),0.022222222222222223
165,20260718,dataset,thyroid_sick(6.1%),0.2125
165,20260718,dataset,us_crime(7.5%),0.03194444444444444
165,20260718,dataset,wine_quality(3.7%),0.0375
165,20260718,dataset,yeast_ml8(7.4%),0.04861111111111111
165,20260718,all6,,0.08711419753086419
165,20260718,benchmark,,0.12129629629629629
165,20260718,real,,0.08796296296296297
166,20260718,dataset,breast_cancer(37%),0.03194444444444444
166,20260718,dataset,synth(5%),0.018055555555555554
166,20260718,dataset,synth(1%),0.09583333333333334
166,20260718,dataset,creditcard(1%),0.02361111111111111
166,20260718,dataset,creditcard(0.5%),0.08472222222222223
166,20260718,dataset,iotid20(6.4%),0.027777777777777776
166,20260718,dataset,abalone(9.4%),0.05416666666666667
166,20260718,dataset,car_eval_34(7.8%),0.029166666666666667
166,20260718,dataset,car_eval_4(3.8%),0.10416666666666667
166,20260718,dataset,coil_2000(6.0%),0.11944444444444445
166,20260718,dataset,mammography(2.3%),0.006944444444444444
166,20260718,dataset,ozone_level(2.9%),0.2652777777777778
166,20260718,dataset,protein_homo(0.9%),0.006944444444444444
166,20260718,dataset,sick_euthyroid(9.3%),0.12083333333333333
166,20260718,dataset,thyroid_sick(6.1%),0.07083333333333333
166,20260718,dataset,us_crime(7.5%),0.04861111111111111
166,20260718,dataset,wine_quality(3.7%),0.15694444444444444
166,20260718,dataset,yeast_ml8(7.4%),0.011111111111111112
166,20260718,all6,,0.07091049382716048
166,20260718,benchmark,,0.04861111111111111
166,20260718,real,,0.04537037037037037
167,20260718,dataset,breast_cancer(37%),0.04027777777777778
167,20260718,dataset,synth(5%),0.044444444444444446
167,20260718,dataset,synth(1%),0.03333333333333333
167,20260718,dataset,creditcard(1%),0.06527777777777778
167,20260718,dataset,creditcard(0.5%),0.07222222222222222
167,20260718,dataset,iotid20(6.4%),0.059722222222222225
167,20260718,dataset,abalone(9.4%),0.15
167,20260718,dataset,car_eval_34(7.8%),0.4486111111111111
167,20260718,dataset,car_eval_4(3.8%),0.10694444444444444
167,20260718,dataset,coil_2000(6.0%),0.29444444444444445
167,20260718,dataset,mammography(2.3%),0.3013888888888889
167,20260718,dataset,ozone_level(2.9%),0.14305555555555555
167,20260718,dataset,protein_homo(0.9%),0.041666666666666664
167,20260718,dataset,sick_euthyroid(9.3%),0.06527777777777778
167,20260718,dataset,thyroid_sick(6.1%),0.13472222222222222
167,20260718,dataset,us_crime(7.5%),0.12083333333333333
167,20260718,dataset,wine_quality(3.7%),0.05555555555555555
167,20260718,dataset,yeast_ml8(7.4%),0.06111111111111111
167,20260718,all6,,0.12438271604938274
167,20260718,benchmark,,0.03935185185185185
167,20260718,real,,0.06574074074074075
168,20260718,dataset,breast_cancer(37%),0.016666666666666666
168,20260718,dataset,synth(5%),0.04583333333333333
168,20260718,dataset,synth(1%),0.09583333333333334
168,20260718,dataset,creditcard(1%),0.059722222222222225
168,20260718,dataset,creditcard(0.5%),0.18472222222222223
168,20260718,dataset,iotid20(6.4%),0.034722222222222224
168,20260718,dataset,abalone(9.4%),0.07222222222222222
168,20260718,dataset,car_eval_34(7.8%),0.16805555555555557
168,20260718,dataset,car_eval_4(3.8%),0.044444444444444446
168,20260718,dataset,coil_2000(6.0%),0.030555555555555555
168,20260718,dataset,mammography(2.3%),0.06111111111111111
168,20260718,dataset,ozone_level(2.9%),0.029166666666666667
168,20260718,dataset,protein_homo(0.9%),0.08194444444444444
168,20260718,dataset,sick_euthyroid(9.3%),0.05277777777777778
168,20260718,dataset,thyroid_sick(6.1%),0.2611111111111111
168,20260718,dataset,us_crime(7.5%),0.09861111111111111
168,20260718,dataset,wine_quality(3.7%),0.06944444444444445
168,20260718,dataset,yeast_ml8(7.4%),0.016666666666666666
168,20260718,all6,,0.0790895061728395
168,20260718,benchmark,,0.05277777777777778
168,20260718,real,,0.09305555555555556
169,20260718,dataset,breast_cancer(37%),0.18055555555555555
169,20260718,dataset,synth(5%),0.02638888888888889
169,20260718,dataset,synth(1%),0.07222222222222222
169,20260718,dataset,creditcard(1%),0.11388888888888889
169,20260718,dataset,creditcard(0.5%),0.07916666666666666
169,20260718,dataset,iotid20(6.4%),0.034722222222222224
169,20260718,dataset,abalone(9.4%),0.030555555555555555
169,20260718,dataset,car_eval_34(7.8%),0.18888888888888888
169,20260718,dataset,car_eval_4(3.8%),0.25555555555555554
169,20260718,dataset,coil_2000(6.0%),0.18472222222222223
169,20260718,dataset,mammography(2.3%),0.1638888888888889
169,20260718,dataset,ozone_level(2.9%),0.075
169,20260718,dataset,protein_homo(0.9%),0.1486111111111111
169,20260718,dataset,sick_euthyroid(9.3%),0.022222222222222223
169,20260718,dataset,thyroid_sick(6.1%),0.12222222222222222
169,20260718,dataset,us_crime(7.5%),0.029166666666666667
169,20260718,dataset,wine_quality(3.7%),0.044444444444444446
169,20260718,dataset,yeast_ml8(7.4%),0.09305555555555556
169,20260718,all6,,0.10362654320987655
169,20260718,benchmark,,0.09305555555555556
169,20260718,real,,0.07592592592592591
170,20260718,dataset,breast_cancer(37%),0.06805555555555555
170,20260718,dataset,synth(5%),0.011111111111111112
170,20260718,dataset,synth(1%),0.16944444444444445
170,20260718,dataset,creditcard(1%),0.08194444444444444
170,20260718,dataset,creditcard(0.5%),0.12777777777777777
170,20260718,dataset,iotid20(6.4%),0.044444444444444446
170,20260718,dataset,abalone(9.4%),0.05138888888888889
170,20260718,dataset,car_eval_34(7.8%),0.2013888888888889
170,20260718,dataset,car_eval_4(3.8%),0.525
170,20260718,dataset,coil_2000(6.0%),0.02361111111111111
170,20260718,dataset,mammography(2.3%),0.02638888888888889
170,20260718,dataset,ozone_level(2.9%),0.043055555555555555
170,20260718,dataset,protein_homo(0.9%),0.2708333333333333
170,20260718,dataset,sick_euthyroid(9.3%),0.05
170,20260718,dataset,thyroid_sick(6.1%),0.03611111111111111
170,20260718,dataset,us_crime(7.5%),0.35833333333333334
170,20260718,dataset,wine_quality(3.7%),0.14305555555555555
170,20260718,dataset,yeast_ml8(7.4%),0.004166666666666667
170,20260718,all6,,0.12422839506172839
170,20260718,benchmark,,0.08287037037037037
170,20260718,real,,0.08472222222222221
171,20260718,dataset,breast_cancer(37%),0.03194444444444444
171,20260718,dataset,synth(5%),0.018055555555555554
171,20260718,dataset,synth(1%),0.11527777777777778
171,20260718,dataset,creditcard(1%),0.009722222222222222
171,20260718,dataset,creditcard(0.5%),0.0625
171,20260718,dataset,iotid20(6.4%),0.020833333333333332
171,20260718,dataset,abalone(9.4%),0.029166666666666667
171,20260718,dataset,car_eval_34(7.8%),0.006944444444444444
171,20260718,dataset,car_eval_4(3.8%),0.02638888888888889
171,20260718,dataset,coil_2000(6.0%),0.03194444444444444
171,20260718,dataset,mammography(2.3%),0.016666666666666666
171,20260718,dataset,ozone_level(2.9%),0.26666666666666666
171,20260718,dataset,protein_homo(0.9%),0.11527777777777778
171,20260718,dataset,sick_euthyroid(9.3%),0.08888888888888889
171,20260718,dataset,thyroid_sick(6.1%),0.20972222222222223
171,20260718,dataset,us_crime(7.5%),0.1763888888888889
171,20260718,dataset,wine_quality(3.7%),0.12083333333333333
171,20260718,dataset,yeast_ml8(7.4%),0.06805555555555555
171,20260718,all6,,0.07862654320987654
171,20260718,benchmark,,0.05509259259259259
171,20260718,real,,0.031018518518518515
172,20260718,dataset,breast_cancer(37%),0.034722222222222224
172,20260718,dataset,synth(5%),0.04722222222222222
172,20260718,dataset,synth(1%),0.06666666666666667
172,20260718,dataset,creditcard(1%),0.04027777777777778
172,20260718,dataset,creditcard(0.5%),0.08888888888888889
172,20260718,dataset,iotid20(6.4%),0.05
172,20260718,dataset,abalone(9.4%),0.034722222222222224
172,20260718,dataset,car_eval_34(7.8%),0.11944444444444445
172,20260718,dataset,car_eval_4(3.8%),0.016666666666666666
172,20260718,dataset,coil_2000(6.0%),0.027777777777777776
172,20260718,dataset,mammography(2.3%),0.03888888888888889
172,20260718,dataset,ozone_level(2.9%),0.10138888888888889
172,20260718,dataset,protein_homo(0.9%),0.07916666666666666
172,20260718,dataset,sick_euthyroid(9.3%),0.0875
172,20260718,dataset,thyroid_sick(6.1%),0.05694444444444444
172,20260718,dataset,us_crime(7.5%),0.0375
172,20260718,dataset,wine_quality(3.7%),0.10833333333333334
172,20260718,dataset,yeast_ml8(7.4%),0.13472222222222222
172,20260718,all6,,0.0650462962962963
172,20260718,benchmark,,0.04953703703703704
172,20260718,real,,0.05972222222222223
173,20260718,dataset,breast_cancer(37%),0.015277777777777777
173,20260718,dataset,synth(5%),0.05694444444444444
173,20260718,dataset,synth(1%),0.06388888888888888
173,20260718,dataset,creditcard(1%),0.15555555555555556
173,20260718,dataset,creditcard(0.5%),0.12916666666666668
173,20260718,dataset,iotid20(6.4%),0.07361111111111111
173,20260718,dataset,abalone(9.4%),0.19027777777777777
173,20260718,dataset,car_eval_34(7.8%),0.015277777777777777
173,20260718,dataset,car_eval_4(3.8%),0.17083333333333334
173,20260718,dataset,coil_2000(6.0%),0.016666666666666666
173,20260718,dataset,mammography(2.3%),0.04027777777777778
173,20260718,dataset,ozone_level(2.9%),0.09027777777777778
173,20260718,dataset,protein_homo(0.9%),0.02361111111111111
173,20260718,dataset,sick_euthyroid(9.3%),0.1625
173,20260718,dataset,thyroid_sick(6.1%),0.10833333333333334
173,20260718,dataset,us_crime(7.5%),0.05694444444444444
173,20260718,dataset,wine_quality(3.7%),0.08888888888888889
173,20260718,dataset,yeast_ml8(7.4%),0.24583333333333332
173,20260718,all6,,0.09467592592592593
173,20260718,benchmark,,0.045370370370370366
173,20260718,real,,0.11944444444444445
174,20260718,dataset,breast_cancer(37%),0.09444444444444444
174,20260718,dataset,synth(5%),0.06944444444444445
174,20260718,dataset,synth(1%),0.0625
174,20260718,dataset,creditcard(1%),0.06111111111111111
174,20260718,dataset,creditcard(0.5%),0.1875
174,20260718,dataset,iotid20(6.4%),0.19027777777777777
174,20260718,dataset,abalone(9.4%),0.07222222222222222
174,20260718,dataset,car_eval_34(7.8%),0.15416666666666667
174,20260718,dataset,car_eval_4(3.8%),0.009722222222222222
174,20260718,dataset,coil_2000(6.0%),0.020833333333333332
174,20260718,dataset,mammography(2.3%),0.006944444444444444
174,20260718,dataset,ozone_level(2.9%),0.1625
174,20260718,dataset,protein_homo(0.9%),0.13472222222222222
174,20260718,dataset,sick_euthyroid(9.3%),0.44305555555555554
174,20260718,dataset,thyroid_sick(6.1%),0.10694444444444444
174,20260718,dataset,us_crime(7.5%),0.044444444444444446
174,20260718,dataset,wine_quality(3.7%),0.05416666666666667
174,20260718,dataset,yeast_ml8(7.4%),0.04861111111111111
174,20260718,all6,,0.10686728395061727
174,20260718,benchmark,,0.07546296296296297
174,20260718,real,,0.14629629629629629
175,20260718,dataset,breast_cancer(37%),0.015277777777777777
175,20260718,dataset,synth(5%),0.041666666666666664
175,20260718,dataset,synth(1%),0.034722222222222224
175,20260718,dataset,creditcard(1%),0.08333333333333333
175,20260718,dataset,creditcard(0.5%),0.004166666666666667
175,20260718,dataset,iotid20(6.4%),0.07361111111111111
175,20260718,dataset,abalone(9.4%),0.043055555555555555
175,20260718,dataset,car_eval_34(7.8%),0.14583333333333334
175,20260718,dataset,car_eval_4(3.8%),0.17222222222222222
175,20260718,dataset,coil_2000(6.0%),0.059722222222222225
175,20260718,dataset,mammography(2.3%),0.18888888888888888
175,20260718,dataset,ozone_level(2.9%),0.015277777777777777
175,20260718,dataset,protein_homo(0.9%),0.09305555555555556
175,20260718,dataset,sick_euthyroid(9.3%),0.3111111111111111
175,20260718,dataset,thyroid_sick(6.1%),0.044444444444444446
175,20260718,dataset,us_crime(7.5%),0.018055555555555554
175,20260718,dataset,wine_quality(3.7%),0.07222222222222222
175,20260718,dataset,yeast_ml8(7.4%),0.022222222222222223
175,20260718,all6,,0.07993827160493829
175,20260718,benchmark,,0.030555555555555558
175,20260718,real,,0.0537037037037037
176,20260718,dataset,breast_cancer(37%),0.1763888888888889
176,20260718,dataset,synth(5%),0.05555555555555555
176,20260718,dataset,synth(1%),0.058333333333333334
176,20260718,dataset,creditcard(1%),0.25833333333333336
176,20260718,dataset,creditcard(0.5%),0.15
176,20260718,dataset,iotid20(6.4%),0.022222222222222223
176,20260718,dataset,abalone(9.4%),0.02361111111111111
176,20260718,dataset,car_eval_34(7.8%),0.07083333333333333
176,20260718,dataset,car_eval_4(3.8%),0.0125
176,20260718,dataset,coil_2000(6.0%),0.05
176,20260718,dataset,mammography(2.3%),0.2513888888888889
176,20260718,dataset,ozone_level(2.9%),0.043055555555555555
176,20260718,dataset,protein_homo(0.9%),0.030555555555555555
176,20260718,dataset,sick_euthyroid(9.3%),0.043055555555555555
176,20260718,dataset,thyroid_sick(6.1%),0.12638888888888888
176,20260718,dataset,us_crime(7.5%),0.027777777777777776
176,20260718,dataset,wine_quality(3.7%),0.10972222222222222
176,20260718,dataset,yeast_ml8(7.4%),0.06805555555555555
176,20260718,all6,,0.08765432098765433
176,20260718,benchmark,,0.09675925925925927
176,20260718,real,,0.14351851851851852
177,20260718,dataset,breast_cancer(37%),0.03888888888888889
177,20260718,dataset,synth(5%),0.2013888888888889
177,20260718,dataset,synth(1%),0.041666666666666664
177,20260718,dataset,creditcard(1%),0.059722222222222225
177,20260718,dataset,creditcard(0.5%),0.16805555555555557
177,20260718,dataset,iotid20(6.4%),0.2263888888888889
177,20260718,dataset,abalone(9.4%),0.029166666666666667
177,20260718,dataset,car_eval_34(7.8%),0.043055555555555555
177,20260718,dataset,car_eval_4(3.8%),0.015277777777777777
177,20260718,dataset,coil_2000(6.0%),0.0375
177,20260718,dataset,mammography(2.3%),0.018055555555555554
177,20260718,dataset,ozone_level(2.9%),0.14444444444444443
177,20260718,dataset,protein_homo(0.9%),0.08888888888888889
177,20260718,dataset,sick_euthyroid(9.3%),0.029166666666666667
177,20260718,dataset,thyroid_sick(6.1%),0.04583333333333333
177,20260718,dataset,us_crime(7.5%),0.0875
177,20260718,dataset,wine_quality(3.7%),0.016666666666666666
177,20260718,dataset,yeast_ml8(7.4%),0.0625
177,20260718,all6,,0.07523148148148147
177,20260718,benchmark,,0.09398148148148149
177,20260718,real,,0.1513888888888889
178,20260718,dataset,breast_cancer(37%),0.059722222222222225
178,20260718,dataset,synth(5%),0.10416666666666667
178,20260718,dataset,synth(1%),0.14444444444444443
178,20260718,dataset,creditcard(1%),0.19166666666666668
178,20260718,dataset,creditcard(0.5%),0.22361111111111112
178,20260718,dataset,iotid20(6.4%),0.08611111111111111
178,20260718,dataset,abalone(9.4%),0.06527777777777778
178,20260718,dataset,car_eval_34(7.8%),0.027777777777777776
178,20260718,dataset,car_eval_4(3.8%),0.030555555555555555
178,20260718,dataset,coil_2000(6.0%),0.03194444444444444
178,20260718,dataset,mammography(2.3%),0.059722222222222225
178,20260718,dataset,ozone_level(2.9%),0.044444444444444446
178,20260718,dataset,protein_homo(0.9%),0.04861111111111111
178,20260718,dataset,sick_euthyroid(9.3%),0.04861111111111111
178,20260718,dataset,thyroid_sick(6.1%),0.29305555555555557
178,20260718,dataset,us_crime(7.5%),0.10972222222222222
178,20260718,dataset,wine_quality(3.7%),0.05138888888888889
178,20260718,dataset,yeast_ml8(7.4%),0.019444444444444445
178,20260718,all6,,0.09112654320987656
178,20260718,benchmark,,0.10277777777777779
178,20260718,real,,0.16712962962962963
179,20260718,dataset,breast_cancer(37%),0.02361111111111111
179,20260718,dataset,synth(5%),0.37222222222222223
179,20260718,dataset,synth(1%),0.2625
179,20260718,dataset,creditcard(1%),0.0375
179,20260718,dataset,creditcard(0.5%),0.08055555555555556
179,20260718,dataset,iotid20(6.4%),0.027777777777777776
179,20260718,dataset,abalone(9.4%),0.10972222222222222
179,20260718,dataset,car_eval_34(7.8%),0.05555555555555555
179,20260718,dataset,car_eval_4(3.8%),0.02361111111111111
179,20260718,dataset,coil_2000(6.0%),0.044444444444444446
179,20260718,dataset,mammography(2.3%),0.011111111111111112
179,20260718,dataset,ozone_level(2.9%),0.0763888888888889
179,20260718,dataset,protein_homo(0.9%),0.19305555555555556
179,20260718,dataset,sick_euthyroid(9.3%),0.041666666666666664
179,20260718,dataset,thyroid_sick(6.1%),0.15416666666666667
179,20260718,dataset,us_crime(7.5%),0.15416666666666667
179,20260718,dataset,wine_quality(3.7%),0.19166666666666668
179,20260718,dataset,yeast_ml8(7.4%),0.09861111111111111
179,20260718,all6,,0.10879629629629631
179,20260718,benchmark,,0.21944444444444444
179,20260718,real,,0.048611111111111105
180,20260718,dataset,breast_cancer(37%),0.018055555555555554
180,20260718,dataset,synth(5%),0.2569444444444444
180,20260718,dataset,synth(1%),0.05138888888888889
180,20260718,dataset,creditcard(1%),0.1
180,20260718,dataset,creditcard(0.5%),0.19722222222222222
180,20260718,dataset,iotid20(6.4%),0.025
180,20260718,dataset,abalone(9.4%),0.1388888888888889
180,20260718,dataset,car_eval_34(7.8%),0.043055555555555555
180,20260718,dataset,car_eval_4(3.8%),0.07361111111111111
180,20260718,dataset,coil_2000(6.0%),0.043055555555555555
180,20260718,dataset,mammography(2.3%),0.1625
180,20260718,dataset,ozone_level(2.9%),0.0875
180,20260718,dataset,protein_homo(0.9%),0.09166666666666666
180,20260718,dataset,sick_euthyroid(9.3%),0.1388888888888889
180,20260718,dataset,thyroid_sick(6.1%),0.034722222222222224
180,20260718,dataset,us_crime(7.5%),0.08194444444444444
180,20260718,dataset,wine_quality(3.7%),0.05555555555555555
180,20260718,dataset,yeast_ml8(7.4%),0.041666666666666664
180,20260718,all6,,0.0912037037037037
180,20260718,benchmark,,0.10879629629629628
180,20260718,real,,0.10740740740740741
181,20260718,dataset,breast_cancer(37%),0.3236111111111111
181,20260718,dataset,synth(5%),0.02638888888888889
181,20260718,dataset,synth(1%),0.04583333333333333
181,20260718,dataset,creditcard(1%),0.027777777777777776
181,20260718,dataset,creditcard(0.5%),0.0125
181,20260718,dataset,iotid20(6.4%),0.009722222222222222
181,20260718,dataset,abalone(9.4%),0.043055555555555555
181,20260718,dataset,car_eval_34(7.8%),0.05694444444444444
181,20260718,dataset,car_eval_4(3.8%),0.011111111111111112
181,20260718,dataset,coil_2000(6.0%),0.10416666666666667
181,20260718,dataset,mammography(2.3%),0.02638888888888889
181,20260718,dataset,ozone_level(2.9%),0.022222222222222223
181,20260718,dataset,protein_homo(0.9%),0.011111111111111112
181,20260718,dataset,sick_euthyroid(9.3%),0.059722222222222225
181,20260718,dataset,thyroid_sick(6.1%),0.005555555555555556
181,20260718,dataset,us_crime(7.5%),0.08194444444444444
181,20260718,dataset,wine_quality(3.7%),0.008333333333333333
181,20260718,dataset,yeast_ml8(7.4%),0.05
181,20260718,all6,,0.05146604938271605
181,20260718,benchmark,,0.13194444444444445
181,20260718,real,,0.016666666666666666
182,20260718,dataset,breast_cancer(37%),0.06944444444444445
182,20260718,dataset,synth(5%),0.034722222222222224
182,20260718,dataset,synth(1%),0.06111111111111111
182,20260718,dataset,creditcard(1%),0.1375
182,20260718,dataset,creditcard(0.5%),0.25277777777777777
182,20260718,dataset,iotid20(6.4%),0.043055555555555555
182,20260718,dataset,abalone(9.4%),0.21805555555555556
182,20260718,dataset,car_eval_34(7.8%),0.28194444444444444
182,20260718,dataset,car_eval_4(3.8%),0.02638888888888889
182,20260718,dataset,coil_2000(6.0%),0.04027777777777778
182,20260718,dataset,mammography(2.3%),0.30694444444444446
182,20260718,dataset,ozone_level(2.9%),0.1125
182,20260718,dataset,protein_homo(0.9%),0.11388888888888889
182,20260718,dataset,sick_euthyroid(9.3%),0.08611111111111111
182,20260718,dataset,thyroid_sick(6.1%),0.13194444444444445
182,20260718,dataset,us_crime(7.5%),0.07222222222222222
182,20260718,dataset,wine_quality(3.7%),0.005555555555555556
182,20260718,dataset,yeast_ml8(7.4%),0.03611111111111111
182,20260718,all6,,0.11280864197530865
182,20260718,benchmark,,0.05509259259259259
182,20260718,real,,0.14444444444444446
183,20260718,dataset,breast_cancer(37%),0.034722222222222224
183,20260718,dataset,synth(5%),0.0125
183,20260718,dataset,synth(1%),0.03888888888888889
183,20260718,dataset,creditcard(1%),0.05277777777777778
183,20260718,dataset,creditcard(0.5%),0.26666666666666666
183,20260718,dataset,iotid20(6.4%),0.26805555555555555
183,20260718,dataset,abalone(9.4%),0.04583333333333333
183,20260718,dataset,car_eval_34(7.8%),0.11805555555555555
183,20260718,dataset,car_eval_4(3.8%),0.1763888888888889
183,20260718,dataset,coil_2000(6.0%),0.09583333333333334
183,20260718,dataset,mammography(2.3%),0.059722222222222225
183,20260718,dataset,ozone_level(2.9%),0.08055555555555556
183,20260718,dataset,protein_homo(0.9%),0.0125
183,20260718,dataset,sick_euthyroid(9.3%),0.025
183,20260718,dataset,thyroid_sick(6.1%),0.05555555555555555
183,20260718,dataset,us_crime(7.5%),0.31666666666666665
183,20260718,dataset,wine_quality(3.7%),0.13472222222222222
183,20260718,dataset,yeast_ml8(7.4%),0.058333333333333334
183,20260718,all6,,0.1029320987654321
183,20260718,benchmark,,0.028703703703703703
183,20260718,real,,0.1958333333333333
184,20260718,dataset,breast_cancer(37%),0.2263888888888889
184,20260718,dataset,synth(5%),0.05555555555555555
184,20260718,dataset,synth(1%),0.17777777777777778
184,20260718,dataset,creditcard(1%),0.09305555555555556
184,20260718,dataset,creditcard(0.5%),0.016666666666666666
184,20260718,dataset,iotid20(6.4%),0.05555555555555555
184,20260718,dataset,abalone(9.4%),0.1736111111111111
184,20260718,dataset,car_eval_34(7.8%),0.09444444444444444
184,20260718,dataset,car_eval_4(3.8%),0.022222222222222223
184,20260718,dataset,coil_2000(6.0%),0.059722222222222225
184,20260718,dataset,mammography(2.3%),0.009722222222222222
184,20260718,dataset,ozone_level(2.9%),0.04861111111111111
184,20260718,dataset,protein_homo(0.9%),0.027777777777777776
184,20260718,dataset,sick_euthyroid(9.3%),0.10416666666666667
184,20260718,dataset,thyroid_sick(6.1%),0.14305555555555555
184,20260718,dataset,us_crime(7.5%),0.08055555555555556
184,20260718,dataset,wine_quality(3.7%),0.04583333333333333
184,20260718,dataset,yeast_ml8(7.4%),0.05138888888888889
184,20260718,all6,,0.08256172839506172
184,20260718,benchmark,,0.15324074074074076
184,20260718,real,,0.05509259259259259
185,20260718,dataset,breast_cancer(37%),0.1361111111111111
185,20260718,dataset,synth(5%),0.009722222222222222
185,20260718,dataset,synth(1%),0.059722222222222225
185,20260718,dataset,creditcard(1%),0.19583333333333333
185,20260718,dataset,creditcard(0.5%),0.0125
185,20260718,dataset,iotid20(6.4%),0.043055555555555555
185,20260718,dataset,abalone(9.4%),0.018055555555555554
185,20260718,dataset,car_eval_34(7.8%),0.05138888888888889
185,20260718,dataset,car_eval_4(3.8%),0.05277777777777778
185,20260718,dataset,coil_2000(6.0%),0.06527777777777778
185,20260718,dataset,mammography(2.3%),0.025
185,20260718,dataset,ozone_level(2.9%),0.005555555555555556
185,20260718,dataset,protein_homo(0.9%),0.10694444444444444
185,20260718,dataset,sick_euthyroid(9.3%),0.020833333333333332
185,20260718,dataset,thyroid_sick(6.1%),0.08333333333333333
185,20260718,dataset,us_crime(7.5%),0.09166666666666666
185,20260718,dataset,wine_quality(3.7%),0.034722222222222224
185,20260718,dataset,yeast_ml8(7.4%),0.04583333333333333
185,20260718,all6,,0.058796296296296284
185,20260718,benchmark,,0.06851851851851852
185,20260718,real,,0.0837962962962963
186,20260718,dataset,breast_cancer(37%),0.3888888888888889
186,20260718,dataset,synth(5%),0.12638888888888888
186,20260718,dataset,synth(1%),0.08055555555555556
186,20260718,dataset,creditcard(1%),0.23194444444444445
186,20260718,dataset,creditcard(0.5%),0.20416666666666666
186,20260718,dataset,iotid20(6.4%),0.018055555555555554
186,20260718,dataset,abalone(9.4%),0.058333333333333334
186,20260718,dataset,car_eval_34(7.8%),0.1
186,20260718,dataset,car_eval_4(3.8%),0.03888888888888889
186,20260718,dataset,coil_2000(6.0%),0.23194444444444445
186,20260718,dataset,mammography(2.3%),0.08888888888888889
186,20260718,dataset,ozone_level(2.9%),0.015277777777777777
186,20260718,dataset,protein_homo(0.9%),0.06111111111111111
186,20260718,dataset,sick_euthyroid(9.3%),0.10138888888888889
186,20260718,dataset,thyroid_sick(6.1%),0.05555555555555555
186,20260718,dataset,us_crime(7.5%),0.125
186,20260718,dataset,wine_quality(3.7%),0.043055555555555555
186,20260718,dataset,yeast_ml8(7.4%),0.008333333333333333
186,20260718,all6,,0.10987654320987655
186,20260718,benchmark,,0.1986111111111111
186,20260718,real,,0.15138888888888888
187,20260718,dataset,breast_cancer(37%),0.06527777777777778
187,20260718,dataset,synth(5%),0.044444444444444446
187,20260718,dataset,synth(1%),0.04027777777777778
187,20260718,dataset,creditcard(1%),0.041666666666666664
187,20260718,dataset,creditcard(0.5%),0.3125
187,20260718,dataset,iotid20(6.4%),0.2902777777777778
187,20260718,dataset,abalone(9.4%),0.011111111111111112
187,20260718,dataset,car_eval_34(7.8%),0.015277777777777777
187,20260718,dataset,car_eval_4(3.8%),0.04583333333333333
187,20260718,dataset,coil_2000(6.0%),0.07222222222222222
187,20260718,dataset,mammography(2.3%),0.1625
187,20260718,dataset,ozone_level(2.9%),0.016666666666666666
187,20260718,dataset,protein_homo(0.9%),0.04027777777777778
187,20260718,dataset,sick_euthyroid(9.3%),0.09583333333333334
187,20260718,dataset,thyroid_sick(6.1%),0.034722222222222224
187,20260718,dataset,us_crime(7.5%),0.043055555555555555
187,20260718,dataset,wine_quality(3.7%),0.015277777777777777
187,20260718,dataset,yeast_ml8(7.4%),0.12361111111111112
187,20260718,all6,,0.08171296296296299
187,20260718,benchmark,,0.05000000000000001
187,20260718,real,,0.21481481481481482
188,20260718,dataset,breast_cancer(37%),0.019444444444444445
188,20260718,dataset,synth(5%),0.04027777777777778
188,20260718,dataset,synth(1%),0.1486111111111111
188,20260718,dataset,creditcard(1%),0.15
188,20260718,dataset,creditcard(0.5%),0.0875
188,20260718,dataset,iotid20(6.4%),0.02638888888888889
188,20260718,dataset,abalone(9.4%),0.07222222222222222
188,20260718,dataset,car_eval_34(7.8%),0.10138888888888889
188,20260718,dataset,car_eval_4(3.8%),0.018055555555555554
188,20260718,dataset,coil_2000(6.0%),0.2375
188,20260718,dataset,mammography(2.3%),0.043055555555555555
188,20260718,dataset,ozone_level(2.9%),0.029166666666666667
188,20260718,dataset,protein_homo(0.9%),0.2972222222222222
188,20260718,dataset,sick_euthyroid(9.3%),0.14305555555555555
188,20260718,dataset,thyroid_sick(6.1%),0.06666666666666667
188,20260718,dataset,us_crime(7.5%),0.059722222222222225
188,20260718,dataset,wine_quality(3.7%),0.14027777777777778
188,20260718,dataset,yeast_ml8(7.4%),0.018055555555555554
188,20260718,all6,,0.09436728395061728
188,20260718,benchmark,,0.06944444444444443
188,20260718,real,,0.08796296296296297
189,20260718,dataset,breast_cancer(37%),0.059722222222222225
189,20260718,dataset,synth(5%),0.06944444444444445
189,20260718,dataset,synth(1%),0.31527777777777777
189,20260718,dataset,creditcard(1%),0.08472222222222223
189,20260718,dataset,creditcard(0.5%),0.3055555555555556
189,20260718,dataset,iotid20(6.4%),0.005555555555555556
189,20260718,dataset,abalone(9.4%),0.04027777777777778
189,20260718,dataset,car_eval_34(7.8%),0.07777777777777778
189,20260718,dataset,car_eval_4(3.8%),0.034722222222222224
189,20260718,dataset,coil_2000(6.0%),0.02638888888888889
189,20260718,dataset,mammography(2.3%),0.08888888888888889
189,20260718,dataset,ozone_level(2.9%),0.09583333333333334
189,20260718,dataset,protein_homo(0.9%),0.03194444444444444
189,20260718,dataset,sick_euthyroid(9.3%),0.044444444444444446
189,20260718,dataset,thyroid_sick(6.1%),0.07777777777777778
189,20260718,dataset,us_crime(7.5%),0.04027777777777778
189,20260718,dataset,wine_quality(3.7%),0.05555555555555555
189,20260718,dataset,yeast_ml8(7.4%),0.10416666666666667
189,20260718,all6,,0.08657407407407408
189,20260718,benchmark,,0.14814814814814814
189,20260718,real,,0.13194444444444445
190,20260718,dataset,breast_cancer(37%),0.4513888888888889
190,20260718,dataset,synth(5%),0.12638888888888888
190,20260718,dataset,synth(1%),0.05555555555555555
190,20260718,dataset,creditcard(1%),0.03888888888888889
190,20260718,dataset,creditcard(0.5%),0.1763888888888889
190,20260718,dataset,iotid20(6.4%),0.09861111111111111
190,20260718,dataset,abalone(9.4%),0.12777777777777777
190,20260718,dataset,car_eval_34(7.8%),0.07083333333333333
190,20260718,dataset,car_eval_4(3.8%),0.034722222222222224
190,20260718,dataset,coil_2000(6.0%),0.05138888888888889
190,20260718,dataset,mammography(2.3%),0.03194444444444444
190,20260718,dataset,ozone_level(2.9%),0.10694444444444444
190,20260718,dataset,protein_homo(0.9%),0.09305555555555556
190,20260718,dataset,sick_euthyroid(9.3%),0.03194444444444444
190,20260718,dataset,thyroid_sick(6.1%),0.06805555555555555
190,20260718,dataset,us_crime(7.5%),0.09583333333333334
190,20260718,dataset,wine_quality(3.7%),0.04027777777777778
190,20260718,dataset,yeast_ml8(7.4%),0.03611111111111111
190,20260718,all6,,0.09645061728395062
190,20260718,benchmark,,0.2111111111111111
190,20260718,real,,0.10462962962962963
191,20260718,dataset,breast_cancer(37%),0.5111111111111111
191,20260718,dataset,synth(5%),0.03333333333333333
191,20260718,dataset,synth(1%),0.02361111111111111
191,20260718,dataset,creditcard(1%),0.015277777777777777
191,20260718,dataset,creditcard(0.5%),0.02638888888888889
191,20260718,dataset,iotid20(6.4%),0.030555555555555555
191,20260718,dataset,abalone(9.4%),0.07777777777777778
191,20260718,dataset,car_eval_34(7.8%),0.006944444444444444
191,20260718,dataset,car_eval_4(3.8%),0.09027777777777778
191,20260718,dataset,coil_2000(6.0%),0.03194444444444444
191,20260718,dataset,mammography(2.3%),0.10694444444444444
191,20260718,dataset,ozone_level(2.9%),0.04722222222222222
191,20260718,dataset,protein_homo(0.9%),0.02638888888888889
191,20260718,dataset,sick_euthyroid(9.3%),0.025
191,20260718,dataset,thyroid_sick(6.1%),0.020833333333333332
191,20260718,dataset,us_crime(7.5%),0.26944444444444443
191,20260718,dataset,wine_quality(3.7%),0.34305555555555556
191,20260718,dataset,yeast_ml8(7.4%),0.10277777777777777
191,20260718,all6,,0.0993827160493827
191,20260718,benchmark,,0.18935185185185185
191,20260718,real,,0.02407407407407407
192,20260718,dataset,breast_cancer(37%),0.05138888888888889
192,20260718,dataset,synth(5%),0.016666666666666666
192,20260718,dataset,synth(1%),0.21666666666666667
192,20260718,dataset,creditcard(1%),0.5180555555555556
192,20260718,dataset,creditcard(0.5%),0.03194444444444444
192,20260718,dataset,iotid20(6.4%),0.022222222222222223
192,20260718,dataset,abalone(9.4%),0.04027777777777778
192,20260718,dataset,car_eval_34(7.8%),0.06388888888888888
192,20260718,dataset,car_eval_4(3.8%),0.020833333333333332
192,20260718,dataset,coil_2000(6.0%),0.027777777777777776
192,20260718,dataset,mammography(2.3%),0.12222222222222222
192,20260718,dataset,ozone_level(2.9%),0.06111111111111111
192,20260718,dataset,protein_homo(0.9%),0.11666666666666667
192,20260718,dataset,sick_euthyroid(9.3%),0.02638888888888889
192,20260718,dataset,thyroid_sick(6.1%),0.1625
192,20260718,dataset,us_crime(7.5%),0.19027777777777777
192,20260718,dataset,wine_quality(3.7%),0.1527777777777778
192,20260718,dataset,yeast_ml8(7.4%),0.013888888888888888
192,20260718,all6,,0.10308641975308643
192,20260718,benchmark,,0.0949074074074074
192,20260718,real,,0.19074074074074077
193,20260718,dataset,breast_cancer(37%),0.1736111111111111
193,20260718,dataset,synth(5%),0.09861111111111111
193,20260718,dataset,synth(1%),0.09861111111111111
193,20260718,dataset,creditcard(1%),0.03194444444444444
193,20260718,dataset,creditcard(0.5%),0.3347222222222222
193,20260718,dataset,iotid20(6.4%),0.06527777777777778
193,20260718,dataset,abalone(9.4%),0.05694444444444444
193,20260718,dataset,car_eval_34(7.8%),0.10972222222222222
193,20260718,dataset,car_eval_4(3.8%),0.18888888888888888
193,20260718,dataset,coil_2000(6.0%),0.07916666666666666
193,20260718,dataset,mammography(2.3%),0.05277777777777778
193,20260718,dataset,ozone_level(2.9%),0.12361111111111112
193,20260718,dataset,protein_homo(0.9%),0.004166666666666667
193,20260718,dataset,sick_euthyroid(9.3%),0.1486111111111111
193,20260718,dataset,thyroid_sick(6.1%),0.02638888888888889
193,20260718,dataset,us_crime(7.5%),0.05277777777777778
193,20260718,dataset,wine_quality(3.7%),0.04861111111111111
193,20260718,dataset,yeast_ml8(7.4%),0.14027777777777778
193,20260718,all6,,0.10192901234567901
193,20260718,benchmark,,0.12361111111111112
193,20260718,real,,0.14398148148148146
194,20260718,dataset,breast_cancer(37%),0.1361111111111111
194,20260718,dataset,synth(5%),0.04583333333333333
194,20260718,dataset,synth(1%),0.019444444444444445
194,20260718,dataset,creditcard(1%),0.044444444444444446
194,20260718,dataset,creditcard(0.5%),0.14305555555555555
194,20260718,dataset,iotid20(6.4%),0.3388888888888889
194,20260718,dataset,abalone(9.4%),0.0875
194,20260718,dataset,car_eval_34(7.8%),0.0625
194,20260718,dataset,car_eval_4(3.8%),0.09027777777777778
194,20260718,dataset,coil_2000(6.0%),0.1361111111111111
194,20260718,dataset,mammography(2.3%),0.5013888888888889
194,20260718,dataset,ozone_level(2.9%),0.009722222222222222
194,20260718,dataset,protein_homo(0.9%),0.10138888888888889
194,20260718,dataset,sick_euthyroid(9.3%),0.05138888888888889
194,20260718,dataset,thyroid_sick(6.1%),0.034722222222222224
194,20260718,dataset,us_crime(7.5%),0.03194444444444444
194,20260718,dataset,wine_quality(3.7%),0.011111111111111112
194,20260718,dataset,yeast_ml8(7.4%),0.1111111111111111
194,20260718,all6,,0.10871913580246914
194,20260718,benchmark,,0.06712962962962962
194,20260718,real,,0.17546296296296296
195,20260718,dataset,breast_cancer(37%),0.08472222222222223
195,20260718,dataset,synth(5%),0.03194444444444444
195,20260718,dataset,synth(1%),0.034722222222222224
195,20260718,dataset,creditcard(1%),0.1125
195,20260718,dataset,creditcard(0.5%),0.03888888888888889
195,20260718,dataset,iotid20(6.4%),0.0375
195,20260718,dataset,abalone(9.4%),0.08472222222222223
195,20260718,dataset,car_eval_34(7.8%),0.041666666666666664
195,20260718,dataset,car_eval_4(3.8%),0.09861111111111111
195,20260718,dataset,coil_2000(6.0%),0.08611111111111111
195,20260718,dataset,mammography(2.3%),0.06527777777777778
195,20260718,dataset,ozone_level(2.9%),0.05138888888888889
195,20260718,dataset,protein_homo(0.9%),0.14444444444444443
195,20260718,dataset,sick_euthyroid(9.3%),0.15833333333333333
195,20260718,dataset,thyroid_sick(6.1%),0.06666666666666667
195,20260718,dataset,us_crime(7.5%),0.06527777777777778
195,20260718,dataset,wine_quality(3.7%),0.034722222222222224
195,20260718,dataset,yeast_ml8(7.4%),0.0875
195,20260718,all6,,0.07361111111111111
195,20260718,benchmark,,0.050462962962962966
195,20260718,real,,0.06296296296296297
196,20260718,dataset,breast_cancer(37%),0.020833333333333332
196,20260718,dataset,synth(5%),0.08055555555555556
196,20260718,dataset,synth(1%),0.08333333333333333
196,20260718,dataset,creditcard(1%),0.03888888888888889
196,20260718,dataset,creditcard(0.5%),0.29583333333333334
196,20260718,dataset,iotid20(6.4%),0.09861111111111111
196,20260718,dataset,abalone(9.4%),0.10138888888888889
196,20260718,dataset,car_eval_34(7.8%),0.030555555555555555
196,20260718,dataset,car_eval_4(3.8%),0.0375
196,20260718,dataset,coil_2000(6.0%),0.041666666666666664
196,20260718,dataset,mammography(2.3%),0.175
196,20260718,dataset,ozone_level(2.9%),0.04861111111111111
196,20260718,dataset,protein_homo(0.9%),0.10694444444444444
196,20260718,dataset,sick_euthyroid(9.3%),0.15138888888888888
196,20260718,dataset,thyroid_sick(6.1%),0.03194444444444444
196,20260718,dataset,us_crime(7.5%),0.07916666666666666
196,20260718,dataset,wine_quality(3.7%),0.05
196,20260718,dataset,yeast_ml8(7.4%),0.1125
196,20260718,all6,,0.08804012345679015
196,20260718,benchmark,,0.06157407407407408
196,20260718,real,,0.14444444444444446
197,20260718,dataset,breast_cancer(37%),0.002777777777777778
197,20260718,dataset,synth(5%),0.05138888888888889
197,20260718,dataset,synth(1%),0.02361111111111111
197,20260718,dataset,creditcard(1%),0.11527777777777778
197,20260718,dataset,creditcard(0.5%),0.07222222222222222
197,20260718,dataset,iotid20(6.4%),0.08333333333333333
197,20260718,dataset,abalone(9.4%),0.03194444444444444
197,20260718,dataset,car_eval_34(7.8%),0.4125
197,20260718,dataset,car_eval_4(3.8%),0.05138888888888889
197,20260718,dataset,coil_2000(6.0%),0.0763888888888889
197,20260718,dataset,mammography(2.3%),0.20277777777777778
197,20260718,dataset,ozone_level(2.9%),0.029166666666666667
197,20260718,dataset,protein_homo(0.9%),0.027777777777777776
197,20260718,dataset,sick_euthyroid(9.3%),0.11944444444444445
197,20260718,dataset,thyroid_sick(6.1%),0.0763888888888889
197,20260718,dataset,us_crime(7.5%),0.06527777777777778
197,20260718,dataset,wine_quality(3.7%),0.1111111111111111
197,20260718,dataset,yeast_ml8(7.4%),0.05277777777777778
197,20260718,all6,,0.08919753086419752
197,20260718,benchmark,,0.025925925925925925
197,20260718,real,,0.09027777777777778
198,20260718,dataset,breast_cancer(37%),0.13333333333333333
198,20260718,dataset,synth(5%),0.02361111111111111
198,20260718,dataset,synth(1%),0.14305555555555555
198,20260718,dataset,creditcard(1%),0.1111111111111111
198,20260718,dataset,creditcard(0.5%),0.23194444444444445
198,20260718,dataset,iotid20(6.4%),0.015277777777777777
198,20260718,dataset,abalone(9.4%),0.075
198,20260718,dataset,car_eval_34(7.8%),0.075
198,20260718,dataset,car_eval_4(3.8%),0.12083333333333333
198,20260718,dataset,coil_2000(6.0%),0.10277777777777777
198,20260718,dataset,mammography(2.3%),0.027777777777777776
198,20260718,dataset,ozone_level(2.9%),0.09861111111111111
198,20260718,dataset,protein_homo(0.9%),0.05138888888888889
198,20260718,dataset,sick_euthyroid(9.3%),0.06527777777777778
198,20260718,dataset,thyroid_sick(6.1%),0.10555555555555556
198,20260718,dataset,us_crime(7.5%),0.06111111111111111
198,20260718,dataset,wine_quality(3.7%),0.14722222222222223
198,20260718,dataset,yeast_ml8(7.4%),0.20972222222222223
198,20260718,all6,,0.09992283950617284
198,20260718,benchmark,,0.09999999999999999
198,20260718,real,,0.11944444444444445
199,20260718,dataset,breast_cancer(37%),0.008333333333333333
199,20260718,dataset,synth(5%),0.0375
199,20260718,dataset,synth(1%),0.020833333333333332
199,20260718,dataset,creditcard(1%),0.058333333333333334
199,20260718,dataset,creditcard(0.5%),0.18194444444444444
199,20260718,dataset,iotid20(6.4%),0.07083333333333333
199,20260718,dataset,abalone(9.4%),0.13333333333333333
199,20260718,dataset,car_eval_34(7.8%),0.10555555555555556
199,20260718,dataset,car_eval_4(3.8%),0.04722222222222222
199,20260718,dataset,coil_2000(6.0%),0.06527777777777778
199,20260718,dataset,mammography(2.3%),0.06388888888888888
199,20260718,dataset,ozone_level(2.9%),0.08194444444444444
199,20260718,dataset,protein_homo(0.9%),0.05138888888888889
199,20260718,dataset,sick_euthyroid(9.3%),0.08472222222222223
199,20260718,dataset,thyroid_sick(6.1%),0.025
199,20260718,dataset,us_crime(7.5%),0.09305555555555556
199,20260718,dataset,wine_quality(3.7%),0.02361111111111111
199,20260718,dataset,yeast_ml8(7.4%),0.03611111111111111
199,20260718,all6,,0.06604938271604938
199,20260718,benchmark,,0.022222222222222223
199,20260718,real,,0.1037037037037037
