dataset,W_SoftMCC,meanTestMCC_SoftMCC,W_kappa_only,meanTestMCC_kappa_only,W_rho_only,meanTestMCC_rho_only
breast_cancer(37%),0.5416666666666666,0.8882731411064685,0.4027777777777778,0.8810214406708695,0.5513888888888889,0.8944760914853153
synth(5%),0.8097222222222222,0.48096572194673476,0.8222222222222222,0.48096572194673476,0.8361111111111111,0.47906089345504754
synth(1%),0.7805555555555556,0.1471211489563071,0.5347222222222222,0.14096815213077132,0.49444444444444446,0.18772162260411807
creditcard(1%),0.6430555555555556,0.8584596118378215,0.5041666666666667,0.8550631841520159,0.7722222222222223,0.8567711463932771
creditcard(0.5%),0.8791666666666667,0.6023907531512459,0.8861111111111111,0.6040827307401885,0.6791666666666667,0.5948362188059031
iotid20(6.4%),0.7694444444444445,0.9774565090920051,0.7722222222222223,0.9759924211962434,0.7819444444444444,0.9771738882454842
