{
  "seed": 20260718,
  "trials_requested": 500,
  "proposition_1_max_abs_error": 2.2343238370581275e-15,
  "proposition_2_max_abs_error": 6.6058269965196814e-15,
  "proposition_3_factorization_max_abs_error": 2.2898349882893854e-15,
  "proposition_3_bound_violations": 0,
  "proposition_6_population_max_abs_error": 1.1102230246251565e-16,
  "proposition_6_population_cases": [
    {
      "softmcc": 0.48070607553366174,
      "brier_skill_score": 0.48070607553366185
    },
    {
      "softmcc": 0.5061394354038627,
      "brier_skill_score": 0.5061394354038626
    },
    {
      "softmcc": 0.36000000000000004,
      "brier_skill_score": 0.36
    }
  ],
  "nonconverse_counterexample": {
    "p_support": [
      0.2,
      0.8
    ],
    "conditional_event_probabilities": [
      0.01,
      0.711509312341729
    ],
    "maximum_absolute_calibration_error": 0.19,
    "softmcc": 0.4382429476469031,
    "brier_skill_score": 0.43824294764690286,
    "absolute_identity_gap": 2.220446049250313e-16,
    "interpretation": "Miscalibrated population with SoftMCC equal to BSS; equality is not a converse diagnostic."
  },
  "scope_note": "Propositions 1-3 are finite-sample algebraic checks. Proposition 6 is a calibrated population identity, not an exact realized-sample identity."
}